{
  "fileName": "Benchmarks/Study_SamplesSet/01d6874c297e4148ee3263503ff762b8.sol",
  "baseName": "01d6874c297e4148ee3263503ff762b8.sol",
  "iter": 5218,
  "time": "300.421086",
  "errMsg": null,
  "result": [
    {
      "no": "1",
      "kind": "IO",
      "line": 29,
      "signatures": [
        {
          "contractName": "TokenERC20",
          "methodName": "TokenERC20",
          "argTypes": []
        }
      ],
      "exp": "(10 ** uint256(decimals))",
      "status": "proven"
    },
    {
      "no": "2",
      "kind": "IO",
      "line": 29,
      "signatures": [
        {
          "contractName": "TokenERC20",
          "methodName": "TokenERC20",
          "argTypes": []
        }
      ],
      "exp": "(totalSupply * (10 ** uint256(decimals)))",
      "status": "proven"
    },
    {
      "no": "3",
      "kind": "IO",
      "line": 44,
      "signatures": [
        {
          "contractName": "TokenERC20",
          "methodName": "transfer",
          "argTypes": [ "address", "uint256" ]
        },
        {
          "contractName": "TokenERC20",
          "methodName": "transferFrom",
          "argTypes": [ "address", "address", "uint256" ]
        }
      ],
      "exp": "(balanceOf[_to] + _value)",
      "status": "unproven"
    },
    {
      "no": "4",
      "kind": "IO",
      "line": 46,
      "signatures": [
        {
          "contractName": "TokenERC20",
          "methodName": "transfer",
          "argTypes": [ "address", "uint256" ]
        },
        {
          "contractName": "TokenERC20",
          "methodName": "transferFrom",
          "argTypes": [ "address", "address", "uint256" ]
        }
      ],
      "exp": "(balanceOf[_from] + balanceOf[_to])",
      "status": "unproven"
    },
    {
      "no": "5",
      "kind": "IO",
      "line": 48,
      "signatures": [
        {
          "contractName": "TokenERC20",
          "methodName": "transfer",
          "argTypes": [ "address", "uint256" ]
        },
        {
          "contractName": "TokenERC20",
          "methodName": "transferFrom",
          "argTypes": [ "address", "address", "uint256" ]
        }
      ],
      "exp": "(balanceOf[_from] - _value)",
      "status": "proven"
    },
    {
      "no": "6",
      "kind": "IO",
      "line": 50,
      "signatures": [
        {
          "contractName": "TokenERC20",
          "methodName": "transfer",
          "argTypes": [ "address", "uint256" ]
        },
        {
          "contractName": "TokenERC20",
          "methodName": "transferFrom",
          "argTypes": [ "address", "address", "uint256" ]
        }
      ],
      "exp": "(balanceOf[_to] + _value)",
      "status": "proven"
    },
    {
      "no": "7",
      "kind": "IO",
      "line": 53,
      "signatures": [
        {
          "contractName": "TokenERC20",
          "methodName": "transfer",
          "argTypes": [ "address", "uint256" ]
        },
        {
          "contractName": "TokenERC20",
          "methodName": "transferFrom",
          "argTypes": [ "address", "address", "uint256" ]
        }
      ],
      "exp": "(balanceOf[_from] + balanceOf[_to])",
      "status": "unproven"
    },
    {
      "no": "8",
      "kind": "IO",
      "line": 79,
      "signatures": [
        {
          "contractName": "TokenERC20",
          "methodName": "transferFrom",
          "argTypes": [ "address", "address", "uint256" ]
        }
      ],
      "exp": "(allowance[_from][msg.sender] - _value)",
      "status": "proven"
    },
    {
      "no": "9",
      "kind": "IO",
      "line": 126,
      "signatures": [
        {
          "contractName": "TokenERC20",
          "methodName": "burn",
          "argTypes": [ "uint256" ]
        }
      ],
      "exp": "(balanceOf[msg.sender] - _value)",
      "status": "proven"
    },
    {
      "no": "10",
      "kind": "IO",
      "line": 127,
      "signatures": [
        {
          "contractName": "TokenERC20",
          "methodName": "burn",
          "argTypes": [ "uint256" ]
        }
      ],
      "exp": "(totalSupply - _value)",
      "status": "proven"
    },
    {
      "no": "11",
      "kind": "IO",
      "line": 143,
      "signatures": [
        {
          "contractName": "TokenERC20",
          "methodName": "burnFrom",
          "argTypes": [ "address", "uint256" ]
        }
      ],
      "exp": "(balanceOf[_from] - _value)",
      "status": "proven"
    },
    {
      "no": "12",
      "kind": "IO",
      "line": 144,
      "signatures": [
        {
          "contractName": "TokenERC20",
          "methodName": "burnFrom",
          "argTypes": [ "address", "uint256" ]
        }
      ],
      "exp": "(allowance[_from][msg.sender] - _value)",
      "status": "proven"
    },
    {
      "no": "13",
      "kind": "IO",
      "line": 145,
      "signatures": [
        {
          "contractName": "TokenERC20",
          "methodName": "burnFrom",
          "argTypes": [ "address", "uint256" ]
        }
      ],
      "exp": "(totalSupply - _value)",
      "status": "proven"
    }
  ]
}