{
  "fileName": "Benchmarks/Study_SamplesSet/0c7b631a8ef6749bf461c2a5c41b1c3b.sol",
  "baseName": "0c7b631a8ef6749bf461c2a5c41b1c3b.sol",
  "iter": 29,
  "time": "302.440605",
  "errMsg": null,
  "result": [
    {
      "no": "1",
      "kind": "IO",
      "line": 68,
      "signatures": [
        {
          "contractName": "EFTCrowdsale",
          "methodName": "@fallback",
          "argTypes": []
        }
      ],
      "exp": "(msg.value * price)",
      "status": "unproven"
    },
    {
      "no": "2",
      "kind": "IO",
      "line": 73,
      "signatures": [
        {
          "contractName": "EFTCrowdsale",
          "methodName": "@fallback",
          "argTypes": []
        }
      ],
      "exp": "(amount + amount)",
      "status": "unproven"
    },
    {
      "no": "3",
      "kind": "IO",
      "line": 78,
      "signatures": [
        {
          "contractName": "EFTCrowdsale",
          "methodName": "@fallback",
          "argTypes": []
        }
      ],
      "exp": "(_amount * 15)",
      "status": "unproven"
    },
    {
      "no": "4",
      "kind": "IO",
      "line": 78,
      "signatures": [
        {
          "contractName": "EFTCrowdsale",
          "methodName": "@fallback",
          "argTypes": []
        }
      ],
      "exp": "(amount + (_amount * 15))",
      "status": "unproven"
    },
    {
      "no": "5",
      "kind": "IO",
      "line": 83,
      "signatures": [
        {
          "contractName": "EFTCrowdsale",
          "methodName": "@fallback",
          "argTypes": []
        }
      ],
      "exp": "(_amount * 10)",
      "status": "unproven"
    },
    {
      "no": "6",
      "kind": "IO",
      "line": 83,
      "signatures": [
        {
          "contractName": "EFTCrowdsale",
          "methodName": "@fallback",
          "argTypes": []
        }
      ],
      "exp": "(amount + (_amount * 10))",
      "status": "unproven"
    },
    {
      "no": "7",
      "kind": "IO",
      "line": 88,
      "signatures": [
        {
          "contractName": "EFTCrowdsale",
          "methodName": "@fallback",
          "argTypes": []
        }
      ],
      "exp": "(_amount * 5)",
      "status": "unproven"
    },
    {
      "no": "8",
      "kind": "IO",
      "line": 88,
      "signatures": [
        {
          "contractName": "EFTCrowdsale",
          "methodName": "@fallback",
          "argTypes": []
        }
      ],
      "exp": "(amount + (_amount * 5))",
      "status": "unproven"
    },
    {
      "no": "9",
      "kind": "IO",
      "line": 93,
      "signatures": [
        {
          "contractName": "EFTCrowdsale",
          "methodName": "@fallback",
          "argTypes": []
        }
      ],
      "exp": "(_amount * 2)",
      "status": "unproven"
    },
    {
      "no": "10",
      "kind": "IO",
      "line": 93,
      "signatures": [
        {
          "contractName": "EFTCrowdsale",
          "methodName": "@fallback",
          "argTypes": []
        }
      ],
      "exp": "(amount + (_amount * 2))",
      "status": "unproven"
    },
    {
      "no": "11",
      "kind": "DZ",
      "line": 69,
      "signatures": [
        {
          "contractName": "EFTCrowdsale",
          "methodName": "@fallback",
          "argTypes": []
        }
      ],
      "exp": "(amount / 5)",
      "status": "proven"
    },
    {
      "no": "12",
      "kind": "KA",
      "line": 61,
      "signatures": [
        {
          "contractName": "EFTCrowdsale",
          "methodName": "kill",
          "argTypes": []
        }
      ],
      "exp": "selfdestruct(owner);",
      "status": "proven"
    },
    {
      "no": "13",
      "kind": "ETH_LEAK",
      "line": 61,
      "signatures": [
        {
          "contractName": "EFTCrowdsale",
          "methodName": "kill",
          "argTypes": []
        }
      ],
      "exp": "selfdestruct(owner);",
      "status": "proven"
    },
    {
      "no": "14",
      "kind": "ETH_LEAK",
      "line": 98,
      "signatures": [
        {
          "contractName": "EFTCrowdsale",
          "methodName": "@fallback",
          "argTypes": []
        }
      ],
      "exp": "owner.transfer(msg.value);",
      "status": "proven"
    }
  ]
}