{
  "fileName": "Benchmarks/Study_SamplesSet/0d379be1f89da0c9303fb0bf0000422d.sol",
  "baseName": "0d379be1f89da0c9303fb0bf0000422d.sol",
  "iter": 9,
  "time": "2.439025",
  "errMsg": null,
  "result": [
    {
      "no": "1",
      "kind": "ETH_LEAK",
      "line": 15,
      "signatures": [
        {
          "contractName": "gray_BadMarketPlace",
          "methodName": "withdraw",
          "argTypes": []
        }
      ],
      "exp": "msg.sender.transfer(balance[msg.sender]);",
      "status": "unproven"
    }
  ]
}