{
  "fileName": "Benchmarks/Study_SamplesSet/0dbc325aa6f6923e3a4a925e3830c38a.sol",
  "baseName": "0dbc325aa6f6923e3a4a925e3830c38a.sol",
  "iter": 397,
  "time": "300.261038",
  "errMsg": null,
  "result": [
    {
      "no": "1",
      "kind": "IO",
      "line": 20,
      "signatures": [
        {
          "contractName": "MindsyncPlatform",
          "methodName": "play_tmstmp3",
          "argTypes": [ "uint256" ]
        }
      ],
      "exp": "(5 * 86400)",
      "status": "proven"
    },
    {
      "no": "2",
      "kind": "IO",
      "line": 20,
      "signatures": [
        {
          "contractName": "MindsyncPlatform",
          "methodName": "play_tmstmp3",
          "argTypes": [ "uint256" ]
        }
      ],
      "exp": "(startTime + (5 * 86400))",
      "status": "unproven"
    },
    {
      "no": "3",
      "kind": "IO",
      "line": 41,
      "signatures": [
        {
          "contractName": "MindsyncPlatform",
          "methodName": "play_tmstmp27",
          "argTypes": [ "uint256" ]
        }
      ],
      "exp": "(5 * 86400)",
      "status": "proven"
    },
    {
      "no": "4",
      "kind": "IO",
      "line": 41,
      "signatures": [
        {
          "contractName": "MindsyncPlatform",
          "methodName": "play_tmstmp27",
          "argTypes": [ "uint256" ]
        }
      ],
      "exp": "(startTime + (5 * 86400))",
      "status": "unproven"
    },
    {
      "no": "5",
      "kind": "IO",
      "line": 47,
      "signatures": [
        {
          "contractName": "MindsyncPlatform",
          "methodName": "play_tmstmp31",
          "argTypes": [ "uint256" ]
        }
      ],
      "exp": "(5 * 86400)",
      "status": "proven"
    },
    {
      "no": "6",
      "kind": "IO",
      "line": 47,
      "signatures": [
        {
          "contractName": "MindsyncPlatform",
          "methodName": "play_tmstmp31",
          "argTypes": [ "uint256" ]
        }
      ],
      "exp": "(startTime + (5 * 86400))",
      "status": "unproven"
    },
    {
      "no": "7",
      "kind": "IO",
      "line": 66,
      "signatures": [
        {
          "contractName": "MindsyncPlatform",
          "methodName": "play_tmstmp19",
          "argTypes": [ "uint256" ]
        }
      ],
      "exp": "(5 * 86400)",
      "status": "proven"
    },
    {
      "no": "8",
      "kind": "IO",
      "line": 66,
      "signatures": [
        {
          "contractName": "MindsyncPlatform",
          "methodName": "play_tmstmp19",
          "argTypes": [ "uint256" ]
        }
      ],
      "exp": "(startTime + (5 * 86400))",
      "status": "unproven"
    },
    {
      "no": "9",
      "kind": "IO",
      "line": 143,
      "signatures": [
        {
          "contractName": "MindsyncPlatform",
          "methodName": "executeProposal",
          "argTypes": [ "uint256", "dbytes" ]
        }
      ],
      "exp": "(a * b)",
      "status": "unproven"
    },
    {
      "no": "10",
      "kind": "IO",
      "line": 200,
      "signatures": [
        {
          "contractName": "MindsyncPlatform",
          "methodName": "play_tmstmp10",
          "argTypes": [ "uint256" ]
        }
      ],
      "exp": "(5 * 86400)",
      "status": "proven"
    },
    {
      "no": "11",
      "kind": "IO",
      "line": 200,
      "signatures": [
        {
          "contractName": "MindsyncPlatform",
          "methodName": "play_tmstmp10",
          "argTypes": [ "uint256" ]
        }
      ],
      "exp": "(startTime + (5 * 86400))",
      "status": "unproven"
    },
    {
      "no": "12",
      "kind": "IO",
      "line": 205,
      "signatures": [
        {
          "contractName": "MindsyncPlatform",
          "methodName": "play_tmstmp22",
          "argTypes": [ "uint256" ]
        }
      ],
      "exp": "(5 * 86400)",
      "status": "proven"
    },
    {
      "no": "13",
      "kind": "IO",
      "line": 205,
      "signatures": [
        {
          "contractName": "MindsyncPlatform",
          "methodName": "play_tmstmp22",
          "argTypes": [ "uint256" ]
        }
      ],
      "exp": "(startTime + (5 * 86400))",
      "status": "unproven"
    },
    {
      "no": "14",
      "kind": "IO",
      "line": 221,
      "signatures": [
        {
          "contractName": "MindsyncPlatform",
          "methodName": "play_tmstmp11",
          "argTypes": [ "uint256" ]
        }
      ],
      "exp": "(5 * 86400)",
      "status": "proven"
    },
    {
      "no": "15",
      "kind": "IO",
      "line": 221,
      "signatures": [
        {
          "contractName": "MindsyncPlatform",
          "methodName": "play_tmstmp11",
          "argTypes": [ "uint256" ]
        }
      ],
      "exp": "(startTime + (5 * 86400))",
      "status": "unproven"
    },
    {
      "no": "16",
      "kind": "IO",
      "line": 230,
      "signatures": [
        {
          "contractName": "MindsyncPlatform",
          "methodName": "play_tmstmp2",
          "argTypes": [ "uint256" ]
        }
      ],
      "exp": "(5 * 86400)",
      "status": "proven"
    },
    {
      "no": "17",
      "kind": "IO",
      "line": 230,
      "signatures": [
        {
          "contractName": "MindsyncPlatform",
          "methodName": "play_tmstmp2",
          "argTypes": [ "uint256" ]
        }
      ],
      "exp": "(startTime + (5 * 86400))",
      "status": "unproven"
    },
    {
      "no": "18",
      "kind": "IO",
      "line": 299,
      "signatures": [
        {
          "contractName": "MindsyncPlatform",
          "methodName": "play_tmstmp14",
          "argTypes": [ "uint256" ]
        }
      ],
      "exp": "(5 * 86400)",
      "status": "proven"
    },
    {
      "no": "19",
      "kind": "IO",
      "line": 299,
      "signatures": [
        {
          "contractName": "MindsyncPlatform",
          "methodName": "play_tmstmp14",
          "argTypes": [ "uint256" ]
        }
      ],
      "exp": "(startTime + (5 * 86400))",
      "status": "unproven"
    },
    {
      "no": "20",
      "kind": "IO",
      "line": 319,
      "signatures": [
        {
          "contractName": "MindsyncPlatform",
          "methodName": "play_tmstmp30",
          "argTypes": [ "uint256" ]
        }
      ],
      "exp": "(5 * 86400)",
      "status": "proven"
    },
    {
      "no": "21",
      "kind": "IO",
      "line": 319,
      "signatures": [
        {
          "contractName": "MindsyncPlatform",
          "methodName": "play_tmstmp30",
          "argTypes": [ "uint256" ]
        }
      ],
      "exp": "(startTime + (5 * 86400))",
      "status": "unproven"
    },
    {
      "no": "22",
      "kind": "IO",
      "line": 376,
      "signatures": [
        {
          "contractName": "MindsyncPlatform",
          "methodName": "newProposal",
          "argTypes": [ "address", "uint256", "string", "dbytes" ]
        }
      ],
      "exp": "(proposals.length + 1)",
      "status": "unproven"
    },
    {
      "no": "23",
      "kind": "IO",
      "line": 383,
      "signatures": [
        {
          "contractName": "MindsyncPlatform",
          "methodName": "newProposal",
          "argTypes": [ "address", "uint256", "string", "dbytes" ]
        }
      ],
      "exp": "(debatingPeriodInMinutes * 60)",
      "status": "unproven"
    },
    {
      "no": "24",
      "kind": "IO",
      "line": 383,
      "signatures": [
        {
          "contractName": "MindsyncPlatform",
          "methodName": "newProposal",
          "argTypes": [ "address", "uint256", "string", "dbytes" ]
        }
      ],
      "exp": "(now + (debatingPeriodInMinutes * 60))",
      "status": "unproven"
    },
    {
      "no": "25",
      "kind": "IO",
      "line": 388,
      "signatures": [
        {
          "contractName": "MindsyncPlatform",
          "methodName": "newProposal",
          "argTypes": [ "address", "uint256", "string", "dbytes" ]
        }
      ],
      "exp": "(proposalID + 1)",
      "status": "proven"
    },
    {
      "no": "26",
      "kind": "IO",
      "line": 395,
      "signatures": [
        {
          "contractName": "MindsyncPlatform",
          "methodName": "play_tmstmp39",
          "argTypes": [ "uint256" ]
        }
      ],
      "exp": "(5 * 86400)",
      "status": "proven"
    },
    {
      "no": "27",
      "kind": "IO",
      "line": 395,
      "signatures": [
        {
          "contractName": "MindsyncPlatform",
          "methodName": "play_tmstmp39",
          "argTypes": [ "uint256" ]
        }
      ],
      "exp": "(startTime + (5 * 86400))",
      "status": "unproven"
    },
    {
      "no": "28",
      "kind": "IO",
      "line": 457,
      "signatures": [
        {
          "contractName": "MindsyncPlatform",
          "methodName": "play_tmstmp35",
          "argTypes": [ "uint256" ]
        }
      ],
      "exp": "(5 * 86400)",
      "status": "proven"
    },
    {
      "no": "29",
      "kind": "IO",
      "line": 457,
      "signatures": [
        {
          "contractName": "MindsyncPlatform",
          "methodName": "play_tmstmp35",
          "argTypes": [ "uint256" ]
        }
      ],
      "exp": "(startTime + (5 * 86400))",
      "status": "unproven"
    },
    {
      "no": "30",
      "kind": "IO",
      "line": 479,
      "signatures": [
        {
          "contractName": "MindsyncPlatform",
          "methodName": "vote",
          "argTypes": [ "uint256", "bool" ]
        }
      ],
      "exp": "(p.votes.length + 1)",
      "status": "unproven"
    },
    {
      "no": "31",
      "kind": "IO",
      "line": 482,
      "signatures": [
        {
          "contractName": "MindsyncPlatform",
          "methodName": "vote",
          "argTypes": [ "uint256", "bool" ]
        }
      ],
      "exp": "(voteID + 1)",
      "status": "proven"
    },
    {
      "no": "32",
      "kind": "IO",
      "line": 518,
      "signatures": [
        {
          "contractName": "MindsyncPlatform",
          "methodName": "executeProposal",
          "argTypes": [ "uint256", "dbytes" ]
        }
      ],
      "exp": "(i + 1)",
      "status": "proven"
    },
    {
      "no": "33",
      "kind": "IO",
      "line": 521,
      "signatures": [
        {
          "contractName": "MindsyncPlatform",
          "methodName": "executeProposal",
          "argTypes": [ "uint256", "dbytes" ]
        }
      ],
      "exp": "(quorum + voteWeight)",
      "status": "unproven"
    },
    {
      "no": "34",
      "kind": "IO",
      "line": 523,
      "signatures": [
        {
          "contractName": "MindsyncPlatform",
          "methodName": "executeProposal",
          "argTypes": [ "uint256", "dbytes" ]
        }
      ],
      "exp": "(yea + voteWeight)",
      "status": "unproven"
    },
    {
      "no": "35",
      "kind": "IO",
      "line": 525,
      "signatures": [
        {
          "contractName": "MindsyncPlatform",
          "methodName": "executeProposal",
          "argTypes": [ "uint256", "dbytes" ]
        }
      ],
      "exp": "(nay + voteWeight)",
      "status": "unproven"
    },
    {
      "no": "36",
      "kind": "DZ",
      "line": 144,
      "signatures": [
        {
          "contractName": "MindsyncPlatform",
          "methodName": "executeProposal",
          "argTypes": [ "uint256", "dbytes" ]
        }
      ],
      "exp": "(c / a)",
      "status": "proven"
    },
    {
      "no": "37",
      "kind": "DZ",
      "line": 155,
      "signatures": [
        {
          "contractName": "MindsyncPlatform",
          "methodName": "executeProposal",
          "argTypes": [ "uint256", "dbytes" ]
        }
      ],
      "exp": "(a / b)",
      "status": "proven"
    },
    {
      "no": "38",
      "kind": "DZ",
      "line": 213,
      "signatures": [
        {
          "contractName": "MindsyncPlatform",
          "methodName": "bug_tmstmp12",
          "argTypes": []
        }
      ],
      "exp": "(now % 15)",
      "status": "proven"
    },
    {
      "no": "39",
      "kind": "DZ",
      "line": 351,
      "signatures": [
        {
          "contractName": "MindsyncPlatform",
          "methodName": "bug_tmstmp8",
          "argTypes": []
        }
      ],
      "exp": "(now % 15)",
      "status": "proven"
    },
    {
      "no": "40",
      "kind": "DZ",
      "line": 424,
      "signatures": [
        {
          "contractName": "MindsyncPlatform",
          "methodName": "bug_tmstmp36",
          "argTypes": []
        }
      ],
      "exp": "(now % 15)",
      "status": "proven"
    },
    {
      "no": "41",
      "kind": "DZ",
      "line": 491,
      "signatures": [
        {
          "contractName": "MindsyncPlatform",
          "methodName": "bug_tmstmp40",
          "argTypes": []
        }
      ],
      "exp": "(now % 15)",
      "status": "proven"
    },
    {
      "no": "42",
      "kind": "ETH_LEAK",
      "line": 214,
      "signatures": [
        {
          "contractName": "MindsyncPlatform",
          "methodName": "bug_tmstmp12",
          "argTypes": []
        }
      ],
      "exp": "msg.sender.transfer(address(this).balance);",
      "status": "unproven"
    },
    {
      "no": "43",
      "kind": "ETH_LEAK",
      "line": 352,
      "signatures": [
        {
          "contractName": "MindsyncPlatform",
          "methodName": "bug_tmstmp8",
          "argTypes": []
        }
      ],
      "exp": "msg.sender.transfer(address(this).balance);",
      "status": "unproven"
    },
    {
      "no": "44",
      "kind": "ETH_LEAK",
      "line": 425,
      "signatures": [
        {
          "contractName": "MindsyncPlatform",
          "methodName": "bug_tmstmp36",
          "argTypes": []
        }
      ],
      "exp": "msg.sender.transfer(address(this).balance);",
      "status": "unproven"
    },
    {
      "no": "45",
      "kind": "ETH_LEAK",
      "line": 492,
      "signatures": [
        {
          "contractName": "MindsyncPlatform",
          "methodName": "bug_tmstmp40",
          "argTypes": []
        }
      ],
      "exp": "msg.sender.transfer(address(this).balance);",
      "status": "unproven"
    },
    {
      "no": "46",
      "kind": "ETH_LEAK",
      "line": 537,
      "signatures": [
        {
          "contractName": "MindsyncPlatform",
          "methodName": "executeProposal",
          "argTypes": [ "uint256", "dbytes" ]
        }
      ],
      "exp": "(success,  ) = p.recipient.call.value(p.amount)(transactionBytecode);",
      "status": "unproven"
    }
  ]
}