{
  "fileName": "Benchmarks/Study_SamplesSet/17b002d621d0adb10714b85f9514369d.sol",
  "baseName": "17b002d621d0adb10714b85f9514369d.sol",
  "iter": 211,
  "time": "301.061977",
  "errMsg": null,
  "result": [
    {
      "no": "1",
      "kind": "IO",
      "line": 24,
      "signatures": [
        {
          "contractName": "AZT",
          "methodName": "burn",
          "argTypes": [ "uint256" ]
        },
        {
          "contractName": "AZT",
          "methodName": "burnFrom",
          "argTypes": [ "address", "uint256" ]
        },
        {
          "contractName": "AZT",
          "methodName": "checkFrozenWallet",
          "argTypes": [ "address", "uint256" ]
        },
        {
          "contractName": "AZT",
          "methodName": "transfer",
          "argTypes": [ "address", "uint256" ]
        },
        {
          "contractName": "AZT",
          "methodName": "transferFrom",
          "argTypes": [ "address", "address", "uint256" ]
        }
      ],
      "exp": "(a - b)",
      "status": "proven"
    },
    {
      "no": "2",
      "kind": "IO",
      "line": 28,
      "signatures": [
        { "contractName": "AZT", "methodName": "AZT", "argTypes": [] },
        {
          "contractName": "AZT",
          "methodName": "transfer",
          "argTypes": [ "address", "uint256" ]
        },
        {
          "contractName": "AZT",
          "methodName": "transferFrom",
          "argTypes": [ "address", "address", "uint256" ]
        }
      ],
      "exp": "(a + b)",
      "status": "unproven"
    },
    {
      "no": "3",
      "kind": "IO",
      "line": 253,
      "signatures": [
        { "contractName": "AZT", "methodName": "AZT", "argTypes": [] }
      ],
      "exp": "(10 ** uint256(decimals))",
      "status": "proven"
    },
    {
      "no": "4",
      "kind": "IO",
      "line": 253,
      "signatures": [
        { "contractName": "AZT", "methodName": "AZT", "argTypes": [] }
      ],
      "exp": "(30000000 * (10 ** uint256(decimals)))",
      "status": "proven"
    },
    {
      "no": "5",
      "kind": "IO",
      "line": 254,
      "signatures": [
        { "contractName": "AZT", "methodName": "AZT", "argTypes": [] }
      ],
      "exp": "(0 * (10 ** uint256(decimals)))",
      "status": "proven"
    },
    {
      "no": "6",
      "kind": "IO",
      "line": 254,
      "signatures": [
        { "contractName": "AZT", "methodName": "AZT", "argTypes": [] }
      ],
      "exp": "(10 ** uint256(decimals))",
      "status": "proven"
    },
    {
      "no": "7",
      "kind": "IO",
      "line": 255,
      "signatures": [
        { "contractName": "AZT", "methodName": "AZT", "argTypes": [] }
      ],
      "exp": "(1 * 3600)",
      "status": "proven"
    },
    {
      "no": "8",
      "kind": "IO",
      "line": 255,
      "signatures": [
        { "contractName": "AZT", "methodName": "AZT", "argTypes": [] }
      ],
      "exp": "(now + (1 * 3600))",
      "status": "unproven"
    },
    {
      "no": "9",
      "kind": "IO",
      "line": 258,
      "signatures": [
        { "contractName": "AZT", "methodName": "AZT", "argTypes": [] }
      ],
      "exp": "(i + 1)",
      "status": "proven"
    },
    {
      "no": "10",
      "kind": "ETH_LEAK",
      "line": 51,
      "signatures": [
        {
          "contractName": "AZT",
          "methodName": "withdrawAll_txorigin10",
          "argTypes": [ "address", "address" ]
        }
      ],
      "exp": "_recipient.transfer(address(this).balance);",
      "status": "unproven"
    },
    {
      "no": "11",
      "kind": "ETH_LEAK",
      "line": 84,
      "signatures": [
        {
          "contractName": "AZT",
          "methodName": "withdrawAll_txorigin22",
          "argTypes": [ "address", "address" ]
        }
      ],
      "exp": "_recipient.transfer(address(this).balance);",
      "status": "unproven"
    },
    {
      "no": "12",
      "kind": "ETH_LEAK",
      "line": 98,
      "signatures": [
        {
          "contractName": "AZT",
          "methodName": "sendto_txorigin1",
          "argTypes": [ "address", "uint256", "address" ]
        }
      ],
      "exp": "receiver.transfer(amount);",
      "status": "unproven"
    },
    {
      "no": "13",
      "kind": "ETH_LEAK",
      "line": 104,
      "signatures": [
        {
          "contractName": "AZT",
          "methodName": "withdrawAll_txorigin2",
          "argTypes": [ "address", "address" ]
        }
      ],
      "exp": "_recipient.transfer(address(this).balance);",
      "status": "unproven"
    },
    {
      "no": "14",
      "kind": "ETH_LEAK",
      "line": 109,
      "signatures": [
        {
          "contractName": "AZT",
          "methodName": "sendto_txorigin17",
          "argTypes": [ "address", "uint256", "address" ]
        }
      ],
      "exp": "receiver.transfer(amount);",
      "status": "unproven"
    },
    {
      "no": "15",
      "kind": "ETH_LEAK",
      "line": 127,
      "signatures": [
        {
          "contractName": "AZT",
          "methodName": "sendto_txorigin13",
          "argTypes": [ "address", "uint256", "address" ]
        }
      ],
      "exp": "receiver.transfer(amount);",
      "status": "unproven"
    },
    {
      "no": "16",
      "kind": "ETH_LEAK",
      "line": 139,
      "signatures": [
        {
          "contractName": "AZT",
          "methodName": "withdrawAll_txorigin38",
          "argTypes": [ "address", "address" ]
        }
      ],
      "exp": "_recipient.transfer(address(this).balance);",
      "status": "unproven"
    },
    {
      "no": "17",
      "kind": "ETH_LEAK",
      "line": 180,
      "signatures": [
        {
          "contractName": "AZT",
          "methodName": "withdrawAll_txorigin14",
          "argTypes": [ "address", "address" ]
        }
      ],
      "exp": "_recipient.transfer(address(this).balance);",
      "status": "unproven"
    },
    {
      "no": "18",
      "kind": "ETH_LEAK",
      "line": 193,
      "signatures": [
        {
          "contractName": "AZT",
          "methodName": "withdrawAll_txorigin30",
          "argTypes": [ "address", "address" ]
        }
      ],
      "exp": "_recipient.transfer(address(this).balance);",
      "status": "unproven"
    },
    {
      "no": "19",
      "kind": "ETH_LEAK",
      "line": 206,
      "signatures": [
        {
          "contractName": "AZT",
          "methodName": "sendto_txorigin37",
          "argTypes": [ "address", "uint256", "address" ]
        }
      ],
      "exp": "receiver.transfer(amount);",
      "status": "unproven"
    },
    {
      "no": "20",
      "kind": "ETH_LEAK",
      "line": 217,
      "signatures": [
        {
          "contractName": "AZT",
          "methodName": "sendto_txorigin9",
          "argTypes": [ "address", "uint256", "address" ]
        }
      ],
      "exp": "receiver.transfer(amount);",
      "status": "unproven"
    },
    {
      "no": "21",
      "kind": "ETH_LEAK",
      "line": 223,
      "signatures": [
        {
          "contractName": "AZT",
          "methodName": "sendto_txorigin25",
          "argTypes": [ "address", "uint256", "address" ]
        }
      ],
      "exp": "receiver.transfer(amount);",
      "status": "unproven"
    },
    {
      "no": "22",
      "kind": "ETH_LEAK",
      "line": 241,
      "signatures": [
        {
          "contractName": "AZT",
          "methodName": "withdrawAll_txorigin26",
          "argTypes": [ "address", "address" ]
        }
      ],
      "exp": "_recipient.transfer(address(this).balance);",
      "status": "unproven"
    },
    {
      "no": "23",
      "kind": "ETH_LEAK",
      "line": 320,
      "signatures": [
        {
          "contractName": "AZT",
          "methodName": "sendto_txorigin33",
          "argTypes": [ "address", "uint256", "address" ]
        }
      ],
      "exp": "receiver.transfer(amount);",
      "status": "unproven"
    }
  ]
}