{
  "fileName": "Benchmarks/Study_SamplesSet/1cf153af08c7cae772599957cbc3b779.sol",
  "baseName": "1cf153af08c7cae772599957cbc3b779.sol",
  "iter": 4,
  "time": "2.58001",
  "errMsg": null,
  "result": [
    {
      "no": "1",
      "kind": "IO",
      "line": 15,
      "signatures": [
        {
          "contractName": "gray_truncationError2",
          "methodName": "receiveEther",
          "argTypes": []
        }
      ],
      "exp": "(balances[msg.sender] + uint256(msg.value))",
      "status": "unproven"
    },
    {
      "no": "2",
      "kind": "IO",
      "line": 16,
      "signatures": [
        {
          "contractName": "gray_truncationError2",
          "methodName": "receiveEther",
          "argTypes": []
        }
      ],
      "exp": "(balances[msg.sender] + uint32(msg.value))",
      "status": "proven"
    }
  ]
}