{
  "fileName": "Benchmarks/Study_SamplesSet/23ab3ede29610bd47e71137a5018158e.sol",
  "baseName": "23ab3ede29610bd47e71137a5018158e.sol",
  "iter": 397,
  "time": "300.064875",
  "errMsg": null,
  "result": [
    {
      "no": "1",
      "kind": "IO",
      "line": 50,
      "signatures": [
        {
          "contractName": "MyAdvancedToken",
          "methodName": "MyAdvancedToken",
          "argTypes": [ "uint256", "string", "string" ]
        }
      ],
      "exp": "(10 ** uint256(decimals))",
      "status": "proven"
    },
    {
      "no": "2",
      "kind": "IO",
      "line": 50,
      "signatures": [
        {
          "contractName": "MyAdvancedToken",
          "methodName": "MyAdvancedToken",
          "argTypes": [ "uint256", "string", "string" ]
        }
      ],
      "exp": "(initialSupply * (10 ** uint256(decimals)))",
      "status": "unproven"
    },
    {
      "no": "3",
      "kind": "IO",
      "line": 100,
      "signatures": [
        {
          "contractName": "MyAdvancedToken",
          "methodName": "transferFrom",
          "argTypes": [ "address", "address", "uint256" ]
        }
      ],
      "exp": "(allowance[_from][msg.sender] - _value)",
      "status": "proven"
    },
    {
      "no": "4",
      "kind": "IO",
      "line": 147,
      "signatures": [
        {
          "contractName": "MyAdvancedToken",
          "methodName": "burn",
          "argTypes": [ "uint256" ]
        }
      ],
      "exp": "(balanceOf[msg.sender] - _value)",
      "status": "proven"
    },
    {
      "no": "5",
      "kind": "IO",
      "line": 148,
      "signatures": [
        {
          "contractName": "MyAdvancedToken",
          "methodName": "burn",
          "argTypes": [ "uint256" ]
        }
      ],
      "exp": "(totalSupply - _value)",
      "status": "unproven"
    },
    {
      "no": "6",
      "kind": "IO",
      "line": 164,
      "signatures": [
        {
          "contractName": "MyAdvancedToken",
          "methodName": "burnFrom",
          "argTypes": [ "address", "uint256" ]
        }
      ],
      "exp": "(balanceOf[_from] - _value)",
      "status": "proven"
    },
    {
      "no": "7",
      "kind": "IO",
      "line": 165,
      "signatures": [
        {
          "contractName": "MyAdvancedToken",
          "methodName": "burnFrom",
          "argTypes": [ "address", "uint256" ]
        }
      ],
      "exp": "(allowance[_from][msg.sender] - _value)",
      "status": "proven"
    },
    {
      "no": "8",
      "kind": "IO",
      "line": 166,
      "signatures": [
        {
          "contractName": "MyAdvancedToken",
          "methodName": "burnFrom",
          "argTypes": [ "address", "uint256" ]
        }
      ],
      "exp": "(totalSupply - _value)",
      "status": "unproven"
    },
    {
      "no": "9",
      "kind": "IO",
      "line": 197,
      "signatures": [
        {
          "contractName": "MyAdvancedToken",
          "methodName": "@fallback",
          "argTypes": []
        },
        {
          "contractName": "MyAdvancedToken",
          "methodName": "transfer",
          "argTypes": [ "address", "uint256" ]
        },
        {
          "contractName": "MyAdvancedToken",
          "methodName": "transferFrom",
          "argTypes": [ "address", "address", "uint256" ]
        }
      ],
      "exp": "(balanceOf[_to] + _value)",
      "status": "unproven"
    },
    {
      "no": "10",
      "kind": "IO",
      "line": 200,
      "signatures": [
        {
          "contractName": "MyAdvancedToken",
          "methodName": "@fallback",
          "argTypes": []
        },
        {
          "contractName": "MyAdvancedToken",
          "methodName": "transfer",
          "argTypes": [ "address", "uint256" ]
        },
        {
          "contractName": "MyAdvancedToken",
          "methodName": "transferFrom",
          "argTypes": [ "address", "address", "uint256" ]
        }
      ],
      "exp": "(balanceOf[_from] - _value)",
      "status": "proven"
    },
    {
      "no": "11",
      "kind": "IO",
      "line": 201,
      "signatures": [
        {
          "contractName": "MyAdvancedToken",
          "methodName": "@fallback",
          "argTypes": []
        },
        {
          "contractName": "MyAdvancedToken",
          "methodName": "transfer",
          "argTypes": [ "address", "uint256" ]
        },
        {
          "contractName": "MyAdvancedToken",
          "methodName": "transferFrom",
          "argTypes": [ "address", "address", "uint256" ]
        }
      ],
      "exp": "(balanceOf[_to] + _value)",
      "status": "proven"
    },
    {
      "no": "12",
      "kind": "IO",
      "line": 209,
      "signatures": [
        {
          "contractName": "MyAdvancedToken",
          "methodName": "mintToken",
          "argTypes": [ "address", "uint256" ]
        }
      ],
      "exp": "(balanceOf[target] + mintedAmount)",
      "status": "unproven"
    },
    {
      "no": "13",
      "kind": "IO",
      "line": 210,
      "signatures": [
        {
          "contractName": "MyAdvancedToken",
          "methodName": "mintToken",
          "argTypes": [ "address", "uint256" ]
        }
      ],
      "exp": "(totalSupply + mintedAmount)",
      "status": "unproven"
    },
    {
      "no": "14",
      "kind": "IO",
      "line": 242,
      "signatures": [
        {
          "contractName": "MyAdvancedToken",
          "methodName": "sell",
          "argTypes": [ "uint256" ]
        }
      ],
      "exp": "(amount * sellPrice)",
      "status": "unproven"
    },
    {
      "no": "15",
      "kind": "IO",
      "line": 244,
      "signatures": [
        {
          "contractName": "MyAdvancedToken",
          "methodName": "sell",
          "argTypes": [ "uint256" ]
        }
      ],
      "exp": "(amount * sellPrice)",
      "status": "unproven"
    },
    {
      "no": "16",
      "kind": "IO",
      "line": 253,
      "signatures": [
        {
          "contractName": "MyAdvancedToken",
          "methodName": "@fallback",
          "argTypes": []
        }
      ],
      "exp": "(msg.value * buyPrice)",
      "status": "unproven"
    },
    {
      "no": "17",
      "kind": "DZ",
      "line": 234,
      "signatures": [
        {
          "contractName": "MyAdvancedToken",
          "methodName": "buy",
          "argTypes": []
        }
      ],
      "exp": "(msg.value / buyPrice)",
      "status": "unproven"
    },
    {
      "no": "18",
      "kind": "KA",
      "line": 259,
      "signatures": [
        {
          "contractName": "MyAdvancedToken",
          "methodName": "selfdestructs",
          "argTypes": []
        }
      ],
      "exp": "selfdestruct(owner);",
      "status": "unproven"
    },
    {
      "no": "19",
      "kind": "ETH_LEAK",
      "line": 244,
      "signatures": [
        {
          "contractName": "MyAdvancedToken",
          "methodName": "sell",
          "argTypes": [ "uint256" ]
        }
      ],
      "exp": "msg.sender.transfer((amount * sellPrice));",
      "status": "unproven"
    },
    {
      "no": "20",
      "kind": "ETH_LEAK",
      "line": 259,
      "signatures": [
        {
          "contractName": "MyAdvancedToken",
          "methodName": "selfdestructs",
          "argTypes": []
        }
      ],
      "exp": "selfdestruct(owner);",
      "status": "proven"
    },
    {
      "no": "21",
      "kind": "ETH_LEAK",
      "line": 264,
      "signatures": [
        {
          "contractName": "MyAdvancedToken",
          "methodName": "getEth",
          "argTypes": [ "uint256" ]
        }
      ],
      "exp": "owner.transfer(num);",
      "status": "proven"
    }
  ]
}