{
  "fileName": "Benchmarks/Study_SamplesSet/25da2b1b1e77bba58cf234eac71ad996.sol",
  "baseName": "25da2b1b1e77bba58cf234eac71ad996.sol",
  "iter": 5622,
  "time": "300.051008",
  "errMsg": null,
  "result": [
    {
      "no": "1",
      "kind": "IO",
      "line": 18,
      "signatures": [
        {
          "contractName": "DosNumber",
          "methodName": "insertNnumbers",
          "argTypes": [ "uint256", "uint256" ]
        }
      ],
      "exp": "(i + 1)",
      "status": "proven"
    },
    {
      "no": "2",
      "kind": "IO",
      "line": 20,
      "signatures": [
        {
          "contractName": "DosNumber",
          "methodName": "insertNnumbers",
          "argTypes": [ "uint256", "uint256" ]
        }
      ],
      "exp": "(array.length + 1)",
      "status": "unproven"
    },
    {
      "no": "3",
      "kind": "IO",
      "line": 22,
      "signatures": [
        {
          "contractName": "DosNumber",
          "methodName": "insertNnumbers",
          "argTypes": [ "uint256", "uint256" ]
        }
      ],
      "exp": "(numElements + 1)",
      "status": "unproven"
    }
  ]
}