{
  "fileName": "Benchmarks/Study_SamplesSet/3291d844bc21086203a8684a1bbab4fe.sol",
  "baseName": "3291d844bc21086203a8684a1bbab4fe.sol",
  "iter": 1,
  "time": "491.224883",
  "errMsg": null,
  "result": [
    {
      "no": "1",
      "kind": "IO",
      "line": 16,
      "signatures": [
        { "contractName": "SST", "methodName": "getTokens", "argTypes": [] }
      ],
      "exp": "(a * b)",
      "status": "unproven"
    },
    {
      "no": "2",
      "kind": "IO",
      "line": 36,
      "signatures": [
        {
          "contractName": "SST",
          "methodName": "burn",
          "argTypes": [ "uint256" ]
        },
        {
          "contractName": "SST",
          "methodName": "transfer",
          "argTypes": [ "address", "uint256" ]
        },
        {
          "contractName": "SST",
          "methodName": "transferFrom",
          "argTypes": [ "address", "address", "uint256" ]
        }
      ],
      "exp": "(a - b)",
      "status": "proven"
    },
    {
      "no": "3",
      "kind": "IO",
      "line": 43,
      "signatures": [
        {
          "contractName": "SST",
          "methodName": "DistributeAirdrop",
          "argTypes": [ "address", "uint256" ]
        },
        {
          "contractName": "SST",
          "methodName": "DistributeAirdropMultiple",
          "argTypes": [ "address[]", "uint256" ]
        },
        { "contractName": "SST", "methodName": "SST", "argTypes": [] },
        {
          "contractName": "SST",
          "methodName": "add",
          "argTypes": [ "uint256" ]
        },
        { "contractName": "SST", "methodName": "getTokens", "argTypes": [] },
        {
          "contractName": "SST",
          "methodName": "transfer",
          "argTypes": [ "address", "uint256" ]
        },
        {
          "contractName": "SST",
          "methodName": "transferFrom",
          "argTypes": [ "address", "address", "uint256" ]
        }
      ],
      "exp": "(a + b)",
      "status": "unproven"
    },
    {
      "no": "4",
      "kind": "IO",
      "line": 80,
      "signatures": [
        { "contractName": "SST", "methodName": "SST", "argTypes": [] }
      ],
      "exp": "(37 * 86400)",
      "status": "proven"
    },
    {
      "no": "5",
      "kind": "IO",
      "line": 80,
      "signatures": [
        { "contractName": "SST", "methodName": "SST", "argTypes": [] }
      ],
      "exp": "(now + (37 * 86400))",
      "status": "unproven"
    },
    {
      "no": "6",
      "kind": "IO",
      "line": 81,
      "signatures": [
        { "contractName": "SST", "methodName": "SST", "argTypes": [] }
      ],
      "exp": "(32 * 86400)",
      "status": "proven"
    },
    {
      "no": "7",
      "kind": "IO",
      "line": 81,
      "signatures": [
        { "contractName": "SST", "methodName": "SST", "argTypes": [] }
      ],
      "exp": "(now + (32 * 86400))",
      "status": "unproven"
    },
    {
      "no": "8",
      "kind": "IO",
      "line": 82,
      "signatures": [
        { "contractName": "SST", "methodName": "SST", "argTypes": [] }
      ],
      "exp": "(22 * 86400)",
      "status": "proven"
    },
    {
      "no": "9",
      "kind": "IO",
      "line": 82,
      "signatures": [
        { "contractName": "SST", "methodName": "SST", "argTypes": [] }
      ],
      "exp": "(now + (22 * 86400))",
      "status": "unproven"
    },
    {
      "no": "10",
      "kind": "IO",
      "line": 175,
      "signatures": [
        {
          "contractName": "SST",
          "methodName": "DistributeAirdropMultiple",
          "argTypes": [ "address[]", "uint256" ]
        }
      ],
      "exp": "(i + 1)",
      "status": "proven"
    },
    {
      "no": "11",
      "kind": "IO",
      "line": 200,
      "signatures": [
        { "contractName": "SST", "methodName": "getTokens", "argTypes": [] }
      ],
      "exp": "(tokens * 10)",
      "status": "unproven"
    },
    {
      "no": "12",
      "kind": "IO",
      "line": 202,
      "signatures": [
        { "contractName": "SST", "methodName": "getTokens", "argTypes": [] }
      ],
      "exp": "(tokens * 15)",
      "status": "unproven"
    },
    {
      "no": "13",
      "kind": "IO",
      "line": 204,
      "signatures": [
        { "contractName": "SST", "methodName": "getTokens", "argTypes": [] }
      ],
      "exp": "(tokens * 25)",
      "status": "unproven"
    },
    {
      "no": "14",
      "kind": "IO",
      "line": 208,
      "signatures": [
        { "contractName": "SST", "methodName": "getTokens", "argTypes": [] }
      ],
      "exp": "(tokens * 10)",
      "status": "unproven"
    },
    {
      "no": "15",
      "kind": "IO",
      "line": 210,
      "signatures": [
        { "contractName": "SST", "methodName": "getTokens", "argTypes": [] }
      ],
      "exp": "(tokens * 20)",
      "status": "unproven"
    },
    {
      "no": "16",
      "kind": "IO",
      "line": 216,
      "signatures": [
        { "contractName": "SST", "methodName": "getTokens", "argTypes": [] }
      ],
      "exp": "(tokens + countbonus)",
      "status": "unproven"
    },
    {
      "no": "17",
      "kind": "IO",
      "line": 223,
      "signatures": [
        { "contractName": "SST", "methodName": "getTokens", "argTypes": [] }
      ],
      "exp": "(progress0drop + 1)",
      "status": "proven"
    },
    {
      "no": "18",
      "kind": "IO",
      "line": 251,
      "signatures": [
        {
          "contractName": "SST",
          "methodName": "transfer",
          "argTypes": [ "address", "uint256" ]
        },
        {
          "contractName": "SST",
          "methodName": "transferFrom",
          "argTypes": [ "address", "address", "uint256" ]
        }
      ],
      "exp": "(size + 4)",
      "status": "proven"
    },
    {
      "no": "19",
      "kind": "IO",
      "line": 255,
      "signatures": [
        {
          "contractName": "SST",
          "methodName": "transfer",
          "argTypes": [ "address", "uint256" ]
        }
      ],
      "exp": "(2 * 32)",
      "status": "proven"
    },
    {
      "no": "20",
      "kind": "IO",
      "line": 266,
      "signatures": [
        {
          "contractName": "SST",
          "methodName": "transferFrom",
          "argTypes": [ "address", "address", "uint256" ]
        }
      ],
      "exp": "(3 * 32)",
      "status": "proven"
    },
    {
      "no": "21",
      "kind": "DZ",
      "line": 17,
      "signatures": [
        { "contractName": "SST", "methodName": "getTokens", "argTypes": [] }
      ],
      "exp": "(c / a)",
      "status": "proven"
    },
    {
      "no": "22",
      "kind": "DZ",
      "line": 86,
      "signatures": [
        { "contractName": "SST", "methodName": "SST", "argTypes": [] }
      ],
      "exp": "(1000000000000000000 / 100)",
      "status": "proven"
    },
    {
      "no": "23",
      "kind": "DZ",
      "line": 191,
      "signatures": [
        { "contractName": "SST", "methodName": "getTokens", "argTypes": [] }
      ],
      "exp": "(1000000000000000000 / 10)",
      "status": "proven"
    },
    {
      "no": "24",
      "kind": "DZ",
      "line": 192,
      "signatures": [
        { "contractName": "SST", "methodName": "getTokens", "argTypes": [] }
      ],
      "exp": "(1000000000000000000 / 2)",
      "status": "proven"
    },
    {
      "no": "25",
      "kind": "DZ",
      "line": 195,
      "signatures": [
        { "contractName": "SST", "methodName": "getTokens", "argTypes": [] }
      ],
      "exp": "(tokensPerEth.mul(msg.value) / 1000000000000000000)",
      "status": "proven"
    },
    {
      "no": "26",
      "kind": "DZ",
      "line": 200,
      "signatures": [
        { "contractName": "SST", "methodName": "getTokens", "argTypes": [] }
      ],
      "exp": "((tokens * 10) / 100)",
      "status": "proven"
    },
    {
      "no": "27",
      "kind": "DZ",
      "line": 202,
      "signatures": [
        { "contractName": "SST", "methodName": "getTokens", "argTypes": [] }
      ],
      "exp": "((tokens * 15) / 100)",
      "status": "proven"
    },
    {
      "no": "28",
      "kind": "DZ",
      "line": 204,
      "signatures": [
        { "contractName": "SST", "methodName": "getTokens", "argTypes": [] }
      ],
      "exp": "((tokens * 25) / 100)",
      "status": "proven"
    },
    {
      "no": "29",
      "kind": "DZ",
      "line": 208,
      "signatures": [
        { "contractName": "SST", "methodName": "getTokens", "argTypes": [] }
      ],
      "exp": "((tokens * 10) / 100)",
      "status": "proven"
    },
    {
      "no": "30",
      "kind": "DZ",
      "line": 210,
      "signatures": [
        { "contractName": "SST", "methodName": "getTokens", "argTypes": [] }
      ],
      "exp": "((tokens * 20) / 100)",
      "status": "proven"
    },
    {
      "no": "31",
      "kind": "ETH_LEAK",
      "line": 299,
      "signatures": [
        {
          "contractName": "SST",
          "methodName": "withdrawAll",
          "argTypes": []
        }
      ],
      "exp": "owner.transfer(etherBalance);",
      "status": "unproven"
    },
    {
      "no": "32",
      "kind": "ETH_LEAK",
      "line": 304,
      "signatures": [
        {
          "contractName": "SST",
          "methodName": "withdraw",
          "argTypes": [ "uint256" ]
        }
      ],
      "exp": "owner.transfer(wantAmount);",
      "status": "unproven"
    }
  ]
}