{
  "fileName": "Benchmarks/Study_SamplesSet/32e4857e9226cfd10b25785bf4129234.sol",
  "baseName": "32e4857e9226cfd10b25785bf4129234.sol",
  "iter": 8,
  "time": "0.317179",
  "errMsg": null,
  "result": [
    {
      "no": "1",
      "kind": "KA",
      "line": 52,
      "signatures": [
        {
          "contractName": "GuessTheNumber",
          "methodName": "kill",
          "argTypes": []
        }
      ],
      "exp": "selfdestruct(_owner);",
      "status": "proven"
    },
    {
      "no": "2",
      "kind": "ETH_LEAK",
      "line": 40,
      "signatures": [
        {
          "contractName": "GuessTheNumber",
          "methodName": "guess",
          "argTypes": [ "uint256" ]
        }
      ],
      "exp": "guesser.transfer(p);",
      "status": "proven"
    },
    {
      "no": "3",
      "kind": "ETH_LEAK",
      "line": 52,
      "signatures": [
        {
          "contractName": "GuessTheNumber",
          "methodName": "kill",
          "argTypes": []
        }
      ],
      "exp": "selfdestruct(_owner);",
      "status": "proven"
    }
  ]
}