{
  "fileName": "Benchmarks/Study_SamplesSet/38457d3a2f1e4678d1c2282958fa34c1.sol",
  "baseName": "38457d3a2f1e4678d1c2282958fa34c1.sol",
  "iter": 241,
  "time": "300.256326",
  "errMsg": null,
  "result": [
    {
      "no": "1",
      "kind": "IO",
      "line": 5,
      "signatures": [
        {
          "contractName": "Enumivo",
          "methodName": "@fallback",
          "argTypes": []
        },
        {
          "contractName": "Enumivo",
          "methodName": "getTokens",
          "argTypes": []
        }
      ],
      "exp": "(a * b)",
      "status": "unproven"
    },
    {
      "no": "2",
      "kind": "IO",
      "line": 17,
      "signatures": [
        {
          "contractName": "Enumivo",
          "methodName": "Enumivo",
          "argTypes": []
        },
        {
          "contractName": "Enumivo",
          "methodName": "burn",
          "argTypes": [ "uint256" ]
        },
        {
          "contractName": "Enumivo",
          "methodName": "distr",
          "argTypes": [ "address", "uint256" ]
        },
        {
          "contractName": "Enumivo",
          "methodName": "transfer",
          "argTypes": [ "address", "uint256" ]
        },
        {
          "contractName": "Enumivo",
          "methodName": "transferFrom",
          "argTypes": [ "address", "address", "uint256" ]
        }
      ],
      "exp": "(a - b)",
      "status": "proven"
    },
    {
      "no": "3",
      "kind": "IO",
      "line": 21,
      "signatures": [
        {
          "contractName": "Enumivo",
          "methodName": "distr",
          "argTypes": [ "address", "uint256" ]
        },
        {
          "contractName": "Enumivo",
          "methodName": "transfer",
          "argTypes": [ "address", "uint256" ]
        },
        {
          "contractName": "Enumivo",
          "methodName": "transferFrom",
          "argTypes": [ "address", "address", "uint256" ]
        }
      ],
      "exp": "(a + b)",
      "status": "unproven"
    },
    {
      "no": "4",
      "kind": "IO",
      "line": 108,
      "signatures": [
        {
          "contractName": "Enumivo",
          "methodName": "enableWhitelist",
          "argTypes": [ "address[]" ]
        }
      ],
      "exp": "(i + 1)",
      "status": "proven"
    },
    {
      "no": "5",
      "kind": "IO",
      "line": 114,
      "signatures": [
        {
          "contractName": "Enumivo",
          "methodName": "disableWhitelist",
          "argTypes": [ "address[]" ]
        }
      ],
      "exp": "(i + 1)",
      "status": "proven"
    },
    {
      "no": "6",
      "kind": "IO",
      "line": 143,
      "signatures": [
        {
          "contractName": "Enumivo",
          "methodName": "airdrop",
          "argTypes": [ "address[]" ]
        }
      ],
      "exp": "(i + 1)",
      "status": "proven"
    },
    {
      "no": "7",
      "kind": "IO",
      "line": 158,
      "signatures": [
        {
          "contractName": "Enumivo",
          "methodName": "distribution",
          "argTypes": [ "address[]", "uint256" ]
        }
      ],
      "exp": "(i + 1)",
      "status": "proven"
    },
    {
      "no": "8",
      "kind": "IO",
      "line": 173,
      "signatures": [
        {
          "contractName": "Enumivo",
          "methodName": "distributeAmounts",
          "argTypes": [ "address[]", "uint256[]" ]
        }
      ],
      "exp": "(i + 1)",
      "status": "unproven"
    },
    {
      "no": "9",
      "kind": "IO",
      "line": 217,
      "signatures": [
        {
          "contractName": "Enumivo",
          "methodName": "transfer",
          "argTypes": [ "address", "uint256" ]
        },
        {
          "contractName": "Enumivo",
          "methodName": "transferFrom",
          "argTypes": [ "address", "address", "uint256" ]
        }
      ],
      "exp": "(size + 4)",
      "status": "proven"
    },
    {
      "no": "10",
      "kind": "IO",
      "line": 221,
      "signatures": [
        {
          "contractName": "Enumivo",
          "methodName": "transfer",
          "argTypes": [ "address", "uint256" ]
        }
      ],
      "exp": "(2 * 32)",
      "status": "proven"
    },
    {
      "no": "11",
      "kind": "IO",
      "line": 232,
      "signatures": [
        {
          "contractName": "Enumivo",
          "methodName": "transferFrom",
          "argTypes": [ "address", "address", "uint256" ]
        }
      ],
      "exp": "(3 * 32)",
      "status": "proven"
    },
    {
      "no": "12",
      "kind": "DZ",
      "line": 6,
      "signatures": [
        {
          "contractName": "Enumivo",
          "methodName": "@fallback",
          "argTypes": []
        },
        {
          "contractName": "Enumivo",
          "methodName": "getTokens",
          "argTypes": []
        }
      ],
      "exp": "(c / a)",
      "status": "unproven"
    },
    {
      "no": "13",
      "kind": "DZ",
      "line": 11,
      "signatures": [
        {
          "contractName": "Enumivo",
          "methodName": "@fallback",
          "argTypes": []
        },
        {
          "contractName": "Enumivo",
          "methodName": "getTokens",
          "argTypes": []
        }
      ],
      "exp": "(a / b)",
      "status": "proven"
    },
    {
      "no": "14",
      "kind": "ETH_LEAK",
      "line": 265,
      "signatures": [
        {
          "contractName": "Enumivo",
          "methodName": "withdraw",
          "argTypes": []
        }
      ],
      "exp": "owner.transfer(etherBalance);",
      "status": "proven"
    }
  ]
}