{
  "fileName": "Benchmarks/Study_SamplesSet/3d21a1483fd84a0e9f51e721fa2622fb.sol",
  "baseName": "3d21a1483fd84a0e9f51e721fa2622fb.sol",
  "iter": 212,
  "time": "301.312705",
  "errMsg": null,
  "result": [
    {
      "no": "1",
      "kind": "IO",
      "line": 43,
      "signatures": [
        { "contractName": "Gifto", "methodName": "Gifto", "argTypes": [] }
      ],
      "exp": "(10 ** 14)",
      "status": "proven"
    },
    {
      "no": "2",
      "kind": "IO",
      "line": 44,
      "signatures": [
        { "contractName": "Gifto", "methodName": "Gifto", "argTypes": [] }
      ],
      "exp": "(10 ** 7)",
      "status": "proven"
    },
    {
      "no": "3",
      "kind": "IO",
      "line": 44,
      "signatures": [
        { "contractName": "Gifto", "methodName": "Gifto", "argTypes": [] }
      ],
      "exp": "(43 * (10 ** 7))",
      "status": "proven"
    },
    {
      "no": "4",
      "kind": "IO",
      "line": 65,
      "signatures": [
        { "contractName": "Gifto", "methodName": "Gifto", "argTypes": [] }
      ],
      "exp": "(_totalSupply * _icoPercent)",
      "status": "proven"
    },
    {
      "no": "5",
      "kind": "IO",
      "line": 68,
      "signatures": [
        { "contractName": "Gifto", "methodName": "Gifto", "argTypes": [] }
      ],
      "exp": "(10 ** 17)",
      "status": "proven"
    },
    {
      "no": "6",
      "kind": "IO",
      "line": 68,
      "signatures": [
        { "contractName": "Gifto", "methodName": "Gifto", "argTypes": [] }
      ],
      "exp": "(3 * (10 ** 17))",
      "status": "proven"
    },
    {
      "no": "7",
      "kind": "IO",
      "line": 71,
      "signatures": [
        { "contractName": "Gifto", "methodName": "Gifto", "argTypes": [] }
      ],
      "exp": "(10 ** 18)",
      "status": "proven"
    },
    {
      "no": "8",
      "kind": "IO",
      "line": 71,
      "signatures": [
        { "contractName": "Gifto", "methodName": "Gifto", "argTypes": [] }
      ],
      "exp": "(25 * (10 ** 18))",
      "status": "proven"
    },
    {
      "no": "9",
      "kind": "IO",
      "line": 222,
      "signatures": [
        {
          "contractName": "Gifto",
          "methodName": "setBuyPrice",
          "argTypes": [ "uint256" ]
        }
      ],
      "exp": "((10 ** 18) * 10000000000)",
      "status": "proven"
    },
    {
      "no": "10",
      "kind": "IO",
      "line": 222,
      "signatures": [
        {
          "contractName": "Gifto",
          "methodName": "setBuyPrice",
          "argTypes": [ "uint256" ]
        }
      ],
      "exp": "(10 ** 18)",
      "status": "proven"
    },
    {
      "no": "11",
      "kind": "IO",
      "line": 461,
      "signatures": [
        {
          "contractName": "MultiSigWallet",
          "methodName": "MultiSigWallet",
          "argTypes": [ "address[]", "uint256" ]
        }
      ],
      "exp": "(i + 1)",
      "status": "proven"
    },
    {
      "no": "12",
      "kind": "IO",
      "line": 477,
      "signatures": [
        {
          "contractName": "MultiSigWallet",
          "methodName": "addOwner",
          "argTypes": [ "address" ]
        }
      ],
      "exp": "(owners.length + 1)",
      "status": "proven"
    },
    {
      "no": "13",
      "kind": "IO",
      "line": 492,
      "signatures": [
        {
          "contractName": "MultiSigWallet",
          "methodName": "removeOwner",
          "argTypes": [ "address" ]
        }
      ],
      "exp": "(i + 1)",
      "status": "proven"
    },
    {
      "no": "14",
      "kind": "IO",
      "line": 492,
      "signatures": [
        {
          "contractName": "MultiSigWallet",
          "methodName": "removeOwner",
          "argTypes": [ "address" ]
        }
      ],
      "exp": "(owners.length - 1)",
      "status": "unproven"
    },
    {
      "no": "15",
      "kind": "IO",
      "line": 494,
      "signatures": [
        {
          "contractName": "MultiSigWallet",
          "methodName": "removeOwner",
          "argTypes": [ "address" ]
        }
      ],
      "exp": "(owners.length - 1)",
      "status": "proven"
    },
    {
      "no": "16",
      "kind": "IO",
      "line": 497,
      "signatures": [
        {
          "contractName": "MultiSigWallet",
          "methodName": "removeOwner",
          "argTypes": [ "address" ]
        }
      ],
      "exp": "(owners.length - 1)",
      "status": "unproven"
    },
    {
      "no": "17",
      "kind": "IO",
      "line": 512,
      "signatures": [
        {
          "contractName": "MultiSigWallet",
          "methodName": "replaceOwner",
          "argTypes": [ "address", "address" ]
        }
      ],
      "exp": "(i + 1)",
      "status": "proven"
    },
    {
      "no": "18",
      "kind": "IO",
      "line": 599,
      "signatures": [
        {
          "contractName": "MultiSigWallet",
          "methodName": "isConfirmed",
          "argTypes": [ "uint256" ]
        }
      ],
      "exp": "(i + 1)",
      "status": "proven"
    },
    {
      "no": "19",
      "kind": "IO",
      "line": 601,
      "signatures": [
        {
          "contractName": "MultiSigWallet",
          "methodName": "isConfirmed",
          "argTypes": [ "uint256" ]
        }
      ],
      "exp": "(count + 1)",
      "status": "unproven"
    },
    {
      "no": "20",
      "kind": "IO",
      "line": 627,
      "signatures": [
        {
          "contractName": "MultiSigWallet",
          "methodName": "submitTransaction",
          "argTypes": [ "address", "uint256", "dbytes" ]
        }
      ],
      "exp": "(transactionCount + 1)",
      "status": "unproven"
    },
    {
      "no": "21",
      "kind": "IO",
      "line": 642,
      "signatures": [
        {
          "contractName": "MultiSigWallet",
          "methodName": "getConfirmationCount",
          "argTypes": [ "uint256" ]
        }
      ],
      "exp": "(i + 1)",
      "status": "proven"
    },
    {
      "no": "22",
      "kind": "IO",
      "line": 644,
      "signatures": [
        {
          "contractName": "MultiSigWallet",
          "methodName": "getConfirmationCount",
          "argTypes": [ "uint256" ]
        }
      ],
      "exp": "(count + 1)",
      "status": "unproven"
    },
    {
      "no": "23",
      "kind": "IO",
      "line": 656,
      "signatures": [
        {
          "contractName": "MultiSigWallet",
          "methodName": "getTransactionCount",
          "argTypes": [ "bool", "bool" ]
        }
      ],
      "exp": "(i + 1)",
      "status": "proven"
    },
    {
      "no": "24",
      "kind": "IO",
      "line": 659,
      "signatures": [
        {
          "contractName": "MultiSigWallet",
          "methodName": "getTransactionCount",
          "argTypes": [ "bool", "bool" ]
        }
      ],
      "exp": "(count + 1)",
      "status": "unproven"
    },
    {
      "no": "25",
      "kind": "IO",
      "line": 683,
      "signatures": [
        {
          "contractName": "MultiSigWallet",
          "methodName": "getConfirmations",
          "argTypes": [ "uint256" ]
        }
      ],
      "exp": "(i + 1)",
      "status": "proven"
    },
    {
      "no": "26",
      "kind": "IO",
      "line": 686,
      "signatures": [
        {
          "contractName": "MultiSigWallet",
          "methodName": "getConfirmations",
          "argTypes": [ "uint256" ]
        }
      ],
      "exp": "(count + 1)",
      "status": "proven"
    },
    {
      "no": "27",
      "kind": "IO",
      "line": 689,
      "signatures": [
        {
          "contractName": "MultiSigWallet",
          "methodName": "getConfirmations",
          "argTypes": [ "uint256" ]
        }
      ],
      "exp": "(i + 1)",
      "status": "proven"
    },
    {
      "no": "28",
      "kind": "IO",
      "line": 707,
      "signatures": [
        {
          "contractName": "MultiSigWallet",
          "methodName": "getTransactionIds",
          "argTypes": [ "uint256", "uint256", "bool", "bool" ]
        }
      ],
      "exp": "(i + 1)",
      "status": "proven"
    },
    {
      "no": "29",
      "kind": "IO",
      "line": 712,
      "signatures": [
        {
          "contractName": "MultiSigWallet",
          "methodName": "getTransactionIds",
          "argTypes": [ "uint256", "uint256", "bool", "bool" ]
        }
      ],
      "exp": "(count + 1)",
      "status": "proven"
    },
    {
      "no": "30",
      "kind": "IO",
      "line": 714,
      "signatures": [
        {
          "contractName": "MultiSigWallet",
          "methodName": "getTransactionIds",
          "argTypes": [ "uint256", "uint256", "bool", "bool" ]
        }
      ],
      "exp": "(to - from)",
      "status": "unproven"
    },
    {
      "no": "31",
      "kind": "IO",
      "line": 715,
      "signatures": [
        {
          "contractName": "MultiSigWallet",
          "methodName": "getTransactionIds",
          "argTypes": [ "uint256", "uint256", "bool", "bool" ]
        }
      ],
      "exp": "(i + 1)",
      "status": "proven"
    },
    {
      "no": "32",
      "kind": "IO",
      "line": 716,
      "signatures": [
        {
          "contractName": "MultiSigWallet",
          "methodName": "getTransactionIds",
          "argTypes": [ "uint256", "uint256", "bool", "bool" ]
        }
      ],
      "exp": "(i - from)",
      "status": "unproven"
    },
    {
      "no": "33",
      "kind": "DZ",
      "line": 65,
      "signatures": [
        { "contractName": "Gifto", "methodName": "Gifto", "argTypes": [] }
      ],
      "exp": "((_totalSupply * _icoPercent) / 100)",
      "status": "proven"
    },
    {
      "no": "34",
      "kind": "DZ",
      "line": 222,
      "signatures": [
        {
          "contractName": "Gifto",
          "methodName": "setBuyPrice",
          "argTypes": [ "uint256" ]
        }
      ],
      "exp": "(((10 ** 18) * 10000000000) / _originalBuyPrice)",
      "status": "proven"
    },
    {
      "no": "35",
      "kind": "ETH_LEAK",
      "line": 581,
      "signatures": [
        {
          "contractName": "MultiSigWallet",
          "methodName": "executeTransaction",
          "argTypes": [ "uint256" ]
        }
      ],
      "exp": "tx.destination.call.value(tx.value)(tx.data)",
      "status": "unproven"
    }
  ]
}