{
  "fileName": "Benchmarks/Study_SamplesSet/434eda620e7a5a7ad22f000be6efeb54.sol",
  "baseName": "434eda620e7a5a7ad22f000be6efeb54.sol",
  "iter": 212,
  "time": "308.146573",
  "errMsg": null,
  "result": [
    {
      "no": "1",
      "kind": "IO",
      "line": 5,
      "signatures": [
        { "contractName": "SACO", "methodName": "@fallback", "argTypes": [] },
        { "contractName": "SACO", "methodName": "getTokens", "argTypes": [] }
      ],
      "exp": "(a * b)",
      "status": "unproven"
    },
    {
      "no": "2",
      "kind": "IO",
      "line": 17,
      "signatures": [
        { "contractName": "SACO", "methodName": "SACO", "argTypes": [] },
        {
          "contractName": "SACO",
          "methodName": "burn",
          "argTypes": [ "uint256" ]
        },
        {
          "contractName": "SACO",
          "methodName": "distr",
          "argTypes": [ "address", "uint256" ]
        },
        { "contractName": "SACO", "methodName": "getTokens", "argTypes": [] },
        {
          "contractName": "SACO",
          "methodName": "transfer",
          "argTypes": [ "address", "uint256" ]
        },
        {
          "contractName": "SACO",
          "methodName": "transferFrom",
          "argTypes": [ "address", "address", "uint256" ]
        }
      ],
      "exp": "(a - b)",
      "status": "proven"
    },
    {
      "no": "3",
      "kind": "IO",
      "line": 21,
      "signatures": [
        {
          "contractName": "SACO",
          "methodName": "distr",
          "argTypes": [ "address", "uint256" ]
        },
        { "contractName": "SACO", "methodName": "getTokens", "argTypes": [] },
        {
          "contractName": "SACO",
          "methodName": "transfer",
          "argTypes": [ "address", "uint256" ]
        },
        {
          "contractName": "SACO",
          "methodName": "transferFrom",
          "argTypes": [ "address", "address", "uint256" ]
        }
      ],
      "exp": "(a + b)",
      "status": "unproven"
    },
    {
      "no": "4",
      "kind": "IO",
      "line": 157,
      "signatures": [
        {
          "contractName": "SACO",
          "methodName": "transfer",
          "argTypes": [ "address", "uint256" ]
        },
        {
          "contractName": "SACO",
          "methodName": "transferFrom",
          "argTypes": [ "address", "address", "uint256" ]
        }
      ],
      "exp": "(size + 4)",
      "status": "proven"
    },
    {
      "no": "5",
      "kind": "IO",
      "line": 161,
      "signatures": [
        {
          "contractName": "SACO",
          "methodName": "transfer",
          "argTypes": [ "address", "uint256" ]
        }
      ],
      "exp": "(2 * 32)",
      "status": "proven"
    },
    {
      "no": "6",
      "kind": "IO",
      "line": 171,
      "signatures": [
        {
          "contractName": "SACO",
          "methodName": "transferFrom",
          "argTypes": [ "address", "address", "uint256" ]
        }
      ],
      "exp": "(3 * 32)",
      "status": "proven"
    },
    {
      "no": "7",
      "kind": "DZ",
      "line": 6,
      "signatures": [
        { "contractName": "SACO", "methodName": "@fallback", "argTypes": [] },
        { "contractName": "SACO", "methodName": "getTokens", "argTypes": [] }
      ],
      "exp": "(c / a)",
      "status": "unproven"
    },
    {
      "no": "8",
      "kind": "DZ",
      "line": 11,
      "signatures": [
        { "contractName": "SACO", "methodName": "@fallback", "argTypes": [] },
        { "contractName": "SACO", "methodName": "getTokens", "argTypes": [] }
      ],
      "exp": "(a / b)",
      "status": "proven"
    },
    {
      "no": "9",
      "kind": "ETH_LEAK",
      "line": 202,
      "signatures": [
        { "contractName": "SACO", "methodName": "withdraw", "argTypes": [] }
      ],
      "exp": "owner.transfer(etherBalance);",
      "status": "unproven"
    }
  ]
}