{
  "fileName": "Benchmarks/Study_SamplesSet/44ba57f429356abc817ed271a668b217.sol",
  "baseName": "44ba57f429356abc817ed271a668b217.sol",
  "iter": 13,
  "time": "300.956027",
  "errMsg": null,
  "result": [
    {
      "no": "1",
      "kind": "IO",
      "line": 6,
      "signatures": [
        {
          "contractName": "STRANGE",
          "methodName": "transfer",
          "argTypes": [ "address", "uint256" ]
        },
        {
          "contractName": "STRANGE",
          "methodName": "transferFrom",
          "argTypes": [ "address", "address", "uint256" ]
        }
      ],
      "exp": "(a - b)",
      "status": "unproven"
    },
    {
      "no": "2",
      "kind": "IO",
      "line": 10,
      "signatures": [
        {
          "contractName": "STRANGE",
          "methodName": "transfer",
          "argTypes": [ "address", "uint256" ]
        },
        {
          "contractName": "STRANGE",
          "methodName": "transferFrom",
          "argTypes": [ "address", "address", "uint256" ]
        }
      ],
      "exp": "(a + b)",
      "status": "unproven"
    },
    {
      "no": "3",
      "kind": "IO",
      "line": 113,
      "signatures": [
        {
          "contractName": "STRANGE",
          "methodName": "multiPartyTransfer",
          "argTypes": [ "address[]", "uint256[]" ]
        }
      ],
      "exp": "(i + 1)",
      "status": "unproven"
    },
    {
      "no": "4",
      "kind": "IO",
      "line": 132,
      "signatures": [
        {
          "contractName": "STRANGE",
          "methodName": "multiPartyTransferFrom",
          "argTypes": [ "address", "address[]", "uint256[]" ]
        }
      ],
      "exp": "(i + 1)",
      "status": "unproven"
    }
  ]
}