{
  "fileName": "Benchmarks/Study_SamplesSet/469625513d621be385f5813cabc10409.sol",
  "baseName": "469625513d621be385f5813cabc10409.sol",
  "iter": 6,
  "time": "3.11137",
  "errMsg": null,
  "result": [
    {
      "no": "1",
      "kind": "IO",
      "line": 27,
      "signatures": [
        {
          "contractName": "TransferMoney",
          "methodName": "depositMoney",
          "argTypes": [ "string" ]
        }
      ],
      "exp": "(bankAccountMoney[msg.sender] + msg.value)",
      "status": "unproven"
    }
  ]
}