{
  "fileName": "Benchmarks/Study_SamplesSet/47af77101e987ad95522794a53eca146.sol",
  "baseName": "47af77101e987ad95522794a53eca146.sol",
  "iter": 71,
  "time": "306.222062",
  "errMsg": null,
  "result": [
    {
      "no": "1",
      "kind": "IO",
      "line": 33,
      "signatures": [
        {
          "contractName": "NFToken",
          "methodName": "removeToken",
          "argTypes": [ "address", "uint256" ]
        }
      ],
      "exp": "(a - b)",
      "status": "proven"
    },
    {
      "no": "2",
      "kind": "IO",
      "line": 40,
      "signatures": [
        {
          "contractName": "NFToken",
          "methodName": "clearApprovalAndTransfer",
          "argTypes": [ "address", "address", "uint256" ]
        }
      ],
      "exp": "(a + b)",
      "status": "unproven"
    },
    {
      "no": "3",
      "kind": "IO",
      "line": 260,
      "signatures": [
        {
          "contractName": "NFToken",
          "methodName": "removeToken",
          "argTypes": [ "address", "uint256" ]
        }
      ],
      "exp": "(ownedTokens[_from].length - 1)",
      "status": "proven"
    },
    {
      "no": "4",
      "kind": "IO",
      "line": 424,
      "signatures": [
        {
          "contractName": "NFToken",
          "methodName": "joinCarveUpTen",
          "argTypes": [ "uint256" ]
        }
      ],
      "exp": "(i + 1)",
      "status": "proven"
    },
    {
      "no": "5",
      "kind": "IO",
      "line": 436,
      "signatures": [
        {
          "contractName": "NFToken",
          "methodName": "joinCarveUpTen",
          "argTypes": [ "uint256" ]
        }
      ],
      "exp": "((((now % 10) + ((now / 10) % 10)) + ((now / 100) % 10)) + ((now / 1000) % 10))",
      "status": "unproven"
    },
    {
      "no": "6",
      "kind": "IO",
      "line": 436,
      "signatures": [
        {
          "contractName": "NFToken",
          "methodName": "joinCarveUpTen",
          "argTypes": [ "uint256" ]
        }
      ],
      "exp": "(((now % 10) + ((now / 10) % 10)) + ((now / 100) % 10))",
      "status": "unproven"
    },
    {
      "no": "7",
      "kind": "IO",
      "line": 436,
      "signatures": [
        {
          "contractName": "NFToken",
          "methodName": "joinCarveUpTen",
          "argTypes": [ "uint256" ]
        }
      ],
      "exp": "((now % 10) + ((now / 10) % 10))",
      "status": "unproven"
    },
    {
      "no": "8",
      "kind": "IO",
      "line": 437,
      "signatures": [
        {
          "contractName": "NFToken",
          "methodName": "joinCarveUpTen",
          "argTypes": [ "uint256" ]
        }
      ],
      "exp": "(j + 1)",
      "status": "proven"
    },
    {
      "no": "9",
      "kind": "IO",
      "line": 439,
      "signatures": [
        {
          "contractName": "NFToken",
          "methodName": "joinCarveUpTen",
          "argTypes": [ "uint256" ]
        }
      ],
      "exp": "(CARVE_UP_INPUT * 110)",
      "status": "proven"
    },
    {
      "no": "10",
      "kind": "IO",
      "line": 450,
      "signatures": [
        {
          "contractName": "NFToken",
          "methodName": "joinCarveUpTen",
          "argTypes": [ "uint256" ]
        }
      ],
      "exp": "(carverUpIndex + 1)",
      "status": "unproven"
    },
    {
      "no": "11",
      "kind": "IO",
      "line": 463,
      "signatures": [
        {
          "contractName": "NFToken",
          "methodName": "buy",
          "argTypes": [ "uint256" ]
        }
      ],
      "exp": "(100 - (2 * SALE_FEE_RATE))",
      "status": "proven"
    },
    {
      "no": "12",
      "kind": "IO",
      "line": 463,
      "signatures": [
        {
          "contractName": "NFToken",
          "methodName": "buy",
          "argTypes": [ "uint256" ]
        }
      ],
      "exp": "(2 * SALE_FEE_RATE)",
      "status": "proven"
    },
    {
      "no": "13",
      "kind": "IO",
      "line": 463,
      "signatures": [
        {
          "contractName": "NFToken",
          "methodName": "buy",
          "argTypes": [ "uint256" ]
        }
      ],
      "exp": "(token.price * (100 - (2 * SALE_FEE_RATE)))",
      "status": "unproven"
    },
    {
      "no": "14",
      "kind": "IO",
      "line": 466,
      "signatures": [
        {
          "contractName": "NFToken",
          "methodName": "buy",
          "argTypes": [ "uint256" ]
        }
      ],
      "exp": "(token.price * SALE_FEE_RATE)",
      "status": "unproven"
    },
    {
      "no": "15",
      "kind": "IO",
      "line": 466,
      "signatures": [
        {
          "contractName": "NFToken",
          "methodName": "buy",
          "argTypes": [ "uint256" ]
        }
      ],
      "exp": "(totalSupply() - 1)",
      "status": "proven"
    },
    {
      "no": "16",
      "kind": "IO",
      "line": 467,
      "signatures": [
        {
          "contractName": "NFToken",
          "methodName": "buy",
          "argTypes": [ "uint256" ]
        }
      ],
      "exp": "(i + 1)",
      "status": "unproven"
    },
    {
      "no": "17",
      "kind": "IO",
      "line": 478,
      "signatures": [
        {
          "contractName": "NFToken",
          "methodName": "buy",
          "argTypes": [ "uint256" ]
        }
      ],
      "exp": "(token.price * RISE_RATE_FAST)",
      "status": "unproven"
    },
    {
      "no": "18",
      "kind": "IO",
      "line": 480,
      "signatures": [
        {
          "contractName": "NFToken",
          "methodName": "buy",
          "argTypes": [ "uint256" ]
        }
      ],
      "exp": "(token.price * RISE_RATE)",
      "status": "unproven"
    },
    {
      "no": "19",
      "kind": "IO",
      "line": 529,
      "signatures": [
        {
          "contractName": "NFToken",
          "methodName": "withdrawContractEther",
          "argTypes": [ "uint256" ]
        }
      ],
      "exp": "(balance - (carverUpIndex * CARVE_UP_INPUT))",
      "status": "unproven"
    },
    {
      "no": "20",
      "kind": "IO",
      "line": 529,
      "signatures": [
        {
          "contractName": "NFToken",
          "methodName": "withdrawContractEther",
          "argTypes": [ "uint256" ]
        }
      ],
      "exp": "(carverUpIndex * CARVE_UP_INPUT)",
      "status": "unproven"
    },
    {
      "no": "21",
      "kind": "IO",
      "line": 535,
      "signatures": [
        {
          "contractName": "NFToken",
          "methodName": "withdrawAbleEther",
          "argTypes": []
        }
      ],
      "exp": "(carverUpIndex * CARVE_UP_INPUT)",
      "status": "unproven"
    },
    {
      "no": "22",
      "kind": "IO",
      "line": 535,
      "signatures": [
        {
          "contractName": "NFToken",
          "methodName": "withdrawAbleEther",
          "argTypes": []
        }
      ],
      "exp": "(this.balance - (carverUpIndex * CARVE_UP_INPUT))",
      "status": "unproven"
    },
    {
      "no": "23",
      "kind": "DZ",
      "line": 433,
      "signatures": [
        {
          "contractName": "NFToken",
          "methodName": "joinCarveUpTen",
          "argTypes": [ "uint256" ]
        }
      ],
      "exp": "(carverUpIndex % 10)",
      "status": "proven"
    },
    {
      "no": "24",
      "kind": "DZ",
      "line": 436,
      "signatures": [
        {
          "contractName": "NFToken",
          "methodName": "joinCarveUpTen",
          "argTypes": [ "uint256" ]
        }
      ],
      "exp": "(((((now % 10) + ((now / 10) % 10)) + ((now / 100) % 10)) + ((now / 1000) % 10)) % 10)",
      "status": "proven"
    },
    {
      "no": "25",
      "kind": "DZ",
      "line": 436,
      "signatures": [
        {
          "contractName": "NFToken",
          "methodName": "joinCarveUpTen",
          "argTypes": [ "uint256" ]
        }
      ],
      "exp": "((now / 10) % 10)",
      "status": "proven"
    },
    {
      "no": "26",
      "kind": "DZ",
      "line": 436,
      "signatures": [
        {
          "contractName": "NFToken",
          "methodName": "joinCarveUpTen",
          "argTypes": [ "uint256" ]
        }
      ],
      "exp": "((now / 100) % 10)",
      "status": "proven"
    },
    {
      "no": "27",
      "kind": "DZ",
      "line": 436,
      "signatures": [
        {
          "contractName": "NFToken",
          "methodName": "joinCarveUpTen",
          "argTypes": [ "uint256" ]
        }
      ],
      "exp": "((now / 1000) % 10)",
      "status": "proven"
    },
    {
      "no": "28",
      "kind": "DZ",
      "line": 436,
      "signatures": [
        {
          "contractName": "NFToken",
          "methodName": "joinCarveUpTen",
          "argTypes": [ "uint256" ]
        }
      ],
      "exp": "(now % 10)",
      "status": "proven"
    },
    {
      "no": "29",
      "kind": "DZ",
      "line": 436,
      "signatures": [
        {
          "contractName": "NFToken",
          "methodName": "joinCarveUpTen",
          "argTypes": [ "uint256" ]
        }
      ],
      "exp": "(now / 10)",
      "status": "proven"
    },
    {
      "no": "30",
      "kind": "DZ",
      "line": 436,
      "signatures": [
        {
          "contractName": "NFToken",
          "methodName": "joinCarveUpTen",
          "argTypes": [ "uint256" ]
        }
      ],
      "exp": "(now / 100)",
      "status": "proven"
    },
    {
      "no": "31",
      "kind": "DZ",
      "line": 436,
      "signatures": [
        {
          "contractName": "NFToken",
          "methodName": "joinCarveUpTen",
          "argTypes": [ "uint256" ]
        }
      ],
      "exp": "(now / 1000)",
      "status": "proven"
    },
    {
      "no": "32",
      "kind": "DZ",
      "line": 439,
      "signatures": [
        {
          "contractName": "NFToken",
          "methodName": "joinCarveUpTen",
          "argTypes": [ "uint256" ]
        }
      ],
      "exp": "((CARVE_UP_INPUT * 110) / 100)",
      "status": "proven"
    },
    {
      "no": "33",
      "kind": "DZ",
      "line": 463,
      "signatures": [
        {
          "contractName": "NFToken",
          "methodName": "buy",
          "argTypes": [ "uint256" ]
        }
      ],
      "exp": "((token.price * (100 - (2 * SALE_FEE_RATE))) / 100)",
      "status": "proven"
    },
    {
      "no": "34",
      "kind": "DZ",
      "line": 466,
      "signatures": [
        {
          "contractName": "NFToken",
          "methodName": "buy",
          "argTypes": [ "uint256" ]
        }
      ],
      "exp": "(((token.price * SALE_FEE_RATE) / 100) / (totalSupply() - 1))",
      "status": "proven"
    },
    {
      "no": "35",
      "kind": "DZ",
      "line": 466,
      "signatures": [
        {
          "contractName": "NFToken",
          "methodName": "buy",
          "argTypes": [ "uint256" ]
        }
      ],
      "exp": "((token.price * SALE_FEE_RATE) / 100)",
      "status": "proven"
    },
    {
      "no": "36",
      "kind": "DZ",
      "line": 478,
      "signatures": [
        {
          "contractName": "NFToken",
          "methodName": "buy",
          "argTypes": [ "uint256" ]
        }
      ],
      "exp": "((token.price * RISE_RATE_FAST) / 100)",
      "status": "proven"
    },
    {
      "no": "37",
      "kind": "DZ",
      "line": 480,
      "signatures": [
        {
          "contractName": "NFToken",
          "methodName": "buy",
          "argTypes": [ "uint256" ]
        }
      ],
      "exp": "((token.price * RISE_RATE) / 100)",
      "status": "proven"
    },
    {
      "no": "38",
      "kind": "ETH_LEAK",
      "line": 440,
      "signatures": [
        {
          "contractName": "NFToken",
          "methodName": "joinCarveUpTen",
          "argTypes": [ "uint256" ]
        }
      ],
      "exp": "ownerOf(carveUpTokens[j]).transfer(bonus);",
      "status": "unproven"
    },
    {
      "no": "39",
      "kind": "ETH_LEAK",
      "line": 463,
      "signatures": [
        {
          "contractName": "NFToken",
          "methodName": "buy",
          "argTypes": [ "uint256" ]
        }
      ],
      "exp": "ownerOf(_id).transfer(((token.price * (100 - (2 * SALE_FEE_RATE))) / 100));",
      "status": "unproven"
    },
    {
      "no": "40",
      "kind": "ETH_LEAK",
      "line": 469,
      "signatures": [
        {
          "contractName": "NFToken",
          "methodName": "buy",
          "argTypes": [ "uint256" ]
        }
      ],
      "exp": "ownerOf(i).transfer(bonus);",
      "status": "unproven"
    },
    {
      "no": "41",
      "kind": "ETH_LEAK",
      "line": 530,
      "signatures": [
        {
          "contractName": "NFToken",
          "methodName": "withdrawContractEther",
          "argTypes": [ "uint256" ]
        }
      ],
      "exp": "cfoAddress.transfer(withdrawAmount);",
      "status": "proven"
    }
  ]
}