{
  "fileName": "Benchmarks/Study_SamplesSet/486df61daddf1427e8c3271b508d554a.sol",
  "baseName": "486df61daddf1427e8c3271b508d554a.sol",
  "iter": 3,
  "time": "0.1054",
  "errMsg": null,
  "result": [
    {
      "no": "1",
      "kind": "ETH_LEAK",
      "line": 10,
      "signatures": [
        {
          "contractName": "THE_GAME",
          "methodName": "Try",
          "argTypes": [ "string" ]
        }
      ],
      "exp": "msg.sender.transfer(this.balance);",
      "status": "unproven"
    },
    {
      "no": "2",
      "kind": "ETH_LEAK",
      "line": 34,
      "signatures": [
        {
          "contractName": "THE_GAME",
          "methodName": "StopGame",
          "argTypes": []
        }
      ],
      "exp": "msg.sender.transfer(this.balance);",
      "status": "unproven"
    }
  ]
}