{
  "fileName": "Benchmarks/Study_SamplesSet/48c0387aafc434bc6f6109af85a22e87.sol",
  "baseName": "48c0387aafc434bc6f6109af85a22e87.sol",
  "iter": 3,
  "time": "0.100216",
  "errMsg": null,
  "result": [
    {
      "no": "1",
      "kind": "ETH_LEAK",
      "line": 10,
      "signatures": [
        {
          "contractName": "BLITZ_QUIZ",
          "methodName": "Try",
          "argTypes": [ "string" ]
        }
      ],
      "exp": "msg.sender.transfer(this.balance);",
      "status": "unproven"
    },
    {
      "no": "2",
      "kind": "ETH_LEAK",
      "line": 34,
      "signatures": [
        {
          "contractName": "BLITZ_QUIZ",
          "methodName": "StopGame",
          "argTypes": []
        }
      ],
      "exp": "msg.sender.transfer(this.balance);",
      "status": "unproven"
    }
  ]
}