{
  "fileName": "Benchmarks/Study_SamplesSet/512452623f798d3e6d048296a8c14bbd.sol",
  "baseName": "512452623f798d3e6d048296a8c14bbd.sol",
  "iter": 36,
  "time": "330.874487",
  "errMsg": null,
  "result": [
    {
      "no": "1",
      "kind": "IO",
      "line": 20,
      "signatures": [
        {
          "contractName": "ExclusivePlatform",
          "methodName": "@fallback",
          "argTypes": []
        }
      ],
      "exp": "(a * b)",
      "status": "unproven"
    },
    {
      "no": "2",
      "kind": "IO",
      "line": 37,
      "signatures": [
        {
          "contractName": "ExclusivePlatform",
          "methodName": "@fallback",
          "argTypes": []
        },
        {
          "contractName": "ExclusivePlatform",
          "methodName": "burn",
          "argTypes": [ "uint256" ]
        },
        {
          "contractName": "ExclusivePlatform",
          "methodName": "doTransfer",
          "argTypes": [ "address", "address", "uint256" ]
        },
        {
          "contractName": "ExclusivePlatform",
          "methodName": "transfer",
          "argTypes": [ "address", "uint256" ]
        },
        {
          "contractName": "ExclusivePlatform",
          "methodName": "transferFrom",
          "argTypes": [ "address", "address", "uint256" ]
        }
      ],
      "exp": "(a - b)",
      "status": "proven"
    },
    {
      "no": "3",
      "kind": "IO",
      "line": 44,
      "signatures": [
        {
          "contractName": "ExclusivePlatform",
          "methodName": "@fallback",
          "argTypes": []
        },
        {
          "contractName": "ExclusivePlatform",
          "methodName": "doTransfer",
          "argTypes": [ "address", "address", "uint256" ]
        },
        {
          "contractName": "ExclusivePlatform",
          "methodName": "transfer",
          "argTypes": [ "address", "uint256" ]
        },
        {
          "contractName": "ExclusivePlatform",
          "methodName": "transferFrom",
          "argTypes": [ "address", "address", "uint256" ]
        }
      ],
      "exp": "(a + b)",
      "status": "unproven"
    },
    {
      "no": "4",
      "kind": "IO",
      "line": 64,
      "signatures": [
        {
          "contractName": "ExclusivePlatform",
          "methodName": "bug_unchk42",
          "argTypes": []
        }
      ],
      "exp": "(receivers_unchk42 + 1)",
      "status": "proven"
    },
    {
      "no": "5",
      "kind": "IO",
      "line": 203,
      "signatures": [
        {
          "contractName": "ExclusivePlatform",
          "methodName": "distribute",
          "argTypes": [ "address[]", "uint256" ]
        },
        {
          "contractName": "ExclusivePlatform",
          "methodName": "distributeWithAmount",
          "argTypes": [ "address[]", "uint256[]" ]
        },
        {
          "contractName": "ExclusivePlatform",
          "methodName": "transfer",
          "argTypes": [ "address", "uint256" ]
        },
        {
          "contractName": "ExclusivePlatform",
          "methodName": "transferFrom",
          "argTypes": [ "address", "address", "uint256" ]
        }
      ],
      "exp": "(size + 4)",
      "status": "proven"
    },
    {
      "no": "6",
      "kind": "IO",
      "line": 247,
      "signatures": [
        {
          "contractName": "ExclusivePlatform",
          "methodName": "@fallback",
          "argTypes": []
        }
      ],
      "exp": "(20 * _amount)",
      "status": "unproven"
    },
    {
      "no": "7",
      "kind": "IO",
      "line": 252,
      "signatures": [
        {
          "contractName": "ExclusivePlatform",
          "methodName": "@fallback",
          "argTypes": []
        }
      ],
      "exp": "(5 * _amount)",
      "status": "unproven"
    },
    {
      "no": "8",
      "kind": "IO",
      "line": 279,
      "signatures": [
        {
          "contractName": "ExclusivePlatform",
          "methodName": "distribute",
          "argTypes": [ "address[]", "uint256" ]
        }
      ],
      "exp": "(i + 1)",
      "status": "proven"
    },
    {
      "no": "9",
      "kind": "IO",
      "line": 293,
      "signatures": [
        {
          "contractName": "ExclusivePlatform",
          "methodName": "distributeWithAmount",
          "argTypes": [ "address[]", "uint256[]" ]
        }
      ],
      "exp": "(i + 1)",
      "status": "proven"
    },
    {
      "no": "10",
      "kind": "IO",
      "line": 331,
      "signatures": [
        {
          "contractName": "ExclusivePlatform",
          "methodName": "distribute",
          "argTypes": [ "address[]", "uint256" ]
        },
        {
          "contractName": "ExclusivePlatform",
          "methodName": "distributeWithAmount",
          "argTypes": [ "address[]", "uint256[]" ]
        },
        {
          "contractName": "ExclusivePlatform",
          "methodName": "transfer",
          "argTypes": [ "address", "uint256" ]
        }
      ],
      "exp": "(2 * 32)",
      "status": "proven"
    },
    {
      "no": "11",
      "kind": "IO",
      "line": 341,
      "signatures": [
        {
          "contractName": "ExclusivePlatform",
          "methodName": "transferFrom",
          "argTypes": [ "address", "address", "uint256" ]
        }
      ],
      "exp": "(3 * 32)",
      "status": "proven"
    },
    {
      "no": "12",
      "kind": "IO",
      "line": 377,
      "signatures": [
        {
          "contractName": "ExclusivePlatform",
          "methodName": "bug_unchk30",
          "argTypes": []
        }
      ],
      "exp": "(receivers_unchk30 + 1)",
      "status": "proven"
    },
    {
      "no": "13",
      "kind": "DZ",
      "line": 21,
      "signatures": [
        {
          "contractName": "ExclusivePlatform",
          "methodName": "@fallback",
          "argTypes": []
        }
      ],
      "exp": "(c / a)",
      "status": "proven"
    },
    {
      "no": "14",
      "kind": "DZ",
      "line": 29,
      "signatures": [
        {
          "contractName": "ExclusivePlatform",
          "methodName": "@fallback",
          "argTypes": []
        }
      ],
      "exp": "(a / b)",
      "status": "proven"
    },
    {
      "no": "15",
      "kind": "DZ",
      "line": 194,
      "signatures": [
        {
          "contractName": "ExclusivePlatform",
          "methodName": "ExclusivePlatform",
          "argTypes": []
        }
      ],
      "exp": "(1000000000000000000 / 100)",
      "status": "proven"
    },
    {
      "no": "16",
      "kind": "ETH_LEAK",
      "line": 58,
      "signatures": [
        {
          "contractName": "ExclusivePlatform",
          "methodName": "withdrawBal_unchk41",
          "argTypes": []
        }
      ],
      "exp": "msg.sender.send(Balances_unchk41);",
      "status": "proven"
    },
    {
      "no": "17",
      "kind": "ETH_LEAK",
      "line": 63,
      "signatures": [
        {
          "contractName": "ExclusivePlatform",
          "methodName": "bug_unchk42",
          "argTypes": []
        }
      ],
      "exp": "addr_unchk42.send(42000000000000000000)",
      "status": "proven"
    },
    {
      "no": "18",
      "kind": "ETH_LEAK",
      "line": 70,
      "signatures": [
        {
          "contractName": "ExclusivePlatform",
          "methodName": "unhandledsend_unchk2",
          "argTypes": [ "address" ]
        }
      ],
      "exp": "callee.send(5000000000000000000);",
      "status": "unproven"
    },
    {
      "no": "19",
      "kind": "ETH_LEAK",
      "line": 75,
      "signatures": [
        {
          "contractName": "ExclusivePlatform",
          "methodName": "bug_unchk43",
          "argTypes": []
        }
      ],
      "exp": "addr_unchk43.send(10000000000000000000)",
      "status": "proven"
    },
    {
      "no": "20",
      "kind": "ETH_LEAK",
      "line": 80,
      "signatures": [
        {
          "contractName": "ExclusivePlatform",
          "methodName": "my_func_uncheck48",
          "argTypes": [ "address" ]
        }
      ],
      "exp": "dst.call.value(msg.value)(\"\");",
      "status": "proven"
    },
    {
      "no": "21",
      "kind": "ETH_LEAK",
      "line": 85,
      "signatures": [
        {
          "contractName": "ExclusivePlatform",
          "methodName": "UncheckedExternalCall_unchk40",
          "argTypes": []
        }
      ],
      "exp": "addr_unchk40.send(2000000000000000000)",
      "status": "proven"
    },
    {
      "no": "22",
      "kind": "ETH_LEAK",
      "line": 97,
      "signatures": [
        {
          "contractName": "ExclusivePlatform",
          "methodName": "withdrawLeftOver_unchk33",
          "argTypes": []
        }
      ],
      "exp": "msg.sender.send(address(this).balance);",
      "status": "unproven"
    },
    {
      "no": "23",
      "kind": "ETH_LEAK",
      "line": 105,
      "signatures": [
        {
          "contractName": "ExclusivePlatform",
          "methodName": "bug_unchk15",
          "argTypes": [ "address" ]
        }
      ],
      "exp": "addr.send(42000000000000000000);",
      "status": "unproven"
    },
    {
      "no": "24",
      "kind": "ETH_LEAK",
      "line": 108,
      "signatures": [
        {
          "contractName": "ExclusivePlatform",
          "methodName": "bug_unchk27",
          "argTypes": [ "address" ]
        }
      ],
      "exp": "addr.send(42000000000000000000);",
      "status": "unproven"
    },
    {
      "no": "25",
      "kind": "ETH_LEAK",
      "line": 120,
      "signatures": [
        {
          "contractName": "ExclusivePlatform",
          "methodName": "withdrawBal_unchk17",
          "argTypes": []
        }
      ],
      "exp": "msg.sender.send(Balances_unchk17);",
      "status": "proven"
    },
    {
      "no": "26",
      "kind": "ETH_LEAK",
      "line": 151,
      "signatures": [
        {
          "contractName": "ExclusivePlatform",
          "methodName": "UncheckedExternalCall_unchk28",
          "argTypes": []
        }
      ],
      "exp": "addr_unchk28.send(42000000000000000000)",
      "status": "proven"
    },
    {
      "no": "27",
      "kind": "ETH_LEAK",
      "line": 161,
      "signatures": [
        {
          "contractName": "ExclusivePlatform",
          "methodName": "cash_unchk34",
          "argTypes": [ "uint256", "uint256", "address" ]
        }
      ],
      "exp": "winner_unchk34.send(subpot_unchk34);",
      "status": "unproven"
    },
    {
      "no": "28",
      "kind": "ETH_LEAK",
      "line": 170,
      "signatures": [
        {
          "contractName": "ExclusivePlatform",
          "methodName": "withdrawLeftOver_unchk21",
          "argTypes": []
        }
      ],
      "exp": "msg.sender.send(address(this).balance);",
      "status": "unproven"
    },
    {
      "no": "29",
      "kind": "ETH_LEAK",
      "line": 175,
      "signatures": [
        {
          "contractName": "ExclusivePlatform",
          "methodName": "cash_unchk10",
          "argTypes": [ "uint256", "uint256", "address" ]
        }
      ],
      "exp": "winner_unchk10.send(subpot_unchk10);",
      "status": "unproven"
    },
    {
      "no": "30",
      "kind": "ETH_LEAK",
      "line": 180,
      "signatures": [
        {
          "contractName": "ExclusivePlatform",
          "methodName": "my_func_unchk47",
          "argTypes": [ "address" ]
        }
      ],
      "exp": "dst.send(msg.value);",
      "status": "proven"
    },
    {
      "no": "31",
      "kind": "ETH_LEAK",
      "line": 185,
      "signatures": [
        {
          "contractName": "ExclusivePlatform",
          "methodName": "cash_unchk22",
          "argTypes": [ "uint256", "uint256", "address" ]
        }
      ],
      "exp": "winner_unchk22.send(subpot_unchk22);",
      "status": "unproven"
    },
    {
      "no": "32",
      "kind": "ETH_LEAK",
      "line": 191,
      "signatures": [
        {
          "contractName": "ExclusivePlatform",
          "methodName": "my_func_uncheck12",
          "argTypes": [ "address" ]
        }
      ],
      "exp": "dst.call.value(msg.value)(\"\");",
      "status": "proven"
    },
    {
      "no": "33",
      "kind": "ETH_LEAK",
      "line": 196,
      "signatures": [
        {
          "contractName": "ExclusivePlatform",
          "methodName": "my_func_unchk11",
          "argTypes": [ "address" ]
        }
      ],
      "exp": "dst.send(msg.value);",
      "status": "proven"
    },
    {
      "no": "34",
      "kind": "ETH_LEAK",
      "line": 213,
      "signatures": [
        {
          "contractName": "ExclusivePlatform",
          "methodName": "bug_unchk3",
          "argTypes": [ "address" ]
        }
      ],
      "exp": "addr.send(42000000000000000000);",
      "status": "unproven"
    },
    {
      "no": "35",
      "kind": "ETH_LEAK",
      "line": 222,
      "signatures": [
        {
          "contractName": "ExclusivePlatform",
          "methodName": "withdrawLeftOver_unchk9",
          "argTypes": []
        }
      ],
      "exp": "msg.sender.send(address(this).balance);",
      "status": "unproven"
    },
    {
      "no": "36",
      "kind": "ETH_LEAK",
      "line": 238,
      "signatures": [
        {
          "contractName": "ExclusivePlatform",
          "methodName": "bug_unchk19",
          "argTypes": []
        }
      ],
      "exp": "addr_unchk19.send(10000000000000000000)",
      "status": "proven"
    },
    {
      "no": "37",
      "kind": "ETH_LEAK",
      "line": 257,
      "signatures": [
        {
          "contractName": "ExclusivePlatform",
          "methodName": "unhandledsend_unchk26",
          "argTypes": [ "address" ]
        }
      ],
      "exp": "callee.send(5000000000000000000);",
      "status": "unproven"
    },
    {
      "no": "38",
      "kind": "ETH_LEAK",
      "line": 274,
      "signatures": [
        {
          "contractName": "ExclusivePlatform",
          "methodName": "sendToWinner_unchk20",
          "argTypes": []
        }
      ],
      "exp": "winner_unchk20.send(winAmount_unchk20);",
      "status": "proven"
    },
    {
      "no": "39",
      "kind": "ETH_LEAK",
      "line": 287,
      "signatures": [
        {
          "contractName": "ExclusivePlatform",
          "methodName": "sendToWinner_unchk32",
          "argTypes": []
        }
      ],
      "exp": "winner_unchk32.send(winAmount_unchk32);",
      "status": "proven"
    },
    {
      "no": "40",
      "kind": "ETH_LEAK",
      "line": 296,
      "signatures": [
        {
          "contractName": "ExclusivePlatform",
          "methodName": "unhandledsend_unchk38",
          "argTypes": [ "address" ]
        }
      ],
      "exp": "callee.send(5000000000000000000);",
      "status": "unproven"
    },
    {
      "no": "41",
      "kind": "ETH_LEAK",
      "line": 314,
      "signatures": [
        {
          "contractName": "ExclusivePlatform",
          "methodName": "cash_unchk46",
          "argTypes": [ "uint256", "uint256", "address" ]
        }
      ],
      "exp": "winner_unchk46.send(subpot_unchk46);",
      "status": "unproven"
    },
    {
      "no": "42",
      "kind": "ETH_LEAK",
      "line": 323,
      "signatures": [
        {
          "contractName": "ExclusivePlatform",
          "methodName": "UncheckedExternalCall_unchk4",
          "argTypes": []
        }
      ],
      "exp": "addr_unchk4.send(42000000000000000000)",
      "status": "proven"
    },
    {
      "no": "43",
      "kind": "ETH_LEAK",
      "line": 337,
      "signatures": [
        {
          "contractName": "ExclusivePlatform",
          "methodName": "bug_unchk7",
          "argTypes": []
        }
      ],
      "exp": "addr_unchk7.send(10000000000000000000)",
      "status": "proven"
    },
    {
      "no": "44",
      "kind": "ETH_LEAK",
      "line": 348,
      "signatures": [
        {
          "contractName": "ExclusivePlatform",
          "methodName": "my_func_unchk23",
          "argTypes": [ "address" ]
        }
      ],
      "exp": "dst.send(msg.value);",
      "status": "proven"
    },
    {
      "no": "45",
      "kind": "ETH_LEAK",
      "line": 367,
      "signatures": [
        {
          "contractName": "ExclusivePlatform",
          "methodName": "unhandledsend_unchk14",
          "argTypes": [ "address" ]
        }
      ],
      "exp": "callee.send(5000000000000000000);",
      "status": "unproven"
    },
    {
      "no": "46",
      "kind": "ETH_LEAK",
      "line": 376,
      "signatures": [
        {
          "contractName": "ExclusivePlatform",
          "methodName": "bug_unchk30",
          "argTypes": []
        }
      ],
      "exp": "addr_unchk30.send(42000000000000000000)",
      "status": "proven"
    },
    {
      "no": "47",
      "kind": "ETH_LEAK",
      "line": 385,
      "signatures": [
        {
          "contractName": "ExclusivePlatform",
          "methodName": "transferEther",
          "argTypes": [ "address", "uint256" ]
        }
      ],
      "exp": "_receiver.transfer(_amount);",
      "status": "proven"
    },
    {
      "no": "48",
      "kind": "ETH_LEAK",
      "line": 393,
      "signatures": [
        {
          "contractName": "ExclusivePlatform",
          "methodName": "sendToWinner_unchk8",
          "argTypes": []
        }
      ],
      "exp": "winner_unchk8.send(winAmount_unchk8);",
      "status": "proven"
    },
    {
      "no": "49",
      "kind": "ETH_LEAK",
      "line": 399,
      "signatures": [
        {
          "contractName": "ExclusivePlatform",
          "methodName": "withdrawFund",
          "argTypes": []
        }
      ],
      "exp": "owner.transfer(balance);",
      "status": "proven"
    },
    {
      "no": "50",
      "kind": "ETH_LEAK",
      "line": 402,
      "signatures": [
        {
          "contractName": "ExclusivePlatform",
          "methodName": "bug_unchk39",
          "argTypes": [ "address" ]
        }
      ],
      "exp": "addr.send(4000000000000000000);",
      "status": "unproven"
    },
    {
      "no": "51",
      "kind": "ETH_LEAK",
      "line": 412,
      "signatures": [
        {
          "contractName": "ExclusivePlatform",
          "methodName": "my_func_uncheck36",
          "argTypes": [ "address" ]
        }
      ],
      "exp": "dst.call.value(msg.value)(\"\");",
      "status": "proven"
    },
    {
      "no": "52",
      "kind": "ETH_LEAK",
      "line": 422,
      "signatures": [
        {
          "contractName": "ExclusivePlatform",
          "methodName": "my_func_unchk35",
          "argTypes": [ "address" ]
        }
      ],
      "exp": "dst.send(msg.value);",
      "status": "proven"
    },
    {
      "no": "53",
      "kind": "ETH_LEAK",
      "line": 436,
      "signatures": [
        {
          "contractName": "ExclusivePlatform",
          "methodName": "sendToWinner_unchk44",
          "argTypes": []
        }
      ],
      "exp": "winner_unchk44.send(winAmount_unchk44);",
      "status": "proven"
    },
    {
      "no": "54",
      "kind": "ETH_LEAK",
      "line": 442,
      "signatures": [
        {
          "contractName": "ExclusivePlatform",
          "methodName": "bug_unchk31",
          "argTypes": []
        }
      ],
      "exp": "addr_unchk31.send(10000000000000000000)",
      "status": "proven"
    },
    {
      "no": "55",
      "kind": "ETH_LEAK",
      "line": 450,
      "signatures": [
        {
          "contractName": "ExclusivePlatform",
          "methodName": "withdrawLeftOver_unchk45",
          "argTypes": []
        }
      ],
      "exp": "msg.sender.send(address(this).balance);",
      "status": "unproven"
    }
  ]
}