{
  "fileName": "Benchmarks/Study_SamplesSet/51c7ce3370b12d978e9191bc04154abb.sol",
  "baseName": "51c7ce3370b12d978e9191bc04154abb.sol",
  "iter": 240,
  "time": "17.774206",
  "errMsg": null,
  "result": [
    {
      "no": "1",
      "kind": "IO",
      "line": 29,
      "signatures": [
        {
          "contractName": "NoMyBonus",
          "methodName": "deletePartner",
          "argTypes": [ "address" ]
        }
      ],
      "exp": "(i + 1)",
      "status": "proven"
    },
    {
      "no": "2",
      "kind": "IO",
      "line": 39,
      "signatures": [
        {
          "contractName": "NoMyBonus",
          "methodName": "shiftElement",
          "argTypes": [ "uint256", "uint256" ]
        }
      ],
      "exp": "(i + 1)",
      "status": "proven"
    },
    {
      "no": "3",
      "kind": "IO",
      "line": 40,
      "signatures": [
        {
          "contractName": "NoMyBonus",
          "methodName": "shiftElement",
          "argTypes": [ "uint256", "uint256" ]
        }
      ],
      "exp": "(i + 1)",
      "status": "proven"
    },
    {
      "no": "4",
      "kind": "IO",
      "line": 46,
      "signatures": [
        {
          "contractName": "NoMyBonus",
          "methodName": "sendEther",
          "argTypes": []
        }
      ],
      "exp": "(i + 1)",
      "status": "proven"
    },
    {
      "no": "5",
      "kind": "ETH_LEAK",
      "line": 47,
      "signatures": [
        {
          "contractName": "NoMyBonus",
          "methodName": "sendEther",
          "argTypes": []
        }
      ],
      "exp": "myPartners[i].transfer(1000000000000000000);",
      "status": "unproven"
    }
  ]
}