{
  "fileName": "Benchmarks/Study_SamplesSet/5b89a347a98c54289b1d61529fe8f0ce.sol",
  "baseName": "5b89a347a98c54289b1d61529fe8f0ce.sol",
  "iter": 1,
  "time": "1289.340979",
  "errMsg": null,
  "result": [
    {
      "no": "1",
      "kind": "IO",
      "line": 15,
      "signatures": [
        {
          "contractName": "ESCHOOL",
          "methodName": "getTokens",
          "argTypes": []
        }
      ],
      "exp": "(a * b)",
      "status": "unproven"
    },
    {
      "no": "2",
      "kind": "IO",
      "line": 35,
      "signatures": [
        {
          "contractName": "ESCHOOL",
          "methodName": "burn",
          "argTypes": [ "uint256" ]
        },
        {
          "contractName": "ESCHOOL",
          "methodName": "transfer",
          "argTypes": [ "address", "uint256" ]
        },
        {
          "contractName": "ESCHOOL",
          "methodName": "transferFrom",
          "argTypes": [ "address", "address", "uint256" ]
        }
      ],
      "exp": "(a - b)",
      "status": "proven"
    },
    {
      "no": "3",
      "kind": "IO",
      "line": 42,
      "signatures": [
        {
          "contractName": "ESCHOOL",
          "methodName": "DistributeAirdrop",
          "argTypes": [ "address", "uint256" ]
        },
        {
          "contractName": "ESCHOOL",
          "methodName": "DistributeAirdropMultiple",
          "argTypes": [ "address[]", "uint256" ]
        },
        {
          "contractName": "ESCHOOL",
          "methodName": "ESCHOOL",
          "argTypes": []
        },
        {
          "contractName": "ESCHOOL",
          "methodName": "add",
          "argTypes": [ "uint256" ]
        },
        {
          "contractName": "ESCHOOL",
          "methodName": "getTokens",
          "argTypes": []
        },
        {
          "contractName": "ESCHOOL",
          "methodName": "transfer",
          "argTypes": [ "address", "uint256" ]
        },
        {
          "contractName": "ESCHOOL",
          "methodName": "transferFrom",
          "argTypes": [ "address", "address", "uint256" ]
        }
      ],
      "exp": "(a + b)",
      "status": "unproven"
    },
    {
      "no": "4",
      "kind": "IO",
      "line": 79,
      "signatures": [
        {
          "contractName": "ESCHOOL",
          "methodName": "ESCHOOL",
          "argTypes": []
        }
      ],
      "exp": "(37 * 86400)",
      "status": "proven"
    },
    {
      "no": "5",
      "kind": "IO",
      "line": 79,
      "signatures": [
        {
          "contractName": "ESCHOOL",
          "methodName": "ESCHOOL",
          "argTypes": []
        }
      ],
      "exp": "(now + (37 * 86400))",
      "status": "unproven"
    },
    {
      "no": "6",
      "kind": "IO",
      "line": 80,
      "signatures": [
        {
          "contractName": "ESCHOOL",
          "methodName": "ESCHOOL",
          "argTypes": []
        }
      ],
      "exp": "(32 * 86400)",
      "status": "proven"
    },
    {
      "no": "7",
      "kind": "IO",
      "line": 80,
      "signatures": [
        {
          "contractName": "ESCHOOL",
          "methodName": "ESCHOOL",
          "argTypes": []
        }
      ],
      "exp": "(now + (32 * 86400))",
      "status": "unproven"
    },
    {
      "no": "8",
      "kind": "IO",
      "line": 81,
      "signatures": [
        {
          "contractName": "ESCHOOL",
          "methodName": "ESCHOOL",
          "argTypes": []
        }
      ],
      "exp": "(22 * 86400)",
      "status": "proven"
    },
    {
      "no": "9",
      "kind": "IO",
      "line": 81,
      "signatures": [
        {
          "contractName": "ESCHOOL",
          "methodName": "ESCHOOL",
          "argTypes": []
        }
      ],
      "exp": "(now + (22 * 86400))",
      "status": "unproven"
    },
    {
      "no": "10",
      "kind": "IO",
      "line": 168,
      "signatures": [
        {
          "contractName": "ESCHOOL",
          "methodName": "DistributeAirdropMultiple",
          "argTypes": [ "address[]", "uint256" ]
        }
      ],
      "exp": "(i + 1)",
      "status": "proven"
    },
    {
      "no": "11",
      "kind": "IO",
      "line": 193,
      "signatures": [
        {
          "contractName": "ESCHOOL",
          "methodName": "getTokens",
          "argTypes": []
        }
      ],
      "exp": "(tokens * 5)",
      "status": "unproven"
    },
    {
      "no": "12",
      "kind": "IO",
      "line": 195,
      "signatures": [
        {
          "contractName": "ESCHOOL",
          "methodName": "getTokens",
          "argTypes": []
        }
      ],
      "exp": "(tokens * 10)",
      "status": "unproven"
    },
    {
      "no": "13",
      "kind": "IO",
      "line": 197,
      "signatures": [
        {
          "contractName": "ESCHOOL",
          "methodName": "getTokens",
          "argTypes": []
        }
      ],
      "exp": "(tokens * 15)",
      "status": "unproven"
    },
    {
      "no": "14",
      "kind": "IO",
      "line": 201,
      "signatures": [
        {
          "contractName": "ESCHOOL",
          "methodName": "getTokens",
          "argTypes": []
        }
      ],
      "exp": "(tokens * 5)",
      "status": "unproven"
    },
    {
      "no": "15",
      "kind": "IO",
      "line": 203,
      "signatures": [
        {
          "contractName": "ESCHOOL",
          "methodName": "getTokens",
          "argTypes": []
        }
      ],
      "exp": "(tokens * 10)",
      "status": "unproven"
    },
    {
      "no": "16",
      "kind": "IO",
      "line": 209,
      "signatures": [
        {
          "contractName": "ESCHOOL",
          "methodName": "getTokens",
          "argTypes": []
        }
      ],
      "exp": "(tokens + countbonus)",
      "status": "unproven"
    },
    {
      "no": "17",
      "kind": "IO",
      "line": 216,
      "signatures": [
        {
          "contractName": "ESCHOOL",
          "methodName": "getTokens",
          "argTypes": []
        }
      ],
      "exp": "(progress0drop + 1)",
      "status": "proven"
    },
    {
      "no": "18",
      "kind": "IO",
      "line": 247,
      "signatures": [
        {
          "contractName": "ESCHOOL",
          "methodName": "transfer",
          "argTypes": [ "address", "uint256" ]
        },
        {
          "contractName": "ESCHOOL",
          "methodName": "transferFrom",
          "argTypes": [ "address", "address", "uint256" ]
        }
      ],
      "exp": "(size + 4)",
      "status": "proven"
    },
    {
      "no": "19",
      "kind": "IO",
      "line": 251,
      "signatures": [
        {
          "contractName": "ESCHOOL",
          "methodName": "transfer",
          "argTypes": [ "address", "uint256" ]
        }
      ],
      "exp": "(2 * 32)",
      "status": "proven"
    },
    {
      "no": "20",
      "kind": "IO",
      "line": 262,
      "signatures": [
        {
          "contractName": "ESCHOOL",
          "methodName": "transferFrom",
          "argTypes": [ "address", "address", "uint256" ]
        }
      ],
      "exp": "(3 * 32)",
      "status": "proven"
    },
    {
      "no": "21",
      "kind": "DZ",
      "line": 16,
      "signatures": [
        {
          "contractName": "ESCHOOL",
          "methodName": "getTokens",
          "argTypes": []
        }
      ],
      "exp": "(c / a)",
      "status": "proven"
    },
    {
      "no": "22",
      "kind": "DZ",
      "line": 85,
      "signatures": [
        {
          "contractName": "ESCHOOL",
          "methodName": "ESCHOOL",
          "argTypes": []
        }
      ],
      "exp": "(5000000000000000000 / 1000)",
      "status": "proven"
    },
    {
      "no": "23",
      "kind": "DZ",
      "line": 184,
      "signatures": [
        {
          "contractName": "ESCHOOL",
          "methodName": "getTokens",
          "argTypes": []
        }
      ],
      "exp": "(1000000000000000000 / 10)",
      "status": "proven"
    },
    {
      "no": "24",
      "kind": "DZ",
      "line": 188,
      "signatures": [
        {
          "contractName": "ESCHOOL",
          "methodName": "getTokens",
          "argTypes": []
        }
      ],
      "exp": "(tokensPerEth.mul(msg.value) / 1000000000000000000)",
      "status": "proven"
    },
    {
      "no": "25",
      "kind": "DZ",
      "line": 193,
      "signatures": [
        {
          "contractName": "ESCHOOL",
          "methodName": "getTokens",
          "argTypes": []
        }
      ],
      "exp": "((tokens * 5) / 100)",
      "status": "proven"
    },
    {
      "no": "26",
      "kind": "DZ",
      "line": 195,
      "signatures": [
        {
          "contractName": "ESCHOOL",
          "methodName": "getTokens",
          "argTypes": []
        }
      ],
      "exp": "((tokens * 10) / 100)",
      "status": "proven"
    },
    {
      "no": "27",
      "kind": "DZ",
      "line": 197,
      "signatures": [
        {
          "contractName": "ESCHOOL",
          "methodName": "getTokens",
          "argTypes": []
        }
      ],
      "exp": "((tokens * 15) / 100)",
      "status": "proven"
    },
    {
      "no": "28",
      "kind": "DZ",
      "line": 201,
      "signatures": [
        {
          "contractName": "ESCHOOL",
          "methodName": "getTokens",
          "argTypes": []
        }
      ],
      "exp": "((tokens * 5) / 100)",
      "status": "proven"
    },
    {
      "no": "29",
      "kind": "DZ",
      "line": 203,
      "signatures": [
        {
          "contractName": "ESCHOOL",
          "methodName": "getTokens",
          "argTypes": []
        }
      ],
      "exp": "((tokens * 10) / 100)",
      "status": "proven"
    },
    {
      "no": "30",
      "kind": "ETH_LEAK",
      "line": 239,
      "signatures": [
        {
          "contractName": "ESCHOOL",
          "methodName": "getTokens",
          "argTypes": []
        }
      ],
      "exp": "multisig.transfer(msg.value);",
      "status": "unproven"
    },
    {
      "no": "31",
      "kind": "ETH_LEAK",
      "line": 295,
      "signatures": [
        {
          "contractName": "ESCHOOL",
          "methodName": "withdrawAll",
          "argTypes": []
        }
      ],
      "exp": "owner.transfer(etherBalance);",
      "status": "unproven"
    },
    {
      "no": "32",
      "kind": "ETH_LEAK",
      "line": 300,
      "signatures": [
        {
          "contractName": "ESCHOOL",
          "methodName": "withdraw",
          "argTypes": [ "uint256" ]
        }
      ],
      "exp": "owner.transfer(wantAmount);",
      "status": "unproven"
    }
  ]
}