{
  "fileName": "Benchmarks/Study_SamplesSet/6c2c83535a4ffdf071abd5585b397c34.sol",
  "baseName": "6c2c83535a4ffdf071abd5585b397c34.sol",
  "iter": 1,
  "time": "385.666122",
  "errMsg": null,
  "result": [
    {
      "no": "1",
      "kind": "IO",
      "line": 9,
      "signatures": [
        {
          "contractName": "CryptoCarsRent",
          "methodName": "purchase",
          "argTypes": [ "uint256" ]
        },
        {
          "contractName": "CryptoCarsRent",
          "methodName": "rent",
          "argTypes": [ "uint256" ]
        }
      ],
      "exp": "(a * b)",
      "status": "unproven"
    },
    {
      "no": "2",
      "kind": "IO",
      "line": 23,
      "signatures": [
        {
          "contractName": "CryptoCarsRent",
          "methodName": "purchase",
          "argTypes": [ "uint256" ]
        },
        {
          "contractName": "CryptoCarsRent",
          "methodName": "rent",
          "argTypes": [ "uint256" ]
        }
      ],
      "exp": "(a - b)",
      "status": "proven"
    },
    {
      "no": "3",
      "kind": "IO",
      "line": 131,
      "signatures": [
        {
          "contractName": "CryptoCarsRent",
          "methodName": "createCarsTokens",
          "argTypes": []
        }
      ],
      "exp": "(car + 1)",
      "status": "proven"
    },
    {
      "no": "4",
      "kind": "IO",
      "line": 164,
      "signatures": [
        {
          "contractName": "CryptoCarsRent",
          "methodName": "purchase",
          "argTypes": [ "uint256" ]
        }
      ],
      "exp": "(now - carIdRentStartTime[_tokenId])",
      "status": "unproven"
    },
    {
      "no": "5",
      "kind": "IO",
      "line": 221,
      "signatures": [
        {
          "contractName": "CryptoCarsRent",
          "methodName": "rent",
          "argTypes": [ "uint256" ]
        }
      ],
      "exp": "(now - carIdRentStartTime[_tokenId])",
      "status": "unproven"
    },
    {
      "no": "6",
      "kind": "IO",
      "line": 277,
      "signatures": [
        {
          "contractName": "CryptoCarsRent",
          "methodName": "allCarsInfo",
          "argTypes": []
        }
      ],
      "exp": "(carId + 1)",
      "status": "proven"
    },
    {
      "no": "7",
      "kind": "IO",
      "line": 279,
      "signatures": [
        {
          "contractName": "CryptoCarsRent",
          "methodName": "allCarsInfo",
          "argTypes": []
        }
      ],
      "exp": "(now - carIdRentStartTime[carId])",
      "status": "unproven"
    },
    {
      "no": "8",
      "kind": "IO",
      "line": 306,
      "signatures": [
        {
          "contractName": "CryptoCarsRent",
          "methodName": "tokensOfOwner",
          "argTypes": [ "address" ]
        }
      ],
      "exp": "(carId + 1)",
      "status": "unproven"
    },
    {
      "no": "9",
      "kind": "IO",
      "line": 309,
      "signatures": [
        {
          "contractName": "CryptoCarsRent",
          "methodName": "tokensOfOwner",
          "argTypes": [ "address" ]
        }
      ],
      "exp": "(resultIndex + 1)",
      "status": "proven"
    },
    {
      "no": "10",
      "kind": "IO",
      "line": 349,
      "signatures": [
        {
          "contractName": "CryptoCarsRent",
          "methodName": "createCarToken",
          "argTypes": [ "string" ]
        },
        {
          "contractName": "CryptoCarsRent",
          "methodName": "createCarsTokens",
          "argTypes": []
        }
      ],
      "exp": "(cars.push(_car) - 1)",
      "status": "unproven"
    },
    {
      "no": "11",
      "kind": "IO",
      "line": 365,
      "signatures": [
        {
          "contractName": "CryptoCarsRent",
          "methodName": "createCarToken",
          "argTypes": [ "string" ]
        },
        {
          "contractName": "CryptoCarsRent",
          "methodName": "createCarsTokens",
          "argTypes": []
        },
        {
          "contractName": "CryptoCarsRent",
          "methodName": "purchase",
          "argTypes": [ "uint256" ]
        },
        {
          "contractName": "CryptoCarsRent",
          "methodName": "takeOwnership",
          "argTypes": [ "uint256" ]
        },
        {
          "contractName": "CryptoCarsRent",
          "methodName": "transfer",
          "argTypes": [ "address", "uint256" ]
        },
        {
          "contractName": "CryptoCarsRent",
          "methodName": "transferFrom",
          "argTypes": [ "address", "address", "uint256" ]
        }
      ],
      "exp": "(ownershipTokenCount[_to] + 1)",
      "status": "unproven"
    },
    {
      "no": "12",
      "kind": "IO",
      "line": 370,
      "signatures": [
        {
          "contractName": "CryptoCarsRent",
          "methodName": "createCarToken",
          "argTypes": [ "string" ]
        },
        {
          "contractName": "CryptoCarsRent",
          "methodName": "createCarsTokens",
          "argTypes": []
        },
        {
          "contractName": "CryptoCarsRent",
          "methodName": "purchase",
          "argTypes": [ "uint256" ]
        },
        {
          "contractName": "CryptoCarsRent",
          "methodName": "takeOwnership",
          "argTypes": [ "uint256" ]
        },
        {
          "contractName": "CryptoCarsRent",
          "methodName": "transfer",
          "argTypes": [ "address", "uint256" ]
        },
        {
          "contractName": "CryptoCarsRent",
          "methodName": "transferFrom",
          "argTypes": [ "address", "address", "uint256" ]
        }
      ],
      "exp": "(ownershipTokenCount[_from] - 1)",
      "status": "unproven"
    },
    {
      "no": "13",
      "kind": "DZ",
      "line": 10,
      "signatures": [
        {
          "contractName": "CryptoCarsRent",
          "methodName": "purchase",
          "argTypes": [ "uint256" ]
        },
        {
          "contractName": "CryptoCarsRent",
          "methodName": "rent",
          "argTypes": [ "uint256" ]
        }
      ],
      "exp": "(c / a)",
      "status": "proven"
    },
    {
      "no": "14",
      "kind": "DZ",
      "line": 16,
      "signatures": [
        {
          "contractName": "CryptoCarsRent",
          "methodName": "purchase",
          "argTypes": [ "uint256" ]
        },
        {
          "contractName": "CryptoCarsRent",
          "methodName": "rent",
          "argTypes": [ "uint256" ]
        }
      ],
      "exp": "(a / b)",
      "status": "proven"
    },
    {
      "no": "15",
      "kind": "ETH_LEAK",
      "line": 55,
      "signatures": [
        {
          "contractName": "CryptoCarsRent",
          "methodName": "CoWithdraw",
          "argTypes": []
        }
      ],
      "exp": "coOwner.transfer(this.balance);",
      "status": "unproven"
    },
    {
      "no": "16",
      "kind": "ETH_LEAK",
      "line": 204,
      "signatures": [
        {
          "contractName": "CryptoCarsRent",
          "methodName": "purchase",
          "argTypes": [ "uint256" ]
        }
      ],
      "exp": "oldOwner.transfer(payment);",
      "status": "unproven"
    },
    {
      "no": "17",
      "kind": "ETH_LEAK",
      "line": 209,
      "signatures": [
        {
          "contractName": "CryptoCarsRent",
          "methodName": "purchase",
          "argTypes": [ "uint256" ]
        }
      ],
      "exp": "renter.transfer(renter_payment);",
      "status": "unproven"
    },
    {
      "no": "18",
      "kind": "ETH_LEAK",
      "line": 216,
      "signatures": [
        {
          "contractName": "CryptoCarsRent",
          "methodName": "purchase",
          "argTypes": [ "uint256" ]
        }
      ],
      "exp": "msg.sender.transfer(purchaseExcess);",
      "status": "unproven"
    },
    {
      "no": "19",
      "kind": "ETH_LEAK",
      "line": 238,
      "signatures": [
        {
          "contractName": "CryptoCarsRent",
          "methodName": "rent",
          "argTypes": [ "uint256" ]
        }
      ],
      "exp": "carOwner.transfer(rentPrice);",
      "status": "unproven"
    },
    {
      "no": "20",
      "kind": "ETH_LEAK",
      "line": 243,
      "signatures": [
        {
          "contractName": "CryptoCarsRent",
          "methodName": "rent",
          "argTypes": [ "uint256" ]
        }
      ],
      "exp": "msg.sender.transfer(purchaseExcess);",
      "status": "unproven"
    }
  ]
}