{
  "fileName": "Benchmarks/Study_SamplesSet/6ff3f276e05c6d074f0a187cca966738.sol",
  "baseName": "6ff3f276e05c6d074f0a187cca966738.sol",
  "iter": 1041,
  "time": "300.211797",
  "errMsg": null,
  "result": [
    {
      "no": "1",
      "kind": "IO",
      "line": 12,
      "signatures": [
        {
          "contractName": "StockBet",
          "methodName": "play_tmstmp27",
          "argTypes": [ "uint256" ]
        }
      ],
      "exp": "(5 * 86400)",
      "status": "proven"
    },
    {
      "no": "2",
      "kind": "IO",
      "line": 12,
      "signatures": [
        {
          "contractName": "StockBet",
          "methodName": "play_tmstmp27",
          "argTypes": [ "uint256" ]
        }
      ],
      "exp": "(startTime + (5 * 86400))",
      "status": "unproven"
    },
    {
      "no": "3",
      "kind": "IO",
      "line": 18,
      "signatures": [
        {
          "contractName": "StockBet",
          "methodName": "play_tmstmp31",
          "argTypes": [ "uint256" ]
        }
      ],
      "exp": "(5 * 86400)",
      "status": "proven"
    },
    {
      "no": "4",
      "kind": "IO",
      "line": 18,
      "signatures": [
        {
          "contractName": "StockBet",
          "methodName": "play_tmstmp31",
          "argTypes": [ "uint256" ]
        }
      ],
      "exp": "(startTime + (5 * 86400))",
      "status": "unproven"
    },
    {
      "no": "5",
      "kind": "IO",
      "line": 59,
      "signatures": [
        {
          "contractName": "StockBet",
          "methodName": "play_tmstmp3",
          "argTypes": [ "uint256" ]
        }
      ],
      "exp": "(5 * 86400)",
      "status": "proven"
    },
    {
      "no": "6",
      "kind": "IO",
      "line": 59,
      "signatures": [
        {
          "contractName": "StockBet",
          "methodName": "play_tmstmp3",
          "argTypes": [ "uint256" ]
        }
      ],
      "exp": "(startTime + (5 * 86400))",
      "status": "unproven"
    },
    {
      "no": "7",
      "kind": "IO",
      "line": 75,
      "signatures": [
        {
          "contractName": "StockBet",
          "methodName": "play_tmstmp19",
          "argTypes": [ "uint256" ]
        }
      ],
      "exp": "(5 * 86400)",
      "status": "proven"
    },
    {
      "no": "8",
      "kind": "IO",
      "line": 75,
      "signatures": [
        {
          "contractName": "StockBet",
          "methodName": "play_tmstmp19",
          "argTypes": [ "uint256" ]
        }
      ],
      "exp": "(startTime + (5 * 86400))",
      "status": "unproven"
    },
    {
      "no": "9",
      "kind": "IO",
      "line": 81,
      "signatures": [
        {
          "contractName": "StockBet",
          "methodName": "play_tmstmp26",
          "argTypes": [ "uint256" ]
        }
      ],
      "exp": "(5 * 86400)",
      "status": "proven"
    },
    {
      "no": "10",
      "kind": "IO",
      "line": 81,
      "signatures": [
        {
          "contractName": "StockBet",
          "methodName": "play_tmstmp26",
          "argTypes": [ "uint256" ]
        }
      ],
      "exp": "(startTime + (5 * 86400))",
      "status": "unproven"
    },
    {
      "no": "11",
      "kind": "IO",
      "line": 107,
      "signatures": [
        {
          "contractName": "StockBet",
          "methodName": "play_tmstmp38",
          "argTypes": [ "uint256" ]
        }
      ],
      "exp": "(5 * 86400)",
      "status": "proven"
    },
    {
      "no": "12",
      "kind": "IO",
      "line": 107,
      "signatures": [
        {
          "contractName": "StockBet",
          "methodName": "play_tmstmp38",
          "argTypes": [ "uint256" ]
        }
      ],
      "exp": "(startTime + (5 * 86400))",
      "status": "unproven"
    },
    {
      "no": "13",
      "kind": "IO",
      "line": 157,
      "signatures": [
        {
          "contractName": "StockBet",
          "methodName": "play_tmstmp7",
          "argTypes": [ "uint256" ]
        }
      ],
      "exp": "(5 * 86400)",
      "status": "proven"
    },
    {
      "no": "14",
      "kind": "IO",
      "line": 157,
      "signatures": [
        {
          "contractName": "StockBet",
          "methodName": "play_tmstmp7",
          "argTypes": [ "uint256" ]
        }
      ],
      "exp": "(startTime + (5 * 86400))",
      "status": "unproven"
    },
    {
      "no": "15",
      "kind": "IO",
      "line": 168,
      "signatures": [
        {
          "contractName": "StockBet",
          "methodName": "play_tmstmp23",
          "argTypes": [ "uint256" ]
        }
      ],
      "exp": "(5 * 86400)",
      "status": "proven"
    },
    {
      "no": "16",
      "kind": "IO",
      "line": 168,
      "signatures": [
        {
          "contractName": "StockBet",
          "methodName": "play_tmstmp23",
          "argTypes": [ "uint256" ]
        }
      ],
      "exp": "(startTime + (5 * 86400))",
      "status": "unproven"
    },
    {
      "no": "17",
      "kind": "IO",
      "line": 179,
      "signatures": [
        {
          "contractName": "StockBet",
          "methodName": "play_tmstmp14",
          "argTypes": [ "uint256" ]
        }
      ],
      "exp": "(5 * 86400)",
      "status": "proven"
    },
    {
      "no": "18",
      "kind": "IO",
      "line": 179,
      "signatures": [
        {
          "contractName": "StockBet",
          "methodName": "play_tmstmp14",
          "argTypes": [ "uint256" ]
        }
      ],
      "exp": "(startTime + (5 * 86400))",
      "status": "unproven"
    },
    {
      "no": "19",
      "kind": "IO",
      "line": 189,
      "signatures": [
        {
          "contractName": "StockBet",
          "methodName": "play_tmstmp30",
          "argTypes": [ "uint256" ]
        }
      ],
      "exp": "(5 * 86400)",
      "status": "proven"
    },
    {
      "no": "20",
      "kind": "IO",
      "line": 189,
      "signatures": [
        {
          "contractName": "StockBet",
          "methodName": "play_tmstmp30",
          "argTypes": [ "uint256" ]
        }
      ],
      "exp": "(startTime + (5 * 86400))",
      "status": "unproven"
    },
    {
      "no": "21",
      "kind": "IO",
      "line": 193,
      "signatures": [
        { "contractName": "StockBet", "methodName": "betUp", "argTypes": [] }
      ],
      "exp": "(bet * 1000000000000000)",
      "status": "unproven"
    },
    {
      "no": "22",
      "kind": "IO",
      "line": 195,
      "signatures": [
        { "contractName": "StockBet", "methodName": "betUp", "argTypes": [] }
      ],
      "exp": "(guesses[UP].guesses_number + 1)",
      "status": "unproven"
    },
    {
      "no": "23",
      "kind": "IO",
      "line": 211,
      "signatures": [
        {
          "contractName": "StockBet",
          "methodName": "betDown",
          "argTypes": []
        }
      ],
      "exp": "(bet * 1000000000000000)",
      "status": "unproven"
    },
    {
      "no": "24",
      "kind": "IO",
      "line": 213,
      "signatures": [
        {
          "contractName": "StockBet",
          "methodName": "betDown",
          "argTypes": []
        }
      ],
      "exp": "(guesses[DOWN].guesses_number + 1)",
      "status": "unproven"
    },
    {
      "no": "25",
      "kind": "IO",
      "line": 221,
      "signatures": [
        {
          "contractName": "StockBet",
          "methodName": "play_tmstmp39",
          "argTypes": [ "uint256" ]
        }
      ],
      "exp": "(5 * 86400)",
      "status": "proven"
    },
    {
      "no": "26",
      "kind": "IO",
      "line": 221,
      "signatures": [
        {
          "contractName": "StockBet",
          "methodName": "play_tmstmp39",
          "argTypes": [ "uint256" ]
        }
      ],
      "exp": "(startTime + (5 * 86400))",
      "status": "unproven"
    },
    {
      "no": "27",
      "kind": "IO",
      "line": 264,
      "signatures": [
        {
          "contractName": "StockBet",
          "methodName": "play_tmstmp35",
          "argTypes": [ "uint256" ]
        }
      ],
      "exp": "(5 * 86400)",
      "status": "proven"
    },
    {
      "no": "28",
      "kind": "IO",
      "line": 264,
      "signatures": [
        {
          "contractName": "StockBet",
          "methodName": "play_tmstmp35",
          "argTypes": [ "uint256" ]
        }
      ],
      "exp": "(startTime + (5 * 86400))",
      "status": "unproven"
    },
    {
      "no": "29",
      "kind": "DZ",
      "line": 89,
      "signatures": [
        {
          "contractName": "StockBet",
          "methodName": "bug_tmstmp20",
          "argTypes": []
        }
      ],
      "exp": "(now % 15)",
      "status": "proven"
    },
    {
      "no": "30",
      "kind": "DZ",
      "line": 99,
      "signatures": [
        {
          "contractName": "StockBet",
          "methodName": "bug_tmstmp32",
          "argTypes": []
        }
      ],
      "exp": "(now % 15)",
      "status": "proven"
    },
    {
      "no": "31",
      "kind": "DZ",
      "line": 115,
      "signatures": [
        {
          "contractName": "StockBet",
          "methodName": "bug_tmstmp4",
          "argTypes": []
        }
      ],
      "exp": "(now % 15)",
      "status": "proven"
    },
    {
      "no": "32",
      "kind": "DZ",
      "line": 205,
      "signatures": [
        {
          "contractName": "StockBet",
          "methodName": "bug_tmstmp8",
          "argTypes": []
        }
      ],
      "exp": "(now % 15)",
      "status": "proven"
    },
    {
      "no": "33",
      "kind": "DZ",
      "line": 241,
      "signatures": [
        {
          "contractName": "StockBet",
          "methodName": "setFinalPrice",
          "argTypes": [ "uint256" ]
        }
      ],
      "exp": "(getBalance() / guesses[result].guesses_number)",
      "status": "proven"
    },
    {
      "no": "34",
      "kind": "DZ",
      "line": 253,
      "signatures": [
        {
          "contractName": "StockBet",
          "methodName": "bug_tmstmp36",
          "argTypes": []
        }
      ],
      "exp": "(now % 15)",
      "status": "proven"
    },
    {
      "no": "35",
      "kind": "DZ",
      "line": 278,
      "signatures": [
        {
          "contractName": "StockBet",
          "methodName": "bug_tmstmp40",
          "argTypes": []
        }
      ],
      "exp": "(now % 15)",
      "status": "proven"
    },
    {
      "no": "36",
      "kind": "KA",
      "line": 259,
      "signatures": [
        {
          "contractName": "StockBet",
          "methodName": "collectOwnerWinnings",
          "argTypes": []
        }
      ],
      "exp": "selfdestruct(owner);",
      "status": "proven"
    },
    {
      "no": "37",
      "kind": "ETH_LEAK",
      "line": 90,
      "signatures": [
        {
          "contractName": "StockBet",
          "methodName": "bug_tmstmp20",
          "argTypes": []
        }
      ],
      "exp": "msg.sender.transfer(address(this).balance);",
      "status": "unproven"
    },
    {
      "no": "38",
      "kind": "ETH_LEAK",
      "line": 100,
      "signatures": [
        {
          "contractName": "StockBet",
          "methodName": "bug_tmstmp32",
          "argTypes": []
        }
      ],
      "exp": "msg.sender.transfer(address(this).balance);",
      "status": "unproven"
    },
    {
      "no": "39",
      "kind": "ETH_LEAK",
      "line": 116,
      "signatures": [
        {
          "contractName": "StockBet",
          "methodName": "bug_tmstmp4",
          "argTypes": []
        }
      ],
      "exp": "msg.sender.transfer(address(this).balance);",
      "status": "unproven"
    },
    {
      "no": "40",
      "kind": "ETH_LEAK",
      "line": 206,
      "signatures": [
        {
          "contractName": "StockBet",
          "methodName": "bug_tmstmp8",
          "argTypes": []
        }
      ],
      "exp": "msg.sender.transfer(address(this).balance);",
      "status": "unproven"
    },
    {
      "no": "41",
      "kind": "ETH_LEAK",
      "line": 254,
      "signatures": [
        {
          "contractName": "StockBet",
          "methodName": "bug_tmstmp36",
          "argTypes": []
        }
      ],
      "exp": "msg.sender.transfer(address(this).balance);",
      "status": "unproven"
    },
    {
      "no": "42",
      "kind": "ETH_LEAK",
      "line": 259,
      "signatures": [
        {
          "contractName": "StockBet",
          "methodName": "collectOwnerWinnings",
          "argTypes": []
        }
      ],
      "exp": "selfdestruct(owner);",
      "status": "proven"
    },
    {
      "no": "43",
      "kind": "ETH_LEAK",
      "line": 270,
      "signatures": [
        {
          "contractName": "StockBet",
          "methodName": "collectPlayerWinnings",
          "argTypes": []
        }
      ],
      "exp": "msg.sender.transfer(splitJackpot);",
      "status": "unproven"
    },
    {
      "no": "44",
      "kind": "ETH_LEAK",
      "line": 279,
      "signatures": [
        {
          "contractName": "StockBet",
          "methodName": "bug_tmstmp40",
          "argTypes": []
        }
      ],
      "exp": "msg.sender.transfer(address(this).balance);",
      "status": "unproven"
    }
  ]
}