{
  "fileName": "Benchmarks/Study_SamplesSet/77bdcc525bbdbc192d216964b3cc597b.sol",
  "baseName": "77bdcc525bbdbc192d216964b3cc597b.sol",
  "iter": 26,
  "time": "327.258175",
  "errMsg": null,
  "result": [
    {
      "no": "1",
      "kind": "IO",
      "line": 16,
      "signatures": [
        {
          "contractName": "Moongang",
          "methodName": "Moongang",
          "argTypes": [ "uint256", "uint256", "uint256" ]
        },
        {
          "contractName": "Moongang",
          "methodName": "buy_the_tokens",
          "argTypes": []
        },
        {
          "contractName": "Moongang",
          "methodName": "change_max_amount",
          "argTypes": [ "uint256" ]
        },
        {
          "contractName": "Moongang",
          "methodName": "force_partial_refund",
          "argTypes": [ "address" ]
        },
        {
          "contractName": "Moongang",
          "methodName": "force_refund",
          "argTypes": [ "address" ]
        },
        {
          "contractName": "Moongang",
          "methodName": "partial_refund",
          "argTypes": []
        },
        {
          "contractName": "Moongang",
          "methodName": "refund",
          "argTypes": []
        },
        {
          "contractName": "Moongang",
          "methodName": "withdraw",
          "argTypes": []
        },
        {
          "contractName": "Moongang",
          "methodName": "withdraw_bonus",
          "argTypes": []
        }
      ],
      "exp": "(a * b)",
      "status": "unproven"
    },
    {
      "no": "2",
      "kind": "IO",
      "line": 28,
      "signatures": [
        {
          "contractName": "Moongang",
          "methodName": "@fallback",
          "argTypes": []
        },
        {
          "contractName": "Moongang",
          "methodName": "buy_the_tokens",
          "argTypes": []
        },
        {
          "contractName": "Moongang",
          "methodName": "force_partial_refund",
          "argTypes": [ "address" ]
        },
        {
          "contractName": "Moongang",
          "methodName": "force_refund",
          "argTypes": [ "address" ]
        },
        {
          "contractName": "Moongang",
          "methodName": "partial_refund",
          "argTypes": []
        },
        {
          "contractName": "Moongang",
          "methodName": "refund",
          "argTypes": []
        },
        {
          "contractName": "Moongang",
          "methodName": "withdraw",
          "argTypes": []
        },
        {
          "contractName": "Moongang",
          "methodName": "withdraw_bonus",
          "argTypes": []
        }
      ],
      "exp": "(a - b)",
      "status": "proven"
    },
    {
      "no": "3",
      "kind": "IO",
      "line": 32,
      "signatures": [
        {
          "contractName": "Moongang",
          "methodName": "@fallback",
          "argTypes": []
        }
      ],
      "exp": "(a + b)",
      "status": "unproven"
    },
    {
      "no": "4",
      "kind": "DZ",
      "line": 17,
      "signatures": [
        {
          "contractName": "Moongang",
          "methodName": "Moongang",
          "argTypes": [ "uint256", "uint256", "uint256" ]
        },
        {
          "contractName": "Moongang",
          "methodName": "buy_the_tokens",
          "argTypes": []
        },
        {
          "contractName": "Moongang",
          "methodName": "change_max_amount",
          "argTypes": [ "uint256" ]
        },
        {
          "contractName": "Moongang",
          "methodName": "force_partial_refund",
          "argTypes": [ "address" ]
        },
        {
          "contractName": "Moongang",
          "methodName": "force_refund",
          "argTypes": [ "address" ]
        },
        {
          "contractName": "Moongang",
          "methodName": "partial_refund",
          "argTypes": []
        },
        {
          "contractName": "Moongang",
          "methodName": "refund",
          "argTypes": []
        },
        {
          "contractName": "Moongang",
          "methodName": "withdraw",
          "argTypes": []
        },
        {
          "contractName": "Moongang",
          "methodName": "withdraw_bonus",
          "argTypes": []
        }
      ],
      "exp": "(c / a)",
      "status": "proven"
    },
    {
      "no": "5",
      "kind": "DZ",
      "line": 22,
      "signatures": [
        {
          "contractName": "Moongang",
          "methodName": "@fallback",
          "argTypes": []
        },
        {
          "contractName": "Moongang",
          "methodName": "Moongang",
          "argTypes": [ "uint256", "uint256", "uint256" ]
        },
        {
          "contractName": "Moongang",
          "methodName": "buy_the_tokens",
          "argTypes": []
        },
        {
          "contractName": "Moongang",
          "methodName": "change_max_amount",
          "argTypes": [ "uint256" ]
        },
        {
          "contractName": "Moongang",
          "methodName": "force_partial_refund",
          "argTypes": [ "address" ]
        },
        {
          "contractName": "Moongang",
          "methodName": "force_refund",
          "argTypes": [ "address" ]
        },
        {
          "contractName": "Moongang",
          "methodName": "partial_refund",
          "argTypes": []
        },
        {
          "contractName": "Moongang",
          "methodName": "refund",
          "argTypes": []
        },
        {
          "contractName": "Moongang",
          "methodName": "withdraw",
          "argTypes": []
        },
        {
          "contractName": "Moongang",
          "methodName": "withdraw_bonus",
          "argTypes": []
        }
      ],
      "exp": "(a / b)",
      "status": "unproven"
    },
    {
      "no": "6",
      "kind": "ETH_LEAK",
      "line": 122,
      "signatures": [
        {
          "contractName": "Moongang",
          "methodName": "buy_the_tokens",
          "argTypes": []
        }
      ],
      "exp": "owner.transfer(SafeMath.sub(fees, dev_fee));",
      "status": "proven"
    },
    {
      "no": "7",
      "kind": "ETH_LEAK",
      "line": 123,
      "signatures": [
        {
          "contractName": "Moongang",
          "methodName": "buy_the_tokens",
          "argTypes": []
        }
      ],
      "exp": "developer.transfer(dev_fee);",
      "status": "proven"
    },
    {
      "no": "8",
      "kind": "ETH_LEAK",
      "line": 128,
      "signatures": [
        {
          "contractName": "Moongang",
          "methodName": "buy_the_tokens",
          "argTypes": []
        }
      ],
      "exp": "sale.transfer(contract_eth_value);",
      "status": "proven"
    },
    {
      "no": "9",
      "kind": "ETH_LEAK",
      "line": 137,
      "signatures": [
        {
          "contractName": "Moongang",
          "methodName": "force_refund",
          "argTypes": [ "address" ]
        }
      ],
      "exp": "_to_refund.transfer(eth_to_withdraw);",
      "status": "proven"
    },
    {
      "no": "10",
      "kind": "ETH_LEAK",
      "line": 153,
      "signatures": [
        {
          "contractName": "Moongang",
          "methodName": "force_partial_refund",
          "argTypes": [ "address" ]
        }
      ],
      "exp": "_to_refund.transfer(eth_to_withdraw);",
      "status": "proven"
    },
    {
      "no": "11",
      "kind": "ETH_LEAK",
      "line": 249,
      "signatures": [
        {
          "contractName": "Moongang",
          "methodName": "refund",
          "argTypes": []
        }
      ],
      "exp": "msg.sender.transfer(eth_to_withdraw);",
      "status": "unproven"
    },
    {
      "no": "12",
      "kind": "ETH_LEAK",
      "line": 267,
      "signatures": [
        {
          "contractName": "Moongang",
          "methodName": "partial_refund",
          "argTypes": []
        }
      ],
      "exp": "msg.sender.transfer(eth_to_withdraw);",
      "status": "unproven"
    }
  ]
}