{
  "fileName": "Benchmarks/Study_SamplesSet/7848a47f82448ab51c7cbd690123fc16.sol",
  "baseName": "7848a47f82448ab51c7cbd690123fc16.sol",
  "iter": 80,
  "time": "6.698842",
  "errMsg": null,
  "result": [
    {
      "no": "1",
      "kind": "IO",
      "line": 279,
      "signatures": [
        {
          "contractName": "B0xProxy",
          "methodName": "B0xProxy",
          "argTypes": []
        }
      ],
      "exp": "((2 ** 256) - 1)",
      "status": "proven"
    },
    {
      "no": "2",
      "kind": "IO",
      "line": 279,
      "signatures": [
        {
          "contractName": "B0xProxy",
          "methodName": "B0xProxy",
          "argTypes": []
        }
      ],
      "exp": "(2 ** 256)",
      "status": "unproven"
    }
  ]
}