{
  "fileName": "Benchmarks/Study_SamplesSet/7b48f8872cd4c0341402cd36505e1f73.sol",
  "baseName": "7b48f8872cd4c0341402cd36505e1f73.sol",
  "iter": 8,
  "time": "34.280282",
  "errMsg": null,
  "result": [
    {
      "no": "1",
      "kind": "IO",
      "line": 18,
      "signatures": [
        {
          "contractName": "TimeLock",
          "methodName": "lockEth",
          "argTypes": [ "uint256", "uint256" ]
        }
      ],
      "exp": "(block.number + (_time / 14))",
      "status": "unproven"
    },
    {
      "no": "2",
      "kind": "DZ",
      "line": 18,
      "signatures": [
        {
          "contractName": "TimeLock",
          "methodName": "lockEth",
          "argTypes": [ "uint256", "uint256" ]
        }
      ],
      "exp": "(_time / 14)",
      "status": "proven"
    },
    {
      "no": "3",
      "kind": "ETH_LEAK",
      "line": 29,
      "signatures": [
        {
          "contractName": "TimeLock",
          "methodName": "withdraw",
          "argTypes": []
        }
      ],
      "exp": "(success,  ) = msg.sender.call.value(amount)(\"\");",
      "status": "proven"
    }
  ]
}