{
  "fileName": "Benchmarks/Study_SamplesSet/83f6dea6686e660fcc648f7a601df9dc.sol",
  "baseName": "83f6dea6686e660fcc648f7a601df9dc.sol",
  "iter": 27,
  "time": "301.455916",
  "errMsg": null,
  "result": [
    {
      "no": "1",
      "kind": "IO",
      "line": 201,
      "signatures": [
        {
          "contractName": "DungeonCoreBeta",
          "methodName": "withdrawPayments",
          "argTypes": []
        }
      ],
      "exp": "(a - b)",
      "status": "proven"
    },
    {
      "no": "2",
      "kind": "IO",
      "line": 208,
      "signatures": [
        {
          "contractName": "DungeonCoreBeta",
          "methodName": "_challengePart2",
          "argTypes": [ "uint256", "uint256" ]
        },
        {
          "contractName": "DungeonCoreBeta",
          "methodName": "_train",
          "argTypes": [ "uint256", "uint256", "uint256", "uint256" ]
        },
        {
          "contractName": "DungeonCoreBeta",
          "methodName": "challenge",
          "argTypes": [ "uint256", "uint256" ]
        },
        {
          "contractName": "DungeonCoreBeta",
          "methodName": "transport",
          "argTypes": [ "uint256" ]
        }
      ],
      "exp": "(a + b)",
      "status": "unproven"
    },
    {
      "no": "3",
      "kind": "IO",
      "line": 568,
      "signatures": [
        {
          "contractName": "DungeonToken",
          "methodName": "addDungeonRewards",
          "argTypes": [ "uint256", "uint256" ]
        }
      ],
      "exp": "(dungeons[_id].rewards + uint128(_additinalRewards))",
      "status": "unproven"
    },
    {
      "no": "4",
      "kind": "IO",
      "line": 579,
      "signatures": [
        {
          "contractName": "DungeonToken",
          "methodName": "addDungeonNewFloor",
          "argTypes": [ "uint256", "uint256", "uint256" ]
        }
      ],
      "exp": "(dungeon.floorNumber + 1)",
      "status": "unproven"
    },
    {
      "no": "5",
      "kind": "IO",
      "line": 690,
      "signatures": [
        {
          "contractName": "HeroToken",
          "methodName": "_transfer",
          "argTypes": [ "address", "address", "uint256" ]
        }
      ],
      "exp": "(ownershipTokenCount[_to] + 1)",
      "status": "unproven"
    },
    {
      "no": "6",
      "kind": "IO",
      "line": 700,
      "signatures": [
        {
          "contractName": "HeroToken",
          "methodName": "_transfer",
          "argTypes": [ "address", "address", "uint256" ]
        }
      ],
      "exp": "(ownershipTokenCount[_from] - 1)",
      "status": "unproven"
    },
    {
      "no": "7",
      "kind": "IO",
      "line": 706,
      "signatures": [
        {
          "contractName": "HeroToken",
          "methodName": "_transfer",
          "argTypes": [ "address", "address", "uint256" ]
        }
      ],
      "exp": "(fromTokens.length - 1)",
      "status": "unproven"
    },
    {
      "no": "8",
      "kind": "IO",
      "line": 706,
      "signatures": [
        {
          "contractName": "HeroToken",
          "methodName": "_transfer",
          "argTypes": [ "address", "address", "uint256" ]
        }
      ],
      "exp": "(i + 1)",
      "status": "proven"
    },
    {
      "no": "9",
      "kind": "IO",
      "line": 708,
      "signatures": [
        {
          "contractName": "HeroToken",
          "methodName": "_transfer",
          "argTypes": [ "address", "address", "uint256" ]
        }
      ],
      "exp": "(i + 1)",
      "status": "proven"
    },
    {
      "no": "10",
      "kind": "IO",
      "line": 711,
      "signatures": [
        {
          "contractName": "HeroToken",
          "methodName": "_transfer",
          "argTypes": [ "address", "address", "uint256" ]
        }
      ],
      "exp": "(i + 1)",
      "status": "proven"
    },
    {
      "no": "11",
      "kind": "IO",
      "line": 715,
      "signatures": [
        {
          "contractName": "HeroToken",
          "methodName": "_transfer",
          "argTypes": [ "address", "address", "uint256" ]
        }
      ],
      "exp": "(fromTokens.length - 1)",
      "status": "unproven"
    },
    {
      "no": "12",
      "kind": "IO",
      "line": 763,
      "signatures": [
        {
          "contractName": "HeroToken",
          "methodName": "createHero",
          "argTypes": [ "uint256", "address" ]
        }
      ],
      "exp": "(heroes.length - 1)",
      "status": "unproven"
    },
    {
      "no": "13",
      "kind": "IO",
      "line": 789,
      "signatures": [
        {
          "contractName": "HeroToken",
          "methodName": "triggerCooldown",
          "argTypes": [ "uint256" ]
        }
      ],
      "exp": "(hero.cooldownIndex + 1)",
      "status": "unproven"
    },
    {
      "no": "14",
      "kind": "IO",
      "line": 939,
      "signatures": [
        {
          "contractName": "DungeonCoreBeta",
          "methodName": "_getTop5HeroesPower",
          "argTypes": [ "address", "uint256" ]
        }
      ],
      "exp": "(i + 1)",
      "status": "proven"
    },
    {
      "no": "15",
      "kind": "IO",
      "line": 952,
      "signatures": [
        {
          "contractName": "DungeonCoreBeta",
          "methodName": "_getTop5HeroesPower",
          "argTypes": [ "address", "uint256" ]
        }
      ],
      "exp": "(j + 1)",
      "status": "unproven"
    },
    {
      "no": "16",
      "kind": "IO",
      "line": 953,
      "signatures": [
        {
          "contractName": "DungeonCoreBeta",
          "methodName": "_getTop5HeroesPower",
          "argTypes": [ "address", "uint256" ]
        }
      ],
      "exp": "(k + 1)",
      "status": "proven"
    },
    {
      "no": "17",
      "kind": "IO",
      "line": 960,
      "signatures": [
        {
          "contractName": "DungeonCoreBeta",
          "methodName": "_getTop5HeroesPower",
          "argTypes": [ "address", "uint256" ]
        }
      ],
      "exp": "(result + curMax)",
      "status": "unproven"
    },
    {
      "no": "18",
      "kind": "IO",
      "line": 980,
      "signatures": [
        {
          "contractName": "DungeonCoreBeta",
          "methodName": "_getHeroPower",
          "argTypes": [ "uint256", "uint256" ]
        }
      ],
      "exp": "(i + 1)",
      "status": "proven"
    },
    {
      "no": "19",
      "kind": "IO",
      "line": 981,
      "signatures": [
        {
          "contractName": "DungeonCoreBeta",
          "methodName": "_getHeroPower",
          "argTypes": [ "uint256", "uint256" ]
        }
      ],
      "exp": "((_genes % 32) + 1)",
      "status": "proven"
    },
    {
      "no": "20",
      "kind": "IO",
      "line": 981,
      "signatures": [
        {
          "contractName": "DungeonCoreBeta",
          "methodName": "_getHeroPower",
          "argTypes": [ "uint256", "uint256" ]
        }
      ],
      "exp": "(statsPower + ((_genes % 32) + 1))",
      "status": "unproven"
    },
    {
      "no": "21",
      "kind": "IO",
      "line": 982,
      "signatures": [
        {
          "contractName": "DungeonCoreBeta",
          "methodName": "_getHeroPower",
          "argTypes": [ "uint256", "uint256" ]
        }
      ],
      "exp": "(32 ** 4)",
      "status": "proven"
    },
    {
      "no": "22",
      "kind": "IO",
      "line": 989,
      "signatures": [
        {
          "contractName": "DungeonCoreBeta",
          "methodName": "_getHeroPower",
          "argTypes": [ "uint256", "uint256" ]
        }
      ],
      "exp": "(j + 1)",
      "status": "proven"
    },
    {
      "no": "23",
      "kind": "IO",
      "line": 991,
      "signatures": [
        {
          "contractName": "DungeonCoreBeta",
          "methodName": "_getHeroPower",
          "argTypes": [ "uint256", "uint256" ]
        }
      ],
      "exp": "(equipmentPower + EQUIPMENT_POWERS[curGene])",
      "status": "unproven"
    },
    {
      "no": "24",
      "kind": "IO",
      "line": 992,
      "signatures": [
        {
          "contractName": "DungeonCoreBeta",
          "methodName": "_getHeroPower",
          "argTypes": [ "uint256", "uint256" ]
        }
      ],
      "exp": "(32 ** 4)",
      "status": "proven"
    },
    {
      "no": "25",
      "kind": "IO",
      "line": 1004,
      "signatures": [
        {
          "contractName": "DungeonCoreBeta",
          "methodName": "_getHeroPower",
          "argTypes": [ "uint256", "uint256" ]
        }
      ],
      "exp": "((difficulty - 1) * SUPER_HERO_MULTIPLIER)",
      "status": "unproven"
    },
    {
      "no": "26",
      "kind": "IO",
      "line": 1004,
      "signatures": [
        {
          "contractName": "DungeonCoreBeta",
          "methodName": "_getHeroPower",
          "argTypes": [ "uint256", "uint256" ]
        }
      ],
      "exp": "(difficulty - 1)",
      "status": "unproven"
    },
    {
      "no": "27",
      "kind": "IO",
      "line": 1007,
      "signatures": [
        {
          "contractName": "DungeonCoreBeta",
          "methodName": "_getHeroPower",
          "argTypes": [ "uint256", "uint256" ]
        }
      ],
      "exp": "((statsPower + equipmentPower) + superBoost)",
      "status": "unproven"
    },
    {
      "no": "28",
      "kind": "IO",
      "line": 1007,
      "signatures": [
        {
          "contractName": "DungeonCoreBeta",
          "methodName": "_getHeroPower",
          "argTypes": [ "uint256", "uint256" ]
        }
      ],
      "exp": "(statsPower + equipmentPower)",
      "status": "unproven"
    },
    {
      "no": "29",
      "kind": "IO",
      "line": 1017,
      "signatures": [
        {
          "contractName": "DungeonCoreBeta",
          "methodName": "_getDungeonPower",
          "argTypes": [ "uint256" ]
        }
      ],
      "exp": "(j + 1)",
      "status": "proven"
    },
    {
      "no": "30",
      "kind": "IO",
      "line": 1018,
      "signatures": [
        {
          "contractName": "DungeonCoreBeta",
          "methodName": "_getDungeonPower",
          "argTypes": [ "uint256" ]
        }
      ],
      "exp": "(dungeonPower + EQUIPMENT_POWERS[(_genes % 32)])",
      "status": "unproven"
    },
    {
      "no": "31",
      "kind": "IO",
      "line": 1019,
      "signatures": [
        {
          "contractName": "DungeonCoreBeta",
          "methodName": "_getDungeonPower",
          "argTypes": [ "uint256" ]
        }
      ],
      "exp": "(32 ** 4)",
      "status": "proven"
    },
    {
      "no": "32",
      "kind": "IO",
      "line": 1076,
      "signatures": [
        {
          "contractName": "DungeonCoreBeta",
          "methodName": "transport",
          "argTypes": [ "uint256" ]
        }
      ],
      "exp": "(difficulty * 12)",
      "status": "proven"
    },
    {
      "no": "33",
      "kind": "IO",
      "line": 1079,
      "signatures": [
        {
          "contractName": "DungeonCoreBeta",
          "methodName": "transport",
          "argTypes": [ "uint256" ]
        }
      ],
      "exp": "(difficulty * transportationFeeMultiplier)",
      "status": "unproven"
    },
    {
      "no": "34",
      "kind": "IO",
      "line": 1080,
      "signatures": [
        {
          "contractName": "DungeonCoreBeta",
          "methodName": "transport",
          "argTypes": [ "uint256" ]
        }
      ],
      "exp": "((top5HeroesPower / 48) * transportationFeeMultiplier)",
      "status": "unproven"
    },
    {
      "no": "35",
      "kind": "IO",
      "line": 1081,
      "signatures": [
        {
          "contractName": "DungeonCoreBeta",
          "methodName": "transport",
          "argTypes": [ "uint256" ]
        }
      ],
      "exp": "(baseFee + additionalFee)",
      "status": "unproven"
    },
    {
      "no": "36",
      "kind": "IO",
      "line": 1089,
      "signatures": [
        {
          "contractName": "DungeonCoreBeta",
          "methodName": "transport",
          "argTypes": [ "uint256" ]
        }
      ],
      "exp": "(msg.value - requiredFee)",
      "status": "proven"
    },
    {
      "no": "37",
      "kind": "IO",
      "line": 1105,
      "signatures": [
        {
          "contractName": "DungeonCoreBeta",
          "methodName": "transport",
          "argTypes": [ "uint256" ]
        }
      ],
      "exp": "(dungeonPlayerCount[_originDungeonId] - 1)",
      "status": "unproven"
    },
    {
      "no": "38",
      "kind": "IO",
      "line": 1106,
      "signatures": [
        {
          "contractName": "DungeonCoreBeta",
          "methodName": "transport",
          "argTypes": [ "uint256" ]
        }
      ],
      "exp": "(dungeonPlayerCount[_destinationDungeonId] + 1)",
      "status": "unproven"
    },
    {
      "no": "39",
      "kind": "IO",
      "line": 1141,
      "signatures": [
        {
          "contractName": "DungeonCoreBeta",
          "methodName": "_challengePart2",
          "argTypes": [ "uint256", "uint256" ]
        },
        {
          "contractName": "DungeonCoreBeta",
          "methodName": "_train",
          "argTypes": [ "uint256", "uint256", "uint256", "uint256" ]
        },
        {
          "contractName": "DungeonCoreBeta",
          "methodName": "claimHero",
          "argTypes": []
        },
        {
          "contractName": "DungeonCoreBeta",
          "methodName": "transport",
          "argTypes": [ "uint256" ]
        }
      ],
      "exp": "(dungeonPlayerCount[0] + 1)",
      "status": "unproven"
    },
    {
      "no": "40",
      "kind": "IO",
      "line": 1244,
      "signatures": [
        {
          "contractName": "DungeonCoreBeta",
          "methodName": "challenge",
          "argTypes": [ "uint256", "uint256" ]
        }
      ],
      "exp": "(difficulty * challengeFeeMultiplier)",
      "status": "unproven"
    },
    {
      "no": "41",
      "kind": "IO",
      "line": 1252,
      "signatures": [
        {
          "contractName": "DungeonCoreBeta",
          "methodName": "challenge",
          "argTypes": [ "uint256", "uint256" ]
        }
      ],
      "exp": "(msg.value - requiredFee)",
      "status": "proven"
    },
    {
      "no": "42",
      "kind": "IO",
      "line": 1282,
      "signatures": [
        {
          "contractName": "DungeonCoreBeta",
          "methodName": "_challengePart2",
          "argTypes": [ "uint256", "uint256" ]
        }
      ],
      "exp": "(rewards * masterRewardsPercent)",
      "status": "unproven"
    },
    {
      "no": "43",
      "kind": "IO",
      "line": 1285,
      "signatures": [
        {
          "contractName": "DungeonCoreBeta",
          "methodName": "_challengePart2",
          "argTypes": [ "uint256", "uint256" ]
        }
      ],
      "exp": "(rewards * rushTimeChallengeRewardsPercent)",
      "status": "unproven"
    },
    {
      "no": "44",
      "kind": "IO",
      "line": 1288,
      "signatures": [
        {
          "contractName": "DungeonCoreBeta",
          "methodName": "_challengePart2",
          "argTypes": [ "uint256", "uint256" ]
        }
      ],
      "exp": "((100 - rushTimeChallengeRewardsPercent) - masterRewardsPercent)",
      "status": "unproven"
    },
    {
      "no": "45",
      "kind": "IO",
      "line": 1288,
      "signatures": [
        {
          "contractName": "DungeonCoreBeta",
          "methodName": "_challengePart2",
          "argTypes": [ "uint256", "uint256" ]
        }
      ],
      "exp": "(100 - rushTimeChallengeRewardsPercent)",
      "status": "unproven"
    },
    {
      "no": "46",
      "kind": "IO",
      "line": 1288,
      "signatures": [
        {
          "contractName": "DungeonCoreBeta",
          "methodName": "_challengePart2",
          "argTypes": [ "uint256", "uint256" ]
        }
      ],
      "exp": "(rewards * ((100 - rushTimeChallengeRewardsPercent) - masterRewardsPercent))",
      "status": "unproven"
    },
    {
      "no": "47",
      "kind": "IO",
      "line": 1290,
      "signatures": [
        {
          "contractName": "DungeonCoreBeta",
          "methodName": "_challengePart2",
          "argTypes": [ "uint256", "uint256" ]
        }
      ],
      "exp": "(rewards * challengeRewardsPercent)",
      "status": "unproven"
    },
    {
      "no": "48",
      "kind": "IO",
      "line": 1291,
      "signatures": [
        {
          "contractName": "DungeonCoreBeta",
          "methodName": "_challengePart2",
          "argTypes": [ "uint256", "uint256" ]
        }
      ],
      "exp": "((100 - challengeRewardsPercent) - masterRewardsPercent)",
      "status": "unproven"
    },
    {
      "no": "49",
      "kind": "IO",
      "line": 1291,
      "signatures": [
        {
          "contractName": "DungeonCoreBeta",
          "methodName": "_challengePart2",
          "argTypes": [ "uint256", "uint256" ]
        }
      ],
      "exp": "(100 - challengeRewardsPercent)",
      "status": "unproven"
    },
    {
      "no": "50",
      "kind": "IO",
      "line": 1291,
      "signatures": [
        {
          "contractName": "DungeonCoreBeta",
          "methodName": "_challengePart2",
          "argTypes": [ "uint256", "uint256" ]
        }
      ],
      "exp": "(rewards * ((100 - challengeRewardsPercent) - masterRewardsPercent))",
      "status": "unproven"
    },
    {
      "no": "51",
      "kind": "IO",
      "line": 1295,
      "signatures": [
        {
          "contractName": "DungeonCoreBeta",
          "methodName": "_challengePart2",
          "argTypes": [ "uint256", "uint256" ]
        }
      ],
      "exp": "((successRewards + masterRewards) + newRewards)",
      "status": "unproven"
    },
    {
      "no": "52",
      "kind": "IO",
      "line": 1295,
      "signatures": [
        {
          "contractName": "DungeonCoreBeta",
          "methodName": "_challengePart2",
          "argTypes": [ "uint256", "uint256" ]
        }
      ],
      "exp": "(successRewards + masterRewards)",
      "status": "unproven"
    },
    {
      "no": "53",
      "kind": "IO",
      "line": 1422,
      "signatures": [
        {
          "contractName": "DungeonCoreBeta",
          "methodName": "challenge",
          "argTypes": [ "uint256", "uint256" ]
        }
      ],
      "exp": "(creationTime + dungeonPreparationTime)",
      "status": "proven"
    },
    {
      "no": "54",
      "kind": "IO",
      "line": 1437,
      "signatures": [
        {
          "contractName": "DungeonCoreBeta",
          "methodName": "challenge",
          "argTypes": [ "uint256", "uint256" ]
        }
      ],
      "exp": "(cooldownStartTime + challengeCooldownTime)",
      "status": "proven"
    },
    {
      "no": "55",
      "kind": "IO",
      "line": 1529,
      "signatures": [
        {
          "contractName": "DungeonCoreBeta",
          "methodName": "_train",
          "argTypes": [ "uint256", "uint256", "uint256", "uint256" ]
        }
      ],
      "exp": "((difficulty * equipmentTrainingFeeMultiplier) * _trainingTimes)",
      "status": "unproven"
    },
    {
      "no": "56",
      "kind": "IO",
      "line": 1529,
      "signatures": [
        {
          "contractName": "DungeonCoreBeta",
          "methodName": "_train",
          "argTypes": [ "uint256", "uint256", "uint256", "uint256" ]
        }
      ],
      "exp": "(difficulty * equipmentTrainingFeeMultiplier)",
      "status": "unproven"
    },
    {
      "no": "57",
      "kind": "IO",
      "line": 1530,
      "signatures": [
        {
          "contractName": "DungeonCoreBeta",
          "methodName": "_train",
          "argTypes": [ "uint256", "uint256", "uint256", "uint256" ]
        }
      ],
      "exp": "(creationTime + dungeonPreparationTime)",
      "status": "proven"
    },
    {
      "no": "58",
      "kind": "IO",
      "line": 1531,
      "signatures": [
        {
          "contractName": "DungeonCoreBeta",
          "methodName": "_train",
          "argTypes": [ "uint256", "uint256", "uint256", "uint256" ]
        }
      ],
      "exp": "((difficulty * preparationPeriodTrainingFeeMultiplier) * _trainingTimes)",
      "status": "unproven"
    },
    {
      "no": "59",
      "kind": "IO",
      "line": 1531,
      "signatures": [
        {
          "contractName": "DungeonCoreBeta",
          "methodName": "_train",
          "argTypes": [ "uint256", "uint256", "uint256", "uint256" ]
        }
      ],
      "exp": "(difficulty * preparationPeriodTrainingFeeMultiplier)",
      "status": "unproven"
    },
    {
      "no": "60",
      "kind": "IO",
      "line": 1533,
      "signatures": [
        {
          "contractName": "DungeonCoreBeta",
          "methodName": "_train",
          "argTypes": [ "uint256", "uint256", "uint256", "uint256" ]
        }
      ],
      "exp": "((difficulty * trainingFeeMultiplier) * _trainingTimes)",
      "status": "unproven"
    },
    {
      "no": "61",
      "kind": "IO",
      "line": 1533,
      "signatures": [
        {
          "contractName": "DungeonCoreBeta",
          "methodName": "_train",
          "argTypes": [ "uint256", "uint256", "uint256", "uint256" ]
        }
      ],
      "exp": "(difficulty * trainingFeeMultiplier)",
      "status": "unproven"
    },
    {
      "no": "62",
      "kind": "IO",
      "line": 1547,
      "signatures": [
        {
          "contractName": "DungeonCoreBeta",
          "methodName": "_train",
          "argTypes": [ "uint256", "uint256", "uint256", "uint256" ]
        }
      ],
      "exp": "(msg.value - requiredFee)",
      "status": "proven"
    },
    {
      "no": "63",
      "kind": "IO",
      "line": 1570,
      "signatures": [
        {
          "contractName": "DungeonCoreBeta",
          "methodName": "_trainPart2",
          "argTypes": [
            "uint256", "uint256", "uint256", "uint256", "uint256"
          ]
        }
      ],
      "exp": "(i + 1)",
      "status": "proven"
    },
    {
      "no": "64",
      "kind": "IO",
      "line": 1678,
      "signatures": [
        {
          "contractName": "DungeonCoreBeta",
          "methodName": "getDungeonDetails",
          "argTypes": [ "uint256" ]
        }
      ],
      "exp": "(creationTime + dungeonPreparationTime)",
      "status": "proven"
    },
    {
      "no": "65",
      "kind": "IO",
      "line": 1703,
      "signatures": [
        {
          "contractName": "DungeonCoreBeta",
          "methodName": "getHeroDetails",
          "argTypes": [ "uint256" ]
        }
      ],
      "exp": "(cooldownStartTime + challengeCooldownTime)",
      "status": "proven"
    },
    {
      "no": "66",
      "kind": "DZ",
      "line": 981,
      "signatures": [
        {
          "contractName": "DungeonCoreBeta",
          "methodName": "_getHeroPower",
          "argTypes": [ "uint256", "uint256" ]
        }
      ],
      "exp": "(_genes % 32)",
      "status": "proven"
    },
    {
      "no": "67",
      "kind": "DZ",
      "line": 982,
      "signatures": [
        {
          "contractName": "DungeonCoreBeta",
          "methodName": "_getHeroPower",
          "argTypes": [ "uint256", "uint256" ]
        }
      ],
      "exp": "(_genes / (32 ** 4))",
      "status": "proven"
    },
    {
      "no": "68",
      "kind": "DZ",
      "line": 987,
      "signatures": [
        {
          "contractName": "DungeonCoreBeta",
          "methodName": "_getHeroPower",
          "argTypes": [ "uint256", "uint256" ]
        }
      ],
      "exp": "(_genes % 32)",
      "status": "proven"
    },
    {
      "no": "69",
      "kind": "DZ",
      "line": 990,
      "signatures": [
        {
          "contractName": "DungeonCoreBeta",
          "methodName": "_getHeroPower",
          "argTypes": [ "uint256", "uint256" ]
        }
      ],
      "exp": "(_genes % 32)",
      "status": "proven"
    },
    {
      "no": "70",
      "kind": "DZ",
      "line": 992,
      "signatures": [
        {
          "contractName": "DungeonCoreBeta",
          "methodName": "_getHeroPower",
          "argTypes": [ "uint256", "uint256" ]
        }
      ],
      "exp": "(_genes / (32 ** 4))",
      "status": "proven"
    },
    {
      "no": "71",
      "kind": "DZ",
      "line": 1018,
      "signatures": [
        {
          "contractName": "DungeonCoreBeta",
          "methodName": "_getDungeonPower",
          "argTypes": [ "uint256" ]
        }
      ],
      "exp": "(_genes % 32)",
      "status": "proven"
    },
    {
      "no": "72",
      "kind": "DZ",
      "line": 1019,
      "signatures": [
        {
          "contractName": "DungeonCoreBeta",
          "methodName": "_getDungeonPower",
          "argTypes": [ "uint256" ]
        }
      ],
      "exp": "(_genes / (32 ** 4))",
      "status": "proven"
    },
    {
      "no": "73",
      "kind": "DZ",
      "line": 1080,
      "signatures": [
        {
          "contractName": "DungeonCoreBeta",
          "methodName": "transport",
          "argTypes": [ "uint256" ]
        }
      ],
      "exp": "(top5HeroesPower / 48)",
      "status": "proven"
    },
    {
      "no": "74",
      "kind": "DZ",
      "line": 1282,
      "signatures": [
        {
          "contractName": "DungeonCoreBeta",
          "methodName": "_challengePart2",
          "argTypes": [ "uint256", "uint256" ]
        }
      ],
      "exp": "((rewards * masterRewardsPercent) / 100)",
      "status": "proven"
    },
    {
      "no": "75",
      "kind": "DZ",
      "line": 1285,
      "signatures": [
        {
          "contractName": "DungeonCoreBeta",
          "methodName": "_challengePart2",
          "argTypes": [ "uint256", "uint256" ]
        }
      ],
      "exp": "((rewards * rushTimeChallengeRewardsPercent) / 100)",
      "status": "proven"
    },
    {
      "no": "76",
      "kind": "DZ",
      "line": 1288,
      "signatures": [
        {
          "contractName": "DungeonCoreBeta",
          "methodName": "_challengePart2",
          "argTypes": [ "uint256", "uint256" ]
        }
      ],
      "exp": "((rewards * ((100 - rushTimeChallengeRewardsPercent) - masterRewardsPercent)) / 100)",
      "status": "proven"
    },
    {
      "no": "77",
      "kind": "DZ",
      "line": 1290,
      "signatures": [
        {
          "contractName": "DungeonCoreBeta",
          "methodName": "_challengePart2",
          "argTypes": [ "uint256", "uint256" ]
        }
      ],
      "exp": "((rewards * challengeRewardsPercent) / 100)",
      "status": "proven"
    },
    {
      "no": "78",
      "kind": "DZ",
      "line": 1291,
      "signatures": [
        {
          "contractName": "DungeonCoreBeta",
          "methodName": "_challengePart2",
          "argTypes": [ "uint256", "uint256" ]
        }
      ],
      "exp": "((rewards * ((100 - challengeRewardsPercent) - masterRewardsPercent)) / 100)",
      "status": "proven"
    },
    {
      "no": "79",
      "kind": "KA",
      "line": 159,
      "signatures": [
        {
          "contractName": "DungeonCoreBeta",
          "methodName": "destroy",
          "argTypes": []
        }
      ],
      "exp": "selfdestruct(owner);",
      "status": "proven"
    },
    {
      "no": "80",
      "kind": "KA",
      "line": 163,
      "signatures": [
        {
          "contractName": "DungeonCoreBeta",
          "methodName": "destroyAndSend",
          "argTypes": [ "address" ]
        }
      ],
      "exp": "selfdestruct(_recipient);",
      "status": "proven"
    },
    {
      "no": "81",
      "kind": "ETH_LEAK",
      "line": 159,
      "signatures": [
        {
          "contractName": "DungeonCoreBeta",
          "methodName": "destroy",
          "argTypes": []
        }
      ],
      "exp": "selfdestruct(owner);",
      "status": "proven"
    },
    {
      "no": "82",
      "kind": "ETH_LEAK",
      "line": 163,
      "signatures": [
        {
          "contractName": "DungeonCoreBeta",
          "methodName": "destroyAndSend",
          "argTypes": [ "address" ]
        }
      ],
      "exp": "selfdestruct(_recipient);",
      "status": "proven"
    },
    {
      "no": "83",
      "kind": "ETH_LEAK",
      "line": 240,
      "signatures": [
        {
          "contractName": "DungeonCoreBeta",
          "methodName": "withdrawPayments",
          "argTypes": []
        }
      ],
      "exp": "payee.send(payment)",
      "status": "unproven"
    }
  ]
}