{
  "fileName": "Benchmarks/Study_SamplesSet/845b7f66cc76ff0cca29e747a67e6ed7.sol",
  "baseName": "845b7f66cc76ff0cca29e747a67e6ed7.sol",
  "iter": 29,
  "time": "318.222885",
  "errMsg": null,
  "result": [
    {
      "no": "1",
      "kind": "IO",
      "line": 13,
      "signatures": [
        {
          "contractName": "CollectibleToken",
          "methodName": "_payoutMining",
          "argTypes": [ "uint256", "address" ]
        },
        {
          "contractName": "CollectibleToken",
          "methodName": "_payoutMining",
          "argTypes": [ "uint256", "address", "address" ]
        },
        {
          "contractName": "CollectibleToken",
          "methodName": "getCollectibleWithMeta",
          "argTypes": [ "uint256" ]
        },
        {
          "contractName": "CollectibleToken",
          "methodName": "getMiningMeta",
          "argTypes": [ "uint256" ]
        },
        {
          "contractName": "CollectibleToken",
          "methodName": "getNextPrice",
          "argTypes": [ "uint256" ]
        },
        {
          "contractName": "CollectibleToken",
          "methodName": "levelUpMining",
          "argTypes": [ "uint256" ]
        },
        {
          "contractName": "CollectibleToken",
          "methodName": "purchase",
          "argTypes": [ "uint256" ]
        },
        {
          "contractName": "CollectibleToken",
          "methodName": "upgradeMining",
          "argTypes": [ "uint256", "uint256" ]
        }
      ],
      "exp": "(a * b)",
      "status": "unproven"
    },
    {
      "no": "2",
      "kind": "IO",
      "line": 33,
      "signatures": [
        {
          "contractName": "CollectibleToken",
          "methodName": "_payoutMining",
          "argTypes": [ "uint256", "address" ]
        },
        {
          "contractName": "CollectibleToken",
          "methodName": "_payoutMining",
          "argTypes": [ "uint256", "address", "address" ]
        },
        {
          "contractName": "CollectibleToken",
          "methodName": "getCollectibleWithMeta",
          "argTypes": [ "uint256" ]
        },
        {
          "contractName": "CollectibleToken",
          "methodName": "getMiningMeta",
          "argTypes": [ "uint256" ]
        },
        {
          "contractName": "CollectibleToken",
          "methodName": "levelUpMining",
          "argTypes": [ "uint256" ]
        },
        {
          "contractName": "CollectibleToken",
          "methodName": "purchase",
          "argTypes": [ "uint256" ]
        }
      ],
      "exp": "(a - b)",
      "status": "proven"
    },
    {
      "no": "3",
      "kind": "IO",
      "line": 40,
      "signatures": [
        {
          "contractName": "CollectibleToken",
          "methodName": "_payoutMining",
          "argTypes": [ "uint256", "address" ]
        },
        {
          "contractName": "CollectibleToken",
          "methodName": "_payoutMining",
          "argTypes": [ "uint256", "address", "address" ]
        },
        {
          "contractName": "CollectibleToken",
          "methodName": "tokenBalanceOf",
          "argTypes": [ "address" ]
        }
      ],
      "exp": "(a + b)",
      "status": "unproven"
    },
    {
      "no": "4",
      "kind": "IO",
      "line": 123,
      "signatures": [
        {
          "contractName": "CollectibleToken",
          "methodName": "CollectibleToken",
          "argTypes": []
        }
      ],
      "exp": "((2 ** 256) - 1)",
      "status": "proven"
    },
    {
      "no": "5",
      "kind": "IO",
      "line": 123,
      "signatures": [
        {
          "contractName": "CollectibleToken",
          "methodName": "CollectibleToken",
          "argTypes": []
        }
      ],
      "exp": "(2 ** 256)",
      "status": "unproven"
    },
    {
      "no": "6",
      "kind": "IO",
      "line": 146,
      "signatures": [
        {
          "contractName": "CollectibleToken",
          "methodName": "transfer",
          "argTypes": [ "address", "uint256" ]
        }
      ],
      "exp": "(balances[msg.sender] - _value)",
      "status": "proven"
    },
    {
      "no": "7",
      "kind": "IO",
      "line": 147,
      "signatures": [
        {
          "contractName": "CollectibleToken",
          "methodName": "transfer",
          "argTypes": [ "address", "uint256" ]
        }
      ],
      "exp": "(balances[_to] + _value)",
      "status": "unproven"
    },
    {
      "no": "8",
      "kind": "IO",
      "line": 155,
      "signatures": [
        {
          "contractName": "CollectibleToken",
          "methodName": "transferFrom",
          "argTypes": [ "address", "address", "uint256" ]
        }
      ],
      "exp": "(balances[_to] + _value)",
      "status": "unproven"
    },
    {
      "no": "9",
      "kind": "IO",
      "line": 156,
      "signatures": [
        {
          "contractName": "CollectibleToken",
          "methodName": "transferFrom",
          "argTypes": [ "address", "address", "uint256" ]
        }
      ],
      "exp": "(balances[_from] - _value)",
      "status": "unproven"
    },
    {
      "no": "10",
      "kind": "IO",
      "line": 158,
      "signatures": [
        {
          "contractName": "CollectibleToken",
          "methodName": "transferFrom",
          "argTypes": [ "address", "address", "uint256" ]
        }
      ],
      "exp": "(allowed[_from][msg.sender] - _value)",
      "status": "proven"
    },
    {
      "no": "11",
      "kind": "IO",
      "line": 398,
      "signatures": [
        {
          "contractName": "CollectibleToken",
          "methodName": "tokenBalanceOf",
          "argTypes": [ "address" ]
        }
      ],
      "exp": "(tokenIndex + 1)",
      "status": "proven"
    },
    {
      "no": "12",
      "kind": "IO",
      "line": 440,
      "signatures": [
        {
          "contractName": "CollectibleToken",
          "methodName": "tokensOfOwner",
          "argTypes": [ "address" ]
        }
      ],
      "exp": "(tokenIndex + 1)",
      "status": "proven"
    },
    {
      "no": "13",
      "kind": "IO",
      "line": 595,
      "signatures": [
        {
          "contractName": "CollectibleToken",
          "methodName": "upgradeMining",
          "argTypes": [ "uint256", "uint256" ]
        }
      ],
      "exp": "(balances[msg.sender] - coins)",
      "status": "proven"
    },
    {
      "no": "14",
      "kind": "IO",
      "line": 596,
      "signatures": [
        {
          "contractName": "CollectibleToken",
          "methodName": "upgradeMining",
          "argTypes": [ "uint256", "uint256" ]
        }
      ],
      "exp": "(miningPushed[tokenId] + coins)",
      "status": "unproven"
    },
    {
      "no": "15",
      "kind": "IO",
      "line": 646,
      "signatures": [
        {
          "contractName": "CollectibleToken",
          "methodName": "getCostToNextLevel",
          "argTypes": [ "uint256" ]
        },
        {
          "contractName": "CollectibleToken",
          "methodName": "levelUpMining",
          "argTypes": [ "uint256" ]
        }
      ],
      "exp": "(miningNextLevelBreak[tokenId] - miningPushed[tokenId])",
      "status": "unproven"
    },
    {
      "no": "16",
      "kind": "IO",
      "line": 702,
      "signatures": [
        {
          "contractName": "CollectibleToken",
          "methodName": "createPromoCollectiblesWithMining",
          "argTypes": [
            "uint256[]", "address[]", "uint256[]", "uint256[]", "uint256[]",
            "uint256[]"
          ]
        }
      ],
      "exp": "(i + 1)",
      "status": "proven"
    },
    {
      "no": "17",
      "kind": "DZ",
      "line": 14,
      "signatures": [
        {
          "contractName": "CollectibleToken",
          "methodName": "_payoutMining",
          "argTypes": [ "uint256", "address" ]
        },
        {
          "contractName": "CollectibleToken",
          "methodName": "_payoutMining",
          "argTypes": [ "uint256", "address", "address" ]
        },
        {
          "contractName": "CollectibleToken",
          "methodName": "getCollectibleWithMeta",
          "argTypes": [ "uint256" ]
        },
        {
          "contractName": "CollectibleToken",
          "methodName": "getMiningMeta",
          "argTypes": [ "uint256" ]
        },
        {
          "contractName": "CollectibleToken",
          "methodName": "getNextPrice",
          "argTypes": [ "uint256" ]
        },
        {
          "contractName": "CollectibleToken",
          "methodName": "levelUpMining",
          "argTypes": [ "uint256" ]
        },
        {
          "contractName": "CollectibleToken",
          "methodName": "purchase",
          "argTypes": [ "uint256" ]
        },
        {
          "contractName": "CollectibleToken",
          "methodName": "upgradeMining",
          "argTypes": [ "uint256", "uint256" ]
        }
      ],
      "exp": "(c / a)",
      "status": "proven"
    },
    {
      "no": "18",
      "kind": "DZ",
      "line": 23,
      "signatures": [
        {
          "contractName": "CollectibleToken",
          "methodName": "_payoutMining",
          "argTypes": [ "uint256", "address", "address" ]
        },
        {
          "contractName": "CollectibleToken",
          "methodName": "getNextPrice",
          "argTypes": [ "uint256" ]
        },
        {
          "contractName": "CollectibleToken",
          "methodName": "levelUpMining",
          "argTypes": [ "uint256" ]
        },
        {
          "contractName": "CollectibleToken",
          "methodName": "purchase",
          "argTypes": [ "uint256" ]
        },
        {
          "contractName": "CollectibleToken",
          "methodName": "upgradeMining",
          "argTypes": [ "uint256", "uint256" ]
        }
      ],
      "exp": "(a / b)",
      "status": "proven"
    },
    {
      "no": "19",
      "kind": "ETH_LEAK",
      "line": 198,
      "signatures": [
        {
          "contractName": "CollectibleToken",
          "methodName": "payout",
          "argTypes": [ "address" ]
        },
        {
          "contractName": "CollectibleToken",
          "methodName": "payout",
          "argTypes": [ "address", "uint256" ]
        }
      ],
      "exp": "ceoAddress.transfer(amount);",
      "status": "unproven"
    },
    {
      "no": "20",
      "kind": "ETH_LEAK",
      "line": 200,
      "signatures": [
        {
          "contractName": "CollectibleToken",
          "methodName": "payout",
          "argTypes": [ "address" ]
        },
        {
          "contractName": "CollectibleToken",
          "methodName": "payout",
          "argTypes": [ "address", "uint256" ]
        }
      ],
      "exp": "_to.transfer(amount);",
      "status": "unproven"
    },
    {
      "no": "21",
      "kind": "ETH_LEAK",
      "line": 541,
      "signatures": [
        {
          "contractName": "CollectibleToken",
          "methodName": "purchase",
          "argTypes": [ "uint256" ]
        }
      ],
      "exp": "oldOwner.transfer(payment);",
      "status": "unproven"
    },
    {
      "no": "22",
      "kind": "ETH_LEAK",
      "line": 551,
      "signatures": [
        {
          "contractName": "CollectibleToken",
          "methodName": "purchase",
          "argTypes": [ "uint256" ]
        }
      ],
      "exp": "tokenIndexToOwner[MASTER_TOKEN_ID].transfer(feeOnce);",
      "status": "unproven"
    },
    {
      "no": "23",
      "kind": "ETH_LEAK",
      "line": 555,
      "signatures": [
        {
          "contractName": "CollectibleToken",
          "methodName": "purchase",
          "argTypes": [ "uint256" ]
        }
      ],
      "exp": "msg.sender.transfer(purchaseExcess);",
      "status": "unproven"
    }
  ]
}