{
  "fileName": "Benchmarks/Study_SamplesSet/8cbfd6c3c06ade329197f2cbe8060738.sol",
  "baseName": "8cbfd6c3c06ade329197f2cbe8060738.sol",
  "iter": 1,
  "time": "2415.95588",
  "errMsg": null,
  "result": [
    {
      "no": "1",
      "kind": "IO",
      "line": 8,
      "signatures": [
        {
          "contractName": "MallcoinCrowdSale",
          "methodName": "buyTokens",
          "argTypes": [ "address" ]
        },
        {
          "contractName": "MallcoinCrowdSale",
          "methodName": "buyTokensByAtes",
          "argTypes": [ "address", "uint256", "string" ]
        },
        {
          "contractName": "MallcoinCrowdSale",
          "methodName": "finishCrowdSale",
          "argTypes": []
        },
        {
          "contractName": "MallcoinCrowdSale",
          "methodName": "getIcoBonusRate",
          "argTypes": []
        },
        {
          "contractName": "MallcoinCrowdSale",
          "methodName": "getPreIcoBonusRate",
          "argTypes": []
        }
      ],
      "exp": "(a * b)",
      "status": "unproven"
    },
    {
      "no": "2",
      "kind": "IO",
      "line": 24,
      "signatures": [
        {
          "contractName": "MallcoinCrowdSale",
          "methodName": "buyTokens",
          "argTypes": [ "address" ]
        },
        {
          "contractName": "MallcoinCrowdSale",
          "methodName": "buyTokensByAtes",
          "argTypes": [ "address", "uint256", "string" ]
        },
        {
          "contractName": "MallcoinCrowdSale",
          "methodName": "finishCrowdSale",
          "argTypes": []
        },
        {
          "contractName": "MallcoinCrowdSale",
          "methodName": "getIcoBonusRate",
          "argTypes": []
        },
        {
          "contractName": "MallcoinCrowdSale",
          "methodName": "getPreIcoBonusRate",
          "argTypes": []
        },
        {
          "contractName": "SafeMath",
          "methodName": "add",
          "argTypes": [ "uint256", "uint256" ]
        }
      ],
      "exp": "(a + b)",
      "status": "unproven"
    },
    {
      "no": "3",
      "kind": "IO",
      "line": 312,
      "signatures": [
        {
          "contractName": "MallcoinToken",
          "methodName": "createToken",
          "argTypes": [ "address", "uint256" ]
        }
      ],
      "exp": "(totalSupply_ + _amount)",
      "status": "unproven"
    },
    {
      "no": "4",
      "kind": "IO",
      "line": 330,
      "signatures": [
        {
          "contractName": "MallcoinToken",
          "methodName": "createTokenByAtes",
          "argTypes": [ "address", "uint256", "string" ]
        }
      ],
      "exp": "(totalSupply_ + _amount)",
      "status": "unproven"
    },
    {
      "no": "5",
      "kind": "IO",
      "line": 356,
      "signatures": [
        {
          "contractName": "MallcoinCrowdSale",
          "methodName": "MallcoinCrowdSale",
          "argTypes": []
        }
      ],
      "exp": "(3000 * 1000000000000000000)",
      "status": "proven"
    },
    {
      "no": "6",
      "kind": "IO",
      "line": 357,
      "signatures": [
        {
          "contractName": "MallcoinCrowdSale",
          "methodName": "MallcoinCrowdSale",
          "argTypes": []
        }
      ],
      "exp": "(75 * 1000000000000000000)",
      "status": "proven"
    },
    {
      "no": "7",
      "kind": "IO",
      "line": 365,
      "signatures": [
        {
          "contractName": "MallcoinCrowdSale",
          "methodName": "MallcoinCrowdSale",
          "argTypes": []
        }
      ],
      "exp": "(2000 * 1000000000000000000)",
      "status": "proven"
    },
    {
      "no": "8",
      "kind": "IO",
      "line": 366,
      "signatures": [
        {
          "contractName": "MallcoinCrowdSale",
          "methodName": "MallcoinCrowdSale",
          "argTypes": []
        }
      ],
      "exp": "(50 * 1000000000000000000)",
      "status": "proven"
    },
    {
      "no": "9",
      "kind": "IO",
      "line": 373,
      "signatures": [
        {
          "contractName": "MallcoinCrowdSale",
          "methodName": "MallcoinCrowdSale",
          "argTypes": []
        }
      ],
      "exp": "(250000000 * 1000000000000000000)",
      "status": "proven"
    },
    {
      "no": "10",
      "kind": "IO",
      "line": 374,
      "signatures": [
        {
          "contractName": "MallcoinCrowdSale",
          "methodName": "MallcoinCrowdSale",
          "argTypes": []
        }
      ],
      "exp": "(185000000 * 1000000000000000000)",
      "status": "proven"
    },
    {
      "no": "11",
      "kind": "DZ",
      "line": 9,
      "signatures": [
        {
          "contractName": "MallcoinCrowdSale",
          "methodName": "buyTokens",
          "argTypes": [ "address" ]
        },
        {
          "contractName": "MallcoinCrowdSale",
          "methodName": "buyTokensByAtes",
          "argTypes": [ "address", "uint256", "string" ]
        },
        {
          "contractName": "MallcoinCrowdSale",
          "methodName": "finishCrowdSale",
          "argTypes": []
        },
        {
          "contractName": "MallcoinCrowdSale",
          "methodName": "getIcoBonusRate",
          "argTypes": []
        },
        {
          "contractName": "MallcoinCrowdSale",
          "methodName": "getPreIcoBonusRate",
          "argTypes": []
        }
      ],
      "exp": "(c / a)",
      "status": "proven"
    },
    {
      "no": "12",
      "kind": "DZ",
      "line": 14,
      "signatures": [
        {
          "contractName": "MallcoinCrowdSale",
          "methodName": "buyTokens",
          "argTypes": [ "address" ]
        },
        {
          "contractName": "MallcoinCrowdSale",
          "methodName": "buyTokensByAtes",
          "argTypes": [ "address", "uint256", "string" ]
        },
        {
          "contractName": "MallcoinCrowdSale",
          "methodName": "finishCrowdSale",
          "argTypes": []
        }
      ],
      "exp": "(a / b)",
      "status": "proven"
    },
    {
      "no": "13",
      "kind": "ETH_LEAK",
      "line": 428,
      "signatures": [
        {
          "contractName": "MallcoinCrowdSale",
          "methodName": "buyTokens",
          "argTypes": [ "address" ]
        }
      ],
      "exp": "wallet.transfer(msg.value);",
      "status": "unproven"
    },
    {
      "no": "14",
      "kind": "ETH_LEAK",
      "line": 594,
      "signatures": [
        {
          "contractName": "MallcoinCrowdSale",
          "methodName": "finishCrowdSale",
          "argTypes": []
        }
      ],
      "exp": "wallet.transfer(this.balance);",
      "status": "unproven"
    }
  ]
}