{
  "fileName": "Benchmarks/Study_SamplesSet/8e0370c2052793e0d08a87eb9e9e680f.sol",
  "baseName": "8e0370c2052793e0d08a87eb9e9e680f.sol",
  "iter": 108,
  "time": "300.989517",
  "errMsg": null,
  "result": [
    {
      "no": "1",
      "kind": "IO",
      "line": 32,
      "signatures": [
        {
          "contractName": "MilkCoinTokenCrowdsale",
          "methodName": "createTokens",
          "argTypes": []
        },
        {
          "contractName": "SafeMath",
          "methodName": "mul",
          "argTypes": [ "uint256", "uint256" ]
        }
      ],
      "exp": "(a * b)",
      "status": "unproven"
    },
    {
      "no": "2",
      "kind": "IO",
      "line": 46,
      "signatures": [
        {
          "contractName": "SafeMath",
          "methodName": "sub",
          "argTypes": [ "uint256", "uint256" ]
        }
      ],
      "exp": "(a - b)",
      "status": "proven"
    },
    {
      "no": "3",
      "kind": "IO",
      "line": 50,
      "signatures": [
        {
          "contractName": "MilkCoinTokenCrowdsale",
          "methodName": "createTokens",
          "argTypes": []
        },
        {
          "contractName": "SafeMath",
          "methodName": "add",
          "argTypes": [ "uint256", "uint256" ]
        }
      ],
      "exp": "(a + b)",
      "status": "unproven"
    },
    {
      "no": "4",
      "kind": "IO",
      "line": 348,
      "signatures": [
        {
          "contractName": "MilkCoinToken",
          "methodName": "buyBack",
          "argTypes": [ "address", "uint256" ]
        }
      ],
      "exp": "(startBuyBackDate + 31536000)",
      "status": "unproven"
    },
    {
      "no": "5",
      "kind": "IO",
      "line": 372,
      "signatures": [
        {
          "contractName": "MilkCoinToken",
          "methodName": "finishMinting",
          "argTypes": [ "uint256" ]
        }
      ],
      "exp": "(365 * 86400)",
      "status": "proven"
    },
    {
      "no": "6",
      "kind": "IO",
      "line": 372,
      "signatures": [
        {
          "contractName": "MilkCoinToken",
          "methodName": "finishMinting",
          "argTypes": [ "uint256" ]
        }
      ],
      "exp": "(startBuyBackDate + (365 * 86400))",
      "status": "unproven"
    },
    {
      "no": "7",
      "kind": "IO",
      "line": 512,
      "signatures": [
        {
          "contractName": "MilkCoinTokenCrowdsale",
          "methodName": "end",
          "argTypes": []
        }
      ],
      "exp": "(i + 1)",
      "status": "proven"
    },
    {
      "no": "8",
      "kind": "IO",
      "line": 514,
      "signatures": [
        {
          "contractName": "MilkCoinTokenCrowdsale",
          "methodName": "end",
          "argTypes": []
        }
      ],
      "exp": "(last + (milestone.periodInDays * 86400))",
      "status": "unproven"
    },
    {
      "no": "9",
      "kind": "IO",
      "line": 514,
      "signatures": [
        {
          "contractName": "MilkCoinTokenCrowdsale",
          "methodName": "end",
          "argTypes": []
        }
      ],
      "exp": "(milestone.periodInDays * 86400)",
      "status": "unproven"
    },
    {
      "no": "10",
      "kind": "IO",
      "line": 521,
      "signatures": [
        {
          "contractName": "MilkCoinTokenCrowdsale",
          "methodName": "getMilestoneBonus",
          "argTypes": []
        }
      ],
      "exp": "(i + 1)",
      "status": "proven"
    },
    {
      "no": "11",
      "kind": "IO",
      "line": 523,
      "signatures": [
        {
          "contractName": "MilkCoinTokenCrowdsale",
          "methodName": "getMilestoneBonus",
          "argTypes": []
        }
      ],
      "exp": "(milestone.periodInDays * 86400)",
      "status": "unproven"
    },
    {
      "no": "12",
      "kind": "IO",
      "line": 523,
      "signatures": [
        {
          "contractName": "MilkCoinTokenCrowdsale",
          "methodName": "getMilestoneBonus",
          "argTypes": []
        }
      ],
      "exp": "(prevTimeLimit + (milestone.periodInDays * 86400))",
      "status": "unproven"
    },
    {
      "no": "13",
      "kind": "DZ",
      "line": 33,
      "signatures": [
        {
          "contractName": "MilkCoinTokenCrowdsale",
          "methodName": "createTokens",
          "argTypes": []
        },
        {
          "contractName": "SafeMath",
          "methodName": "mul",
          "argTypes": [ "uint256", "uint256" ]
        }
      ],
      "exp": "(c / a)",
      "status": "unproven"
    },
    {
      "no": "14",
      "kind": "DZ",
      "line": 39,
      "signatures": [
        {
          "contractName": "MilkCoinTokenCrowdsale",
          "methodName": "createTokens",
          "argTypes": []
        },
        {
          "contractName": "SafeMath",
          "methodName": "div",
          "argTypes": [ "uint256", "uint256" ]
        }
      ],
      "exp": "(a / b)",
      "status": "unproven"
    },
    {
      "no": "15",
      "kind": "ETH_LEAK",
      "line": 358,
      "signatures": [
        {
          "contractName": "MilkCoinToken",
          "methodName": "buyBack",
          "argTypes": [ "address", "uint256" ]
        }
      ],
      "exp": "from.transfer(valueInWei);",
      "status": "unproven"
    },
    {
      "no": "16",
      "kind": "ETH_LEAK",
      "line": 537,
      "signatures": [
        {
          "contractName": "MilkCoinTokenCrowdsale",
          "methodName": "createTokens",
          "argTypes": []
        }
      ],
      "exp": "wallet.transfer(msg.value);",
      "status": "proven"
    }
  ]
}