{
  "fileName": "Benchmarks/Study_SamplesSet/8e768f7bdaf896917a8184857f7dda8d.sol",
  "baseName": "8e768f7bdaf896917a8184857f7dda8d.sol",
  "iter": 1,
  "time": "456.143895",
  "errMsg": null,
  "result": [
    {
      "no": "1",
      "kind": "IO",
      "line": 26,
      "signatures": [
        {
          "contractName": "Choicemining",
          "methodName": "getTokens",
          "argTypes": []
        }
      ],
      "exp": "(a * b)",
      "status": "unproven"
    },
    {
      "no": "2",
      "kind": "IO",
      "line": 46,
      "signatures": [
        {
          "contractName": "Choicemining",
          "methodName": "burn",
          "argTypes": [ "uint256" ]
        },
        {
          "contractName": "Choicemining",
          "methodName": "transfer",
          "argTypes": [ "address", "uint256" ]
        },
        {
          "contractName": "Choicemining",
          "methodName": "transferFrom",
          "argTypes": [ "address", "address", "uint256" ]
        }
      ],
      "exp": "(a - b)",
      "status": "proven"
    },
    {
      "no": "3",
      "kind": "IO",
      "line": 53,
      "signatures": [
        {
          "contractName": "Choicemining",
          "methodName": "Choicemining",
          "argTypes": []
        },
        {
          "contractName": "Choicemining",
          "methodName": "DistributeAirdrop",
          "argTypes": [ "address", "uint256" ]
        },
        {
          "contractName": "Choicemining",
          "methodName": "DistributeAirdropMultiple",
          "argTypes": [ "address[]", "uint256" ]
        },
        {
          "contractName": "Choicemining",
          "methodName": "add",
          "argTypes": [ "uint256" ]
        },
        {
          "contractName": "Choicemining",
          "methodName": "getTokens",
          "argTypes": []
        },
        {
          "contractName": "Choicemining",
          "methodName": "transfer",
          "argTypes": [ "address", "uint256" ]
        },
        {
          "contractName": "Choicemining",
          "methodName": "transferFrom",
          "argTypes": [ "address", "address", "uint256" ]
        }
      ],
      "exp": "(a + b)",
      "status": "unproven"
    },
    {
      "no": "4",
      "kind": "IO",
      "line": 90,
      "signatures": [
        {
          "contractName": "Choicemining",
          "methodName": "Choicemining",
          "argTypes": []
        }
      ],
      "exp": "(25 * 86400)",
      "status": "proven"
    },
    {
      "no": "5",
      "kind": "IO",
      "line": 90,
      "signatures": [
        {
          "contractName": "Choicemining",
          "methodName": "Choicemining",
          "argTypes": []
        }
      ],
      "exp": "(now + (25 * 86400))",
      "status": "unproven"
    },
    {
      "no": "6",
      "kind": "IO",
      "line": 91,
      "signatures": [
        {
          "contractName": "Choicemining",
          "methodName": "Choicemining",
          "argTypes": []
        }
      ],
      "exp": "(20 * 86400)",
      "status": "proven"
    },
    {
      "no": "7",
      "kind": "IO",
      "line": 91,
      "signatures": [
        {
          "contractName": "Choicemining",
          "methodName": "Choicemining",
          "argTypes": []
        }
      ],
      "exp": "(now + (20 * 86400))",
      "status": "unproven"
    },
    {
      "no": "8",
      "kind": "IO",
      "line": 92,
      "signatures": [
        {
          "contractName": "Choicemining",
          "methodName": "Choicemining",
          "argTypes": []
        }
      ],
      "exp": "(15 * 86400)",
      "status": "proven"
    },
    {
      "no": "9",
      "kind": "IO",
      "line": 92,
      "signatures": [
        {
          "contractName": "Choicemining",
          "methodName": "Choicemining",
          "argTypes": []
        }
      ],
      "exp": "(now + (15 * 86400))",
      "status": "unproven"
    },
    {
      "no": "10",
      "kind": "IO",
      "line": 177,
      "signatures": [
        {
          "contractName": "Choicemining",
          "methodName": "DistributeAirdropMultiple",
          "argTypes": [ "address[]", "uint256" ]
        }
      ],
      "exp": "(i + 1)",
      "status": "proven"
    },
    {
      "no": "11",
      "kind": "IO",
      "line": 218,
      "signatures": [
        {
          "contractName": "Choicemining",
          "methodName": "getTokens",
          "argTypes": []
        }
      ],
      "exp": "(tokens + countbonus)",
      "status": "proven"
    },
    {
      "no": "12",
      "kind": "IO",
      "line": 225,
      "signatures": [
        {
          "contractName": "Choicemining",
          "methodName": "getTokens",
          "argTypes": []
        }
      ],
      "exp": "(progress0drop + 1)",
      "status": "proven"
    },
    {
      "no": "13",
      "kind": "IO",
      "line": 253,
      "signatures": [
        {
          "contractName": "Choicemining",
          "methodName": "transfer",
          "argTypes": [ "address", "uint256" ]
        },
        {
          "contractName": "Choicemining",
          "methodName": "transferFrom",
          "argTypes": [ "address", "address", "uint256" ]
        }
      ],
      "exp": "(size + 4)",
      "status": "proven"
    },
    {
      "no": "14",
      "kind": "IO",
      "line": 257,
      "signatures": [
        {
          "contractName": "Choicemining",
          "methodName": "transfer",
          "argTypes": [ "address", "uint256" ]
        }
      ],
      "exp": "(2 * 32)",
      "status": "proven"
    },
    {
      "no": "15",
      "kind": "IO",
      "line": 268,
      "signatures": [
        {
          "contractName": "Choicemining",
          "methodName": "transferFrom",
          "argTypes": [ "address", "address", "uint256" ]
        }
      ],
      "exp": "(3 * 32)",
      "status": "proven"
    },
    {
      "no": "16",
      "kind": "DZ",
      "line": 27,
      "signatures": [
        {
          "contractName": "Choicemining",
          "methodName": "getTokens",
          "argTypes": []
        }
      ],
      "exp": "(c / a)",
      "status": "proven"
    },
    {
      "no": "17",
      "kind": "DZ",
      "line": 96,
      "signatures": [
        {
          "contractName": "Choicemining",
          "methodName": "Choicemining",
          "argTypes": []
        }
      ],
      "exp": "(1000000000000000000 / 50)",
      "status": "proven"
    },
    {
      "no": "18",
      "kind": "DZ",
      "line": 193,
      "signatures": [
        {
          "contractName": "Choicemining",
          "methodName": "getTokens",
          "argTypes": []
        }
      ],
      "exp": "(1000000000000000000 / 10)",
      "status": "proven"
    },
    {
      "no": "19",
      "kind": "DZ",
      "line": 194,
      "signatures": [
        {
          "contractName": "Choicemining",
          "methodName": "getTokens",
          "argTypes": []
        }
      ],
      "exp": "(1000000000000000000 / 2)",
      "status": "proven"
    },
    {
      "no": "20",
      "kind": "DZ",
      "line": 197,
      "signatures": [
        {
          "contractName": "Choicemining",
          "methodName": "getTokens",
          "argTypes": []
        }
      ],
      "exp": "(tokensPerEth.mul(msg.value) / 1000000000000000000)",
      "status": "proven"
    },
    {
      "no": "21",
      "kind": "ETH_LEAK",
      "line": 301,
      "signatures": [
        {
          "contractName": "Choicemining",
          "methodName": "withdrawAll",
          "argTypes": []
        }
      ],
      "exp": "owner.transfer(etherBalance);",
      "status": "unproven"
    },
    {
      "no": "22",
      "kind": "ETH_LEAK",
      "line": 306,
      "signatures": [
        {
          "contractName": "Choicemining",
          "methodName": "withdraw",
          "argTypes": [ "uint256" ]
        }
      ],
      "exp": "owner.transfer(wantAmount);",
      "status": "unproven"
    }
  ]
}