{
  "fileName": "Benchmarks/Study_SamplesSet/9372afd253b376514119fdf54487a8fd.sol",
  "baseName": "9372afd253b376514119fdf54487a8fd.sol",
  "iter": 19,
  "time": "342.821023",
  "errMsg": null,
  "result": [
    {
      "no": "1",
      "kind": "IO",
      "line": 16,
      "signatures": [
        {
          "contractName": "Moongang",
          "methodName": "Moongang",
          "argTypes": [ "uint256", "uint256", "uint256" ]
        },
        {
          "contractName": "Moongang",
          "methodName": "buy_the_tokens",
          "argTypes": []
        },
        {
          "contractName": "Moongang",
          "methodName": "change_max_amount",
          "argTypes": [ "uint256" ]
        },
        {
          "contractName": "Moongang",
          "methodName": "force_partial_refund",
          "argTypes": [ "address" ]
        },
        {
          "contractName": "Moongang",
          "methodName": "force_refund",
          "argTypes": [ "address" ]
        },
        {
          "contractName": "Moongang",
          "methodName": "partial_refund",
          "argTypes": []
        },
        {
          "contractName": "Moongang",
          "methodName": "refund",
          "argTypes": []
        },
        {
          "contractName": "Moongang",
          "methodName": "set_percent_reduction",
          "argTypes": [ "uint256" ]
        },
        {
          "contractName": "Moongang",
          "methodName": "withdraw",
          "argTypes": []
        },
        {
          "contractName": "Moongang",
          "methodName": "withdraw_bonus",
          "argTypes": []
        }
      ],
      "exp": "(a * b)",
      "status": "unproven"
    },
    {
      "no": "2",
      "kind": "IO",
      "line": 28,
      "signatures": [
        {
          "contractName": "Moongang",
          "methodName": "@fallback",
          "argTypes": []
        },
        {
          "contractName": "Moongang",
          "methodName": "buy_the_tokens",
          "argTypes": []
        },
        {
          "contractName": "Moongang",
          "methodName": "force_partial_refund",
          "argTypes": [ "address" ]
        },
        {
          "contractName": "Moongang",
          "methodName": "force_refund",
          "argTypes": [ "address" ]
        },
        {
          "contractName": "Moongang",
          "methodName": "partial_refund",
          "argTypes": []
        },
        {
          "contractName": "Moongang",
          "methodName": "refund",
          "argTypes": []
        },
        {
          "contractName": "Moongang",
          "methodName": "set_percent_reduction",
          "argTypes": [ "uint256" ]
        },
        {
          "contractName": "Moongang",
          "methodName": "withdraw",
          "argTypes": []
        },
        {
          "contractName": "Moongang",
          "methodName": "withdraw_bonus",
          "argTypes": []
        }
      ],
      "exp": "(a - b)",
      "status": "proven"
    },
    {
      "no": "3",
      "kind": "IO",
      "line": 32,
      "signatures": [
        {
          "contractName": "Moongang",
          "methodName": "@fallback",
          "argTypes": []
        },
        {
          "contractName": "Moongang",
          "methodName": "force_partial_refund",
          "argTypes": [ "address" ]
        },
        {
          "contractName": "Moongang",
          "methodName": "partial_refund",
          "argTypes": []
        }
      ],
      "exp": "(a + b)",
      "status": "unproven"
    },
    {
      "no": "4",
      "kind": "DZ",
      "line": 17,
      "signatures": [
        {
          "contractName": "Moongang",
          "methodName": "Moongang",
          "argTypes": [ "uint256", "uint256", "uint256" ]
        },
        {
          "contractName": "Moongang",
          "methodName": "buy_the_tokens",
          "argTypes": []
        },
        {
          "contractName": "Moongang",
          "methodName": "change_max_amount",
          "argTypes": [ "uint256" ]
        },
        {
          "contractName": "Moongang",
          "methodName": "force_partial_refund",
          "argTypes": [ "address" ]
        },
        {
          "contractName": "Moongang",
          "methodName": "force_refund",
          "argTypes": [ "address" ]
        },
        {
          "contractName": "Moongang",
          "methodName": "partial_refund",
          "argTypes": []
        },
        {
          "contractName": "Moongang",
          "methodName": "refund",
          "argTypes": []
        },
        {
          "contractName": "Moongang",
          "methodName": "set_percent_reduction",
          "argTypes": [ "uint256" ]
        },
        {
          "contractName": "Moongang",
          "methodName": "withdraw",
          "argTypes": []
        },
        {
          "contractName": "Moongang",
          "methodName": "withdraw_bonus",
          "argTypes": []
        }
      ],
      "exp": "(c / a)",
      "status": "proven"
    },
    {
      "no": "5",
      "kind": "DZ",
      "line": 22,
      "signatures": [
        {
          "contractName": "Moongang",
          "methodName": "@fallback",
          "argTypes": []
        },
        {
          "contractName": "Moongang",
          "methodName": "Moongang",
          "argTypes": [ "uint256", "uint256", "uint256" ]
        },
        {
          "contractName": "Moongang",
          "methodName": "buy_the_tokens",
          "argTypes": []
        },
        {
          "contractName": "Moongang",
          "methodName": "change_max_amount",
          "argTypes": [ "uint256" ]
        },
        {
          "contractName": "Moongang",
          "methodName": "force_partial_refund",
          "argTypes": [ "address" ]
        },
        {
          "contractName": "Moongang",
          "methodName": "force_refund",
          "argTypes": [ "address" ]
        },
        {
          "contractName": "Moongang",
          "methodName": "partial_refund",
          "argTypes": []
        },
        {
          "contractName": "Moongang",
          "methodName": "refund",
          "argTypes": []
        },
        {
          "contractName": "Moongang",
          "methodName": "set_percent_reduction",
          "argTypes": [ "uint256" ]
        },
        {
          "contractName": "Moongang",
          "methodName": "withdraw",
          "argTypes": []
        },
        {
          "contractName": "Moongang",
          "methodName": "withdraw_bonus",
          "argTypes": []
        }
      ],
      "exp": "(a / b)",
      "status": "unproven"
    },
    {
      "no": "6",
      "kind": "ETH_LEAK",
      "line": 126,
      "signatures": [
        {
          "contractName": "Moongang",
          "methodName": "buy_the_tokens",
          "argTypes": []
        }
      ],
      "exp": "owner.transfer(SafeMath.sub(SafeMath.sub(fees, dev_fee), audit_fee));",
      "status": "proven"
    },
    {
      "no": "7",
      "kind": "ETH_LEAK",
      "line": 127,
      "signatures": [
        {
          "contractName": "Moongang",
          "methodName": "buy_the_tokens",
          "argTypes": []
        }
      ],
      "exp": "developer.transfer(dev_fee);",
      "status": "proven"
    },
    {
      "no": "8",
      "kind": "ETH_LEAK",
      "line": 128,
      "signatures": [
        {
          "contractName": "Moongang",
          "methodName": "buy_the_tokens",
          "argTypes": []
        }
      ],
      "exp": "auditor.transfer(audit_fee);",
      "status": "proven"
    },
    {
      "no": "9",
      "kind": "ETH_LEAK",
      "line": 133,
      "signatures": [
        {
          "contractName": "Moongang",
          "methodName": "buy_the_tokens",
          "argTypes": []
        }
      ],
      "exp": "sale.transfer(contract_eth_value);",
      "status": "proven"
    },
    {
      "no": "10",
      "kind": "ETH_LEAK",
      "line": 142,
      "signatures": [
        {
          "contractName": "Moongang",
          "methodName": "force_refund",
          "argTypes": [ "address" ]
        }
      ],
      "exp": "_to_refund.transfer(eth_to_withdraw);",
      "status": "proven"
    },
    {
      "no": "11",
      "kind": "ETH_LEAK",
      "line": 157,
      "signatures": [
        {
          "contractName": "Moongang",
          "methodName": "force_partial_refund",
          "argTypes": [ "address" ]
        }
      ],
      "exp": "_to_refund.transfer(amount);",
      "status": "proven"
    },
    {
      "no": "12",
      "kind": "ETH_LEAK",
      "line": 259,
      "signatures": [
        {
          "contractName": "Moongang",
          "methodName": "refund",
          "argTypes": []
        }
      ],
      "exp": "msg.sender.transfer(eth_to_withdraw);",
      "status": "unproven"
    },
    {
      "no": "13",
      "kind": "ETH_LEAK",
      "line": 276,
      "signatures": [
        {
          "contractName": "Moongang",
          "methodName": "partial_refund",
          "argTypes": []
        }
      ],
      "exp": "msg.sender.transfer(amount);",
      "status": "unproven"
    }
  ]
}