{
  "fileName": "Benchmarks/Study_SamplesSet/93eeb3f33cca12ca238bb958e8b6a15f.sol",
  "baseName": "93eeb3f33cca12ca238bb958e8b6a15f.sol",
  "iter": 194,
  "time": "300.242293",
  "errMsg": null,
  "result": [
    {
      "no": "1",
      "kind": "IO",
      "line": 12,
      "signatures": [
        {
          "contractName": "ChannelWallet",
          "methodName": "transfer_intou10",
          "argTypes": [ "address", "uint256" ]
        }
      ],
      "exp": "(balances_intou10[msg.sender] - _value)",
      "status": "unproven"
    },
    {
      "no": "2",
      "kind": "IO",
      "line": 13,
      "signatures": [
        {
          "contractName": "ChannelWallet",
          "methodName": "transfer_intou10",
          "argTypes": [ "address", "uint256" ]
        }
      ],
      "exp": "(balances_intou10[msg.sender] - _value)",
      "status": "unproven"
    },
    {
      "no": "3",
      "kind": "IO",
      "line": 14,
      "signatures": [
        {
          "contractName": "ChannelWallet",
          "methodName": "transfer_intou10",
          "argTypes": [ "address", "uint256" ]
        }
      ],
      "exp": "(balances_intou10[_to] + _value)",
      "status": "unproven"
    },
    {
      "no": "4",
      "kind": "IO",
      "line": 21,
      "signatures": [
        {
          "contractName": "ChannelWallet",
          "methodName": "transfer_intou22",
          "argTypes": [ "address", "uint256" ]
        }
      ],
      "exp": "(balances_intou22[msg.sender] - _value)",
      "status": "unproven"
    },
    {
      "no": "5",
      "kind": "IO",
      "line": 22,
      "signatures": [
        {
          "contractName": "ChannelWallet",
          "methodName": "transfer_intou22",
          "argTypes": [ "address", "uint256" ]
        }
      ],
      "exp": "(balances_intou22[msg.sender] - _value)",
      "status": "unproven"
    },
    {
      "no": "6",
      "kind": "IO",
      "line": 23,
      "signatures": [
        {
          "contractName": "ChannelWallet",
          "methodName": "transfer_intou22",
          "argTypes": [ "address", "uint256" ]
        }
      ],
      "exp": "(balances_intou22[_to] + _value)",
      "status": "unproven"
    },
    {
      "no": "7",
      "kind": "IO",
      "line": 29,
      "signatures": [
        {
          "contractName": "ChannelWallet",
          "methodName": "bug_intou12",
          "argTypes": [ "uint8" ]
        }
      ],
      "exp": "(vundflw1 + p_intou12)",
      "status": "proven"
    },
    {
      "no": "8",
      "kind": "IO",
      "line": 35,
      "signatures": [
        {
          "contractName": "ChannelWallet",
          "methodName": "bug_intou36",
          "argTypes": [ "uint8" ]
        }
      ],
      "exp": "(vundflw1 + p_intou36)",
      "status": "proven"
    },
    {
      "no": "9",
      "kind": "IO",
      "line": 40,
      "signatures": [
        {
          "contractName": "ChannelWallet",
          "methodName": "bug_intou35",
          "argTypes": []
        }
      ],
      "exp": "(vundflw - 10)",
      "status": "unproven"
    },
    {
      "no": "10",
      "kind": "IO",
      "line": 45,
      "signatures": [
        {
          "contractName": "ChannelWallet",
          "methodName": "bug_intou40",
          "argTypes": [ "uint8" ]
        }
      ],
      "exp": "(vundflw1 + p_intou40)",
      "status": "proven"
    },
    {
      "no": "11",
      "kind": "IO",
      "line": 51,
      "signatures": [
        {
          "contractName": "ChannelWallet",
          "methodName": "increaseLockTime_intou33",
          "argTypes": [ "uint256" ]
        }
      ],
      "exp": "(lockTime_intou33[msg.sender] + _secondsToIncrease)",
      "status": "unproven"
    },
    {
      "no": "12",
      "kind": "IO",
      "line": 71,
      "signatures": [
        {
          "contractName": "ChannelWallet",
          "methodName": "increaseLockTime_intou1",
          "argTypes": [ "uint256" ]
        }
      ],
      "exp": "(lockTime_intou1[msg.sender] + _secondsToIncrease)",
      "status": "unproven"
    },
    {
      "no": "13",
      "kind": "IO",
      "line": 86,
      "signatures": [
        {
          "contractName": "ChannelWallet",
          "methodName": "transfer_undrflow2",
          "argTypes": [ "address", "uint256" ]
        }
      ],
      "exp": "(balances_intou2[msg.sender] - _value)",
      "status": "unproven"
    },
    {
      "no": "14",
      "kind": "IO",
      "line": 87,
      "signatures": [
        {
          "contractName": "ChannelWallet",
          "methodName": "transfer_undrflow2",
          "argTypes": [ "address", "uint256" ]
        }
      ],
      "exp": "(balances_intou2[msg.sender] - _value)",
      "status": "unproven"
    },
    {
      "no": "15",
      "kind": "IO",
      "line": 88,
      "signatures": [
        {
          "contractName": "ChannelWallet",
          "methodName": "transfer_undrflow2",
          "argTypes": [ "address", "uint256" ]
        }
      ],
      "exp": "(balances_intou2[_to] + _value)",
      "status": "unproven"
    },
    {
      "no": "16",
      "kind": "IO",
      "line": 99,
      "signatures": [
        {
          "contractName": "ChannelWallet",
          "methodName": "increaseLockTime_intou17",
          "argTypes": [ "uint256" ]
        }
      ],
      "exp": "(lockTime_intou17[msg.sender] + _secondsToIncrease)",
      "status": "unproven"
    },
    {
      "no": "17",
      "kind": "IO",
      "line": 132,
      "signatures": [
        {
          "contractName": "ChannelWallet",
          "methodName": "increaseLockTime_intou37",
          "argTypes": [ "uint256" ]
        }
      ],
      "exp": "(lockTime_intou37[msg.sender] + _secondsToIncrease)",
      "status": "unproven"
    },
    {
      "no": "18",
      "kind": "IO",
      "line": 146,
      "signatures": [
        {
          "contractName": "ChannelWallet",
          "methodName": "bug_intou3",
          "argTypes": []
        }
      ],
      "exp": "(vundflw - 10)",
      "status": "unproven"
    },
    {
      "no": "19",
      "kind": "IO",
      "line": 156,
      "signatures": [
        {
          "contractName": "ChannelWallet",
          "methodName": "increaseLockTime_intou9",
          "argTypes": [ "uint256" ]
        }
      ],
      "exp": "(lockTime_intou9[msg.sender] + _secondsToIncrease)",
      "status": "unproven"
    },
    {
      "no": "20",
      "kind": "IO",
      "line": 171,
      "signatures": [
        {
          "contractName": "ChannelWallet",
          "methodName": "increaseLockTime_intou25",
          "argTypes": [ "uint256" ]
        }
      ],
      "exp": "(lockTime_intou25[msg.sender] + _secondsToIncrease)",
      "status": "unproven"
    },
    {
      "no": "21",
      "kind": "IO",
      "line": 185,
      "signatures": [
        {
          "contractName": "ChannelWallet",
          "methodName": "bug_intou19",
          "argTypes": []
        }
      ],
      "exp": "(vundflw - 10)",
      "status": "unproven"
    },
    {
      "no": "22",
      "kind": "IO",
      "line": 195,
      "signatures": [
        {
          "contractName": "ChannelWallet",
          "methodName": "transfer_intou26",
          "argTypes": [ "address", "uint256" ]
        }
      ],
      "exp": "(balances_intou26[msg.sender] - _value)",
      "status": "unproven"
    },
    {
      "no": "23",
      "kind": "IO",
      "line": 196,
      "signatures": [
        {
          "contractName": "ChannelWallet",
          "methodName": "transfer_intou26",
          "argTypes": [ "address", "uint256" ]
        }
      ],
      "exp": "(balances_intou26[msg.sender] - _value)",
      "status": "unproven"
    },
    {
      "no": "24",
      "kind": "IO",
      "line": 197,
      "signatures": [
        {
          "contractName": "ChannelWallet",
          "methodName": "transfer_intou26",
          "argTypes": [ "address", "uint256" ]
        }
      ],
      "exp": "(balances_intou26[_to] + _value)",
      "status": "unproven"
    },
    {
      "no": "25",
      "kind": "IO",
      "line": 207,
      "signatures": [
        {
          "contractName": "ChannelWallet",
          "methodName": "bug_intou20",
          "argTypes": [ "uint8" ]
        }
      ],
      "exp": "(vundflw1 + p_intou20)",
      "status": "proven"
    },
    {
      "no": "26",
      "kind": "IO",
      "line": 218,
      "signatures": [
        {
          "contractName": "ChannelWallet",
          "methodName": "bug_intou32",
          "argTypes": [ "uint8" ]
        }
      ],
      "exp": "(vundflw1 + p_intou32)",
      "status": "proven"
    },
    {
      "no": "27",
      "kind": "IO",
      "line": 230,
      "signatures": [
        {
          "contractName": "ChannelWallet",
          "methodName": "transfer_intou38",
          "argTypes": [ "address", "uint256" ]
        }
      ],
      "exp": "(balances_intou38[msg.sender] - _value)",
      "status": "unproven"
    },
    {
      "no": "28",
      "kind": "IO",
      "line": 231,
      "signatures": [
        {
          "contractName": "ChannelWallet",
          "methodName": "transfer_intou38",
          "argTypes": [ "address", "uint256" ]
        }
      ],
      "exp": "(balances_intou38[msg.sender] - _value)",
      "status": "unproven"
    },
    {
      "no": "29",
      "kind": "IO",
      "line": 232,
      "signatures": [
        {
          "contractName": "ChannelWallet",
          "methodName": "transfer_intou38",
          "argTypes": [ "address", "uint256" ]
        }
      ],
      "exp": "(balances_intou38[_to] + _value)",
      "status": "unproven"
    },
    {
      "no": "30",
      "kind": "IO",
      "line": 243,
      "signatures": [
        {
          "contractName": "ChannelWallet",
          "methodName": "bug_intou4",
          "argTypes": [ "uint8" ]
        }
      ],
      "exp": "(vundflw1 + p_intou4)",
      "status": "proven"
    },
    {
      "no": "31",
      "kind": "IO",
      "line": 253,
      "signatures": [
        {
          "contractName": "ChannelWallet",
          "methodName": "bug_intou7",
          "argTypes": []
        }
      ],
      "exp": "(vundflw - 10)",
      "status": "unproven"
    },
    {
      "no": "32",
      "kind": "IO",
      "line": 261,
      "signatures": [
        {
          "contractName": "ChannelWallet",
          "methodName": "bug_intou11",
          "argTypes": []
        }
      ],
      "exp": "(vundflw - 10)",
      "status": "unproven"
    },
    {
      "no": "33",
      "kind": "IO",
      "line": 267,
      "signatures": [
        {
          "contractName": "ChannelWallet",
          "methodName": "bug_intou27",
          "argTypes": []
        }
      ],
      "exp": "(vundflw - 10)",
      "status": "unproven"
    },
    {
      "no": "34",
      "kind": "IO",
      "line": 272,
      "signatures": [
        {
          "contractName": "ChannelWallet",
          "methodName": "bug_intou31",
          "argTypes": []
        }
      ],
      "exp": "(vundflw - 10)",
      "status": "unproven"
    },
    {
      "no": "35",
      "kind": "IO",
      "line": 278,
      "signatures": [
        {
          "contractName": "ChannelWallet",
          "methodName": "increaseLockTime_intou13",
          "argTypes": [ "uint256" ]
        }
      ],
      "exp": "(lockTime_intou13[msg.sender] + _secondsToIncrease)",
      "status": "unproven"
    },
    {
      "no": "36",
      "kind": "IO",
      "line": 293,
      "signatures": [
        {
          "contractName": "ChannelWallet",
          "methodName": "bug_intou23",
          "argTypes": []
        }
      ],
      "exp": "(vundflw - 10)",
      "status": "unproven"
    },
    {
      "no": "37",
      "kind": "IO",
      "line": 303,
      "signatures": [
        {
          "contractName": "ChannelWallet",
          "methodName": "transfer_intou14",
          "argTypes": [ "address", "uint256" ]
        }
      ],
      "exp": "(balances_intou14[msg.sender] - _value)",
      "status": "unproven"
    },
    {
      "no": "38",
      "kind": "IO",
      "line": 304,
      "signatures": [
        {
          "contractName": "ChannelWallet",
          "methodName": "transfer_intou14",
          "argTypes": [ "address", "uint256" ]
        }
      ],
      "exp": "(balances_intou14[msg.sender] - _value)",
      "status": "unproven"
    },
    {
      "no": "39",
      "kind": "IO",
      "line": 305,
      "signatures": [
        {
          "contractName": "ChannelWallet",
          "methodName": "transfer_intou14",
          "argTypes": [ "address", "uint256" ]
        }
      ],
      "exp": "(balances_intou14[_to] + _value)",
      "status": "unproven"
    },
    {
      "no": "40",
      "kind": "IO",
      "line": 320,
      "signatures": [
        {
          "contractName": "ChannelWallet",
          "methodName": "transfer_intou30",
          "argTypes": [ "address", "uint256" ]
        }
      ],
      "exp": "(balances_intou30[msg.sender] - _value)",
      "status": "unproven"
    },
    {
      "no": "41",
      "kind": "IO",
      "line": 321,
      "signatures": [
        {
          "contractName": "ChannelWallet",
          "methodName": "transfer_intou30",
          "argTypes": [ "address", "uint256" ]
        }
      ],
      "exp": "(balances_intou30[msg.sender] - _value)",
      "status": "unproven"
    },
    {
      "no": "42",
      "kind": "IO",
      "line": 322,
      "signatures": [
        {
          "contractName": "ChannelWallet",
          "methodName": "transfer_intou30",
          "argTypes": [ "address", "uint256" ]
        }
      ],
      "exp": "(balances_intou30[_to] + _value)",
      "status": "unproven"
    },
    {
      "no": "43",
      "kind": "IO",
      "line": 340,
      "signatures": [
        {
          "contractName": "ChannelWallet",
          "methodName": "bug_intou8",
          "argTypes": [ "uint8" ]
        }
      ],
      "exp": "(vundflw1 + p_intou8)",
      "status": "proven"
    },
    {
      "no": "44",
      "kind": "IO",
      "line": 353,
      "signatures": [
        {
          "contractName": "ChannelWallet",
          "methodName": "bug_intou39",
          "argTypes": []
        }
      ],
      "exp": "(vundflw - 10)",
      "status": "unproven"
    },
    {
      "no": "45",
      "kind": "ETH_LEAK",
      "line": 56,
      "signatures": [
        {
          "contractName": "ChannelWallet",
          "methodName": "withdraw_intou33",
          "argTypes": []
        }
      ],
      "exp": "msg.sender.transfer(transferValue_intou33);",
      "status": "unproven"
    },
    {
      "no": "46",
      "kind": "ETH_LEAK",
      "line": 76,
      "signatures": [
        {
          "contractName": "ChannelWallet",
          "methodName": "withdraw_ovrflow1",
          "argTypes": []
        }
      ],
      "exp": "msg.sender.transfer(transferValue_intou1);",
      "status": "unproven"
    },
    {
      "no": "47",
      "kind": "ETH_LEAK",
      "line": 104,
      "signatures": [
        {
          "contractName": "ChannelWallet",
          "methodName": "withdraw_intou17",
          "argTypes": []
        }
      ],
      "exp": "msg.sender.transfer(transferValue_intou17);",
      "status": "unproven"
    },
    {
      "no": "48",
      "kind": "ETH_LEAK",
      "line": 137,
      "signatures": [
        {
          "contractName": "ChannelWallet",
          "methodName": "withdraw_intou37",
          "argTypes": []
        }
      ],
      "exp": "msg.sender.transfer(transferValue_intou37);",
      "status": "unproven"
    },
    {
      "no": "49",
      "kind": "ETH_LEAK",
      "line": 161,
      "signatures": [
        {
          "contractName": "ChannelWallet",
          "methodName": "withdraw_intou9",
          "argTypes": []
        }
      ],
      "exp": "msg.sender.transfer(transferValue_intou9);",
      "status": "unproven"
    },
    {
      "no": "50",
      "kind": "ETH_LEAK",
      "line": 176,
      "signatures": [
        {
          "contractName": "ChannelWallet",
          "methodName": "withdraw_intou25",
          "argTypes": []
        }
      ],
      "exp": "msg.sender.transfer(transferValue_intou25);",
      "status": "unproven"
    },
    {
      "no": "51",
      "kind": "ETH_LEAK",
      "line": 283,
      "signatures": [
        {
          "contractName": "ChannelWallet",
          "methodName": "withdraw_intou13",
          "argTypes": []
        }
      ],
      "exp": "msg.sender.transfer(transferValue_intou13);",
      "status": "unproven"
    }
  ]
}