{
  "fileName": "Benchmarks/Study_SamplesSet/965d1c5fdf46282f799cc3bb7e29770d.sol",
  "baseName": "965d1c5fdf46282f799cc3bb7e29770d.sol",
  "iter": 51,
  "time": "4.309913",
  "errMsg": null,
  "result": [
    {
      "no": "1",
      "kind": "IO",
      "line": 69,
      "signatures": [
        {
          "contractName": "EtheremonTransformData",
          "methodName": "AddModerator",
          "argTypes": [ "address" ]
        }
      ],
      "exp": "(totalModerators + 1)",
      "status": "unproven"
    },
    {
      "no": "2",
      "kind": "IO",
      "line": 76,
      "signatures": [
        {
          "contractName": "EtheremonTransformData",
          "methodName": "RemoveModerator",
          "argTypes": [ "address" ]
        }
      ],
      "exp": "(totalModerators - 1)",
      "status": "unproven"
    },
    {
      "no": "3",
      "kind": "IO",
      "line": 132,
      "signatures": [
        {
          "contractName": "EtheremonTransformData",
          "methodName": "addEgg",
          "argTypes": [ "uint64", "uint32", "address", "uint256" ]
        }
      ],
      "exp": "(totalEgg + 1)",
      "status": "unproven"
    }
  ]
}