{
  "fileName": "Benchmarks/Study_SamplesSet/96a6fe70d4e0d386d6582b2c3a5661c1.sol",
  "baseName": "96a6fe70d4e0d386d6582b2c3a5661c1.sol",
  "iter": 5,
  "time": "0.029565",
  "errMsg": null,
  "result": [
    {
      "no": "1",
      "kind": "IO",
      "line": 14,
      "signatures": [
        {
          "contractName": "Overflow_Add",
          "methodName": "add",
          "argTypes": [ "uint256" ]
        }
      ],
      "exp": "(balance + deposit)",
      "status": "unproven"
    }
  ]
}