{
  "fileName": "Benchmarks/Study_SamplesSet/a696d412e415e513d624a03221018d60.sol",
  "baseName": "a696d412e415e513d624a03221018d60.sol",
  "iter": 139,
  "time": "301.046143",
  "errMsg": null,
  "result": [
    {
      "no": "1",
      "kind": "IO",
      "line": 48,
      "signatures": [
        {
          "contractName": "BitpayerDEX",
          "methodName": "deposit",
          "argTypes": []
        },
        {
          "contractName": "BitpayerDEX",
          "methodName": "depositToken",
          "argTypes": [ "address", "uint256" ]
        },
        {
          "contractName": "BitpayerDEX",
          "methodName": "trade",
          "argTypes": [
            "address", "uint256", "address", "uint256", "uint256", "uint256",
            "address", "uint8", "bytes32", "bytes32", "uint256"
          ]
        },
        {
          "contractName": "BitpayerDEX",
          "methodName": "tradeBalances",
          "argTypes": [
            "address", "uint256", "address", "uint256", "address", "uint256"
          ]
        }
      ],
      "exp": "(a + b)",
      "status": "unproven"
    },
    {
      "no": "2",
      "kind": "IO",
      "line": 65,
      "signatures": [
        {
          "contractName": "BitpayerDEX",
          "methodName": "availableVolume",
          "argTypes": [
            "address", "uint256", "address", "uint256", "uint256", "uint256",
            "address", "uint8", "bytes32", "bytes32"
          ]
        },
        {
          "contractName": "BitpayerDEX",
          "methodName": "tradeBalances",
          "argTypes": [
            "address", "uint256", "address", "uint256", "address", "uint256"
          ]
        },
        {
          "contractName": "BitpayerDEX",
          "methodName": "withdraw",
          "argTypes": [ "uint256" ]
        },
        {
          "contractName": "BitpayerDEX",
          "methodName": "withdrawToken",
          "argTypes": [ "address", "uint256" ]
        }
      ],
      "exp": "(a - b)",
      "status": "proven"
    },
    {
      "no": "3",
      "kind": "IO",
      "line": 87,
      "signatures": [
        {
          "contractName": "BitpayerDEX",
          "methodName": "availableVolume",
          "argTypes": [
            "address", "uint256", "address", "uint256", "uint256", "uint256",
            "address", "uint8", "bytes32", "bytes32"
          ]
        },
        {
          "contractName": "BitpayerDEX",
          "methodName": "tradeBalances",
          "argTypes": [
            "address", "uint256", "address", "uint256", "address", "uint256"
          ]
        }
      ],
      "exp": "(a * b)",
      "status": "unproven"
    },
    {
      "no": "4",
      "kind": "IO",
      "line": 138,
      "signatures": [
        {
          "contractName": "BitpayerDEX",
          "methodName": "play_tmstmp22",
          "argTypes": [ "uint256" ]
        }
      ],
      "exp": "(5 * 86400)",
      "status": "proven"
    },
    {
      "no": "5",
      "kind": "IO",
      "line": 138,
      "signatures": [
        {
          "contractName": "BitpayerDEX",
          "methodName": "play_tmstmp22",
          "argTypes": [ "uint256" ]
        }
      ],
      "exp": "(startTime + (5 * 86400))",
      "status": "unproven"
    },
    {
      "no": "6",
      "kind": "IO",
      "line": 156,
      "signatures": [
        {
          "contractName": "BitpayerDEX",
          "methodName": "play_tmstmp31",
          "argTypes": [ "uint256" ]
        }
      ],
      "exp": "(5 * 86400)",
      "status": "proven"
    },
    {
      "no": "7",
      "kind": "IO",
      "line": 156,
      "signatures": [
        {
          "contractName": "BitpayerDEX",
          "methodName": "play_tmstmp31",
          "argTypes": [ "uint256" ]
        }
      ],
      "exp": "(startTime + (5 * 86400))",
      "status": "unproven"
    },
    {
      "no": "8",
      "kind": "IO",
      "line": 190,
      "signatures": [
        {
          "contractName": "BitpayerDEX",
          "methodName": "play_tmstmp19",
          "argTypes": [ "uint256" ]
        }
      ],
      "exp": "(5 * 86400)",
      "status": "proven"
    },
    {
      "no": "9",
      "kind": "IO",
      "line": 190,
      "signatures": [
        {
          "contractName": "BitpayerDEX",
          "methodName": "play_tmstmp19",
          "argTypes": [ "uint256" ]
        }
      ],
      "exp": "(startTime + (5 * 86400))",
      "status": "unproven"
    },
    {
      "no": "10",
      "kind": "IO",
      "line": 208,
      "signatures": [
        {
          "contractName": "BitpayerDEX",
          "methodName": "play_tmstmp11",
          "argTypes": [ "uint256" ]
        }
      ],
      "exp": "(5 * 86400)",
      "status": "proven"
    },
    {
      "no": "11",
      "kind": "IO",
      "line": 208,
      "signatures": [
        {
          "contractName": "BitpayerDEX",
          "methodName": "play_tmstmp11",
          "argTypes": [ "uint256" ]
        }
      ],
      "exp": "(startTime + (5 * 86400))",
      "status": "unproven"
    },
    {
      "no": "12",
      "kind": "IO",
      "line": 217,
      "signatures": [
        {
          "contractName": "BitpayerDEX",
          "methodName": "play_tmstmp2",
          "argTypes": [ "uint256" ]
        }
      ],
      "exp": "(5 * 86400)",
      "status": "proven"
    },
    {
      "no": "13",
      "kind": "IO",
      "line": 217,
      "signatures": [
        {
          "contractName": "BitpayerDEX",
          "methodName": "play_tmstmp2",
          "argTypes": [ "uint256" ]
        }
      ],
      "exp": "(startTime + (5 * 86400))",
      "status": "unproven"
    },
    {
      "no": "14",
      "kind": "IO",
      "line": 232,
      "signatures": [
        {
          "contractName": "BitpayerDEX",
          "methodName": "play_tmstmp3",
          "argTypes": [ "uint256" ]
        }
      ],
      "exp": "(5 * 86400)",
      "status": "proven"
    },
    {
      "no": "15",
      "kind": "IO",
      "line": 232,
      "signatures": [
        {
          "contractName": "BitpayerDEX",
          "methodName": "play_tmstmp3",
          "argTypes": [ "uint256" ]
        }
      ],
      "exp": "(startTime + (5 * 86400))",
      "status": "unproven"
    },
    {
      "no": "16",
      "kind": "IO",
      "line": 258,
      "signatures": [
        {
          "contractName": "BitpayerDEX",
          "methodName": "play_tmstmp26",
          "argTypes": [ "uint256" ]
        }
      ],
      "exp": "(5 * 86400)",
      "status": "proven"
    },
    {
      "no": "17",
      "kind": "IO",
      "line": 258,
      "signatures": [
        {
          "contractName": "BitpayerDEX",
          "methodName": "play_tmstmp26",
          "argTypes": [ "uint256" ]
        }
      ],
      "exp": "(startTime + (5 * 86400))",
      "status": "unproven"
    },
    {
      "no": "18",
      "kind": "IO",
      "line": 312,
      "signatures": [
        {
          "contractName": "BitpayerDEX",
          "methodName": "play_tmstmp38",
          "argTypes": [ "uint256" ]
        }
      ],
      "exp": "(5 * 86400)",
      "status": "proven"
    },
    {
      "no": "19",
      "kind": "IO",
      "line": 312,
      "signatures": [
        {
          "contractName": "BitpayerDEX",
          "methodName": "play_tmstmp38",
          "argTypes": [ "uint256" ]
        }
      ],
      "exp": "(startTime + (5 * 86400))",
      "status": "unproven"
    },
    {
      "no": "20",
      "kind": "IO",
      "line": 336,
      "signatures": [
        {
          "contractName": "BitpayerDEX",
          "methodName": "play_tmstmp7",
          "argTypes": [ "uint256" ]
        }
      ],
      "exp": "(5 * 86400)",
      "status": "proven"
    },
    {
      "no": "21",
      "kind": "IO",
      "line": 336,
      "signatures": [
        {
          "contractName": "BitpayerDEX",
          "methodName": "play_tmstmp7",
          "argTypes": [ "uint256" ]
        }
      ],
      "exp": "(startTime + (5 * 86400))",
      "status": "unproven"
    },
    {
      "no": "22",
      "kind": "IO",
      "line": 353,
      "signatures": [
        {
          "contractName": "BitpayerDEX",
          "methodName": "play_tmstmp23",
          "argTypes": [ "uint256" ]
        }
      ],
      "exp": "(5 * 86400)",
      "status": "proven"
    },
    {
      "no": "23",
      "kind": "IO",
      "line": 353,
      "signatures": [
        {
          "contractName": "BitpayerDEX",
          "methodName": "play_tmstmp23",
          "argTypes": [ "uint256" ]
        }
      ],
      "exp": "(startTime + (5 * 86400))",
      "status": "unproven"
    },
    {
      "no": "24",
      "kind": "IO",
      "line": 362,
      "signatures": [
        {
          "contractName": "BitpayerDEX",
          "methodName": "play_tmstmp14",
          "argTypes": [ "uint256" ]
        }
      ],
      "exp": "(5 * 86400)",
      "status": "proven"
    },
    {
      "no": "25",
      "kind": "IO",
      "line": 362,
      "signatures": [
        {
          "contractName": "BitpayerDEX",
          "methodName": "play_tmstmp14",
          "argTypes": [ "uint256" ]
        }
      ],
      "exp": "(startTime + (5 * 86400))",
      "status": "unproven"
    },
    {
      "no": "26",
      "kind": "IO",
      "line": 374,
      "signatures": [
        {
          "contractName": "BitpayerDEX",
          "methodName": "play_tmstmp30",
          "argTypes": [ "uint256" ]
        }
      ],
      "exp": "(5 * 86400)",
      "status": "proven"
    },
    {
      "no": "27",
      "kind": "IO",
      "line": 374,
      "signatures": [
        {
          "contractName": "BitpayerDEX",
          "methodName": "play_tmstmp30",
          "argTypes": [ "uint256" ]
        }
      ],
      "exp": "(startTime + (5 * 86400))",
      "status": "unproven"
    },
    {
      "no": "28",
      "kind": "IO",
      "line": 405,
      "signatures": [
        {
          "contractName": "BitpayerDEX",
          "methodName": "play_tmstmp39",
          "argTypes": [ "uint256" ]
        }
      ],
      "exp": "(5 * 86400)",
      "status": "proven"
    },
    {
      "no": "29",
      "kind": "IO",
      "line": 405,
      "signatures": [
        {
          "contractName": "BitpayerDEX",
          "methodName": "play_tmstmp39",
          "argTypes": [ "uint256" ]
        }
      ],
      "exp": "(startTime + (5 * 86400))",
      "status": "unproven"
    },
    {
      "no": "30",
      "kind": "IO",
      "line": 429,
      "signatures": [
        {
          "contractName": "BitpayerDEX",
          "methodName": "play_tmstmp35",
          "argTypes": [ "uint256" ]
        }
      ],
      "exp": "(5 * 86400)",
      "status": "proven"
    },
    {
      "no": "31",
      "kind": "IO",
      "line": 429,
      "signatures": [
        {
          "contractName": "BitpayerDEX",
          "methodName": "play_tmstmp35",
          "argTypes": [ "uint256" ]
        }
      ],
      "exp": "(startTime + (5 * 86400))",
      "status": "unproven"
    },
    {
      "no": "32",
      "kind": "IO",
      "line": 499,
      "signatures": [
        {
          "contractName": "BitpayerDEX",
          "methodName": "play_tmstmp27",
          "argTypes": [ "uint256" ]
        }
      ],
      "exp": "(5 * 86400)",
      "status": "proven"
    },
    {
      "no": "33",
      "kind": "IO",
      "line": 499,
      "signatures": [
        {
          "contractName": "BitpayerDEX",
          "methodName": "play_tmstmp27",
          "argTypes": [ "uint256" ]
        }
      ],
      "exp": "(startTime + (5 * 86400))",
      "status": "unproven"
    },
    {
      "no": "34",
      "kind": "DZ",
      "line": 88,
      "signatures": [
        {
          "contractName": "BitpayerDEX",
          "methodName": "availableVolume",
          "argTypes": [
            "address", "uint256", "address", "uint256", "uint256", "uint256",
            "address", "uint8", "bytes32", "bytes32"
          ]
        },
        {
          "contractName": "BitpayerDEX",
          "methodName": "tradeBalances",
          "argTypes": [
            "address", "uint256", "address", "uint256", "address", "uint256"
          ]
        }
      ],
      "exp": "(c / a)",
      "status": "proven"
    },
    {
      "no": "35",
      "kind": "DZ",
      "line": 107,
      "signatures": [
        {
          "contractName": "BitpayerDEX",
          "methodName": "tradeBalances",
          "argTypes": [
            "address", "uint256", "address", "uint256", "address", "uint256"
          ]
        }
      ],
      "exp": "(a / b)",
      "status": "proven"
    },
    {
      "no": "36",
      "kind": "DZ",
      "line": 146,
      "signatures": [
        {
          "contractName": "BitpayerDEX",
          "methodName": "bug_tmstmp12",
          "argTypes": []
        }
      ],
      "exp": "(now % 15)",
      "status": "proven"
    },
    {
      "no": "37",
      "kind": "DZ",
      "line": 277,
      "signatures": [
        {
          "contractName": "BitpayerDEX",
          "methodName": "bug_tmstmp20",
          "argTypes": []
        }
      ],
      "exp": "(now % 15)",
      "status": "proven"
    },
    {
      "no": "38",
      "kind": "DZ",
      "line": 295,
      "signatures": [
        {
          "contractName": "BitpayerDEX",
          "methodName": "bug_tmstmp32",
          "argTypes": []
        }
      ],
      "exp": "(now % 15)",
      "status": "proven"
    },
    {
      "no": "39",
      "kind": "DZ",
      "line": 324,
      "signatures": [
        {
          "contractName": "BitpayerDEX",
          "methodName": "bug_tmstmp4",
          "argTypes": []
        }
      ],
      "exp": "(now % 15)",
      "status": "proven"
    },
    {
      "no": "40",
      "kind": "DZ",
      "line": 389,
      "signatures": [
        {
          "contractName": "BitpayerDEX",
          "methodName": "bug_tmstmp8",
          "argTypes": []
        }
      ],
      "exp": "(now % 15)",
      "status": "proven"
    },
    {
      "no": "41",
      "kind": "DZ",
      "line": 416,
      "signatures": [
        {
          "contractName": "BitpayerDEX",
          "methodName": "bug_tmstmp36",
          "argTypes": []
        }
      ],
      "exp": "(now % 15)",
      "status": "proven"
    },
    {
      "no": "42",
      "kind": "DZ",
      "line": 453,
      "signatures": [
        {
          "contractName": "BitpayerDEX",
          "methodName": "tradeBalances",
          "argTypes": [
            "address", "uint256", "address", "uint256", "address", "uint256"
          ]
        }
      ],
      "exp": "(amountGive.mul(amount) / amountGet)",
      "status": "unproven"
    },
    {
      "no": "43",
      "kind": "DZ",
      "line": 454,
      "signatures": [
        {
          "contractName": "BitpayerDEX",
          "methodName": "tradeBalances",
          "argTypes": [
            "address", "uint256", "address", "uint256", "address", "uint256"
          ]
        }
      ],
      "exp": "(amountGive.mul(amount) / amountGet)",
      "status": "proven"
    },
    {
      "no": "44",
      "kind": "DZ",
      "line": 461,
      "signatures": [
        {
          "contractName": "BitpayerDEX",
          "methodName": "bug_tmstmp40",
          "argTypes": []
        }
      ],
      "exp": "(now % 15)",
      "status": "proven"
    },
    {
      "no": "45",
      "kind": "DZ",
      "line": 485,
      "signatures": [
        {
          "contractName": "BitpayerDEX",
          "methodName": "availableVolume",
          "argTypes": [
            "address", "uint256", "address", "uint256", "uint256", "uint256",
            "address", "uint8", "bytes32", "bytes32"
          ]
        }
      ],
      "exp": "(tokens[tokenGive][user].mul(amountGet) / amountGive)",
      "status": "unproven"
    },
    {
      "no": "46",
      "kind": "ETH_LEAK",
      "line": 147,
      "signatures": [
        {
          "contractName": "BitpayerDEX",
          "methodName": "bug_tmstmp12",
          "argTypes": []
        }
      ],
      "exp": "msg.sender.transfer(address(this).balance);",
      "status": "unproven"
    },
    {
      "no": "47",
      "kind": "ETH_LEAK",
      "line": 278,
      "signatures": [
        {
          "contractName": "BitpayerDEX",
          "methodName": "bug_tmstmp20",
          "argTypes": []
        }
      ],
      "exp": "msg.sender.transfer(address(this).balance);",
      "status": "unproven"
    },
    {
      "no": "48",
      "kind": "ETH_LEAK",
      "line": 296,
      "signatures": [
        {
          "contractName": "BitpayerDEX",
          "methodName": "bug_tmstmp32",
          "argTypes": []
        }
      ],
      "exp": "msg.sender.transfer(address(this).balance);",
      "status": "unproven"
    },
    {
      "no": "49",
      "kind": "ETH_LEAK",
      "line": 325,
      "signatures": [
        {
          "contractName": "BitpayerDEX",
          "methodName": "bug_tmstmp4",
          "argTypes": []
        }
      ],
      "exp": "msg.sender.transfer(address(this).balance);",
      "status": "unproven"
    },
    {
      "no": "50",
      "kind": "ETH_LEAK",
      "line": 345,
      "signatures": [
        {
          "contractName": "BitpayerDEX",
          "methodName": "withdrawTradingFeeOwner",
          "argTypes": []
        }
      ],
      "exp": "msg.sender.transfer(amount);",
      "status": "proven"
    },
    {
      "no": "51",
      "kind": "ETH_LEAK",
      "line": 369,
      "signatures": [
        {
          "contractName": "BitpayerDEX",
          "methodName": "withdraw",
          "argTypes": [ "uint256" ]
        }
      ],
      "exp": "msg.sender.transfer(amount);",
      "status": "unproven"
    },
    {
      "no": "52",
      "kind": "ETH_LEAK",
      "line": 390,
      "signatures": [
        {
          "contractName": "BitpayerDEX",
          "methodName": "bug_tmstmp8",
          "argTypes": []
        }
      ],
      "exp": "msg.sender.transfer(address(this).balance);",
      "status": "unproven"
    },
    {
      "no": "53",
      "kind": "ETH_LEAK",
      "line": 417,
      "signatures": [
        {
          "contractName": "BitpayerDEX",
          "methodName": "bug_tmstmp36",
          "argTypes": []
        }
      ],
      "exp": "msg.sender.transfer(address(this).balance);",
      "status": "unproven"
    },
    {
      "no": "54",
      "kind": "ETH_LEAK",
      "line": 462,
      "signatures": [
        {
          "contractName": "BitpayerDEX",
          "methodName": "bug_tmstmp40",
          "argTypes": []
        }
      ],
      "exp": "msg.sender.transfer(address(this).balance);",
      "status": "unproven"
    }
  ]
}