{
  "fileName": "Benchmarks/Study_SamplesSet/a7894705e2095db6620b50527bc43255.sol",
  "baseName": "a7894705e2095db6620b50527bc43255.sol",
  "iter": 907,
  "time": "53.202152",
  "errMsg": null,
  "result": [
    {
      "no": "1",
      "kind": "IO",
      "line": 30,
      "signatures": [
        {
          "contractName": "NoGetWageNumber",
          "methodName": "calculateWage",
          "argTypes": [ "uint256" ]
        }
      ],
      "exp": "(DailyWage * coefficient_reciprocal)",
      "status": "unproven"
    },
    {
      "no": "2",
      "kind": "IO",
      "line": 31,
      "signatures": [
        {
          "contractName": "NoGetWageNumber",
          "methodName": "calculateWage",
          "argTypes": [ "uint256" ]
        }
      ],
      "exp": "(baseWage * dayNumber)",
      "status": "unproven"
    }
  ]
}