{
  "fileName": "Benchmarks/Study_SamplesSet/a908ce1a9fd14f49aac2d54a9eea0aca.sol",
  "baseName": "a908ce1a9fd14f49aac2d54a9eea0aca.sol",
  "iter": 13,
  "time": "2.742878",
  "errMsg": null,
  "result": [
    {
      "no": "1",
      "kind": "DZ",
      "line": 21,
      "signatures": [
        {
          "contractName": "Roulette",
          "methodName": "@fallback",
          "argTypes": []
        }
      ],
      "exp": "(now % 15)",
      "status": "proven"
    },
    {
      "no": "2",
      "kind": "ETH_LEAK",
      "line": 22,
      "signatures": [
        {
          "contractName": "Roulette",
          "methodName": "@fallback",
          "argTypes": []
        }
      ],
      "exp": "msg.sender.transfer(this.balance);",
      "status": "unproven"
    }
  ]
}