{
  "fileName": "Benchmarks/Study_SamplesSet/a972f8fb1fe8d854b46bd92c83f1df55.sol",
  "baseName": "a972f8fb1fe8d854b46bd92c83f1df55.sol",
  "iter": 272,
  "time": "300.439573",
  "errMsg": null,
  "result": [
    {
      "no": "1",
      "kind": "IO",
      "line": 13,
      "signatures": [
        {
          "contractName": "AccountWallet",
          "methodName": "bug_unchk42",
          "argTypes": []
        }
      ],
      "exp": "(receivers_unchk42 + 1)",
      "status": "proven"
    },
    {
      "no": "2",
      "kind": "IO",
      "line": 264,
      "signatures": [
        {
          "contractName": "AccountWallet",
          "methodName": "bug_unchk30",
          "argTypes": []
        }
      ],
      "exp": "(receivers_unchk30 + 1)",
      "status": "proven"
    },
    {
      "no": "3",
      "kind": "ETH_LEAK",
      "line": 12,
      "signatures": [
        {
          "contractName": "AccountWallet",
          "methodName": "bug_unchk42",
          "argTypes": []
        }
      ],
      "exp": "addr_unchk42.send(42000000000000000000)",
      "status": "proven"
    },
    {
      "no": "4",
      "kind": "ETH_LEAK",
      "line": 19,
      "signatures": [
        {
          "contractName": "AccountWallet",
          "methodName": "unhandledsend_unchk2",
          "argTypes": [ "address" ]
        }
      ],
      "exp": "callee.send(5000000000000000000);",
      "status": "unproven"
    },
    {
      "no": "5",
      "kind": "ETH_LEAK",
      "line": 24,
      "signatures": [
        {
          "contractName": "AccountWallet",
          "methodName": "bug_unchk43",
          "argTypes": []
        }
      ],
      "exp": "addr_unchk43.send(10000000000000000000)",
      "status": "proven"
    },
    {
      "no": "6",
      "kind": "ETH_LEAK",
      "line": 35,
      "signatures": [
        {
          "contractName": "AccountWallet",
          "methodName": "sendToWinner_unchk44",
          "argTypes": []
        }
      ],
      "exp": "winner_unchk44.send(winAmount_unchk44);",
      "status": "proven"
    },
    {
      "no": "7",
      "kind": "ETH_LEAK",
      "line": 41,
      "signatures": [
        {
          "contractName": "AccountWallet",
          "methodName": "UncheckedExternalCall_unchk40",
          "argTypes": []
        }
      ],
      "exp": "addr_unchk40.send(2000000000000000000)",
      "status": "proven"
    },
    {
      "no": "8",
      "kind": "ETH_LEAK",
      "line": 53,
      "signatures": [
        {
          "contractName": "AccountWallet",
          "methodName": "withdrawLeftOver_unchk33",
          "argTypes": []
        }
      ],
      "exp": "msg.sender.send(address(this).balance);",
      "status": "unproven"
    },
    {
      "no": "9",
      "kind": "ETH_LEAK",
      "line": 57,
      "signatures": [
        {
          "contractName": "AccountWallet",
          "methodName": "bug_unchk27",
          "argTypes": [ "address" ]
        }
      ],
      "exp": "addr.send(42000000000000000000);",
      "status": "unproven"
    },
    {
      "no": "10",
      "kind": "ETH_LEAK",
      "line": 77,
      "signatures": [
        {
          "contractName": "AccountWallet",
          "methodName": "bug_unchk3",
          "argTypes": [ "address" ]
        }
      ],
      "exp": "addr.send(42000000000000000000);",
      "status": "unproven"
    },
    {
      "no": "11",
      "kind": "ETH_LEAK",
      "line": 87,
      "signatures": [
        {
          "contractName": "AccountWallet",
          "methodName": "withdrawLeftOver_unchk9",
          "argTypes": []
        }
      ],
      "exp": "msg.sender.send(address(this).balance);",
      "status": "unproven"
    },
    {
      "no": "12",
      "kind": "ETH_LEAK",
      "line": 122,
      "signatures": [
        {
          "contractName": "AccountWallet",
          "methodName": "bug_unchk19",
          "argTypes": []
        }
      ],
      "exp": "addr_unchk19.send(10000000000000000000)",
      "status": "proven"
    },
    {
      "no": "13",
      "kind": "ETH_LEAK",
      "line": 131,
      "signatures": [
        {
          "contractName": "AccountWallet",
          "methodName": "unhandledsend_unchk26",
          "argTypes": [ "address" ]
        }
      ],
      "exp": "callee.send(5000000000000000000);",
      "status": "unproven"
    },
    {
      "no": "14",
      "kind": "ETH_LEAK",
      "line": 144,
      "signatures": [
        {
          "contractName": "AccountWallet",
          "methodName": "sendToWinner_unchk20",
          "argTypes": []
        }
      ],
      "exp": "winner_unchk20.send(winAmount_unchk20);",
      "status": "proven"
    },
    {
      "no": "15",
      "kind": "ETH_LEAK",
      "line": 158,
      "signatures": [
        {
          "contractName": "AccountWallet",
          "methodName": "sendToWinner_unchk32",
          "argTypes": []
        }
      ],
      "exp": "winner_unchk32.send(winAmount_unchk32);",
      "status": "proven"
    },
    {
      "no": "16",
      "kind": "ETH_LEAK",
      "line": 167,
      "signatures": [
        {
          "contractName": "AccountWallet",
          "methodName": "unhandledsend_unchk38",
          "argTypes": [ "address" ]
        }
      ],
      "exp": "callee.send(5000000000000000000);",
      "status": "unproven"
    },
    {
      "no": "17",
      "kind": "ETH_LEAK",
      "line": 176,
      "signatures": [
        {
          "contractName": "AccountWallet",
          "methodName": "cash_unchk46",
          "argTypes": [ "uint256", "uint256", "address" ]
        }
      ],
      "exp": "winner_unchk46.send(subpot_unchk46);",
      "status": "unproven"
    },
    {
      "no": "18",
      "kind": "ETH_LEAK",
      "line": 188,
      "signatures": [
        {
          "contractName": "AccountWallet",
          "methodName": "UncheckedExternalCall_unchk4",
          "argTypes": []
        }
      ],
      "exp": "addr_unchk4.send(42000000000000000000)",
      "status": "proven"
    },
    {
      "no": "19",
      "kind": "ETH_LEAK",
      "line": 204,
      "signatures": [
        {
          "contractName": "AccountWallet",
          "methodName": "bug_unchk7",
          "argTypes": []
        }
      ],
      "exp": "addr_unchk7.send(10000000000000000000)",
      "status": "proven"
    },
    {
      "no": "20",
      "kind": "ETH_LEAK",
      "line": 214,
      "signatures": [
        {
          "contractName": "AccountWallet",
          "methodName": "my_func_unchk23",
          "argTypes": [ "address" ]
        }
      ],
      "exp": "dst.send(msg.value);",
      "status": "proven"
    },
    {
      "no": "21",
      "kind": "ETH_LEAK",
      "line": 223,
      "signatures": [
        {
          "contractName": "AccountWallet",
          "methodName": "unhandledsend_unchk14",
          "argTypes": [ "address" ]
        }
      ],
      "exp": "callee.send(5000000000000000000);",
      "status": "unproven"
    },
    {
      "no": "22",
      "kind": "ETH_LEAK",
      "line": 230,
      "signatures": [
        {
          "contractName": "AccountWallet",
          "methodName": "my_func_uncheck48",
          "argTypes": [ "address" ]
        }
      ],
      "exp": "dst.call.value(msg.value)(\"\");",
      "status": "proven"
    },
    {
      "no": "23",
      "kind": "ETH_LEAK",
      "line": 235,
      "signatures": [
        {
          "contractName": "AccountWallet",
          "methodName": "withdrawBal_unchk17",
          "argTypes": []
        }
      ],
      "exp": "msg.sender.send(Balances_unchk17);",
      "status": "proven"
    },
    {
      "no": "24",
      "kind": "ETH_LEAK",
      "line": 240,
      "signatures": [
        {
          "contractName": "AccountWallet",
          "methodName": "bug_unchk31",
          "argTypes": []
        }
      ],
      "exp": "addr_unchk31.send(10000000000000000000)",
      "status": "proven"
    },
    {
      "no": "25",
      "kind": "ETH_LEAK",
      "line": 248,
      "signatures": [
        {
          "contractName": "AccountWallet",
          "methodName": "withdrawLeftOver_unchk45",
          "argTypes": []
        }
      ],
      "exp": "msg.sender.send(address(this).balance);",
      "status": "unproven"
    },
    {
      "no": "26",
      "kind": "ETH_LEAK",
      "line": 263,
      "signatures": [
        {
          "contractName": "AccountWallet",
          "methodName": "bug_unchk30",
          "argTypes": []
        }
      ],
      "exp": "addr_unchk30.send(42000000000000000000)",
      "status": "proven"
    },
    {
      "no": "27",
      "kind": "ETH_LEAK",
      "line": 279,
      "signatures": [
        {
          "contractName": "AccountWallet",
          "methodName": "sendToWinner_unchk8",
          "argTypes": []
        }
      ],
      "exp": "winner_unchk8.send(winAmount_unchk8);",
      "status": "proven"
    },
    {
      "no": "28",
      "kind": "ETH_LEAK",
      "line": 293,
      "signatures": [
        {
          "contractName": "AccountWallet",
          "methodName": "bug_unchk39",
          "argTypes": [ "address" ]
        }
      ],
      "exp": "addr.send(4000000000000000000);",
      "status": "unproven"
    },
    {
      "no": "29",
      "kind": "ETH_LEAK",
      "line": 309,
      "signatures": [
        {
          "contractName": "AccountWallet",
          "methodName": "my_func_uncheck36",
          "argTypes": [ "address" ]
        }
      ],
      "exp": "dst.call.value(msg.value)(\"\");",
      "status": "proven"
    },
    {
      "no": "30",
      "kind": "ETH_LEAK",
      "line": 322,
      "signatures": [
        {
          "contractName": "AccountWallet",
          "methodName": "my_func_unchk35",
          "argTypes": [ "address" ]
        }
      ],
      "exp": "dst.send(msg.value);",
      "status": "proven"
    }
  ]
}