{
  "fileName": "Benchmarks/Study_SamplesSet/afa0520ca5e6adb796fc677c4e953438.sol",
  "baseName": "afa0520ca5e6adb796fc677c4e953438.sol",
  "iter": 7,
  "time": "0.064839",
  "errMsg": null,
  "result": [
    {
      "no": "1",
      "kind": "IO",
      "line": 19,
      "signatures": [
        {
          "contractName": "gray_badTxorigin",
          "methodName": "visitContract",
          "argTypes": []
        }
      ],
      "exp": "(visitTimes + 1)",
      "status": "unproven"
    }
  ]
}