{
  "fileName": "Benchmarks/Study_SamplesSet/b1d70f620b671dabb6f941c9c9fcecb1.sol",
  "baseName": "b1d70f620b671dabb6f941c9c9fcecb1.sol",
  "iter": 1,
  "time": "0.194661",
  "errMsg": null,
  "result": [
    {
      "no": "1",
      "kind": "ETH_LEAK",
      "line": 23,
      "signatures": [
        {
          "contractName": "gray_TimeDependce",
          "methodName": "guess",
          "argTypes": []
        }
      ],
      "exp": "msg.sender.transfer(myNumber);",
      "status": "proven"
    }
  ]
}