{
  "fileName": "Benchmarks/Study_SamplesSet/b4a97b004c986634316d15215b142f73.sol",
  "baseName": "b4a97b004c986634316d15215b142f73.sol",
  "iter": 55,
  "time": "300.267953",
  "errMsg": null,
  "result": [
    {
      "no": "1",
      "kind": "IO",
      "line": 47,
      "signatures": [
        {
          "contractName": "EthereumBlack",
          "methodName": "EthereumBlack",
          "argTypes": []
        }
      ],
      "exp": "(10 ** uint256(decimals))",
      "status": "proven"
    },
    {
      "no": "2",
      "kind": "IO",
      "line": 47,
      "signatures": [
        {
          "contractName": "EthereumBlack",
          "methodName": "EthereumBlack",
          "argTypes": []
        }
      ],
      "exp": "(1750000 * (10 ** uint256(decimals)))",
      "status": "proven"
    },
    {
      "no": "3",
      "kind": "IO",
      "line": 47,
      "signatures": [
        {
          "contractName": "EthereumBlack",
          "methodName": "EthereumBlack",
          "argTypes": []
        }
      ],
      "exp": "(totalSupply + (1750000 * (10 ** uint256(decimals))))",
      "status": "proven"
    },
    {
      "no": "4",
      "kind": "IO",
      "line": 50,
      "signatures": [
        {
          "contractName": "EthereumBlack",
          "methodName": "EthereumBlack",
          "argTypes": []
        }
      ],
      "exp": "(10 ** uint256(decimals))",
      "status": "proven"
    },
    {
      "no": "5",
      "kind": "IO",
      "line": 50,
      "signatures": [
        {
          "contractName": "EthereumBlack",
          "methodName": "EthereumBlack",
          "argTypes": []
        }
      ],
      "exp": "(1295000 * (10 ** uint256(decimals)))",
      "status": "proven"
    },
    {
      "no": "6",
      "kind": "IO",
      "line": 50,
      "signatures": [
        {
          "contractName": "EthereumBlack",
          "methodName": "EthereumBlack",
          "argTypes": []
        }
      ],
      "exp": "(totalSupply + (1295000 * (10 ** uint256(decimals))))",
      "status": "proven"
    },
    {
      "no": "7",
      "kind": "IO",
      "line": 53,
      "signatures": [
        {
          "contractName": "EthereumBlack",
          "methodName": "EthereumBlack",
          "argTypes": []
        }
      ],
      "exp": "(10 ** uint256(decimals))",
      "status": "proven"
    },
    {
      "no": "8",
      "kind": "IO",
      "line": 53,
      "signatures": [
        {
          "contractName": "EthereumBlack",
          "methodName": "EthereumBlack",
          "argTypes": []
        }
      ],
      "exp": "(280000 * (10 ** uint256(decimals)))",
      "status": "proven"
    },
    {
      "no": "9",
      "kind": "IO",
      "line": 53,
      "signatures": [
        {
          "contractName": "EthereumBlack",
          "methodName": "EthereumBlack",
          "argTypes": []
        }
      ],
      "exp": "(totalSupply + (280000 * (10 ** uint256(decimals))))",
      "status": "proven"
    },
    {
      "no": "10",
      "kind": "IO",
      "line": 56,
      "signatures": [
        {
          "contractName": "EthereumBlack",
          "methodName": "EthereumBlack",
          "argTypes": []
        }
      ],
      "exp": "(10 ** uint256(decimals))",
      "status": "proven"
    },
    {
      "no": "11",
      "kind": "IO",
      "line": 56,
      "signatures": [
        {
          "contractName": "EthereumBlack",
          "methodName": "EthereumBlack",
          "argTypes": []
        }
      ],
      "exp": "(175000 * (10 ** uint256(decimals)))",
      "status": "proven"
    },
    {
      "no": "12",
      "kind": "IO",
      "line": 56,
      "signatures": [
        {
          "contractName": "EthereumBlack",
          "methodName": "EthereumBlack",
          "argTypes": []
        }
      ],
      "exp": "(totalSupply + (175000 * (10 ** uint256(decimals))))",
      "status": "proven"
    },
    {
      "no": "13",
      "kind": "IO",
      "line": 64,
      "signatures": [
        {
          "contractName": "EthereumBlack",
          "methodName": "EthereumBlack",
          "argTypes": []
        }
      ],
      "exp": "(10 ** (uint256(decimals) - 1))",
      "status": "proven"
    },
    {
      "no": "14",
      "kind": "IO",
      "line": 64,
      "signatures": [
        {
          "contractName": "EthereumBlack",
          "methodName": "EthereumBlack",
          "argTypes": []
        }
      ],
      "exp": "(5 * (10 ** (uint256(decimals) - 1)))",
      "status": "proven"
    },
    {
      "no": "15",
      "kind": "IO",
      "line": 64,
      "signatures": [
        {
          "contractName": "EthereumBlack",
          "methodName": "EthereumBlack",
          "argTypes": []
        }
      ],
      "exp": "(uint256(decimals) - 1)",
      "status": "proven"
    },
    {
      "no": "16",
      "kind": "IO",
      "line": 65,
      "signatures": [
        {
          "contractName": "EthereumBlack",
          "methodName": "EthereumBlack",
          "argTypes": []
        }
      ],
      "exp": "(10 ** (uint256(decimals) - 1))",
      "status": "proven"
    },
    {
      "no": "17",
      "kind": "IO",
      "line": 65,
      "signatures": [
        {
          "contractName": "EthereumBlack",
          "methodName": "EthereumBlack",
          "argTypes": []
        }
      ],
      "exp": "(4 * (10 ** (uint256(decimals) - 1)))",
      "status": "proven"
    },
    {
      "no": "18",
      "kind": "IO",
      "line": 65,
      "signatures": [
        {
          "contractName": "EthereumBlack",
          "methodName": "EthereumBlack",
          "argTypes": []
        }
      ],
      "exp": "(uint256(decimals) - 1)",
      "status": "proven"
    },
    {
      "no": "19",
      "kind": "IO",
      "line": 66,
      "signatures": [
        {
          "contractName": "EthereumBlack",
          "methodName": "EthereumBlack",
          "argTypes": []
        }
      ],
      "exp": "(1 * (10 ** (uint256(decimals) - 1)))",
      "status": "proven"
    },
    {
      "no": "20",
      "kind": "IO",
      "line": 66,
      "signatures": [
        {
          "contractName": "EthereumBlack",
          "methodName": "EthereumBlack",
          "argTypes": []
        }
      ],
      "exp": "(10 ** (uint256(decimals) - 1))",
      "status": "proven"
    },
    {
      "no": "21",
      "kind": "IO",
      "line": 66,
      "signatures": [
        {
          "contractName": "EthereumBlack",
          "methodName": "EthereumBlack",
          "argTypes": []
        }
      ],
      "exp": "(uint256(decimals) - 1)",
      "status": "proven"
    },
    {
      "no": "22",
      "kind": "IO",
      "line": 71,
      "signatures": [
        {
          "contractName": "EthereumBlack",
          "methodName": "EthereumBlack",
          "argTypes": []
        }
      ],
      "exp": "(10 ** uint256(decimals))",
      "status": "proven"
    },
    {
      "no": "23",
      "kind": "IO",
      "line": 71,
      "signatures": [
        {
          "contractName": "EthereumBlack",
          "methodName": "EthereumBlack",
          "argTypes": []
        }
      ],
      "exp": "(40 * (10 ** uint256(decimals)))",
      "status": "proven"
    },
    {
      "no": "24",
      "kind": "IO",
      "line": 117,
      "signatures": [
        {
          "contractName": "EthereumBlack",
          "methodName": "amendClaim",
          "argTypes": [ "uint8", "uint8", "uint8", "uint8" ]
        }
      ],
      "exp": "(payAmountSet + feeAmountSet)",
      "status": "unproven"
    },
    {
      "no": "25",
      "kind": "IO",
      "line": 119,
      "signatures": [
        {
          "contractName": "EthereumBlack",
          "methodName": "amendClaim",
          "argTypes": [ "uint8", "uint8", "uint8", "uint8" ]
        }
      ],
      "exp": "(10 ** (uint256(decimals) - accuracy))",
      "status": "unproven"
    },
    {
      "no": "26",
      "kind": "IO",
      "line": 119,
      "signatures": [
        {
          "contractName": "EthereumBlack",
          "methodName": "amendClaim",
          "argTypes": [ "uint8", "uint8", "uint8", "uint8" ]
        }
      ],
      "exp": "(claimAmountSet * (10 ** (uint256(decimals) - accuracy)))",
      "status": "unproven"
    },
    {
      "no": "27",
      "kind": "IO",
      "line": 119,
      "signatures": [
        {
          "contractName": "EthereumBlack",
          "methodName": "amendClaim",
          "argTypes": [ "uint8", "uint8", "uint8", "uint8" ]
        }
      ],
      "exp": "(uint256(decimals) - accuracy)",
      "status": "unproven"
    },
    {
      "no": "28",
      "kind": "IO",
      "line": 120,
      "signatures": [
        {
          "contractName": "EthereumBlack",
          "methodName": "amendClaim",
          "argTypes": [ "uint8", "uint8", "uint8", "uint8" ]
        }
      ],
      "exp": "(10 ** (uint256(decimals) - accuracy))",
      "status": "unproven"
    },
    {
      "no": "29",
      "kind": "IO",
      "line": 120,
      "signatures": [
        {
          "contractName": "EthereumBlack",
          "methodName": "amendClaim",
          "argTypes": [ "uint8", "uint8", "uint8", "uint8" ]
        }
      ],
      "exp": "(payAmountSet * (10 ** (uint256(decimals) - accuracy)))",
      "status": "unproven"
    },
    {
      "no": "30",
      "kind": "IO",
      "line": 120,
      "signatures": [
        {
          "contractName": "EthereumBlack",
          "methodName": "amendClaim",
          "argTypes": [ "uint8", "uint8", "uint8", "uint8" ]
        }
      ],
      "exp": "(uint256(decimals) - accuracy)",
      "status": "unproven"
    },
    {
      "no": "31",
      "kind": "IO",
      "line": 121,
      "signatures": [
        {
          "contractName": "EthereumBlack",
          "methodName": "amendClaim",
          "argTypes": [ "uint8", "uint8", "uint8", "uint8" ]
        }
      ],
      "exp": "(10 ** (uint256(decimals) - accuracy))",
      "status": "unproven"
    },
    {
      "no": "32",
      "kind": "IO",
      "line": 121,
      "signatures": [
        {
          "contractName": "EthereumBlack",
          "methodName": "amendClaim",
          "argTypes": [ "uint8", "uint8", "uint8", "uint8" ]
        }
      ],
      "exp": "(feeAmountSet * (10 ** (uint256(decimals) - accuracy)))",
      "status": "unproven"
    },
    {
      "no": "33",
      "kind": "IO",
      "line": 121,
      "signatures": [
        {
          "contractName": "EthereumBlack",
          "methodName": "amendClaim",
          "argTypes": [ "uint8", "uint8", "uint8", "uint8" ]
        }
      ],
      "exp": "(uint256(decimals) - accuracy)",
      "status": "unproven"
    },
    {
      "no": "34",
      "kind": "IO",
      "line": 135,
      "signatures": [
        {
          "contractName": "EthereumBlack",
          "methodName": "amendRetention",
          "argTypes": [ "uint8", "uint8" ]
        }
      ],
      "exp": "(10 ** (uint256(decimals) - accuracy))",
      "status": "unproven"
    },
    {
      "no": "35",
      "kind": "IO",
      "line": 135,
      "signatures": [
        {
          "contractName": "EthereumBlack",
          "methodName": "amendRetention",
          "argTypes": [ "uint8", "uint8" ]
        }
      ],
      "exp": "(retentionSet * (10 ** (uint256(decimals) - accuracy)))",
      "status": "unproven"
    },
    {
      "no": "36",
      "kind": "IO",
      "line": 135,
      "signatures": [
        {
          "contractName": "EthereumBlack",
          "methodName": "amendRetention",
          "argTypes": [ "uint8", "uint8" ]
        }
      ],
      "exp": "(uint256(decimals) - accuracy)",
      "status": "unproven"
    },
    {
      "no": "37",
      "kind": "IO",
      "line": 196,
      "signatures": [
        {
          "contractName": "EthereumBlack",
          "methodName": "claim",
          "argTypes": [ "address", "address" ]
        }
      ],
      "exp": "(block.timestamp - claimed[msg.sender])",
      "status": "unproven"
    },
    {
      "no": "38",
      "kind": "IO",
      "line": 205,
      "signatures": [
        {
          "contractName": "EthereumBlack",
          "methodName": "claim",
          "argTypes": [ "address", "address" ]
        }
      ],
      "exp": "((balances[msg.sender] + balances[_payout]) + balances[_fee])",
      "status": "unproven"
    },
    {
      "no": "39",
      "kind": "IO",
      "line": 205,
      "signatures": [
        {
          "contractName": "EthereumBlack",
          "methodName": "claim",
          "argTypes": [ "address", "address" ]
        }
      ],
      "exp": "(balances[msg.sender] + balances[_payout])",
      "status": "unproven"
    },
    {
      "no": "40",
      "kind": "IO",
      "line": 208,
      "signatures": [
        {
          "contractName": "EthereumBlack",
          "methodName": "claim",
          "argTypes": [ "address", "address" ]
        }
      ],
      "exp": "(balances[msg.sender] - claimAmount)",
      "status": "proven"
    },
    {
      "no": "41",
      "kind": "IO",
      "line": 211,
      "signatures": [
        {
          "contractName": "EthereumBlack",
          "methodName": "claim",
          "argTypes": [ "address", "address" ]
        }
      ],
      "exp": "(balances[_payout] + payAmount)",
      "status": "unproven"
    },
    {
      "no": "42",
      "kind": "IO",
      "line": 214,
      "signatures": [
        {
          "contractName": "EthereumBlack",
          "methodName": "claim",
          "argTypes": [ "address", "address" ]
        }
      ],
      "exp": "(balances[_fee] + feeAmount)",
      "status": "unproven"
    },
    {
      "no": "43",
      "kind": "IO",
      "line": 222,
      "signatures": [
        {
          "contractName": "EthereumBlack",
          "methodName": "claim",
          "argTypes": [ "address", "address" ]
        }
      ],
      "exp": "((balances[msg.sender] + balances[_payout]) + balances[_fee])",
      "status": "unproven"
    },
    {
      "no": "44",
      "kind": "IO",
      "line": 222,
      "signatures": [
        {
          "contractName": "EthereumBlack",
          "methodName": "claim",
          "argTypes": [ "address", "address" ]
        }
      ],
      "exp": "(balances[msg.sender] + balances[_payout])",
      "status": "unproven"
    },
    {
      "no": "45",
      "kind": "IO",
      "line": 237,
      "signatures": [
        {
          "contractName": "EthereumBlack",
          "methodName": "@fallback",
          "argTypes": []
        }
      ],
      "exp": "(msg.value * 10000)",
      "status": "unproven"
    },
    {
      "no": "46",
      "kind": "IO",
      "line": 240,
      "signatures": [
        {
          "contractName": "EthereumBlack",
          "methodName": "@fallback",
          "argTypes": []
        }
      ],
      "exp": "(10 ** uint256(decimals))",
      "status": "proven"
    },
    {
      "no": "47",
      "kind": "IO",
      "line": 240,
      "signatures": [
        {
          "contractName": "EthereumBlack",
          "methodName": "@fallback",
          "argTypes": []
        }
      ],
      "exp": "(4000000 * (10 ** uint256(decimals)))",
      "status": "unproven"
    },
    {
      "no": "48",
      "kind": "IO",
      "line": 240,
      "signatures": [
        {
          "contractName": "EthereumBlack",
          "methodName": "@fallback",
          "argTypes": []
        }
      ],
      "exp": "(totalSupply + amount)",
      "status": "unproven"
    },
    {
      "no": "49",
      "kind": "IO",
      "line": 243,
      "signatures": [
        {
          "contractName": "EthereumBlack",
          "methodName": "@fallback",
          "argTypes": []
        }
      ],
      "exp": "(totalSupply + amount)",
      "status": "unproven"
    },
    {
      "no": "50",
      "kind": "IO",
      "line": 246,
      "signatures": [
        {
          "contractName": "EthereumBlack",
          "methodName": "@fallback",
          "argTypes": []
        }
      ],
      "exp": "(balances[msg.sender] + amount)",
      "status": "unproven"
    },
    {
      "no": "51",
      "kind": "IO",
      "line": 249,
      "signatures": [
        {
          "contractName": "EthereumBlack",
          "methodName": "@fallback",
          "argTypes": []
        }
      ],
      "exp": "(funds + msg.value)",
      "status": "unproven"
    },
    {
      "no": "52",
      "kind": "IO",
      "line": 261,
      "signatures": [
        {
          "contractName": "EthereumBlack",
          "methodName": "transfer",
          "argTypes": [ "address", "uint256" ]
        },
        {
          "contractName": "EthereumBlack",
          "methodName": "transferFrom",
          "argTypes": [ "address", "address", "uint256" ]
        }
      ],
      "exp": "(balances[_to] + _value)",
      "status": "unproven"
    },
    {
      "no": "53",
      "kind": "IO",
      "line": 268,
      "signatures": [
        {
          "contractName": "EthereumBlack",
          "methodName": "transfer",
          "argTypes": [ "address", "uint256" ]
        },
        {
          "contractName": "EthereumBlack",
          "methodName": "transferFrom",
          "argTypes": [ "address", "address", "uint256" ]
        }
      ],
      "exp": "(balances[_to] + _value)",
      "status": "unproven"
    },
    {
      "no": "54",
      "kind": "IO",
      "line": 270,
      "signatures": [
        {
          "contractName": "EthereumBlack",
          "methodName": "transfer",
          "argTypes": [ "address", "uint256" ]
        },
        {
          "contractName": "EthereumBlack",
          "methodName": "transferFrom",
          "argTypes": [ "address", "address", "uint256" ]
        }
      ],
      "exp": "(balances[_from] + balances[_to])",
      "status": "unproven"
    },
    {
      "no": "55",
      "kind": "IO",
      "line": 272,
      "signatures": [
        {
          "contractName": "EthereumBlack",
          "methodName": "transfer",
          "argTypes": [ "address", "uint256" ]
        },
        {
          "contractName": "EthereumBlack",
          "methodName": "transferFrom",
          "argTypes": [ "address", "address", "uint256" ]
        }
      ],
      "exp": "(balances[_from] - _value)",
      "status": "proven"
    },
    {
      "no": "56",
      "kind": "IO",
      "line": 274,
      "signatures": [
        {
          "contractName": "EthereumBlack",
          "methodName": "transfer",
          "argTypes": [ "address", "uint256" ]
        },
        {
          "contractName": "EthereumBlack",
          "methodName": "transferFrom",
          "argTypes": [ "address", "address", "uint256" ]
        }
      ],
      "exp": "(balances[_to] + _value)",
      "status": "proven"
    },
    {
      "no": "57",
      "kind": "IO",
      "line": 277,
      "signatures": [
        {
          "contractName": "EthereumBlack",
          "methodName": "transfer",
          "argTypes": [ "address", "uint256" ]
        },
        {
          "contractName": "EthereumBlack",
          "methodName": "transferFrom",
          "argTypes": [ "address", "address", "uint256" ]
        }
      ],
      "exp": "(balances[_from] + balances[_to])",
      "status": "unproven"
    },
    {
      "no": "58",
      "kind": "IO",
      "line": 289,
      "signatures": [
        {
          "contractName": "EthereumBlack",
          "methodName": "transferFrom",
          "argTypes": [ "address", "address", "uint256" ]
        }
      ],
      "exp": "(allowance[_from][msg.sender] - _value)",
      "status": "proven"
    },
    {
      "no": "59",
      "kind": "IO",
      "line": 322,
      "signatures": [
        {
          "contractName": "EthereumBlack",
          "methodName": "burn",
          "argTypes": [ "uint256" ]
        }
      ],
      "exp": "(balances[msg.sender] - _value)",
      "status": "proven"
    },
    {
      "no": "60",
      "kind": "IO",
      "line": 325,
      "signatures": [
        {
          "contractName": "EthereumBlack",
          "methodName": "burn",
          "argTypes": [ "uint256" ]
        }
      ],
      "exp": "(totalSupply - _value)",
      "status": "unproven"
    },
    {
      "no": "61",
      "kind": "IO",
      "line": 342,
      "signatures": [
        {
          "contractName": "EthereumBlack",
          "methodName": "burnFrom",
          "argTypes": [ "address", "uint256" ]
        }
      ],
      "exp": "(balances[_from] - _value)",
      "status": "proven"
    },
    {
      "no": "62",
      "kind": "IO",
      "line": 345,
      "signatures": [
        {
          "contractName": "EthereumBlack",
          "methodName": "burnFrom",
          "argTypes": [ "address", "uint256" ]
        }
      ],
      "exp": "(allowance[_from][msg.sender] - _value)",
      "status": "proven"
    },
    {
      "no": "63",
      "kind": "IO",
      "line": 348,
      "signatures": [
        {
          "contractName": "EthereumBlack",
          "methodName": "burnFrom",
          "argTypes": [ "address", "uint256" ]
        }
      ],
      "exp": "(totalSupply - _value)",
      "status": "unproven"
    },
    {
      "no": "64",
      "kind": "ETH_LEAK",
      "line": 101,
      "signatures": [
        {
          "contractName": "EthereumBlack",
          "methodName": "withdrawFunds",
          "argTypes": []
        }
      ],
      "exp": "director.transfer(this.balance);",
      "status": "proven"
    }
  ]
}