{
  "fileName": "Benchmarks/Study_SamplesSet/b9791537081b1cd34088e89ab81f3409.sol",
  "baseName": "b9791537081b1cd34088e89ab81f3409.sol",
  "iter": 216,
  "time": "300.069423",
  "errMsg": null,
  "result": [
    {
      "no": "1",
      "kind": "IO",
      "line": 10,
      "signatures": [
        {
          "contractName": "CareerOnToken",
          "methodName": "bug_intou27",
          "argTypes": []
        }
      ],
      "exp": "(vundflw - 10)",
      "status": "unproven"
    },
    {
      "no": "2",
      "kind": "IO",
      "line": 15,
      "signatures": [
        {
          "contractName": "CareerOnToken",
          "methodName": "bug_intou31",
          "argTypes": []
        }
      ],
      "exp": "(vundflw - 10)",
      "status": "unproven"
    },
    {
      "no": "3",
      "kind": "IO",
      "line": 21,
      "signatures": [
        {
          "contractName": "CareerOnToken",
          "methodName": "increaseLockTime_intou13",
          "argTypes": [ "uint256" ]
        }
      ],
      "exp": "(lockTime_intou13[msg.sender] + _secondsToIncrease)",
      "status": "unproven"
    },
    {
      "no": "4",
      "kind": "IO",
      "line": 33,
      "signatures": [
        {
          "contractName": "CareerOnToken",
          "methodName": "increaseLockTime_intou25",
          "argTypes": [ "uint256" ]
        }
      ],
      "exp": "(lockTime_intou25[msg.sender] + _secondsToIncrease)",
      "status": "unproven"
    },
    {
      "no": "5",
      "kind": "IO",
      "line": 43,
      "signatures": [
        {
          "contractName": "CareerOnToken",
          "methodName": "bug_intou19",
          "argTypes": []
        }
      ],
      "exp": "(vundflw - 10)",
      "status": "unproven"
    },
    {
      "no": "6",
      "kind": "IO",
      "line": 49,
      "signatures": [
        {
          "contractName": "CareerOnToken",
          "methodName": "transfer_intou26",
          "argTypes": [ "address", "uint256" ]
        }
      ],
      "exp": "(balances_intou26[msg.sender] - _value)",
      "status": "unproven"
    },
    {
      "no": "7",
      "kind": "IO",
      "line": 50,
      "signatures": [
        {
          "contractName": "CareerOnToken",
          "methodName": "transfer_intou26",
          "argTypes": [ "address", "uint256" ]
        }
      ],
      "exp": "(balances_intou26[msg.sender] - _value)",
      "status": "unproven"
    },
    {
      "no": "8",
      "kind": "IO",
      "line": 51,
      "signatures": [
        {
          "contractName": "CareerOnToken",
          "methodName": "transfer_intou26",
          "argTypes": [ "address", "uint256" ]
        }
      ],
      "exp": "(balances_intou26[_to] + _value)",
      "status": "unproven"
    },
    {
      "no": "9",
      "kind": "IO",
      "line": 57,
      "signatures": [
        {
          "contractName": "CareerOnToken",
          "methodName": "bug_intou20",
          "argTypes": [ "uint8" ]
        }
      ],
      "exp": "(vundflw1 + p_intou20)",
      "status": "proven"
    },
    {
      "no": "10",
      "kind": "IO",
      "line": 62,
      "signatures": [
        {
          "contractName": "CareerOnToken",
          "methodName": "bug_intou32",
          "argTypes": [ "uint8" ]
        }
      ],
      "exp": "(vundflw1 + p_intou32)",
      "status": "proven"
    },
    {
      "no": "11",
      "kind": "IO",
      "line": 68,
      "signatures": [
        {
          "contractName": "CareerOnToken",
          "methodName": "transfer_intou38",
          "argTypes": [ "address", "uint256" ]
        }
      ],
      "exp": "(balances_intou38[msg.sender] - _value)",
      "status": "unproven"
    },
    {
      "no": "12",
      "kind": "IO",
      "line": 69,
      "signatures": [
        {
          "contractName": "CareerOnToken",
          "methodName": "transfer_intou38",
          "argTypes": [ "address", "uint256" ]
        }
      ],
      "exp": "(balances_intou38[msg.sender] - _value)",
      "status": "unproven"
    },
    {
      "no": "13",
      "kind": "IO",
      "line": 70,
      "signatures": [
        {
          "contractName": "CareerOnToken",
          "methodName": "transfer_intou38",
          "argTypes": [ "address", "uint256" ]
        }
      ],
      "exp": "(balances_intou38[_to] + _value)",
      "status": "unproven"
    },
    {
      "no": "14",
      "kind": "IO",
      "line": 76,
      "signatures": [
        {
          "contractName": "CareerOnToken",
          "methodName": "bug_intou4",
          "argTypes": [ "uint8" ]
        }
      ],
      "exp": "(vundflw1 + p_intou4)",
      "status": "proven"
    },
    {
      "no": "15",
      "kind": "IO",
      "line": 83,
      "signatures": [
        {
          "contractName": "CareerOnToken",
          "methodName": "bug_intou7",
          "argTypes": []
        }
      ],
      "exp": "(vundflw - 10)",
      "status": "unproven"
    },
    {
      "no": "16",
      "kind": "IO",
      "line": 109,
      "signatures": [
        {
          "contractName": "CareerOnToken",
          "methodName": "bug_intou23",
          "argTypes": []
        }
      ],
      "exp": "(vundflw - 10)",
      "status": "unproven"
    },
    {
      "no": "17",
      "kind": "IO",
      "line": 120,
      "signatures": [
        {
          "contractName": "CareerOnToken",
          "methodName": "transfer",
          "argTypes": [ "address", "uint256" ]
        }
      ],
      "exp": "(balances[_to] + _value)",
      "status": "unproven"
    },
    {
      "no": "18",
      "kind": "IO",
      "line": 123,
      "signatures": [
        {
          "contractName": "CareerOnToken",
          "methodName": "transfer",
          "argTypes": [ "address", "uint256" ]
        }
      ],
      "exp": "(balances[msg.sender] - _value)",
      "status": "proven"
    },
    {
      "no": "19",
      "kind": "IO",
      "line": 124,
      "signatures": [
        {
          "contractName": "CareerOnToken",
          "methodName": "transfer",
          "argTypes": [ "address", "uint256" ]
        }
      ],
      "exp": "(balances[_to] + _value)",
      "status": "proven"
    },
    {
      "no": "20",
      "kind": "IO",
      "line": 135,
      "signatures": [
        {
          "contractName": "CareerOnToken",
          "methodName": "transfer_intou14",
          "argTypes": [ "address", "uint256" ]
        }
      ],
      "exp": "(balances_intou14[msg.sender] - _value)",
      "status": "unproven"
    },
    {
      "no": "21",
      "kind": "IO",
      "line": 136,
      "signatures": [
        {
          "contractName": "CareerOnToken",
          "methodName": "transfer_intou14",
          "argTypes": [ "address", "uint256" ]
        }
      ],
      "exp": "(balances_intou14[msg.sender] - _value)",
      "status": "unproven"
    },
    {
      "no": "22",
      "kind": "IO",
      "line": 137,
      "signatures": [
        {
          "contractName": "CareerOnToken",
          "methodName": "transfer_intou14",
          "argTypes": [ "address", "uint256" ]
        }
      ],
      "exp": "(balances_intou14[_to] + _value)",
      "status": "unproven"
    },
    {
      "no": "23",
      "kind": "IO",
      "line": 150,
      "signatures": [
        {
          "contractName": "CareerOnToken",
          "methodName": "transferFrom",
          "argTypes": [ "address", "address", "uint256" ]
        }
      ],
      "exp": "(balances[_to] + _value)",
      "status": "unproven"
    },
    {
      "no": "24",
      "kind": "IO",
      "line": 154,
      "signatures": [
        {
          "contractName": "CareerOnToken",
          "methodName": "transferFrom",
          "argTypes": [ "address", "address", "uint256" ]
        }
      ],
      "exp": "(balances[_to] + _value)",
      "status": "proven"
    },
    {
      "no": "25",
      "kind": "IO",
      "line": 155,
      "signatures": [
        {
          "contractName": "CareerOnToken",
          "methodName": "transferFrom",
          "argTypes": [ "address", "address", "uint256" ]
        }
      ],
      "exp": "(balances[_from] - _value)",
      "status": "unproven"
    },
    {
      "no": "26",
      "kind": "IO",
      "line": 156,
      "signatures": [
        {
          "contractName": "CareerOnToken",
          "methodName": "transferFrom",
          "argTypes": [ "address", "address", "uint256" ]
        }
      ],
      "exp": "(allowed[_from][msg.sender] - _value)",
      "status": "proven"
    },
    {
      "no": "27",
      "kind": "IO",
      "line": 167,
      "signatures": [
        {
          "contractName": "CareerOnToken",
          "methodName": "transfer_intou30",
          "argTypes": [ "address", "uint256" ]
        }
      ],
      "exp": "(balances_intou30[msg.sender] - _value)",
      "status": "unproven"
    },
    {
      "no": "28",
      "kind": "IO",
      "line": 168,
      "signatures": [
        {
          "contractName": "CareerOnToken",
          "methodName": "transfer_intou30",
          "argTypes": [ "address", "uint256" ]
        }
      ],
      "exp": "(balances_intou30[msg.sender] - _value)",
      "status": "unproven"
    },
    {
      "no": "29",
      "kind": "IO",
      "line": 169,
      "signatures": [
        {
          "contractName": "CareerOnToken",
          "methodName": "transfer_intou30",
          "argTypes": [ "address", "uint256" ]
        }
      ],
      "exp": "(balances_intou30[_to] + _value)",
      "status": "unproven"
    },
    {
      "no": "30",
      "kind": "IO",
      "line": 182,
      "signatures": [
        {
          "contractName": "CareerOnToken",
          "methodName": "bug_intou8",
          "argTypes": [ "uint8" ]
        }
      ],
      "exp": "(vundflw1 + p_intou8)",
      "status": "proven"
    },
    {
      "no": "31",
      "kind": "IO",
      "line": 193,
      "signatures": [
        {
          "contractName": "CareerOnToken",
          "methodName": "bug_intou39",
          "argTypes": []
        }
      ],
      "exp": "(vundflw - 10)",
      "status": "unproven"
    },
    {
      "no": "32",
      "kind": "IO",
      "line": 207,
      "signatures": [
        {
          "contractName": "CareerOnToken",
          "methodName": "bug_intou36",
          "argTypes": [ "uint8" ]
        }
      ],
      "exp": "(vundflw1 + p_intou36)",
      "status": "proven"
    },
    {
      "no": "33",
      "kind": "IO",
      "line": 217,
      "signatures": [
        {
          "contractName": "CareerOnToken",
          "methodName": "bug_intou35",
          "argTypes": []
        }
      ],
      "exp": "(vundflw - 10)",
      "status": "unproven"
    },
    {
      "no": "34",
      "kind": "IO",
      "line": 228,
      "signatures": [
        {
          "contractName": "CareerOnToken",
          "methodName": "bug_intou40",
          "argTypes": [ "uint8" ]
        }
      ],
      "exp": "(vundflw1 + p_intou40)",
      "status": "proven"
    },
    {
      "no": "35",
      "kind": "IO",
      "line": 238,
      "signatures": [
        {
          "contractName": "CareerOnToken",
          "methodName": "increaseLockTime_intou33",
          "argTypes": [ "uint256" ]
        }
      ],
      "exp": "(lockTime_intou33[msg.sender] + _secondsToIncrease)",
      "status": "unproven"
    },
    {
      "no": "36",
      "kind": "ETH_LEAK",
      "line": 26,
      "signatures": [
        {
          "contractName": "CareerOnToken",
          "methodName": "withdraw_intou13",
          "argTypes": []
        }
      ],
      "exp": "msg.sender.transfer(transferValue_intou13);",
      "status": "unproven"
    },
    {
      "no": "37",
      "kind": "ETH_LEAK",
      "line": 38,
      "signatures": [
        {
          "contractName": "CareerOnToken",
          "methodName": "withdraw_intou25",
          "argTypes": []
        }
      ],
      "exp": "msg.sender.transfer(transferValue_intou25);",
      "status": "unproven"
    },
    {
      "no": "38",
      "kind": "ETH_LEAK",
      "line": 243,
      "signatures": [
        {
          "contractName": "CareerOnToken",
          "methodName": "withdraw_intou33",
          "argTypes": []
        }
      ],
      "exp": "msg.sender.transfer(transferValue_intou33);",
      "status": "unproven"
    }
  ]
}