{
  "fileName": "Benchmarks/Study_SamplesSet/ba398b0756615ac6deb5f6b75e166043.sol",
  "baseName": "ba398b0756615ac6deb5f6b75e166043.sol",
  "iter": 1143,
  "time": "1977.282802",
  "errMsg": null,
  "result": [
    {
      "no": "1",
      "kind": "IO",
      "line": 10,
      "signatures": [
        {
          "contractName": "UBBCToken",
          "methodName": "increaseAllowance",
          "argTypes": [ "address", "uint256" ]
        }
      ],
      "exp": "(a + b)",
      "status": "unproven"
    },
    {
      "no": "2",
      "kind": "IO",
      "line": 17,
      "signatures": [
        {
          "contractName": "UBBCToken",
          "methodName": "decreaseAllowance",
          "argTypes": [ "address", "uint256" ]
        },
        {
          "contractName": "UBBCToken",
          "methodName": "transfer",
          "argTypes": [ "address", "uint256" ]
        },
        {
          "contractName": "UBBCToken",
          "methodName": "transferFrom",
          "argTypes": [ "address", "address", "uint256" ]
        }
      ],
      "exp": "(a - b)",
      "status": "proven"
    },
    {
      "no": "3",
      "kind": "IO",
      "line": 65,
      "signatures": [
        {
          "contractName": "UBBCToken",
          "methodName": "play_tmstmp26",
          "argTypes": [ "uint256" ]
        }
      ],
      "exp": "(5 * 86400)",
      "status": "proven"
    },
    {
      "no": "4",
      "kind": "IO",
      "line": 65,
      "signatures": [
        {
          "contractName": "UBBCToken",
          "methodName": "play_tmstmp26",
          "argTypes": [ "uint256" ]
        }
      ],
      "exp": "(startTime + (5 * 86400))",
      "status": "unproven"
    },
    {
      "no": "5",
      "kind": "IO",
      "line": 90,
      "signatures": [
        {
          "contractName": "UBBCToken",
          "methodName": "play_tmstmp38",
          "argTypes": [ "uint256" ]
        }
      ],
      "exp": "(5 * 86400)",
      "status": "proven"
    },
    {
      "no": "6",
      "kind": "IO",
      "line": 90,
      "signatures": [
        {
          "contractName": "UBBCToken",
          "methodName": "play_tmstmp38",
          "argTypes": [ "uint256" ]
        }
      ],
      "exp": "(startTime + (5 * 86400))",
      "status": "unproven"
    },
    {
      "no": "7",
      "kind": "IO",
      "line": 106,
      "signatures": [
        {
          "contractName": "UBBCToken",
          "methodName": "play_tmstmp7",
          "argTypes": [ "uint256" ]
        }
      ],
      "exp": "(5 * 86400)",
      "status": "proven"
    },
    {
      "no": "8",
      "kind": "IO",
      "line": 106,
      "signatures": [
        {
          "contractName": "UBBCToken",
          "methodName": "play_tmstmp7",
          "argTypes": [ "uint256" ]
        }
      ],
      "exp": "(startTime + (5 * 86400))",
      "status": "unproven"
    },
    {
      "no": "9",
      "kind": "IO",
      "line": 119,
      "signatures": [
        {
          "contractName": "UBBCToken",
          "methodName": "play_tmstmp23",
          "argTypes": [ "uint256" ]
        }
      ],
      "exp": "(5 * 86400)",
      "status": "proven"
    },
    {
      "no": "10",
      "kind": "IO",
      "line": 119,
      "signatures": [
        {
          "contractName": "UBBCToken",
          "methodName": "play_tmstmp23",
          "argTypes": [ "uint256" ]
        }
      ],
      "exp": "(startTime + (5 * 86400))",
      "status": "unproven"
    },
    {
      "no": "11",
      "kind": "IO",
      "line": 132,
      "signatures": [
        {
          "contractName": "UBBCToken",
          "methodName": "play_tmstmp14",
          "argTypes": [ "uint256" ]
        }
      ],
      "exp": "(5 * 86400)",
      "status": "proven"
    },
    {
      "no": "12",
      "kind": "IO",
      "line": 132,
      "signatures": [
        {
          "contractName": "UBBCToken",
          "methodName": "play_tmstmp14",
          "argTypes": [ "uint256" ]
        }
      ],
      "exp": "(startTime + (5 * 86400))",
      "status": "unproven"
    },
    {
      "no": "13",
      "kind": "IO",
      "line": 140,
      "signatures": [
        {
          "contractName": "UBBCToken",
          "methodName": "play_tmstmp30",
          "argTypes": [ "uint256" ]
        }
      ],
      "exp": "(5 * 86400)",
      "status": "proven"
    },
    {
      "no": "14",
      "kind": "IO",
      "line": 140,
      "signatures": [
        {
          "contractName": "UBBCToken",
          "methodName": "play_tmstmp30",
          "argTypes": [ "uint256" ]
        }
      ],
      "exp": "(startTime + (5 * 86400))",
      "status": "unproven"
    },
    {
      "no": "15",
      "kind": "IO",
      "line": 161,
      "signatures": [
        {
          "contractName": "UBBCToken",
          "methodName": "play_tmstmp39",
          "argTypes": [ "uint256" ]
        }
      ],
      "exp": "(5 * 86400)",
      "status": "proven"
    },
    {
      "no": "16",
      "kind": "IO",
      "line": 161,
      "signatures": [
        {
          "contractName": "UBBCToken",
          "methodName": "play_tmstmp39",
          "argTypes": [ "uint256" ]
        }
      ],
      "exp": "(startTime + (5 * 86400))",
      "status": "unproven"
    },
    {
      "no": "17",
      "kind": "IO",
      "line": 184,
      "signatures": [
        {
          "contractName": "UBBCToken",
          "methodName": "play_tmstmp35",
          "argTypes": [ "uint256" ]
        }
      ],
      "exp": "(5 * 86400)",
      "status": "proven"
    },
    {
      "no": "18",
      "kind": "IO",
      "line": 184,
      "signatures": [
        {
          "contractName": "UBBCToken",
          "methodName": "play_tmstmp35",
          "argTypes": [ "uint256" ]
        }
      ],
      "exp": "(startTime + (5 * 86400))",
      "status": "unproven"
    },
    {
      "no": "19",
      "kind": "IO",
      "line": 216,
      "signatures": [
        {
          "contractName": "UBBCToken",
          "methodName": "play_tmstmp27",
          "argTypes": [ "uint256" ]
        }
      ],
      "exp": "(5 * 86400)",
      "status": "proven"
    },
    {
      "no": "20",
      "kind": "IO",
      "line": 216,
      "signatures": [
        {
          "contractName": "UBBCToken",
          "methodName": "play_tmstmp27",
          "argTypes": [ "uint256" ]
        }
      ],
      "exp": "(startTime + (5 * 86400))",
      "status": "unproven"
    },
    {
      "no": "21",
      "kind": "IO",
      "line": 226,
      "signatures": [
        {
          "contractName": "UBBCToken",
          "methodName": "play_tmstmp31",
          "argTypes": [ "uint256" ]
        }
      ],
      "exp": "(5 * 86400)",
      "status": "proven"
    },
    {
      "no": "22",
      "kind": "IO",
      "line": 226,
      "signatures": [
        {
          "contractName": "UBBCToken",
          "methodName": "play_tmstmp31",
          "argTypes": [ "uint256" ]
        }
      ],
      "exp": "(startTime + (5 * 86400))",
      "status": "unproven"
    },
    {
      "no": "23",
      "kind": "DZ",
      "line": 73,
      "signatures": [
        {
          "contractName": "UBBCToken",
          "methodName": "bug_tmstmp20",
          "argTypes": []
        }
      ],
      "exp": "(now % 15)",
      "status": "proven"
    },
    {
      "no": "24",
      "kind": "DZ",
      "line": 83,
      "signatures": [
        {
          "contractName": "UBBCToken",
          "methodName": "bug_tmstmp32",
          "argTypes": []
        }
      ],
      "exp": "(now % 15)",
      "status": "proven"
    },
    {
      "no": "25",
      "kind": "DZ",
      "line": 98,
      "signatures": [
        {
          "contractName": "UBBCToken",
          "methodName": "bug_tmstmp4",
          "argTypes": []
        }
      ],
      "exp": "(now % 15)",
      "status": "proven"
    },
    {
      "no": "26",
      "kind": "DZ",
      "line": 150,
      "signatures": [
        {
          "contractName": "UBBCToken",
          "methodName": "bug_tmstmp8",
          "argTypes": []
        }
      ],
      "exp": "(now % 15)",
      "status": "proven"
    },
    {
      "no": "27",
      "kind": "DZ",
      "line": 172,
      "signatures": [
        {
          "contractName": "UBBCToken",
          "methodName": "bug_tmstmp36",
          "argTypes": []
        }
      ],
      "exp": "(now % 15)",
      "status": "proven"
    },
    {
      "no": "28",
      "kind": "DZ",
      "line": 195,
      "signatures": [
        {
          "contractName": "UBBCToken",
          "methodName": "bug_tmstmp40",
          "argTypes": []
        }
      ],
      "exp": "(now % 15)",
      "status": "proven"
    },
    {
      "no": "29",
      "kind": "ETH_LEAK",
      "line": 74,
      "signatures": [
        {
          "contractName": "UBBCToken",
          "methodName": "bug_tmstmp20",
          "argTypes": []
        }
      ],
      "exp": "msg.sender.transfer(address(this).balance);",
      "status": "unproven"
    },
    {
      "no": "30",
      "kind": "ETH_LEAK",
      "line": 84,
      "signatures": [
        {
          "contractName": "UBBCToken",
          "methodName": "bug_tmstmp32",
          "argTypes": []
        }
      ],
      "exp": "msg.sender.transfer(address(this).balance);",
      "status": "unproven"
    },
    {
      "no": "31",
      "kind": "ETH_LEAK",
      "line": 99,
      "signatures": [
        {
          "contractName": "UBBCToken",
          "methodName": "bug_tmstmp4",
          "argTypes": []
        }
      ],
      "exp": "msg.sender.transfer(address(this).balance);",
      "status": "unproven"
    },
    {
      "no": "32",
      "kind": "ETH_LEAK",
      "line": 151,
      "signatures": [
        {
          "contractName": "UBBCToken",
          "methodName": "bug_tmstmp8",
          "argTypes": []
        }
      ],
      "exp": "msg.sender.transfer(address(this).balance);",
      "status": "unproven"
    },
    {
      "no": "33",
      "kind": "ETH_LEAK",
      "line": 173,
      "signatures": [
        {
          "contractName": "UBBCToken",
          "methodName": "bug_tmstmp36",
          "argTypes": []
        }
      ],
      "exp": "msg.sender.transfer(address(this).balance);",
      "status": "unproven"
    },
    {
      "no": "34",
      "kind": "ETH_LEAK",
      "line": 196,
      "signatures": [
        {
          "contractName": "UBBCToken",
          "methodName": "bug_tmstmp40",
          "argTypes": []
        }
      ],
      "exp": "msg.sender.transfer(address(this).balance);",
      "status": "unproven"
    }
  ]
}