{
  "fileName": "Benchmarks/Study_SamplesSet/baae7a4f6f926a66407b30e31c8f9323.sol",
  "baseName": "baae7a4f6f926a66407b30e31c8f9323.sol",
  "iter": 8,
  "time": "0.182596",
  "errMsg": null,
  "result": [
    {
      "no": "1",
      "kind": "IO",
      "line": 19,
      "signatures": [
        {
          "contractName": "fixed_uninitStateLocalVar",
          "methodName": "giveMeMoney",
          "argTypes": []
        }
      ],
      "exp": "(_order + 1)",
      "status": "unproven"
    },
    {
      "no": "2",
      "kind": "ETH_LEAK",
      "line": 25,
      "signatures": [
        {
          "contractName": "fixed_uninitStateLocalVar",
          "methodName": "withdrawDonation",
          "argTypes": []
        }
      ],
      "exp": "payee.transfer(address(this).balance);",
      "status": "proven"
    }
  ]
}