{
  "fileName": "Benchmarks/Study_SamplesSet/bed7589271a360ef6ec93414c20636ee.sol",
  "baseName": "bed7589271a360ef6ec93414c20636ee.sol",
  "iter": 618,
  "time": "301.114035",
  "errMsg": null,
  "result": [
    {
      "no": "1",
      "kind": "IO",
      "line": 79,
      "signatures": [
        {
          "contractName": "epocum",
          "methodName": "addDelegate",
          "argTypes": [ "string" ]
        }
      ],
      "exp": "(nodes + 1)",
      "status": "unproven"
    },
    {
      "no": "2",
      "kind": "IO",
      "line": 80,
      "signatures": [
        {
          "contractName": "epocum",
          "methodName": "addDelegate",
          "argTypes": [ "string" ]
        }
      ],
      "exp": "(nodes + 1)",
      "status": "unproven"
    },
    {
      "no": "3",
      "kind": "IO",
      "line": 103,
      "signatures": [
        {
          "contractName": "epocum",
          "methodName": "NewSmartSharingContract",
          "argTypes": [
            "string", "uint256", "uint256", "string", "string", "string",
            "uint256", "string"
          ]
        }
      ],
      "exp": "(smartCount + 1)",
      "status": "unproven"
    },
    {
      "no": "4",
      "kind": "IO",
      "line": 117,
      "signatures": [
        {
          "contractName": "epocum",
          "methodName": "Accept",
          "argTypes": [ "bytes32", "string" ]
        }
      ],
      "exp": "(x + 1)",
      "status": "unproven"
    },
    {
      "no": "5",
      "kind": "IO",
      "line": 118,
      "signatures": [
        {
          "contractName": "epocum",
          "methodName": "Accept",
          "argTypes": [ "bytes32", "string" ]
        }
      ],
      "exp": "(numAcc + 1)",
      "status": "unproven"
    },
    {
      "no": "6",
      "kind": "IO",
      "line": 119,
      "signatures": [
        {
          "contractName": "epocum",
          "methodName": "Accept",
          "argTypes": [ "bytes32", "string" ]
        }
      ],
      "exp": "(numAcc4wallet + 1)",
      "status": "unproven"
    }
  ]
}