{
  "fileName": "Benchmarks/Study_SamplesSet/c08574032605abf376211fabb5906381.sol",
  "baseName": "c08574032605abf376211fabb5906381.sol",
  "iter": 1,
  "time": "0.031516",
  "errMsg": null,
  "result": [
    {
      "no": "1",
      "kind": "IO",
      "line": 25,
      "signatures": [
        {
          "contractName": "AirDropContract",
          "methodName": "transfer",
          "argTypes": [ "address", "address[]", "uint256[]" ]
        }
      ],
      "exp": "(i + 1)",
      "status": "proven"
    }
  ]
}