{
  "fileName": "Benchmarks/Study_SamplesSet/c228eaf30e8e8835e44573b39fcfd4ea.sol",
  "baseName": "c228eaf30e8e8835e44573b39fcfd4ea.sol",
  "iter": 23,
  "time": "19.972633",
  "errMsg": null,
  "result": [
    {
      "no": "1",
      "kind": "IO",
      "line": 31,
      "signatures": [
        {
          "contractName": "TokenERC20",
          "methodName": "TokenERC20",
          "argTypes": []
        }
      ],
      "exp": "(10 ** uint256(decimals))",
      "status": "proven"
    },
    {
      "no": "2",
      "kind": "IO",
      "line": 31,
      "signatures": [
        {
          "contractName": "TokenERC20",
          "methodName": "TokenERC20",
          "argTypes": []
        }
      ],
      "exp": "(14999999 * (10 ** uint256(decimals)))",
      "status": "proven"
    },
    {
      "no": "3",
      "kind": "IO",
      "line": 46,
      "signatures": [
        {
          "contractName": "TokenERC20",
          "methodName": "transfer",
          "argTypes": [ "address", "uint256" ]
        },
        {
          "contractName": "TokenERC20",
          "methodName": "transferFrom",
          "argTypes": [ "address", "address", "uint256" ]
        }
      ],
      "exp": "(balanceOf[_to] + _value)",
      "status": "proven"
    },
    {
      "no": "4",
      "kind": "IO",
      "line": 48,
      "signatures": [
        {
          "contractName": "TokenERC20",
          "methodName": "transfer",
          "argTypes": [ "address", "uint256" ]
        },
        {
          "contractName": "TokenERC20",
          "methodName": "transferFrom",
          "argTypes": [ "address", "address", "uint256" ]
        }
      ],
      "exp": "(balanceOf[_from] + balanceOf[_to])",
      "status": "proven"
    },
    {
      "no": "5",
      "kind": "IO",
      "line": 50,
      "signatures": [
        {
          "contractName": "TokenERC20",
          "methodName": "transfer",
          "argTypes": [ "address", "uint256" ]
        },
        {
          "contractName": "TokenERC20",
          "methodName": "transferFrom",
          "argTypes": [ "address", "address", "uint256" ]
        }
      ],
      "exp": "(balanceOf[_from] - _value)",
      "status": "proven"
    },
    {
      "no": "6",
      "kind": "IO",
      "line": 52,
      "signatures": [
        {
          "contractName": "TokenERC20",
          "methodName": "transfer",
          "argTypes": [ "address", "uint256" ]
        },
        {
          "contractName": "TokenERC20",
          "methodName": "transferFrom",
          "argTypes": [ "address", "address", "uint256" ]
        }
      ],
      "exp": "(balanceOf[_to] + _value)",
      "status": "proven"
    },
    {
      "no": "7",
      "kind": "IO",
      "line": 55,
      "signatures": [
        {
          "contractName": "TokenERC20",
          "methodName": "transfer",
          "argTypes": [ "address", "uint256" ]
        },
        {
          "contractName": "TokenERC20",
          "methodName": "transferFrom",
          "argTypes": [ "address", "address", "uint256" ]
        }
      ],
      "exp": "(balanceOf[_from] + balanceOf[_to])",
      "status": "proven"
    },
    {
      "no": "8",
      "kind": "IO",
      "line": 81,
      "signatures": [
        {
          "contractName": "TokenERC20",
          "methodName": "transferFrom",
          "argTypes": [ "address", "address", "uint256" ]
        }
      ],
      "exp": "(allowance[_from][msg.sender] - _value)",
      "status": "proven"
    },
    {
      "no": "9",
      "kind": "IO",
      "line": 128,
      "signatures": [
        {
          "contractName": "TokenERC20",
          "methodName": "burn",
          "argTypes": [ "uint256" ]
        }
      ],
      "exp": "(balanceOf[msg.sender] - _value)",
      "status": "proven"
    },
    {
      "no": "10",
      "kind": "IO",
      "line": 129,
      "signatures": [
        {
          "contractName": "TokenERC20",
          "methodName": "burn",
          "argTypes": [ "uint256" ]
        }
      ],
      "exp": "(totalSupply - _value)",
      "status": "proven"
    },
    {
      "no": "11",
      "kind": "IO",
      "line": 145,
      "signatures": [
        {
          "contractName": "TokenERC20",
          "methodName": "burnFrom",
          "argTypes": [ "address", "uint256" ]
        }
      ],
      "exp": "(balanceOf[_from] - _value)",
      "status": "proven"
    },
    {
      "no": "12",
      "kind": "IO",
      "line": 146,
      "signatures": [
        {
          "contractName": "TokenERC20",
          "methodName": "burnFrom",
          "argTypes": [ "address", "uint256" ]
        }
      ],
      "exp": "(allowance[_from][msg.sender] - _value)",
      "status": "proven"
    },
    {
      "no": "13",
      "kind": "IO",
      "line": 147,
      "signatures": [
        {
          "contractName": "TokenERC20",
          "methodName": "burnFrom",
          "argTypes": [ "address", "uint256" ]
        }
      ],
      "exp": "(totalSupply - _value)",
      "status": "proven"
    }
  ]
}