{
  "fileName": "Benchmarks/Study_SamplesSet/c33058cac05024bd675282d6c677b6a6.sol",
  "baseName": "c33058cac05024bd675282d6c677b6a6.sol",
  "iter": 3,
  "time": "0.101419",
  "errMsg": null,
  "result": [
    {
      "no": "1",
      "kind": "ETH_LEAK",
      "line": 10,
      "signatures": [
        {
          "contractName": "BLITZ_GAME",
          "methodName": "Try",
          "argTypes": [ "string" ]
        }
      ],
      "exp": "msg.sender.transfer(this.balance);",
      "status": "unproven"
    },
    {
      "no": "2",
      "kind": "ETH_LEAK",
      "line": 31,
      "signatures": [
        {
          "contractName": "BLITZ_GAME",
          "methodName": "StopGame",
          "argTypes": []
        }
      ],
      "exp": "msg.sender.transfer(this.balance);",
      "status": "unproven"
    }
  ]
}