{
  "fileName": "Benchmarks/Study_SamplesSet/c38196e3d35ab907f8770ea3659d37c7.sol",
  "baseName": "c38196e3d35ab907f8770ea3659d37c7.sol",
  "iter": 276,
  "time": "300.694071",
  "errMsg": null,
  "result": [
    {
      "no": "1",
      "kind": "IO",
      "line": 5,
      "signatures": [
        {
          "contractName": "EthereumWings",
          "methodName": "@fallback",
          "argTypes": []
        },
        {
          "contractName": "EthereumWings",
          "methodName": "getTokens",
          "argTypes": []
        }
      ],
      "exp": "(a * b)",
      "status": "unproven"
    },
    {
      "no": "2",
      "kind": "IO",
      "line": 17,
      "signatures": [
        {
          "contractName": "EthereumWings",
          "methodName": "EthereumWings",
          "argTypes": []
        },
        {
          "contractName": "EthereumWings",
          "methodName": "burn",
          "argTypes": [ "uint256" ]
        },
        {
          "contractName": "EthereumWings",
          "methodName": "distr",
          "argTypes": [ "address", "uint256" ]
        },
        {
          "contractName": "EthereumWings",
          "methodName": "transfer",
          "argTypes": [ "address", "uint256" ]
        },
        {
          "contractName": "EthereumWings",
          "methodName": "transferFrom",
          "argTypes": [ "address", "address", "uint256" ]
        }
      ],
      "exp": "(a - b)",
      "status": "proven"
    },
    {
      "no": "3",
      "kind": "IO",
      "line": 21,
      "signatures": [
        {
          "contractName": "EthereumWings",
          "methodName": "distr",
          "argTypes": [ "address", "uint256" ]
        },
        {
          "contractName": "EthereumWings",
          "methodName": "transfer",
          "argTypes": [ "address", "uint256" ]
        },
        {
          "contractName": "EthereumWings",
          "methodName": "transferFrom",
          "argTypes": [ "address", "address", "uint256" ]
        }
      ],
      "exp": "(a + b)",
      "status": "unproven"
    },
    {
      "no": "4",
      "kind": "IO",
      "line": 110,
      "signatures": [
        {
          "contractName": "EthereumWings",
          "methodName": "enableWhitelist",
          "argTypes": [ "address[]" ]
        }
      ],
      "exp": "(i + 1)",
      "status": "proven"
    },
    {
      "no": "5",
      "kind": "IO",
      "line": 116,
      "signatures": [
        {
          "contractName": "EthereumWings",
          "methodName": "disableWhitelist",
          "argTypes": [ "address[]" ]
        }
      ],
      "exp": "(i + 1)",
      "status": "proven"
    },
    {
      "no": "6",
      "kind": "IO",
      "line": 145,
      "signatures": [
        {
          "contractName": "EthereumWings",
          "methodName": "airdrop",
          "argTypes": [ "address[]" ]
        }
      ],
      "exp": "(i + 1)",
      "status": "proven"
    },
    {
      "no": "7",
      "kind": "IO",
      "line": 160,
      "signatures": [
        {
          "contractName": "EthereumWings",
          "methodName": "distribution",
          "argTypes": [ "address[]", "uint256" ]
        }
      ],
      "exp": "(i + 1)",
      "status": "proven"
    },
    {
      "no": "8",
      "kind": "IO",
      "line": 175,
      "signatures": [
        {
          "contractName": "EthereumWings",
          "methodName": "distributeAmounts",
          "argTypes": [ "address[]", "uint256[]" ]
        }
      ],
      "exp": "(i + 1)",
      "status": "unproven"
    },
    {
      "no": "9",
      "kind": "IO",
      "line": 219,
      "signatures": [
        {
          "contractName": "EthereumWings",
          "methodName": "transfer",
          "argTypes": [ "address", "uint256" ]
        },
        {
          "contractName": "EthereumWings",
          "methodName": "transferFrom",
          "argTypes": [ "address", "address", "uint256" ]
        }
      ],
      "exp": "(size + 4)",
      "status": "proven"
    },
    {
      "no": "10",
      "kind": "IO",
      "line": 223,
      "signatures": [
        {
          "contractName": "EthereumWings",
          "methodName": "transfer",
          "argTypes": [ "address", "uint256" ]
        }
      ],
      "exp": "(2 * 32)",
      "status": "proven"
    },
    {
      "no": "11",
      "kind": "IO",
      "line": 234,
      "signatures": [
        {
          "contractName": "EthereumWings",
          "methodName": "transferFrom",
          "argTypes": [ "address", "address", "uint256" ]
        }
      ],
      "exp": "(3 * 32)",
      "status": "proven"
    },
    {
      "no": "12",
      "kind": "DZ",
      "line": 6,
      "signatures": [
        {
          "contractName": "EthereumWings",
          "methodName": "@fallback",
          "argTypes": []
        },
        {
          "contractName": "EthereumWings",
          "methodName": "getTokens",
          "argTypes": []
        }
      ],
      "exp": "(c / a)",
      "status": "unproven"
    },
    {
      "no": "13",
      "kind": "DZ",
      "line": 11,
      "signatures": [
        {
          "contractName": "EthereumWings",
          "methodName": "@fallback",
          "argTypes": []
        },
        {
          "contractName": "EthereumWings",
          "methodName": "getTokens",
          "argTypes": []
        }
      ],
      "exp": "(a / b)",
      "status": "proven"
    },
    {
      "no": "14",
      "kind": "ETH_LEAK",
      "line": 267,
      "signatures": [
        {
          "contractName": "EthereumWings",
          "methodName": "withdraw",
          "argTypes": []
        }
      ],
      "exp": "owner.transfer(etherBalance);",
      "status": "proven"
    }
  ]
}