{
  "fileName": "Benchmarks/Study_SamplesSet/c49494a559b5b0de3bea510f874e03ce.sol",
  "baseName": "c49494a559b5b0de3bea510f874e03ce.sol",
  "iter": 36,
  "time": "307.104895",
  "errMsg": null,
  "result": [
    {
      "no": "1",
      "kind": "IO",
      "line": 9,
      "signatures": [
        {
          "contractName": "MiracleToken",
          "methodName": "@fallback",
          "argTypes": []
        },
        {
          "contractName": "MiracleToken",
          "methodName": "getTokens",
          "argTypes": []
        }
      ],
      "exp": "(a * b)",
      "status": "unproven"
    },
    {
      "no": "2",
      "kind": "IO",
      "line": 21,
      "signatures": [
        {
          "contractName": "MiracleToken",
          "methodName": "MiracleToken",
          "argTypes": []
        },
        {
          "contractName": "MiracleToken",
          "methodName": "burn",
          "argTypes": [ "uint256" ]
        },
        {
          "contractName": "MiracleToken",
          "methodName": "distr",
          "argTypes": [ "address", "uint256" ]
        },
        {
          "contractName": "MiracleToken",
          "methodName": "getTokens",
          "argTypes": []
        },
        {
          "contractName": "MiracleToken",
          "methodName": "transfer",
          "argTypes": [ "address", "uint256" ]
        },
        {
          "contractName": "MiracleToken",
          "methodName": "transferFrom",
          "argTypes": [ "address", "address", "uint256" ]
        }
      ],
      "exp": "(a - b)",
      "status": "proven"
    },
    {
      "no": "3",
      "kind": "IO",
      "line": 25,
      "signatures": [
        {
          "contractName": "MiracleToken",
          "methodName": "distr",
          "argTypes": [ "address", "uint256" ]
        },
        {
          "contractName": "MiracleToken",
          "methodName": "getTokens",
          "argTypes": []
        },
        {
          "contractName": "MiracleToken",
          "methodName": "transfer",
          "argTypes": [ "address", "uint256" ]
        },
        {
          "contractName": "MiracleToken",
          "methodName": "transferFrom",
          "argTypes": [ "address", "address", "uint256" ]
        }
      ],
      "exp": "(a + b)",
      "status": "unproven"
    },
    {
      "no": "4",
      "kind": "IO",
      "line": 161,
      "signatures": [
        {
          "contractName": "MiracleToken",
          "methodName": "transfer",
          "argTypes": [ "address", "uint256" ]
        },
        {
          "contractName": "MiracleToken",
          "methodName": "transferFrom",
          "argTypes": [ "address", "address", "uint256" ]
        }
      ],
      "exp": "(size + 4)",
      "status": "proven"
    },
    {
      "no": "5",
      "kind": "IO",
      "line": 165,
      "signatures": [
        {
          "contractName": "MiracleToken",
          "methodName": "transfer",
          "argTypes": [ "address", "uint256" ]
        }
      ],
      "exp": "(2 * 32)",
      "status": "proven"
    },
    {
      "no": "6",
      "kind": "IO",
      "line": 175,
      "signatures": [
        {
          "contractName": "MiracleToken",
          "methodName": "transferFrom",
          "argTypes": [ "address", "address", "uint256" ]
        }
      ],
      "exp": "(3 * 32)",
      "status": "proven"
    },
    {
      "no": "7",
      "kind": "DZ",
      "line": 10,
      "signatures": [
        {
          "contractName": "MiracleToken",
          "methodName": "@fallback",
          "argTypes": []
        },
        {
          "contractName": "MiracleToken",
          "methodName": "getTokens",
          "argTypes": []
        }
      ],
      "exp": "(c / a)",
      "status": "unproven"
    },
    {
      "no": "8",
      "kind": "DZ",
      "line": 15,
      "signatures": [
        {
          "contractName": "MiracleToken",
          "methodName": "@fallback",
          "argTypes": []
        },
        {
          "contractName": "MiracleToken",
          "methodName": "getTokens",
          "argTypes": []
        }
      ],
      "exp": "(a / b)",
      "status": "proven"
    },
    {
      "no": "9",
      "kind": "ETH_LEAK",
      "line": 206,
      "signatures": [
        {
          "contractName": "MiracleToken",
          "methodName": "withdraw",
          "argTypes": []
        }
      ],
      "exp": "owner.transfer(etherBalance);",
      "status": "proven"
    }
  ]
}