{
  "fileName": "Benchmarks/Study_SamplesSet/c91dd487c6dad948e096c360fec5769d.sol",
  "baseName": "c91dd487c6dad948e096c360fec5769d.sol",
  "iter": 7,
  "time": "36.648257",
  "errMsg": null,
  "result": [
    {
      "no": "1",
      "kind": "IO",
      "line": 42,
      "signatures": [
        {
          "contractName": "GameFanz",
          "methodName": "transfer",
          "argTypes": [ "address", "uint256" ]
        },
        {
          "contractName": "GameFanz",
          "methodName": "transferFrom",
          "argTypes": [ "address", "address", "uint256" ]
        }
      ],
      "exp": "(a - b)",
      "status": "proven"
    },
    {
      "no": "2",
      "kind": "IO",
      "line": 51,
      "signatures": [
        {
          "contractName": "GameFanz",
          "methodName": "transfer",
          "argTypes": [ "address", "uint256" ]
        },
        {
          "contractName": "GameFanz",
          "methodName": "transferFrom",
          "argTypes": [ "address", "address", "uint256" ]
        }
      ],
      "exp": "(a + b)",
      "status": "proven"
    },
    {
      "no": "3",
      "kind": "IO",
      "line": 124,
      "signatures": [
        {
          "contractName": "GameFanz",
          "methodName": "GameFanz",
          "argTypes": []
        }
      ],
      "exp": "(10 ** decimals)",
      "status": "proven"
    },
    {
      "no": "4",
      "kind": "IO",
      "line": 124,
      "signatures": [
        {
          "contractName": "GameFanz",
          "methodName": "GameFanz",
          "argTypes": []
        }
      ],
      "exp": "(8000000000 * (10 ** decimals))",
      "status": "proven"
    },
    {
      "no": "5",
      "kind": "IO",
      "line": 126,
      "signatures": [
        {
          "contractName": "GameFanz",
          "methodName": "GameFanz",
          "argTypes": []
        }
      ],
      "exp": "(10 ** decimals)",
      "status": "proven"
    },
    {
      "no": "6",
      "kind": "IO",
      "line": 126,
      "signatures": [
        {
          "contractName": "GameFanz",
          "methodName": "GameFanz",
          "argTypes": []
        }
      ],
      "exp": "(20000000000 * (10 ** decimals))",
      "status": "proven"
    },
    {
      "no": "7",
      "kind": "IO",
      "line": 128,
      "signatures": [
        {
          "contractName": "GameFanz",
          "methodName": "GameFanz",
          "argTypes": []
        }
      ],
      "exp": "(10 ** decimals)",
      "status": "proven"
    },
    {
      "no": "8",
      "kind": "IO",
      "line": 128,
      "signatures": [
        {
          "contractName": "GameFanz",
          "methodName": "GameFanz",
          "argTypes": []
        }
      ],
      "exp": "(4000000000 * (10 ** decimals))",
      "status": "proven"
    },
    {
      "no": "9",
      "kind": "IO",
      "line": 130,
      "signatures": [
        {
          "contractName": "GameFanz",
          "methodName": "GameFanz",
          "argTypes": []
        }
      ],
      "exp": "(10 ** decimals)",
      "status": "proven"
    },
    {
      "no": "10",
      "kind": "IO",
      "line": 130,
      "signatures": [
        {
          "contractName": "GameFanz",
          "methodName": "GameFanz",
          "argTypes": []
        }
      ],
      "exp": "(4000000000 * (10 ** decimals))",
      "status": "proven"
    },
    {
      "no": "11",
      "kind": "IO",
      "line": 132,
      "signatures": [
        {
          "contractName": "GameFanz",
          "methodName": "GameFanz",
          "argTypes": []
        }
      ],
      "exp": "(10 ** decimals)",
      "status": "proven"
    },
    {
      "no": "12",
      "kind": "IO",
      "line": 132,
      "signatures": [
        {
          "contractName": "GameFanz",
          "methodName": "GameFanz",
          "argTypes": []
        }
      ],
      "exp": "(4000000000 * (10 ** decimals))",
      "status": "proven"
    },
    {
      "no": "13",
      "kind": "IO",
      "line": 134,
      "signatures": [
        {
          "contractName": "GameFanz",
          "methodName": "GameFanz",
          "argTypes": []
        }
      ],
      "exp": "(10 ** decimals)",
      "status": "proven"
    },
    {
      "no": "14",
      "kind": "IO",
      "line": 134,
      "signatures": [
        {
          "contractName": "GameFanz",
          "methodName": "GameFanz",
          "argTypes": []
        }
      ],
      "exp": "(40000000000 * (10 ** decimals))",
      "status": "proven"
    },
    {
      "no": "15",
      "kind": "IO",
      "line": 146,
      "signatures": [
        {
          "contractName": "GameFanz",
          "methodName": "GameFanz",
          "argTypes": []
        }
      ],
      "exp": "(10 ** decimals)",
      "status": "proven"
    },
    {
      "no": "16",
      "kind": "IO",
      "line": 146,
      "signatures": [
        {
          "contractName": "GameFanz",
          "methodName": "GameFanz",
          "argTypes": []
        }
      ],
      "exp": "(80000000000 * (10 ** decimals))",
      "status": "proven"
    },
    {
      "no": "17",
      "kind": "IO",
      "line": 201,
      "signatures": [
        {
          "contractName": "GameFanz",
          "methodName": "@fallback",
          "argTypes": []
        }
      ],
      "exp": "(10 ** decimals)",
      "status": "proven"
    },
    {
      "no": "18",
      "kind": "IO",
      "line": 201,
      "signatures": [
        {
          "contractName": "GameFanz",
          "methodName": "@fallback",
          "argTypes": []
        }
      ],
      "exp": "(50000 * (10 ** decimals))",
      "status": "proven"
    },
    {
      "no": "19",
      "kind": "IO",
      "line": 202,
      "signatures": [
        {
          "contractName": "GameFanz",
          "methodName": "@fallback",
          "argTypes": []
        }
      ],
      "exp": "(10 ** decimals)",
      "status": "proven"
    },
    {
      "no": "20",
      "kind": "IO",
      "line": 202,
      "signatures": [
        {
          "contractName": "GameFanz",
          "methodName": "@fallback",
          "argTypes": []
        }
      ],
      "exp": "(50000 * (10 ** decimals))",
      "status": "proven"
    },
    {
      "no": "21",
      "kind": "IO",
      "line": 202,
      "signatures": [
        {
          "contractName": "GameFanz",
          "methodName": "@fallback",
          "argTypes": []
        }
      ],
      "exp": "(_balances[contractAddress] - (50000 * (10 ** decimals)))",
      "status": "proven"
    },
    {
      "no": "22",
      "kind": "IO",
      "line": 203,
      "signatures": [
        {
          "contractName": "GameFanz",
          "methodName": "@fallback",
          "argTypes": []
        }
      ],
      "exp": "(10 ** decimals)",
      "status": "proven"
    },
    {
      "no": "23",
      "kind": "IO",
      "line": 203,
      "signatures": [
        {
          "contractName": "GameFanz",
          "methodName": "@fallback",
          "argTypes": []
        }
      ],
      "exp": "(50000 * (10 ** decimals))",
      "status": "proven"
    },
    {
      "no": "24",
      "kind": "IO",
      "line": 203,
      "signatures": [
        {
          "contractName": "GameFanz",
          "methodName": "@fallback",
          "argTypes": []
        }
      ],
      "exp": "(_balances[msg.sender] + (50000 * (10 ** decimals)))",
      "status": "proven"
    },
    {
      "no": "25",
      "kind": "IO",
      "line": 207,
      "signatures": [
        {
          "contractName": "GameFanz",
          "methodName": "@fallback",
          "argTypes": []
        }
      ],
      "exp": "(10 ** decimals)",
      "status": "proven"
    },
    {
      "no": "26",
      "kind": "IO",
      "line": 207,
      "signatures": [
        {
          "contractName": "GameFanz",
          "methodName": "@fallback",
          "argTypes": []
        }
      ],
      "exp": "(400000 * (10 ** decimals))",
      "status": "proven"
    },
    {
      "no": "27",
      "kind": "IO",
      "line": 208,
      "signatures": [
        {
          "contractName": "GameFanz",
          "methodName": "@fallback",
          "argTypes": []
        }
      ],
      "exp": "(10 ** decimals)",
      "status": "proven"
    },
    {
      "no": "28",
      "kind": "IO",
      "line": 208,
      "signatures": [
        {
          "contractName": "GameFanz",
          "methodName": "@fallback",
          "argTypes": []
        }
      ],
      "exp": "(400000 * (10 ** decimals))",
      "status": "proven"
    },
    {
      "no": "29",
      "kind": "IO",
      "line": 208,
      "signatures": [
        {
          "contractName": "GameFanz",
          "methodName": "@fallback",
          "argTypes": []
        }
      ],
      "exp": "(_balances[contractAddress] - (400000 * (10 ** decimals)))",
      "status": "proven"
    },
    {
      "no": "30",
      "kind": "IO",
      "line": 209,
      "signatures": [
        {
          "contractName": "GameFanz",
          "methodName": "@fallback",
          "argTypes": []
        }
      ],
      "exp": "(10 ** decimals)",
      "status": "proven"
    },
    {
      "no": "31",
      "kind": "IO",
      "line": 209,
      "signatures": [
        {
          "contractName": "GameFanz",
          "methodName": "@fallback",
          "argTypes": []
        }
      ],
      "exp": "(400000 * (10 ** decimals))",
      "status": "proven"
    },
    {
      "no": "32",
      "kind": "IO",
      "line": 209,
      "signatures": [
        {
          "contractName": "GameFanz",
          "methodName": "@fallback",
          "argTypes": []
        }
      ],
      "exp": "(_balances[msg.sender] + (400000 * (10 ** decimals)))",
      "status": "proven"
    },
    {
      "no": "33",
      "kind": "IO",
      "line": 212,
      "signatures": [
        {
          "contractName": "GameFanz",
          "methodName": "@fallback",
          "argTypes": []
        }
      ],
      "exp": "(10 ** decimals)",
      "status": "proven"
    },
    {
      "no": "34",
      "kind": "IO",
      "line": 212,
      "signatures": [
        {
          "contractName": "GameFanz",
          "methodName": "@fallback",
          "argTypes": []
        }
      ],
      "exp": "(4500000 * (10 ** decimals))",
      "status": "proven"
    },
    {
      "no": "35",
      "kind": "IO",
      "line": 213,
      "signatures": [
        {
          "contractName": "GameFanz",
          "methodName": "@fallback",
          "argTypes": []
        }
      ],
      "exp": "(10 ** decimals)",
      "status": "proven"
    },
    {
      "no": "36",
      "kind": "IO",
      "line": 213,
      "signatures": [
        {
          "contractName": "GameFanz",
          "methodName": "@fallback",
          "argTypes": []
        }
      ],
      "exp": "(4500000 * (10 ** decimals))",
      "status": "proven"
    },
    {
      "no": "37",
      "kind": "IO",
      "line": 213,
      "signatures": [
        {
          "contractName": "GameFanz",
          "methodName": "@fallback",
          "argTypes": []
        }
      ],
      "exp": "(_balances[contractAddress] - (4500000 * (10 ** decimals)))",
      "status": "proven"
    },
    {
      "no": "38",
      "kind": "IO",
      "line": 214,
      "signatures": [
        {
          "contractName": "GameFanz",
          "methodName": "@fallback",
          "argTypes": []
        }
      ],
      "exp": "(10 ** decimals)",
      "status": "proven"
    },
    {
      "no": "39",
      "kind": "IO",
      "line": 214,
      "signatures": [
        {
          "contractName": "GameFanz",
          "methodName": "@fallback",
          "argTypes": []
        }
      ],
      "exp": "(4500000 * (10 ** decimals))",
      "status": "proven"
    },
    {
      "no": "40",
      "kind": "IO",
      "line": 214,
      "signatures": [
        {
          "contractName": "GameFanz",
          "methodName": "@fallback",
          "argTypes": []
        }
      ],
      "exp": "(_balances[msg.sender] + (4500000 * (10 ** decimals)))",
      "status": "proven"
    },
    {
      "no": "41",
      "kind": "IO",
      "line": 217,
      "signatures": [
        {
          "contractName": "GameFanz",
          "methodName": "@fallback",
          "argTypes": []
        }
      ],
      "exp": "(10 ** decimals)",
      "status": "proven"
    },
    {
      "no": "42",
      "kind": "IO",
      "line": 217,
      "signatures": [
        {
          "contractName": "GameFanz",
          "methodName": "@fallback",
          "argTypes": []
        }
      ],
      "exp": "(50000000 * (10 ** decimals))",
      "status": "proven"
    },
    {
      "no": "43",
      "kind": "IO",
      "line": 218,
      "signatures": [
        {
          "contractName": "GameFanz",
          "methodName": "@fallback",
          "argTypes": []
        }
      ],
      "exp": "(10 ** decimals)",
      "status": "proven"
    },
    {
      "no": "44",
      "kind": "IO",
      "line": 218,
      "signatures": [
        {
          "contractName": "GameFanz",
          "methodName": "@fallback",
          "argTypes": []
        }
      ],
      "exp": "(50000000 * (10 ** decimals))",
      "status": "proven"
    },
    {
      "no": "45",
      "kind": "IO",
      "line": 218,
      "signatures": [
        {
          "contractName": "GameFanz",
          "methodName": "@fallback",
          "argTypes": []
        }
      ],
      "exp": "(_balances[contractAddress] - (50000000 * (10 ** decimals)))",
      "status": "proven"
    },
    {
      "no": "46",
      "kind": "IO",
      "line": 219,
      "signatures": [
        {
          "contractName": "GameFanz",
          "methodName": "@fallback",
          "argTypes": []
        }
      ],
      "exp": "(10 ** decimals)",
      "status": "proven"
    },
    {
      "no": "47",
      "kind": "IO",
      "line": 219,
      "signatures": [
        {
          "contractName": "GameFanz",
          "methodName": "@fallback",
          "argTypes": []
        }
      ],
      "exp": "(50000000 * (10 ** decimals))",
      "status": "proven"
    },
    {
      "no": "48",
      "kind": "IO",
      "line": 219,
      "signatures": [
        {
          "contractName": "GameFanz",
          "methodName": "@fallback",
          "argTypes": []
        }
      ],
      "exp": "(_balances[msg.sender] + (50000000 * (10 ** decimals)))",
      "status": "proven"
    },
    {
      "no": "49",
      "kind": "ETH_LEAK",
      "line": 227,
      "signatures": [
        {
          "contractName": "GameFanz",
          "methodName": "collectETH",
          "argTypes": []
        }
      ],
      "exp": "owner.transfer(contractAddress.balance);",
      "status": "proven"
    }
  ]
}