{
  "fileName": "Benchmarks/Study_SamplesSet/cf25cfeec2c994df5c0da571fdc57328.sol",
  "baseName": "cf25cfeec2c994df5c0da571fdc57328.sol",
  "iter": 3,
  "time": "0.034235",
  "errMsg": null,
  "result": [
    {
      "no": "1",
      "kind": "ETH_LEAK",
      "line": 21,
      "signatures": [
        {
          "contractName": "NobadTxorigin",
          "methodName": "withdraw",
          "argTypes": []
        }
      ],
      "exp": "msg.sender.transfer(address(this).balance);",
      "status": "unproven"
    }
  ]
}