{
  "fileName": "Benchmarks/Study_SamplesSet/cfd0c3461a7ba813b8ca80c6571d969a.sol",
  "baseName": "cfd0c3461a7ba813b8ca80c6571d969a.sol",
  "iter": 123,
  "time": "301.36234",
  "errMsg": null,
  "result": [
    {
      "no": "1",
      "kind": "IO",
      "line": 14,
      "signatures": [
        {
          "contractName": "TAMC",
          "methodName": "callme_re_ent14",
          "argTypes": []
        }
      ],
      "exp": "(counter_re_ent14 + 1)",
      "status": "proven"
    },
    {
      "no": "2",
      "kind": "IO",
      "line": 43,
      "signatures": [
        { "contractName": "TAMC", "methodName": "TAMC", "argTypes": [] }
      ],
      "exp": "(1000000000 * (uint256(10) ** decimals))",
      "status": "proven"
    },
    {
      "no": "3",
      "kind": "IO",
      "line": 43,
      "signatures": [
        { "contractName": "TAMC", "methodName": "TAMC", "argTypes": [] }
      ],
      "exp": "(uint256(10) ** decimals)",
      "status": "proven"
    },
    {
      "no": "4",
      "kind": "IO",
      "line": 50,
      "signatures": [
        {
          "contractName": "TAMC",
          "methodName": "withdrawFunds_re_ent31",
          "argTypes": [ "uint256" ]
        }
      ],
      "exp": "(balances_re_ent31[msg.sender] - _weiToWithdraw)",
      "status": "proven"
    },
    {
      "no": "5",
      "kind": "IO",
      "line": 64,
      "signatures": [
        {
          "contractName": "TAMC",
          "methodName": "callme_re_ent35",
          "argTypes": []
        }
      ],
      "exp": "(counter_re_ent35 + 1)",
      "status": "proven"
    },
    {
      "no": "6",
      "kind": "IO",
      "line": 69,
      "signatures": [
        {
          "contractName": "TAMC",
          "methodName": "transfer",
          "argTypes": [ "address", "uint256" ]
        }
      ],
      "exp": "(balanceOf[msg.sender] - value)",
      "status": "proven"
    },
    {
      "no": "7",
      "kind": "IO",
      "line": 70,
      "signatures": [
        {
          "contractName": "TAMC",
          "methodName": "transfer",
          "argTypes": [ "address", "uint256" ]
        }
      ],
      "exp": "(balanceOf[to] + value)",
      "status": "unproven"
    },
    {
      "no": "8",
      "kind": "IO",
      "line": 129,
      "signatures": [
        {
          "contractName": "TAMC",
          "methodName": "transferFrom",
          "argTypes": [ "address", "address", "uint256" ]
        }
      ],
      "exp": "(balanceOf[from] - value)",
      "status": "proven"
    },
    {
      "no": "9",
      "kind": "IO",
      "line": 130,
      "signatures": [
        {
          "contractName": "TAMC",
          "methodName": "transferFrom",
          "argTypes": [ "address", "address", "uint256" ]
        }
      ],
      "exp": "(balanceOf[to] + value)",
      "status": "unproven"
    },
    {
      "no": "10",
      "kind": "IO",
      "line": 131,
      "signatures": [
        {
          "contractName": "TAMC",
          "methodName": "transferFrom",
          "argTypes": [ "address", "address", "uint256" ]
        }
      ],
      "exp": "(allowance[from][msg.sender] - value)",
      "status": "proven"
    },
    {
      "no": "11",
      "kind": "ETH_LEAK",
      "line": 11,
      "signatures": [
        {
          "contractName": "TAMC",
          "methodName": "callme_re_ent14",
          "argTypes": []
        }
      ],
      "exp": "msg.sender.send(10000000000000000000)",
      "status": "unproven"
    },
    {
      "no": "12",
      "kind": "ETH_LEAK",
      "line": 21,
      "signatures": [
        {
          "contractName": "TAMC",
          "methodName": "buyTicket_re_ent30",
          "argTypes": []
        }
      ],
      "exp": "lastPlayer_re_ent30.send(jackpot_re_ent30)",
      "status": "unproven"
    },
    {
      "no": "13",
      "kind": "ETH_LEAK",
      "line": 29,
      "signatures": [
        {
          "contractName": "TAMC",
          "methodName": "withdraw_balances_re_ent8",
          "argTypes": []
        }
      ],
      "exp": "(success,  ) = msg.sender.call.value(balances_re_ent8[msg.sender])(\"\");",
      "status": "unproven"
    },
    {
      "no": "14",
      "kind": "ETH_LEAK",
      "line": 39,
      "signatures": [
        {
          "contractName": "TAMC",
          "methodName": "claimReward_re_ent39",
          "argTypes": []
        }
      ],
      "exp": "msg.sender.transfer(transferValue_re_ent39);",
      "status": "unproven"
    },
    {
      "no": "15",
      "kind": "ETH_LEAK",
      "line": 49,
      "signatures": [
        {
          "contractName": "TAMC",
          "methodName": "withdrawFunds_re_ent31",
          "argTypes": [ "uint256" ]
        }
      ],
      "exp": "msg.sender.send(_weiToWithdraw)",
      "status": "unproven"
    },
    {
      "no": "16",
      "kind": "ETH_LEAK",
      "line": 61,
      "signatures": [
        {
          "contractName": "TAMC",
          "methodName": "callme_re_ent35",
          "argTypes": []
        }
      ],
      "exp": "msg.sender.send(10000000000000000000)",
      "status": "unproven"
    },
    {
      "no": "17",
      "kind": "ETH_LEAK",
      "line": 78,
      "signatures": [
        {
          "contractName": "TAMC",
          "methodName": "withdrawBalance_re_ent40",
          "argTypes": []
        }
      ],
      "exp": "(success,  ) = msg.sender.call.value(userBalance_re_ent40[msg.sender])(\"\");",
      "status": "unproven"
    },
    {
      "no": "18",
      "kind": "ETH_LEAK",
      "line": 88,
      "signatures": [
        {
          "contractName": "TAMC",
          "methodName": "bug_re_ent13",
          "argTypes": []
        }
      ],
      "exp": "(success,  ) = msg.sender.call.value(1000000000000000000)(\"\");",
      "status": "unproven"
    },
    {
      "no": "19",
      "kind": "ETH_LEAK",
      "line": 98,
      "signatures": [
        {
          "contractName": "TAMC",
          "methodName": "withdraw_balances_re_ent36",
          "argTypes": []
        }
      ],
      "exp": "msg.sender.send(balances_re_ent36[msg.sender])",
      "status": "unproven"
    },
    {
      "no": "20",
      "kind": "ETH_LEAK",
      "line": 115,
      "signatures": [
        {
          "contractName": "TAMC",
          "methodName": "withdrawBalance_re_ent33",
          "argTypes": []
        }
      ],
      "exp": "(success,  ) = msg.sender.call.value(userBalance_re_ent33[msg.sender])(\"\");",
      "status": "unproven"
    },
    {
      "no": "21",
      "kind": "ETH_LEAK",
      "line": 138,
      "signatures": [
        {
          "contractName": "TAMC",
          "methodName": "bug_re_ent27",
          "argTypes": []
        }
      ],
      "exp": "msg.sender.send(1000000000000000000)",
      "status": "unproven"
    }
  ]
}