{
  "fileName": "Benchmarks/Study_SamplesSet/d09506a32b5b02639cedfad23dd77dfa.sol",
  "baseName": "d09506a32b5b02639cedfad23dd77dfa.sol",
  "iter": 19,
  "time": "317.362197",
  "errMsg": null,
  "result": [
    {
      "no": "1",
      "kind": "IO",
      "line": 48,
      "signatures": [
        {
          "contractName": "BRANDCOIN",
          "methodName": "burn",
          "argTypes": [ "uint256" ]
        },
        {
          "contractName": "BRANDCOIN",
          "methodName": "decreaseApproval",
          "argTypes": [ "address", "uint256" ]
        },
        {
          "contractName": "BasicToken",
          "methodName": "transfer",
          "argTypes": [ "address", "uint256" ]
        },
        {
          "contractName": "BurnableToken",
          "methodName": "burn",
          "argTypes": [ "uint256" ]
        },
        {
          "contractName": "BurnableToken",
          "methodName": "transfer",
          "argTypes": [ "address", "uint256" ]
        },
        {
          "contractName": "StandardToken",
          "methodName": "transfer",
          "argTypes": [ "address", "uint256" ]
        }
      ],
      "exp": "(a - b)",
      "status": "proven"
    },
    {
      "no": "2",
      "kind": "IO",
      "line": 55,
      "signatures": [
        {
          "contractName": "BRANDCOIN",
          "methodName": "increaseApproval",
          "argTypes": [ "address", "uint256" ]
        },
        {
          "contractName": "BasicToken",
          "methodName": "transfer",
          "argTypes": [ "address", "uint256" ]
        },
        {
          "contractName": "BurnableToken",
          "methodName": "transfer",
          "argTypes": [ "address", "uint256" ]
        },
        {
          "contractName": "StandardToken",
          "methodName": "transfer",
          "argTypes": [ "address", "uint256" ]
        }
      ],
      "exp": "(a + b)",
      "status": "unproven"
    },
    {
      "no": "3",
      "kind": "IO",
      "line": 291,
      "signatures": [
        {
          "contractName": "BRANDCOIN",
          "methodName": "BRANDCOIN",
          "argTypes": []
        }
      ],
      "exp": "(1000 * (uint256(10) ** decimals))",
      "status": "proven"
    },
    {
      "no": "4",
      "kind": "IO",
      "line": 291,
      "signatures": [
        {
          "contractName": "BRANDCOIN",
          "methodName": "BRANDCOIN",
          "argTypes": []
        }
      ],
      "exp": "(uint256(10) ** decimals)",
      "status": "proven"
    },
    {
      "no": "5",
      "kind": "IO",
      "line": 317,
      "signatures": [
        {
          "contractName": "BRANDCOIN",
          "methodName": "BRANDCOIN",
          "argTypes": []
        }
      ],
      "exp": "(8000000 * (uint256(10) ** decimals))",
      "status": "proven"
    },
    {
      "no": "6",
      "kind": "IO",
      "line": 317,
      "signatures": [
        {
          "contractName": "BRANDCOIN",
          "methodName": "BRANDCOIN",
          "argTypes": []
        }
      ],
      "exp": "(uint256(10) ** decimals)",
      "status": "proven"
    },
    {
      "no": "7",
      "kind": "IO",
      "line": 348,
      "signatures": [
        {
          "contractName": "BRANDCOIN",
          "methodName": "amountOfBRAsold",
          "argTypes": []
        },
        {
          "contractName": "BRANDCOIN",
          "methodName": "crowdsaleTargetReached",
          "argTypes": []
        },
        {
          "contractName": "BRANDCOIN",
          "methodName": "ownerWithdrawETH",
          "argTypes": []
        },
        {
          "contractName": "BRANDCOIN",
          "methodName": "refund",
          "argTypes": []
        },
        {
          "contractName": "BRANDCOIN",
          "methodName": "refundMany",
          "argTypes": [ "uint256", "uint256" ]
        },
        {
          "contractName": "BRANDCOIN",
          "methodName": "transfer",
          "argTypes": [ "address", "uint256" ]
        },
        {
          "contractName": "BRANDCOIN",
          "methodName": "transferFrom",
          "argTypes": [ "address", "address", "uint256" ]
        }
      ],
      "exp": "((totalSupply_ / 2) - balances[this])",
      "status": "unproven"
    },
    {
      "no": "8",
      "kind": "IO",
      "line": 357,
      "signatures": [
        {
          "contractName": "BRANDCOIN",
          "methodName": "transfer",
          "argTypes": [ "address", "uint256" ]
        }
      ],
      "exp": "(balances[msg.sender] - participantToBRAbought[msg.sender])",
      "status": "unproven"
    },
    {
      "no": "9",
      "kind": "IO",
      "line": 366,
      "signatures": [
        {
          "contractName": "BRANDCOIN",
          "methodName": "transferFrom",
          "argTypes": [ "address", "address", "uint256" ]
        }
      ],
      "exp": "(balances[_from] - participantToBRAbought[_from])",
      "status": "unproven"
    },
    {
      "no": "10",
      "kind": "IO",
      "line": 381,
      "signatures": [
        {
          "contractName": "BRANDCOIN",
          "methodName": "BRANDCOIN",
          "argTypes": []
        }
      ],
      "exp": "(1650000000 * (uint256(10) ** decimals))",
      "status": "proven"
    },
    {
      "no": "11",
      "kind": "IO",
      "line": 381,
      "signatures": [
        {
          "contractName": "BRANDCOIN",
          "methodName": "BRANDCOIN",
          "argTypes": []
        }
      ],
      "exp": "(uint256(10) ** decimals)",
      "status": "proven"
    },
    {
      "no": "12",
      "kind": "IO",
      "line": 391,
      "signatures": [
        {
          "contractName": "BRANDCOIN",
          "methodName": "distributeInitialFunds",
          "argTypes": []
        }
      ],
      "exp": "(totalSupply_ * 15)",
      "status": "unproven"
    },
    {
      "no": "13",
      "kind": "IO",
      "line": 392,
      "signatures": [
        {
          "contractName": "BRANDCOIN",
          "methodName": "distributeInitialFunds",
          "argTypes": []
        }
      ],
      "exp": "(totalSupply_ * 5)",
      "status": "unproven"
    },
    {
      "no": "14",
      "kind": "IO",
      "line": 393,
      "signatures": [
        {
          "contractName": "BRANDCOIN",
          "methodName": "distributeInitialFunds",
          "argTypes": []
        }
      ],
      "exp": "(totalSupply_ * 15)",
      "status": "unproven"
    },
    {
      "no": "15",
      "kind": "IO",
      "line": 394,
      "signatures": [
        {
          "contractName": "BRANDCOIN",
          "methodName": "distributeInitialFunds",
          "argTypes": []
        }
      ],
      "exp": "(totalSupply_ * 5)",
      "status": "unproven"
    },
    {
      "no": "16",
      "kind": "IO",
      "line": 395,
      "signatures": [
        {
          "contractName": "BRANDCOIN",
          "methodName": "distributeInitialFunds",
          "argTypes": []
        }
      ],
      "exp": "(totalSupply_ * 10)",
      "status": "unproven"
    },
    {
      "no": "17",
      "kind": "IO",
      "line": 414,
      "signatures": [
        {
          "contractName": "BRANDCOIN",
          "methodName": "buyTokens",
          "argTypes": []
        }
      ],
      "exp": "(msg.value * (uint256(10) ** decimals))",
      "status": "unproven"
    },
    {
      "no": "18",
      "kind": "IO",
      "line": 414,
      "signatures": [
        {
          "contractName": "BRANDCOIN",
          "methodName": "buyTokens",
          "argTypes": []
        }
      ],
      "exp": "(uint256(10) ** decimals)",
      "status": "proven"
    },
    {
      "no": "19",
      "kind": "IO",
      "line": 430,
      "signatures": [
        {
          "contractName": "BRANDCOIN",
          "methodName": "buyTokens",
          "argTypes": []
        }
      ],
      "exp": "(100 + first_period_bonus_percentage)",
      "status": "proven"
    },
    {
      "no": "20",
      "kind": "IO",
      "line": 430,
      "signatures": [
        {
          "contractName": "BRANDCOIN",
          "methodName": "buyTokens",
          "argTypes": []
        }
      ],
      "exp": "(amountOfBRApurchased * (100 + first_period_bonus_percentage))",
      "status": "unproven"
    },
    {
      "no": "21",
      "kind": "IO",
      "line": 436,
      "signatures": [
        {
          "contractName": "BRANDCOIN",
          "methodName": "buyTokens",
          "argTypes": []
        }
      ],
      "exp": "(100 + second_period_bonus_percentage)",
      "status": "proven"
    },
    {
      "no": "22",
      "kind": "IO",
      "line": 436,
      "signatures": [
        {
          "contractName": "BRANDCOIN",
          "methodName": "buyTokens",
          "argTypes": []
        }
      ],
      "exp": "(amountOfBRApurchased * (100 + second_period_bonus_percentage))",
      "status": "unproven"
    },
    {
      "no": "23",
      "kind": "IO",
      "line": 441,
      "signatures": [
        {
          "contractName": "BRANDCOIN",
          "methodName": "buyTokens",
          "argTypes": []
        }
      ],
      "exp": "(100 + third_period_bonus_percentage)",
      "status": "proven"
    },
    {
      "no": "24",
      "kind": "IO",
      "line": 441,
      "signatures": [
        {
          "contractName": "BRANDCOIN",
          "methodName": "buyTokens",
          "argTypes": []
        }
      ],
      "exp": "(amountOfBRApurchased * (100 + third_period_bonus_percentage))",
      "status": "unproven"
    },
    {
      "no": "25",
      "kind": "IO",
      "line": 446,
      "signatures": [
        {
          "contractName": "BRANDCOIN",
          "methodName": "buyTokens",
          "argTypes": []
        }
      ],
      "exp": "(100 + fourth_period_bonus_percentage)",
      "status": "proven"
    },
    {
      "no": "26",
      "kind": "IO",
      "line": 446,
      "signatures": [
        {
          "contractName": "BRANDCOIN",
          "methodName": "buyTokens",
          "argTypes": []
        }
      ],
      "exp": "(amountOfBRApurchased * (100 + fourth_period_bonus_percentage))",
      "status": "unproven"
    },
    {
      "no": "27",
      "kind": "IO",
      "line": 451,
      "signatures": [
        {
          "contractName": "BRANDCOIN",
          "methodName": "buyTokens",
          "argTypes": []
        }
      ],
      "exp": "(100 + fifth_period_bonus_percentage)",
      "status": "proven"
    },
    {
      "no": "28",
      "kind": "IO",
      "line": 451,
      "signatures": [
        {
          "contractName": "BRANDCOIN",
          "methodName": "buyTokens",
          "argTypes": []
        }
      ],
      "exp": "(amountOfBRApurchased * (100 + fifth_period_bonus_percentage))",
      "status": "unproven"
    },
    {
      "no": "29",
      "kind": "IO",
      "line": 468,
      "signatures": [
        {
          "contractName": "BRANDCOIN",
          "methodName": "buyTokens",
          "argTypes": []
        }
      ],
      "exp": "(participantToBRAbought[msg.sender] + amountOfBRApurchased)",
      "status": "unproven"
    },
    {
      "no": "30",
      "kind": "IO",
      "line": 469,
      "signatures": [
        {
          "contractName": "BRANDCOIN",
          "methodName": "buyTokens",
          "argTypes": []
        }
      ],
      "exp": "(participantToEtherSpent[msg.sender] + msg.value)",
      "status": "unproven"
    },
    {
      "no": "31",
      "kind": "IO",
      "line": 497,
      "signatures": [
        {
          "contractName": "BRANDCOIN",
          "methodName": "refundMany",
          "argTypes": [ "uint256", "uint256" ]
        }
      ],
      "exp": "(i + 1)",
      "status": "proven"
    },
    {
      "no": "32",
      "kind": "IO",
      "line": 510,
      "signatures": [
        {
          "contractName": "BRANDCOIN",
          "methodName": "_refundParticipant",
          "argTypes": [ "address" ]
        }
      ],
      "exp": "(balances[_participant] - refundBRA)",
      "status": "unproven"
    },
    {
      "no": "33",
      "kind": "IO",
      "line": 511,
      "signatures": [
        {
          "contractName": "BRANDCOIN",
          "methodName": "_refundParticipant",
          "argTypes": [ "address" ]
        }
      ],
      "exp": "(balances[this] + refundBRA)",
      "status": "unproven"
    },
    {
      "no": "34",
      "kind": "DZ",
      "line": 348,
      "signatures": [
        {
          "contractName": "BRANDCOIN",
          "methodName": "amountOfBRAsold",
          "argTypes": []
        },
        {
          "contractName": "BRANDCOIN",
          "methodName": "crowdsaleTargetReached",
          "argTypes": []
        },
        {
          "contractName": "BRANDCOIN",
          "methodName": "ownerWithdrawETH",
          "argTypes": []
        },
        {
          "contractName": "BRANDCOIN",
          "methodName": "refund",
          "argTypes": []
        },
        {
          "contractName": "BRANDCOIN",
          "methodName": "refundMany",
          "argTypes": [ "uint256", "uint256" ]
        },
        {
          "contractName": "BRANDCOIN",
          "methodName": "transfer",
          "argTypes": [ "address", "uint256" ]
        },
        {
          "contractName": "BRANDCOIN",
          "methodName": "transferFrom",
          "argTypes": [ "address", "address", "uint256" ]
        }
      ],
      "exp": "(totalSupply_ / 2)",
      "status": "proven"
    },
    {
      "no": "35",
      "kind": "DZ",
      "line": 391,
      "signatures": [
        {
          "contractName": "BRANDCOIN",
          "methodName": "distributeInitialFunds",
          "argTypes": []
        }
      ],
      "exp": "((totalSupply_ * 15) / 100)",
      "status": "proven"
    },
    {
      "no": "36",
      "kind": "DZ",
      "line": 392,
      "signatures": [
        {
          "contractName": "BRANDCOIN",
          "methodName": "distributeInitialFunds",
          "argTypes": []
        }
      ],
      "exp": "((totalSupply_ * 5) / 100)",
      "status": "proven"
    },
    {
      "no": "37",
      "kind": "DZ",
      "line": 393,
      "signatures": [
        {
          "contractName": "BRANDCOIN",
          "methodName": "distributeInitialFunds",
          "argTypes": []
        }
      ],
      "exp": "((totalSupply_ * 15) / 100)",
      "status": "proven"
    },
    {
      "no": "38",
      "kind": "DZ",
      "line": 394,
      "signatures": [
        {
          "contractName": "BRANDCOIN",
          "methodName": "distributeInitialFunds",
          "argTypes": []
        }
      ],
      "exp": "((totalSupply_ * 5) / 100)",
      "status": "proven"
    },
    {
      "no": "39",
      "kind": "DZ",
      "line": 395,
      "signatures": [
        {
          "contractName": "BRANDCOIN",
          "methodName": "distributeInitialFunds",
          "argTypes": []
        }
      ],
      "exp": "((totalSupply_ * 10) / 100)",
      "status": "proven"
    },
    {
      "no": "40",
      "kind": "DZ",
      "line": 414,
      "signatures": [
        {
          "contractName": "BRANDCOIN",
          "methodName": "buyTokens",
          "argTypes": []
        }
      ],
      "exp": "((msg.value * (uint256(10) ** decimals)) / ETH_per_BRA)",
      "status": "unproven"
    },
    {
      "no": "41",
      "kind": "DZ",
      "line": 430,
      "signatures": [
        {
          "contractName": "BRANDCOIN",
          "methodName": "buyTokens",
          "argTypes": []
        }
      ],
      "exp": "((amountOfBRApurchased * (100 + first_period_bonus_percentage)) / 100)",
      "status": "proven"
    },
    {
      "no": "42",
      "kind": "DZ",
      "line": 436,
      "signatures": [
        {
          "contractName": "BRANDCOIN",
          "methodName": "buyTokens",
          "argTypes": []
        }
      ],
      "exp": "((amountOfBRApurchased * (100 + second_period_bonus_percentage)) / 100)",
      "status": "proven"
    },
    {
      "no": "43",
      "kind": "DZ",
      "line": 441,
      "signatures": [
        {
          "contractName": "BRANDCOIN",
          "methodName": "buyTokens",
          "argTypes": []
        }
      ],
      "exp": "((amountOfBRApurchased * (100 + third_period_bonus_percentage)) / 100)",
      "status": "proven"
    },
    {
      "no": "44",
      "kind": "DZ",
      "line": 446,
      "signatures": [
        {
          "contractName": "BRANDCOIN",
          "methodName": "buyTokens",
          "argTypes": []
        }
      ],
      "exp": "((amountOfBRApurchased * (100 + fourth_period_bonus_percentage)) / 100)",
      "status": "proven"
    },
    {
      "no": "45",
      "kind": "DZ",
      "line": 451,
      "signatures": [
        {
          "contractName": "BRANDCOIN",
          "methodName": "buyTokens",
          "argTypes": []
        }
      ],
      "exp": "((amountOfBRApurchased * (100 + fifth_period_bonus_percentage)) / 100)",
      "status": "proven"
    },
    {
      "no": "46",
      "kind": "ETH_LEAK",
      "line": 517,
      "signatures": [
        {
          "contractName": "BRANDCOIN",
          "methodName": "_refundParticipant",
          "argTypes": [ "address" ]
        }
      ],
      "exp": "_participant.transfer(refundETH);",
      "status": "unproven"
    },
    {
      "no": "47",
      "kind": "ETH_LEAK",
      "line": 525,
      "signatures": [
        {
          "contractName": "BRANDCOIN",
          "methodName": "ownerWithdrawETH",
          "argTypes": []
        }
      ],
      "exp": "owner.transfer(this.balance);",
      "status": "proven"
    }
  ]
}