{
  "fileName": "Benchmarks/Study_SamplesSet/d099798ce13d85be5a7c3ba32762a326.sol",
  "baseName": "d099798ce13d85be5a7c3ba32762a326.sol",
  "iter": 19,
  "time": "49.466593",
  "errMsg": null,
  "result": [
    {
      "no": "1",
      "kind": "IO",
      "line": 20,
      "signatures": [
        {
          "contractName": "Token",
          "methodName": "transfer",
          "argTypes": [ "address", "uint256" ]
        }
      ],
      "exp": "(balances[msg.sender] - _value)",
      "status": "unproven"
    },
    {
      "no": "2",
      "kind": "IO",
      "line": 22,
      "signatures": [
        {
          "contractName": "Token",
          "methodName": "transfer",
          "argTypes": [ "address", "uint256" ]
        }
      ],
      "exp": "(balances[msg.sender] - _value)",
      "status": "unproven"
    },
    {
      "no": "3",
      "kind": "IO",
      "line": 23,
      "signatures": [
        {
          "contractName": "Token",
          "methodName": "transfer",
          "argTypes": [ "address", "uint256" ]
        }
      ],
      "exp": "(balances[_to] + _value)",
      "status": "unproven"
    }
  ]
}