{
  "fileName": "Benchmarks/Study_SamplesSet/d3aa3ce27eb0362361e141f85935964b.sol",
  "baseName": "d3aa3ce27eb0362361e141f85935964b.sol",
  "iter": 240,
  "time": "302.20905",
  "errMsg": null,
  "result": [
    {
      "no": "1",
      "kind": "IO",
      "line": 12,
      "signatures": [
        {
          "contractName": "PrimebankCoin",
          "methodName": "@fallback",
          "argTypes": []
        },
        {
          "contractName": "PrimebankCoin",
          "methodName": "getTokens",
          "argTypes": []
        }
      ],
      "exp": "(a * b)",
      "status": "unproven"
    },
    {
      "no": "2",
      "kind": "IO",
      "line": 24,
      "signatures": [
        {
          "contractName": "PrimebankCoin",
          "methodName": "PrimebankCoin",
          "argTypes": [ "uint256", "address" ]
        },
        {
          "contractName": "PrimebankCoin",
          "methodName": "burn",
          "argTypes": [ "uint256" ]
        },
        {
          "contractName": "PrimebankCoin",
          "methodName": "distr",
          "argTypes": [ "address", "uint256" ]
        },
        {
          "contractName": "PrimebankCoin",
          "methodName": "transfer",
          "argTypes": [ "address", "uint256" ]
        },
        {
          "contractName": "PrimebankCoin",
          "methodName": "transferFrom",
          "argTypes": [ "address", "address", "uint256" ]
        }
      ],
      "exp": "(a - b)",
      "status": "proven"
    },
    {
      "no": "3",
      "kind": "IO",
      "line": 28,
      "signatures": [
        {
          "contractName": "PrimebankCoin",
          "methodName": "distr",
          "argTypes": [ "address", "uint256" ]
        },
        {
          "contractName": "PrimebankCoin",
          "methodName": "transfer",
          "argTypes": [ "address", "uint256" ]
        },
        {
          "contractName": "PrimebankCoin",
          "methodName": "transferFrom",
          "argTypes": [ "address", "address", "uint256" ]
        }
      ],
      "exp": "(a + b)",
      "status": "unproven"
    },
    {
      "no": "4",
      "kind": "IO",
      "line": 115,
      "signatures": [
        {
          "contractName": "PrimebankCoin",
          "methodName": "enableWhitelist",
          "argTypes": [ "address[]" ]
        }
      ],
      "exp": "(i + 1)",
      "status": "proven"
    },
    {
      "no": "5",
      "kind": "IO",
      "line": 121,
      "signatures": [
        {
          "contractName": "PrimebankCoin",
          "methodName": "disableWhitelist",
          "argTypes": [ "address[]" ]
        }
      ],
      "exp": "(i + 1)",
      "status": "proven"
    },
    {
      "no": "6",
      "kind": "IO",
      "line": 150,
      "signatures": [
        {
          "contractName": "PrimebankCoin",
          "methodName": "airdrop",
          "argTypes": [ "address[]" ]
        }
      ],
      "exp": "(i + 1)",
      "status": "proven"
    },
    {
      "no": "7",
      "kind": "IO",
      "line": 165,
      "signatures": [
        {
          "contractName": "PrimebankCoin",
          "methodName": "distribution",
          "argTypes": [ "address[]", "uint256" ]
        }
      ],
      "exp": "(i + 1)",
      "status": "proven"
    },
    {
      "no": "8",
      "kind": "IO",
      "line": 180,
      "signatures": [
        {
          "contractName": "PrimebankCoin",
          "methodName": "distributeAmounts",
          "argTypes": [ "address[]", "uint256[]" ]
        }
      ],
      "exp": "(i + 1)",
      "status": "unproven"
    },
    {
      "no": "9",
      "kind": "IO",
      "line": 224,
      "signatures": [
        {
          "contractName": "PrimebankCoin",
          "methodName": "transfer",
          "argTypes": [ "address", "uint256" ]
        },
        {
          "contractName": "PrimebankCoin",
          "methodName": "transferFrom",
          "argTypes": [ "address", "address", "uint256" ]
        }
      ],
      "exp": "(size + 4)",
      "status": "proven"
    },
    {
      "no": "10",
      "kind": "IO",
      "line": 228,
      "signatures": [
        {
          "contractName": "PrimebankCoin",
          "methodName": "transfer",
          "argTypes": [ "address", "uint256" ]
        }
      ],
      "exp": "(2 * 32)",
      "status": "proven"
    },
    {
      "no": "11",
      "kind": "IO",
      "line": 239,
      "signatures": [
        {
          "contractName": "PrimebankCoin",
          "methodName": "transferFrom",
          "argTypes": [ "address", "address", "uint256" ]
        }
      ],
      "exp": "(3 * 32)",
      "status": "proven"
    },
    {
      "no": "12",
      "kind": "DZ",
      "line": 13,
      "signatures": [
        {
          "contractName": "PrimebankCoin",
          "methodName": "@fallback",
          "argTypes": []
        },
        {
          "contractName": "PrimebankCoin",
          "methodName": "getTokens",
          "argTypes": []
        }
      ],
      "exp": "(c / a)",
      "status": "unproven"
    },
    {
      "no": "13",
      "kind": "DZ",
      "line": 18,
      "signatures": [
        {
          "contractName": "PrimebankCoin",
          "methodName": "@fallback",
          "argTypes": []
        },
        {
          "contractName": "PrimebankCoin",
          "methodName": "getTokens",
          "argTypes": []
        }
      ],
      "exp": "(a / b)",
      "status": "proven"
    },
    {
      "no": "14",
      "kind": "ETH_LEAK",
      "line": 272,
      "signatures": [
        {
          "contractName": "PrimebankCoin",
          "methodName": "withdraw",
          "argTypes": []
        }
      ],
      "exp": "owner.transfer(etherBalance);",
      "status": "proven"
    }
  ]
}