{
  "fileName": "Benchmarks/Study_SamplesSet/d3e6d5fe5c3bd946da9dc413800ead21.sol",
  "baseName": "d3e6d5fe5c3bd946da9dc413800ead21.sol",
  "iter": 3,
  "time": "0.090931",
  "errMsg": null,
  "result": [
    {
      "no": "1",
      "kind": "ETH_LEAK",
      "line": 13,
      "signatures": [
        {
          "contractName": "you_can_do_it",
          "methodName": "Try",
          "argTypes": [ "string" ]
        }
      ],
      "exp": "msg.sender.transfer(this.balance);",
      "status": "unproven"
    },
    {
      "no": "2",
      "kind": "ETH_LEAK",
      "line": 43,
      "signatures": [
        {
          "contractName": "you_can_do_it",
          "methodName": "StopGame",
          "argTypes": []
        }
      ],
      "exp": "msg.sender.transfer(this.balance);",
      "status": "unproven"
    }
  ]
}