{
  "fileName": "Benchmarks/Study_SamplesSet/d457074ce16655cd5c38c666c1c2f10e.sol",
  "baseName": "d457074ce16655cd5c38c666c1c2f10e.sol",
  "iter": 1,
  "time": "1163.258675",
  "errMsg": null,
  "result": [
    {
      "no": "1",
      "kind": "IO",
      "line": 16,
      "signatures": [
        {
          "contractName": "MawaxToken",
          "methodName": "getTokens",
          "argTypes": []
        }
      ],
      "exp": "(a * b)",
      "status": "unproven"
    },
    {
      "no": "2",
      "kind": "IO",
      "line": 36,
      "signatures": [
        {
          "contractName": "MawaxToken",
          "methodName": "burn",
          "argTypes": [ "uint256" ]
        },
        {
          "contractName": "MawaxToken",
          "methodName": "transfer",
          "argTypes": [ "address", "uint256" ]
        },
        {
          "contractName": "MawaxToken",
          "methodName": "transferFrom",
          "argTypes": [ "address", "address", "uint256" ]
        }
      ],
      "exp": "(a - b)",
      "status": "proven"
    },
    {
      "no": "3",
      "kind": "IO",
      "line": 43,
      "signatures": [
        {
          "contractName": "MawaxToken",
          "methodName": "DistributeAirdrop",
          "argTypes": [ "address", "uint256" ]
        },
        {
          "contractName": "MawaxToken",
          "methodName": "DistributeAirdropMultiple",
          "argTypes": [ "address[]", "uint256" ]
        },
        {
          "contractName": "MawaxToken",
          "methodName": "MawaxToken",
          "argTypes": []
        },
        {
          "contractName": "MawaxToken",
          "methodName": "add",
          "argTypes": [ "uint256" ]
        },
        {
          "contractName": "MawaxToken",
          "methodName": "getTokens",
          "argTypes": []
        },
        {
          "contractName": "MawaxToken",
          "methodName": "transfer",
          "argTypes": [ "address", "uint256" ]
        },
        {
          "contractName": "MawaxToken",
          "methodName": "transferFrom",
          "argTypes": [ "address", "address", "uint256" ]
        }
      ],
      "exp": "(a + b)",
      "status": "unproven"
    },
    {
      "no": "4",
      "kind": "IO",
      "line": 80,
      "signatures": [
        {
          "contractName": "MawaxToken",
          "methodName": "MawaxToken",
          "argTypes": []
        }
      ],
      "exp": "(37 * 86400)",
      "status": "proven"
    },
    {
      "no": "5",
      "kind": "IO",
      "line": 80,
      "signatures": [
        {
          "contractName": "MawaxToken",
          "methodName": "MawaxToken",
          "argTypes": []
        }
      ],
      "exp": "(now + (37 * 86400))",
      "status": "unproven"
    },
    {
      "no": "6",
      "kind": "IO",
      "line": 81,
      "signatures": [
        {
          "contractName": "MawaxToken",
          "methodName": "MawaxToken",
          "argTypes": []
        }
      ],
      "exp": "(32 * 86400)",
      "status": "proven"
    },
    {
      "no": "7",
      "kind": "IO",
      "line": 81,
      "signatures": [
        {
          "contractName": "MawaxToken",
          "methodName": "MawaxToken",
          "argTypes": []
        }
      ],
      "exp": "(now + (32 * 86400))",
      "status": "unproven"
    },
    {
      "no": "8",
      "kind": "IO",
      "line": 82,
      "signatures": [
        {
          "contractName": "MawaxToken",
          "methodName": "MawaxToken",
          "argTypes": []
        }
      ],
      "exp": "(22 * 86400)",
      "status": "proven"
    },
    {
      "no": "9",
      "kind": "IO",
      "line": 82,
      "signatures": [
        {
          "contractName": "MawaxToken",
          "methodName": "MawaxToken",
          "argTypes": []
        }
      ],
      "exp": "(now + (22 * 86400))",
      "status": "unproven"
    },
    {
      "no": "10",
      "kind": "IO",
      "line": 170,
      "signatures": [
        {
          "contractName": "MawaxToken",
          "methodName": "DistributeAirdropMultiple",
          "argTypes": [ "address[]", "uint256" ]
        }
      ],
      "exp": "(i + 1)",
      "status": "proven"
    },
    {
      "no": "11",
      "kind": "IO",
      "line": 195,
      "signatures": [
        {
          "contractName": "MawaxToken",
          "methodName": "getTokens",
          "argTypes": []
        }
      ],
      "exp": "(tokens * 1)",
      "status": "proven"
    },
    {
      "no": "12",
      "kind": "IO",
      "line": 197,
      "signatures": [
        {
          "contractName": "MawaxToken",
          "methodName": "getTokens",
          "argTypes": []
        }
      ],
      "exp": "(tokens * 2)",
      "status": "unproven"
    },
    {
      "no": "13",
      "kind": "IO",
      "line": 199,
      "signatures": [
        {
          "contractName": "MawaxToken",
          "methodName": "getTokens",
          "argTypes": []
        }
      ],
      "exp": "(tokens * 3)",
      "status": "unproven"
    },
    {
      "no": "14",
      "kind": "IO",
      "line": 203,
      "signatures": [
        {
          "contractName": "MawaxToken",
          "methodName": "getTokens",
          "argTypes": []
        }
      ],
      "exp": "(tokens * 2)",
      "status": "unproven"
    },
    {
      "no": "15",
      "kind": "IO",
      "line": 205,
      "signatures": [
        {
          "contractName": "MawaxToken",
          "methodName": "getTokens",
          "argTypes": []
        }
      ],
      "exp": "(tokens * 3)",
      "status": "unproven"
    },
    {
      "no": "16",
      "kind": "IO",
      "line": 211,
      "signatures": [
        {
          "contractName": "MawaxToken",
          "methodName": "getTokens",
          "argTypes": []
        }
      ],
      "exp": "(tokens + countbonus)",
      "status": "unproven"
    },
    {
      "no": "17",
      "kind": "IO",
      "line": 218,
      "signatures": [
        {
          "contractName": "MawaxToken",
          "methodName": "getTokens",
          "argTypes": []
        }
      ],
      "exp": "(progress0drop + 1)",
      "status": "proven"
    },
    {
      "no": "18",
      "kind": "IO",
      "line": 249,
      "signatures": [
        {
          "contractName": "MawaxToken",
          "methodName": "transfer",
          "argTypes": [ "address", "uint256" ]
        },
        {
          "contractName": "MawaxToken",
          "methodName": "transferFrom",
          "argTypes": [ "address", "address", "uint256" ]
        }
      ],
      "exp": "(size + 4)",
      "status": "proven"
    },
    {
      "no": "19",
      "kind": "IO",
      "line": 253,
      "signatures": [
        {
          "contractName": "MawaxToken",
          "methodName": "transfer",
          "argTypes": [ "address", "uint256" ]
        }
      ],
      "exp": "(2 * 32)",
      "status": "proven"
    },
    {
      "no": "20",
      "kind": "IO",
      "line": 264,
      "signatures": [
        {
          "contractName": "MawaxToken",
          "methodName": "transferFrom",
          "argTypes": [ "address", "address", "uint256" ]
        }
      ],
      "exp": "(3 * 32)",
      "status": "proven"
    },
    {
      "no": "21",
      "kind": "DZ",
      "line": 17,
      "signatures": [
        {
          "contractName": "MawaxToken",
          "methodName": "getTokens",
          "argTypes": []
        }
      ],
      "exp": "(c / a)",
      "status": "proven"
    },
    {
      "no": "22",
      "kind": "DZ",
      "line": 86,
      "signatures": [
        {
          "contractName": "MawaxToken",
          "methodName": "MawaxToken",
          "argTypes": []
        }
      ],
      "exp": "(10000000000000000000 / 1000)",
      "status": "proven"
    },
    {
      "no": "23",
      "kind": "DZ",
      "line": 186,
      "signatures": [
        {
          "contractName": "MawaxToken",
          "methodName": "getTokens",
          "argTypes": []
        }
      ],
      "exp": "(1000000000000000000 / 10)",
      "status": "proven"
    },
    {
      "no": "24",
      "kind": "DZ",
      "line": 190,
      "signatures": [
        {
          "contractName": "MawaxToken",
          "methodName": "getTokens",
          "argTypes": []
        }
      ],
      "exp": "(tokensPerEth.mul(msg.value) / 1000000000000000000)",
      "status": "proven"
    },
    {
      "no": "25",
      "kind": "DZ",
      "line": 195,
      "signatures": [
        {
          "contractName": "MawaxToken",
          "methodName": "getTokens",
          "argTypes": []
        }
      ],
      "exp": "((tokens * 1) / 100)",
      "status": "proven"
    },
    {
      "no": "26",
      "kind": "DZ",
      "line": 197,
      "signatures": [
        {
          "contractName": "MawaxToken",
          "methodName": "getTokens",
          "argTypes": []
        }
      ],
      "exp": "((tokens * 2) / 100)",
      "status": "proven"
    },
    {
      "no": "27",
      "kind": "DZ",
      "line": 199,
      "signatures": [
        {
          "contractName": "MawaxToken",
          "methodName": "getTokens",
          "argTypes": []
        }
      ],
      "exp": "((tokens * 3) / 100)",
      "status": "proven"
    },
    {
      "no": "28",
      "kind": "DZ",
      "line": 203,
      "signatures": [
        {
          "contractName": "MawaxToken",
          "methodName": "getTokens",
          "argTypes": []
        }
      ],
      "exp": "((tokens * 2) / 100)",
      "status": "proven"
    },
    {
      "no": "29",
      "kind": "DZ",
      "line": 205,
      "signatures": [
        {
          "contractName": "MawaxToken",
          "methodName": "getTokens",
          "argTypes": []
        }
      ],
      "exp": "((tokens * 3) / 100)",
      "status": "proven"
    },
    {
      "no": "30",
      "kind": "ETH_LEAK",
      "line": 241,
      "signatures": [
        {
          "contractName": "MawaxToken",
          "methodName": "getTokens",
          "argTypes": []
        }
      ],
      "exp": "multisig.transfer(msg.value);",
      "status": "unproven"
    },
    {
      "no": "31",
      "kind": "ETH_LEAK",
      "line": 297,
      "signatures": [
        {
          "contractName": "MawaxToken",
          "methodName": "withdrawAll",
          "argTypes": []
        }
      ],
      "exp": "owner.transfer(etherBalance);",
      "status": "unproven"
    },
    {
      "no": "32",
      "kind": "ETH_LEAK",
      "line": 302,
      "signatures": [
        {
          "contractName": "MawaxToken",
          "methodName": "withdraw",
          "argTypes": [ "uint256" ]
        }
      ],
      "exp": "owner.transfer(wantAmount);",
      "status": "unproven"
    }
  ]
}