{
  "fileName": "Benchmarks/Study_SamplesSet/d8fde2db7a33dfd514317f4d1be94f63.sol",
  "baseName": "d8fde2db7a33dfd514317f4d1be94f63.sol",
  "iter": 102,
  "time": "301.445136",
  "errMsg": null,
  "result": [
    {
      "no": "1",
      "kind": "IO",
      "line": 61,
      "signatures": [
        {
          "contractName": "RampInstantEthPool",
          "methodName": "withdrawFunds_re_ent17",
          "argTypes": [ "uint256" ]
        }
      ],
      "exp": "(balances_re_ent17[msg.sender] - _weiToWithdraw)",
      "status": "unproven"
    },
    {
      "no": "2",
      "kind": "IO",
      "line": 129,
      "signatures": [
        {
          "contractName": "RampInstantEthPool",
          "methodName": "withdrawFunds_re_ent3",
          "argTypes": [ "uint256" ]
        }
      ],
      "exp": "(balances_re_ent3[msg.sender] - _weiToWithdraw)",
      "status": "unproven"
    },
    {
      "no": "3",
      "kind": "IO",
      "line": 243,
      "signatures": [
        {
          "contractName": "RampInstantEthPool",
          "methodName": "callme_re_ent42",
          "argTypes": []
        }
      ],
      "exp": "(counter_re_ent42 + 1)",
      "status": "proven"
    },
    {
      "no": "4",
      "kind": "IO",
      "line": 266,
      "signatures": [
        {
          "contractName": "RampInstantEthPool",
          "methodName": "withdrawFunds_re_ent31",
          "argTypes": [ "uint256" ]
        }
      ],
      "exp": "(balances_re_ent31[msg.sender] - _weiToWithdraw)",
      "status": "proven"
    },
    {
      "no": "5",
      "kind": "IO",
      "line": 355,
      "signatures": [
        {
          "contractName": "RampInstantEthPool",
          "methodName": "withdrawFunds_re_ent38",
          "argTypes": [ "uint256" ]
        }
      ],
      "exp": "(balances_re_ent38[msg.sender] - _weiToWithdraw)",
      "status": "proven"
    },
    {
      "no": "6",
      "kind": "IO",
      "line": 397,
      "signatures": [
        {
          "contractName": "RampInstantEthPool",
          "methodName": "callme_re_ent7",
          "argTypes": []
        }
      ],
      "exp": "(counter_re_ent7 + 1)",
      "status": "proven"
    },
    {
      "no": "7",
      "kind": "IO",
      "line": 436,
      "signatures": [
        {
          "contractName": "RampInstantEthPool",
          "methodName": "callme_re_ent14",
          "argTypes": []
        }
      ],
      "exp": "(counter_re_ent14 + 1)",
      "status": "proven"
    },
    {
      "no": "8",
      "kind": "IO",
      "line": 556,
      "signatures": [
        {
          "contractName": "RampInstantEthPool",
          "methodName": "callme_re_ent35",
          "argTypes": []
        }
      ],
      "exp": "(counter_re_ent35 + 1)",
      "status": "proven"
    },
    {
      "no": "9",
      "kind": "ETH_LEAK",
      "line": 34,
      "signatures": [
        {
          "contractName": "RampInstantEthPool",
          "methodName": "withdraw_balances_re_ent21",
          "argTypes": []
        }
      ],
      "exp": "(success,  ) = msg.sender.call.value(balances_re_ent21[msg.sender])(\"\");",
      "status": "unproven"
    },
    {
      "no": "10",
      "kind": "ETH_LEAK",
      "line": 44,
      "signatures": [
        {
          "contractName": "RampInstantEthPool",
          "methodName": "withdrawBalance_re_ent40",
          "argTypes": []
        }
      ],
      "exp": "(success,  ) = msg.sender.call.value(userBalance_re_ent40[msg.sender])(\"\");",
      "status": "unproven"
    },
    {
      "no": "11",
      "kind": "ETH_LEAK",
      "line": 59,
      "signatures": [
        {
          "contractName": "RampInstantEthPool",
          "methodName": "withdrawFunds_re_ent17",
          "argTypes": [ "uint256" ]
        }
      ],
      "exp": "(success,  ) = msg.sender.call.value(_weiToWithdraw)(\"\");",
      "status": "unproven"
    },
    {
      "no": "12",
      "kind": "ETH_LEAK",
      "line": 76,
      "signatures": [
        {
          "contractName": "RampInstantEthPool",
          "methodName": "buyTicket_re_ent37",
          "argTypes": []
        }
      ],
      "exp": "lastPlayer_re_ent37.send(jackpot_re_ent37)",
      "status": "unproven"
    },
    {
      "no": "13",
      "kind": "ETH_LEAK",
      "line": 94,
      "signatures": [
        {
          "contractName": "RampInstantEthPool",
          "methodName": "withdrawBalance_re_ent12",
          "argTypes": []
        }
      ],
      "exp": "msg.sender.send(userBalance_re_ent12[msg.sender])",
      "status": "unproven"
    },
    {
      "no": "14",
      "kind": "ETH_LEAK",
      "line": 105,
      "signatures": [
        {
          "contractName": "RampInstantEthPool",
          "methodName": "withdrawBalance_re_ent33",
          "argTypes": []
        }
      ],
      "exp": "(success,  ) = msg.sender.call.value(userBalance_re_ent33[msg.sender])(\"\");",
      "status": "unproven"
    },
    {
      "no": "15",
      "kind": "ETH_LEAK",
      "line": 127,
      "signatures": [
        {
          "contractName": "RampInstantEthPool",
          "methodName": "withdrawFunds_re_ent3",
          "argTypes": [ "uint256" ]
        }
      ],
      "exp": "(success,  ) = msg.sender.call.value(_weiToWithdraw)(\"\");",
      "status": "unproven"
    },
    {
      "no": "16",
      "kind": "ETH_LEAK",
      "line": 217,
      "signatures": [
        {
          "contractName": "RampInstantEthPool",
          "methodName": "claimReward_re_ent11",
          "argTypes": []
        }
      ],
      "exp": "msg.sender.transfer(transferValue_re_ent11);",
      "status": "unproven"
    },
    {
      "no": "17",
      "kind": "ETH_LEAK",
      "line": 223,
      "signatures": [
        {
          "contractName": "RampInstantEthPool",
          "methodName": "withdraw_balances_re_ent1",
          "argTypes": []
        }
      ],
      "exp": "(success,  ) = msg.sender.call.value(balances_re_ent1[msg.sender])(\"\");",
      "status": "unproven"
    },
    {
      "no": "18",
      "kind": "ETH_LEAK",
      "line": 231,
      "signatures": [
        {
          "contractName": "RampInstantEthPool",
          "methodName": "bug_re_ent41",
          "argTypes": []
        }
      ],
      "exp": "msg.sender.send(1000000000000000000)",
      "status": "unproven"
    },
    {
      "no": "19",
      "kind": "ETH_LEAK",
      "line": 240,
      "signatures": [
        {
          "contractName": "RampInstantEthPool",
          "methodName": "callme_re_ent42",
          "argTypes": []
        }
      ],
      "exp": "msg.sender.send(10000000000000000000)",
      "status": "unproven"
    },
    {
      "no": "20",
      "kind": "ETH_LEAK",
      "line": 255,
      "signatures": [
        {
          "contractName": "RampInstantEthPool",
          "methodName": "bug_re_ent27",
          "argTypes": []
        }
      ],
      "exp": "msg.sender.send(1000000000000000000)",
      "status": "unproven"
    },
    {
      "no": "21",
      "kind": "ETH_LEAK",
      "line": 265,
      "signatures": [
        {
          "contractName": "RampInstantEthPool",
          "methodName": "withdrawFunds_re_ent31",
          "argTypes": [ "uint256" ]
        }
      ],
      "exp": "msg.sender.send(_weiToWithdraw)",
      "status": "unproven"
    },
    {
      "no": "22",
      "kind": "ETH_LEAK",
      "line": 272,
      "signatures": [
        {
          "contractName": "RampInstantEthPool",
          "methodName": "bug_re_ent13",
          "argTypes": []
        }
      ],
      "exp": "(success,  ) = msg.sender.call.value(1000000000000000000)(\"\");",
      "status": "unproven"
    },
    {
      "no": "23",
      "kind": "ETH_LEAK",
      "line": 301,
      "signatures": [
        {
          "contractName": "RampInstantEthPool",
          "methodName": "withdrawBalance_re_ent19",
          "argTypes": []
        }
      ],
      "exp": "msg.sender.send(userBalance_re_ent19[msg.sender])",
      "status": "unproven"
    },
    {
      "no": "24",
      "kind": "ETH_LEAK",
      "line": 312,
      "signatures": [
        {
          "contractName": "RampInstantEthPool",
          "methodName": "withdrawBalance_re_ent26",
          "argTypes": []
        }
      ],
      "exp": "(success,  ) = msg.sender.call.value(userBalance_re_ent26[msg.sender])(\"\");",
      "status": "unproven"
    },
    {
      "no": "25",
      "kind": "ETH_LEAK",
      "line": 324,
      "signatures": [
        {
          "contractName": "RampInstantEthPool",
          "methodName": "bug_re_ent20",
          "argTypes": []
        }
      ],
      "exp": "msg.sender.send(1000000000000000000)",
      "status": "unproven"
    },
    {
      "no": "26",
      "kind": "ETH_LEAK",
      "line": 338,
      "signatures": [
        {
          "contractName": "RampInstantEthPool",
          "methodName": "claimReward_re_ent32",
          "argTypes": []
        }
      ],
      "exp": "msg.sender.transfer(transferValue_re_ent32);",
      "status": "unproven"
    },
    {
      "no": "27",
      "kind": "ETH_LEAK",
      "line": 354,
      "signatures": [
        {
          "contractName": "RampInstantEthPool",
          "methodName": "withdrawFunds_re_ent38",
          "argTypes": [ "uint256" ]
        }
      ],
      "exp": "msg.sender.send(_weiToWithdraw)",
      "status": "unproven"
    },
    {
      "no": "28",
      "kind": "ETH_LEAK",
      "line": 370,
      "signatures": [
        {
          "contractName": "RampInstantEthPool",
          "methodName": "claimReward_re_ent4",
          "argTypes": []
        }
      ],
      "exp": "msg.sender.transfer(transferValue_re_ent4);",
      "status": "unproven"
    },
    {
      "no": "29",
      "kind": "ETH_LEAK",
      "line": 394,
      "signatures": [
        {
          "contractName": "RampInstantEthPool",
          "methodName": "callme_re_ent7",
          "argTypes": []
        }
      ],
      "exp": "msg.sender.send(10000000000000000000)",
      "status": "unproven"
    },
    {
      "no": "30",
      "kind": "ETH_LEAK",
      "line": 417,
      "signatures": [
        {
          "contractName": "RampInstantEthPool",
          "methodName": "buyTicket_re_ent23",
          "argTypes": []
        }
      ],
      "exp": "lastPlayer_re_ent23.send(jackpot_re_ent23)",
      "status": "unproven"
    },
    {
      "no": "31",
      "kind": "ETH_LEAK",
      "line": 433,
      "signatures": [
        {
          "contractName": "RampInstantEthPool",
          "methodName": "callme_re_ent14",
          "argTypes": []
        }
      ],
      "exp": "msg.sender.send(10000000000000000000)",
      "status": "unproven"
    },
    {
      "no": "32",
      "kind": "ETH_LEAK",
      "line": 476,
      "signatures": [
        {
          "contractName": "RampInstantEthPool",
          "methodName": "buyTicket_re_ent2",
          "argTypes": []
        }
      ],
      "exp": "lastPlayer_re_ent2.send(jackpot_re_ent2)",
      "status": "unproven"
    },
    {
      "no": "33",
      "kind": "ETH_LEAK",
      "line": 497,
      "signatures": [
        {
          "contractName": "RampInstantEthPool",
          "methodName": "buyTicket_re_ent30",
          "argTypes": []
        }
      ],
      "exp": "lastPlayer_re_ent30.send(jackpot_re_ent30)",
      "status": "unproven"
    },
    {
      "no": "34",
      "kind": "ETH_LEAK",
      "line": 508,
      "signatures": [
        {
          "contractName": "RampInstantEthPool",
          "methodName": "withdraw_balances_re_ent8",
          "argTypes": []
        }
      ],
      "exp": "(success,  ) = msg.sender.call.value(balances_re_ent8[msg.sender])(\"\");",
      "status": "unproven"
    },
    {
      "no": "35",
      "kind": "ETH_LEAK",
      "line": 517,
      "signatures": [
        {
          "contractName": "RampInstantEthPool",
          "methodName": "withdrawAllFunds",
          "argTypes": [ "address" ]
        },
        {
          "contractName": "RampInstantEthPool",
          "methodName": "withdrawFunds",
          "argTypes": [ "address", "uint256" ]
        }
      ],
      "exp": "_to.transfer(_amount);",
      "status": "proven"
    },
    {
      "no": "36",
      "kind": "ETH_LEAK",
      "line": 525,
      "signatures": [
        {
          "contractName": "RampInstantEthPool",
          "methodName": "claimReward_re_ent39",
          "argTypes": []
        }
      ],
      "exp": "msg.sender.transfer(transferValue_re_ent39);",
      "status": "unproven"
    },
    {
      "no": "37",
      "kind": "ETH_LEAK",
      "line": 532,
      "signatures": [
        {
          "contractName": "RampInstantEthPool",
          "methodName": "sendFundsToSwap",
          "argTypes": [ "uint256" ]
        }
      ],
      "exp": "swapsContract.transfer(_amount);",
      "status": "proven"
    },
    {
      "no": "38",
      "kind": "ETH_LEAK",
      "line": 537,
      "signatures": [
        {
          "contractName": "RampInstantEthPool",
          "methodName": "withdraw_balances_re_ent36",
          "argTypes": []
        }
      ],
      "exp": "msg.sender.send(balances_re_ent36[msg.sender])",
      "status": "unproven"
    },
    {
      "no": "39",
      "kind": "ETH_LEAK",
      "line": 553,
      "signatures": [
        {
          "contractName": "RampInstantEthPool",
          "methodName": "callme_re_ent35",
          "argTypes": []
        }
      ],
      "exp": "msg.sender.send(10000000000000000000)",
      "status": "unproven"
    }
  ]
}