{
  "fileName": "Benchmarks/Study_SamplesSet/dda3b7e9e76857e7f3fc2532c9ab980f.sol",
  "baseName": "dda3b7e9e76857e7f3fc2532c9ab980f.sol",
  "iter": 103,
  "time": "302.615321",
  "errMsg": null,
  "result": [
    {
      "no": "1",
      "kind": "IO",
      "line": 769,
      "signatures": [
        {
          "contractName": "MoxyOneCrowdsale",
          "methodName": "destroy",
          "argTypes": []
        }
      ],
      "exp": "(crowdsaleEnd + _time)",
      "status": "unproven"
    },
    {
      "no": "2",
      "kind": "IO",
      "line": 839,
      "signatures": [
        {
          "contractName": "MoxyOneCrowdsale",
          "methodName": "setupPhases",
          "argTypes": [
            "uint256", "uint256[]", "uint256[]", "uint256[]", "bool[]"
          ]
        }
      ],
      "exp": "(start + _phasePeriods[0])",
      "status": "unproven"
    },
    {
      "no": "3",
      "kind": "IO",
      "line": 842,
      "signatures": [
        {
          "contractName": "MoxyOneCrowdsale",
          "methodName": "setupPhases",
          "argTypes": [
            "uint256", "uint256[]", "uint256[]", "uint256[]", "bool[]"
          ]
        }
      ],
      "exp": "(i + 1)",
      "status": "proven"
    },
    {
      "no": "4",
      "kind": "IO",
      "line": 843,
      "signatures": [
        {
          "contractName": "MoxyOneCrowdsale",
          "methodName": "setupPhases",
          "argTypes": [
            "uint256", "uint256[]", "uint256[]", "uint256[]", "bool[]"
          ]
        }
      ],
      "exp": "(crowdsaleEnd + _phasePeriods[i])",
      "status": "unproven"
    },
    {
      "no": "5",
      "kind": "IO",
      "line": 847,
      "signatures": [
        {
          "contractName": "MoxyOneCrowdsale",
          "methodName": "setupPhases",
          "argTypes": [
            "uint256", "uint256[]", "uint256[]", "uint256[]", "bool[]"
          ]
        }
      ],
      "exp": "(ii + 1)",
      "status": "proven"
    },
    {
      "no": "6",
      "kind": "IO",
      "line": 849,
      "signatures": [
        {
          "contractName": "MoxyOneCrowdsale",
          "methodName": "setupPhases",
          "argTypes": [
            "uint256", "uint256[]", "uint256[]", "uint256[]", "bool[]"
          ]
        }
      ],
      "exp": "(crowdsaleEnd + _phaseBonusLockupPeriods[ii])",
      "status": "unproven"
    },
    {
      "no": "7",
      "kind": "IO",
      "line": 868,
      "signatures": [
        {
          "contractName": "MoxyOneCrowdsale",
          "methodName": "setupStakeholders",
          "argTypes": [
            "address[]", "uint256[]", "uint256[]", "bool[]", "uint256[]",
            "uint256[]", "uint256[]"
          ]
        }
      ],
      "exp": "(i + 1)",
      "status": "proven"
    },
    {
      "no": "8",
      "kind": "IO",
      "line": 878,
      "signatures": [
        {
          "contractName": "MoxyOneCrowdsale",
          "methodName": "setupStakeholders",
          "argTypes": [
            "address[]", "uint256[]", "uint256[]", "bool[]", "uint256[]",
            "uint256[]", "uint256[]"
          ]
        }
      ],
      "exp": "(ii + 1)",
      "status": "proven"
    },
    {
      "no": "9",
      "kind": "IO",
      "line": 894,
      "signatures": [
        {
          "contractName": "MoxyOneCrowdsale",
          "methodName": "setupVolumeMultipliers",
          "argTypes": [ "uint256[]", "uint256[]", "uint256[]" ]
        }
      ],
      "exp": "(i + 1)",
      "status": "proven"
    },
    {
      "no": "10",
      "kind": "IO",
      "line": 960,
      "signatures": [
        {
          "contractName": "MoxyOneCrowdsale",
          "methodName": "balanceOf",
          "argTypes": [ "address" ]
        }
      ],
      "exp": "(i + 1)",
      "status": "proven"
    },
    {
      "no": "11",
      "kind": "IO",
      "line": 961,
      "signatures": [
        {
          "contractName": "MoxyOneCrowdsale",
          "methodName": "balanceOf",
          "argTypes": [ "address" ]
        }
      ],
      "exp": "(sum + allocated[_owner][allocatedIndex[_owner][i]].tokens)",
      "status": "unproven"
    },
    {
      "no": "12",
      "kind": "IO",
      "line": 976,
      "signatures": [
        {
          "contractName": "MoxyOneCrowdsale",
          "methodName": "ethBalanceOf",
          "argTypes": [ "address" ]
        }
      ],
      "exp": "(i + 1)",
      "status": "proven"
    },
    {
      "no": "13",
      "kind": "IO",
      "line": 977,
      "signatures": [
        {
          "contractName": "MoxyOneCrowdsale",
          "methodName": "ethBalanceOf",
          "argTypes": [ "address" ]
        }
      ],
      "exp": "(sum + allocated[_owner][allocatedIndex[_owner][i]].eth)",
      "status": "unproven"
    },
    {
      "no": "14",
      "kind": "IO",
      "line": 1001,
      "signatures": [
        {
          "contractName": "MoxyOneCrowdsale",
          "methodName": "getCurrentPhase",
          "argTypes": []
        }
      ],
      "exp": "(i + 1)",
      "status": "proven"
    },
    {
      "no": "15",
      "kind": "IO",
      "line": 1027,
      "signatures": [
        {
          "contractName": "MoxyOneCrowdsale",
          "methodName": "getRate",
          "argTypes": [ "uint256", "uint256" ]
        }
      ],
      "exp": "(i - 1)",
      "status": "proven"
    },
    {
      "no": "16",
      "kind": "IO",
      "line": 1028,
      "signatures": [
        {
          "contractName": "MoxyOneCrowdsale",
          "methodName": "getRate",
          "argTypes": [ "uint256", "uint256" ]
        }
      ],
      "exp": "(i - 1)",
      "status": "proven"
    },
    {
      "no": "17",
      "kind": "IO",
      "line": 1029,
      "signatures": [
        {
          "contractName": "MoxyOneCrowdsale",
          "methodName": "getRate",
          "argTypes": [ "uint256", "uint256" ]
        }
      ],
      "exp": "(i - 1)",
      "status": "proven"
    },
    {
      "no": "18",
      "kind": "IO",
      "line": 1030,
      "signatures": [
        {
          "contractName": "MoxyOneCrowdsale",
          "methodName": "getRate",
          "argTypes": [ "uint256", "uint256" ]
        }
      ],
      "exp": "(phase.rate * multiplier.rateMultiplier)",
      "status": "unproven"
    },
    {
      "no": "19",
      "kind": "IO",
      "line": 1030,
      "signatures": [
        {
          "contractName": "MoxyOneCrowdsale",
          "methodName": "getRate",
          "argTypes": [ "uint256", "uint256" ]
        }
      ],
      "exp": "(rate + ((phase.rate * multiplier.rateMultiplier) / percentageDenominator))",
      "status": "unproven"
    },
    {
      "no": "20",
      "kind": "IO",
      "line": 1059,
      "signatures": [
        {
          "contractName": "MoxyOneCrowdsale",
          "methodName": "getDistributionData",
          "argTypes": [ "uint256", "uint256" ]
        }
      ],
      "exp": "(phase.bonusReleaseDate - crowdsaleEnd)",
      "status": "unproven"
    },
    {
      "no": "21",
      "kind": "IO",
      "line": 1060,
      "signatures": [
        {
          "contractName": "MoxyOneCrowdsale",
          "methodName": "getDistributionData",
          "argTypes": [ "uint256", "uint256" ]
        }
      ],
      "exp": "(i - 1)",
      "status": "proven"
    },
    {
      "no": "22",
      "kind": "IO",
      "line": 1061,
      "signatures": [
        {
          "contractName": "MoxyOneCrowdsale",
          "methodName": "getDistributionData",
          "argTypes": [ "uint256", "uint256" ]
        }
      ],
      "exp": "(i - 1)",
      "status": "proven"
    },
    {
      "no": "23",
      "kind": "IO",
      "line": 1063,
      "signatures": [
        {
          "contractName": "MoxyOneCrowdsale",
          "methodName": "getDistributionData",
          "argTypes": [ "uint256", "uint256" ]
        }
      ],
      "exp": "(i + 1)",
      "status": "unproven"
    },
    {
      "no": "24",
      "kind": "IO",
      "line": 1064,
      "signatures": [
        {
          "contractName": "MoxyOneCrowdsale",
          "methodName": "getDistributionData",
          "argTypes": [ "uint256", "uint256" ]
        }
      ],
      "exp": "(i + 1)",
      "status": "unproven"
    },
    {
      "no": "25",
      "kind": "IO",
      "line": 1068,
      "signatures": [
        {
          "contractName": "MoxyOneCrowdsale",
          "methodName": "getDistributionData",
          "argTypes": [ "uint256", "uint256" ]
        }
      ],
      "exp": "(i - 1)",
      "status": "proven"
    },
    {
      "no": "26",
      "kind": "IO",
      "line": 1069,
      "signatures": [
        {
          "contractName": "MoxyOneCrowdsale",
          "methodName": "getDistributionData",
          "argTypes": [ "uint256", "uint256" ]
        }
      ],
      "exp": "(phase.bonusReleaseDate + ((phaseReleasePeriod * multiplier.bonusReleaseDateMultiplier) / percentageDenominator))",
      "status": "unproven"
    },
    {
      "no": "27",
      "kind": "IO",
      "line": 1069,
      "signatures": [
        {
          "contractName": "MoxyOneCrowdsale",
          "methodName": "getDistributionData",
          "argTypes": [ "uint256", "uint256" ]
        }
      ],
      "exp": "(phaseReleasePeriod * multiplier.bonusReleaseDateMultiplier)",
      "status": "unproven"
    },
    {
      "no": "28",
      "kind": "IO",
      "line": 1070,
      "signatures": [
        {
          "contractName": "MoxyOneCrowdsale",
          "methodName": "getDistributionData",
          "argTypes": [ "uint256", "uint256" ]
        }
      ],
      "exp": "(i - 1)",
      "status": "proven"
    },
    {
      "no": "29",
      "kind": "IO",
      "line": 1070,
      "signatures": [
        {
          "contractName": "MoxyOneCrowdsale",
          "methodName": "getDistributionData",
          "argTypes": [ "uint256", "uint256" ]
        }
      ],
      "exp": "(remainingVolume - volumeMultiplierThresholds[(i - 1)])",
      "status": "unproven"
    },
    {
      "no": "30",
      "kind": "IO",
      "line": 1076,
      "signatures": [
        {
          "contractName": "MoxyOneCrowdsale",
          "methodName": "getDistributionData",
          "argTypes": [ "uint256", "uint256" ]
        }
      ],
      "exp": "(remainingVolume - volume)",
      "status": "unproven"
    },
    {
      "no": "31",
      "kind": "IO",
      "line": 1098,
      "signatures": [
        {
          "contractName": "MoxyOneCrowdsale",
          "methodName": "_distributeTokens",
          "argTypes": [ "address", "uint256", "uint256" ]
        },
        {
          "contractName": "MoxyOneCrowdsale",
          "methodName": "toTokens",
          "argTypes": [ "uint256", "uint256" ]
        }
      ],
      "exp": "((_wei * _rate) * tokenDenominator)",
      "status": "unproven"
    },
    {
      "no": "32",
      "kind": "IO",
      "line": 1098,
      "signatures": [
        {
          "contractName": "MoxyOneCrowdsale",
          "methodName": "_distributeTokens",
          "argTypes": [ "address", "uint256", "uint256" ]
        },
        {
          "contractName": "MoxyOneCrowdsale",
          "methodName": "toTokens",
          "argTypes": [ "uint256", "uint256" ]
        }
      ],
      "exp": "(_wei * _rate)",
      "status": "unproven"
    },
    {
      "no": "33",
      "kind": "IO",
      "line": 1153,
      "signatures": [
        {
          "contractName": "MoxyOneCrowdsale",
          "methodName": "endCrowdsale",
          "argTypes": []
        }
      ],
      "exp": "(contract IToken(token).totalSupply() + allocatedTokens)",
      "status": "unproven"
    },
    {
      "no": "34",
      "kind": "IO",
      "line": 1154,
      "signatures": [
        {
          "contractName": "MoxyOneCrowdsale",
          "methodName": "endCrowdsale",
          "argTypes": []
        }
      ],
      "exp": "(i + 1)",
      "status": "proven"
    },
    {
      "no": "35",
      "kind": "IO",
      "line": 1156,
      "signatures": [
        {
          "contractName": "MoxyOneCrowdsale",
          "methodName": "endCrowdsale",
          "argTypes": []
        }
      ],
      "exp": "(now + p.vestingPeriod)",
      "status": "unproven"
    },
    {
      "no": "36",
      "kind": "IO",
      "line": 1156,
      "signatures": [
        {
          "contractName": "MoxyOneCrowdsale",
          "methodName": "endCrowdsale",
          "argTypes": []
        }
      ],
      "exp": "(totalTokenSupply * p.percentage)",
      "status": "unproven"
    },
    {
      "no": "37",
      "kind": "IO",
      "line": 1160,
      "signatures": [
        {
          "contractName": "MoxyOneCrowdsale",
          "methodName": "endCrowdsale",
          "argTypes": []
        }
      ],
      "exp": "(this.balance - allocatedEth)",
      "status": "unproven"
    },
    {
      "no": "38",
      "kind": "IO",
      "line": 1179,
      "signatures": [
        {
          "contractName": "MoxyOneCrowdsale",
          "methodName": "withdrawTokensTo",
          "argTypes": [ "address" ]
        }
      ],
      "exp": "(i + 1)",
      "status": "proven"
    },
    {
      "no": "39",
      "kind": "IO",
      "line": 1183,
      "signatures": [
        {
          "contractName": "MoxyOneCrowdsale",
          "methodName": "withdrawTokensTo",
          "argTypes": [ "address" ]
        }
      ],
      "exp": "(tokensToSend + b.tokens)",
      "status": "unproven"
    },
    {
      "no": "40",
      "kind": "IO",
      "line": 1189,
      "signatures": [
        {
          "contractName": "MoxyOneCrowdsale",
          "methodName": "withdrawTokensTo",
          "argTypes": [ "address" ]
        }
      ],
      "exp": "(allocatedTokens - tokensToSend)",
      "status": "unproven"
    },
    {
      "no": "41",
      "kind": "IO",
      "line": 1212,
      "signatures": [
        {
          "contractName": "MoxyOneCrowdsale",
          "methodName": "withdrawEtherTo",
          "argTypes": [ "address" ]
        }
      ],
      "exp": "(i + 1)",
      "status": "proven"
    },
    {
      "no": "42",
      "kind": "IO",
      "line": 1216,
      "signatures": [
        {
          "contractName": "MoxyOneCrowdsale",
          "methodName": "withdrawEtherTo",
          "argTypes": [ "address" ]
        }
      ],
      "exp": "(ethToSend + b.eth)",
      "status": "unproven"
    },
    {
      "no": "43",
      "kind": "IO",
      "line": 1222,
      "signatures": [
        {
          "contractName": "MoxyOneCrowdsale",
          "methodName": "withdrawEtherTo",
          "argTypes": [ "address" ]
        }
      ],
      "exp": "(allocatedEth - ethToSend)",
      "status": "unproven"
    },
    {
      "no": "44",
      "kind": "IO",
      "line": 1301,
      "signatures": [
        {
          "contractName": "MoxyOneCrowdsale",
          "methodName": "@fallback",
          "argTypes": []
        },
        {
          "contractName": "MoxyOneCrowdsale",
          "methodName": "contribute",
          "argTypes": []
        },
        {
          "contractName": "MoxyOneCrowdsale",
          "methodName": "contributeFor",
          "argTypes": [ "address" ]
        }
      ],
      "exp": "(raised + _received)",
      "status": "unproven"
    },
    {
      "no": "45",
      "kind": "IO",
      "line": 1302,
      "signatures": [
        {
          "contractName": "MoxyOneCrowdsale",
          "methodName": "@fallback",
          "argTypes": []
        },
        {
          "contractName": "MoxyOneCrowdsale",
          "methodName": "contribute",
          "argTypes": []
        },
        {
          "contractName": "MoxyOneCrowdsale",
          "methodName": "contributeFor",
          "argTypes": [ "address" ]
        }
      ],
      "exp": "(maxAmountPresale - raised)",
      "status": "proven"
    },
    {
      "no": "46",
      "kind": "IO",
      "line": 1307,
      "signatures": [
        {
          "contractName": "MoxyOneCrowdsale",
          "methodName": "@fallback",
          "argTypes": []
        },
        {
          "contractName": "MoxyOneCrowdsale",
          "methodName": "contribute",
          "argTypes": []
        },
        {
          "contractName": "MoxyOneCrowdsale",
          "methodName": "contributeFor",
          "argTypes": [ "address" ]
        }
      ],
      "exp": "(raised + acceptedAmount)",
      "status": "unproven"
    },
    {
      "no": "47",
      "kind": "IO",
      "line": 1331,
      "signatures": [
        {
          "contractName": "MoxyOneCrowdsale",
          "methodName": "@fallback",
          "argTypes": []
        },
        {
          "contractName": "MoxyOneCrowdsale",
          "methodName": "contribute",
          "argTypes": []
        },
        {
          "contractName": "MoxyOneCrowdsale",
          "methodName": "contributeFor",
          "argTypes": [ "address" ]
        }
      ],
      "exp": "(raised + _received)",
      "status": "unproven"
    },
    {
      "no": "48",
      "kind": "IO",
      "line": 1332,
      "signatures": [
        {
          "contractName": "MoxyOneCrowdsale",
          "methodName": "@fallback",
          "argTypes": []
        },
        {
          "contractName": "MoxyOneCrowdsale",
          "methodName": "contribute",
          "argTypes": []
        },
        {
          "contractName": "MoxyOneCrowdsale",
          "methodName": "contributeFor",
          "argTypes": [ "address" ]
        }
      ],
      "exp": "(maxAmount - raised)",
      "status": "proven"
    },
    {
      "no": "49",
      "kind": "IO",
      "line": 1337,
      "signatures": [
        {
          "contractName": "MoxyOneCrowdsale",
          "methodName": "@fallback",
          "argTypes": []
        },
        {
          "contractName": "MoxyOneCrowdsale",
          "methodName": "contribute",
          "argTypes": []
        },
        {
          "contractName": "MoxyOneCrowdsale",
          "methodName": "contributeFor",
          "argTypes": [ "address" ]
        }
      ],
      "exp": "(raised + acceptedAmount)",
      "status": "unproven"
    },
    {
      "no": "50",
      "kind": "IO",
      "line": 1340,
      "signatures": [
        {
          "contractName": "MoxyOneCrowdsale",
          "methodName": "@fallback",
          "argTypes": []
        },
        {
          "contractName": "MoxyOneCrowdsale",
          "methodName": "contribute",
          "argTypes": []
        },
        {
          "contractName": "MoxyOneCrowdsale",
          "methodName": "contributeFor",
          "argTypes": [ "address" ]
        }
      ],
      "exp": "(balances[_beneficiary] + acceptedAmount)",
      "status": "unproven"
    },
    {
      "no": "51",
      "kind": "IO",
      "line": 1371,
      "signatures": [
        {
          "contractName": "MoxyOneCrowdsale",
          "methodName": "_distributeTokens",
          "argTypes": [ "address", "uint256", "uint256" ]
        }
      ],
      "exp": "(i + 1)",
      "status": "proven"
    },
    {
      "no": "52",
      "kind": "IO",
      "line": 1374,
      "signatures": [
        {
          "contractName": "MoxyOneCrowdsale",
          "methodName": "_distributeTokens",
          "argTypes": [ "address", "uint256", "uint256" ]
        }
      ],
      "exp": "(rate - baseRate)",
      "status": "proven"
    },
    {
      "no": "53",
      "kind": "IO",
      "line": 1374,
      "signatures": [
        {
          "contractName": "MoxyOneCrowdsale",
          "methodName": "_distributeTokens",
          "argTypes": [ "address", "uint256", "uint256" ]
        }
      ],
      "exp": "(tokensAtCurrentRate * (rate - baseRate))",
      "status": "unproven"
    },
    {
      "no": "54",
      "kind": "IO",
      "line": 1377,
      "signatures": [
        {
          "contractName": "MoxyOneCrowdsale",
          "methodName": "_distributeTokens",
          "argTypes": [ "address", "uint256", "uint256" ]
        }
      ],
      "exp": "(tokensAtCurrentRate - bonusTokens)",
      "status": "unproven"
    },
    {
      "no": "55",
      "kind": "IO",
      "line": 1377,
      "signatures": [
        {
          "contractName": "MoxyOneCrowdsale",
          "methodName": "_distributeTokens",
          "argTypes": [ "address", "uint256", "uint256" ]
        }
      ],
      "exp": "(tokensToIssue + (tokensAtCurrentRate - bonusTokens))",
      "status": "unproven"
    },
    {
      "no": "56",
      "kind": "IO",
      "line": 1379,
      "signatures": [
        {
          "contractName": "MoxyOneCrowdsale",
          "methodName": "_distributeTokens",
          "argTypes": [ "address", "uint256", "uint256" ]
        }
      ],
      "exp": "(tokensToIssue + tokensAtCurrentRate)",
      "status": "unproven"
    },
    {
      "no": "57",
      "kind": "IO",
      "line": 1389,
      "signatures": [
        {
          "contractName": "MoxyOneCrowdsale",
          "methodName": "_distributeTokens",
          "argTypes": [ "address", "uint256", "uint256" ]
        }
      ],
      "exp": "(_received - _acceptedAmount)",
      "status": "unproven"
    },
    {
      "no": "58",
      "kind": "IO",
      "line": 1404,
      "signatures": [
        {
          "contractName": "MoxyOneCrowdsale",
          "methodName": "_allocateStakeholdersEth",
          "argTypes": [ "uint256", "uint256" ]
        }
      ],
      "exp": "(allocated[_beneficiary][_releaseDate].eth + _amount)",
      "status": "unproven"
    },
    {
      "no": "59",
      "kind": "IO",
      "line": 1407,
      "signatures": [
        {
          "contractName": "MoxyOneCrowdsale",
          "methodName": "_allocateStakeholdersEth",
          "argTypes": [ "uint256", "uint256" ]
        }
      ],
      "exp": "(allocatedIndex[_beneficiary].push(_releaseDate) - 1)",
      "status": "unproven"
    },
    {
      "no": "60",
      "kind": "IO",
      "line": 1410,
      "signatures": [
        {
          "contractName": "MoxyOneCrowdsale",
          "methodName": "_allocateStakeholdersEth",
          "argTypes": [ "uint256", "uint256" ]
        }
      ],
      "exp": "(allocatedEth + _amount)",
      "status": "unproven"
    },
    {
      "no": "61",
      "kind": "IO",
      "line": 1423,
      "signatures": [
        {
          "contractName": "MoxyOneCrowdsale",
          "methodName": "_allocateStakeholdersTokens",
          "argTypes": [ "uint256", "uint256" ]
        },
        {
          "contractName": "MoxyOneCrowdsale",
          "methodName": "_distributeTokens",
          "argTypes": [ "address", "uint256", "uint256" ]
        }
      ],
      "exp": "(allocated[_beneficiary][_releaseDate].tokens + _amount)",
      "status": "unproven"
    },
    {
      "no": "62",
      "kind": "IO",
      "line": 1426,
      "signatures": [
        {
          "contractName": "MoxyOneCrowdsale",
          "methodName": "_allocateStakeholdersTokens",
          "argTypes": [ "uint256", "uint256" ]
        },
        {
          "contractName": "MoxyOneCrowdsale",
          "methodName": "_distributeTokens",
          "argTypes": [ "address", "uint256", "uint256" ]
        }
      ],
      "exp": "(allocatedIndex[_beneficiary].push(_releaseDate) - 1)",
      "status": "unproven"
    },
    {
      "no": "63",
      "kind": "IO",
      "line": 1429,
      "signatures": [
        {
          "contractName": "MoxyOneCrowdsale",
          "methodName": "_allocateStakeholdersTokens",
          "argTypes": [ "uint256", "uint256" ]
        },
        {
          "contractName": "MoxyOneCrowdsale",
          "methodName": "_distributeTokens",
          "argTypes": [ "address", "uint256", "uint256" ]
        }
      ],
      "exp": "(allocatedTokens + _amount)",
      "status": "unproven"
    },
    {
      "no": "64",
      "kind": "IO",
      "line": 1440,
      "signatures": [
        {
          "contractName": "MoxyOneCrowdsale",
          "methodName": "_allocateStakeholdersEth",
          "argTypes": [ "uint256", "uint256" ]
        }
      ],
      "exp": "(i + 1)",
      "status": "proven"
    },
    {
      "no": "65",
      "kind": "IO",
      "line": 1443,
      "signatures": [
        {
          "contractName": "MoxyOneCrowdsale",
          "methodName": "_allocateStakeholdersEth",
          "argTypes": [ "uint256", "uint256" ]
        }
      ],
      "exp": "(_amount * p.eth)",
      "status": "unproven"
    },
    {
      "no": "66",
      "kind": "IO",
      "line": 1456,
      "signatures": [
        {
          "contractName": "MoxyOneCrowdsale",
          "methodName": "_allocateStakeholdersTokens",
          "argTypes": [ "uint256", "uint256" ]
        }
      ],
      "exp": "(i + 1)",
      "status": "proven"
    },
    {
      "no": "67",
      "kind": "IO",
      "line": 1461,
      "signatures": [
        {
          "contractName": "MoxyOneCrowdsale",
          "methodName": "_allocateStakeholdersTokens",
          "argTypes": [ "uint256", "uint256" ]
        }
      ],
      "exp": "(_amount * p.tokens)",
      "status": "unproven"
    },
    {
      "no": "68",
      "kind": "DZ",
      "line": 1030,
      "signatures": [
        {
          "contractName": "MoxyOneCrowdsale",
          "methodName": "getRate",
          "argTypes": [ "uint256", "uint256" ]
        }
      ],
      "exp": "((phase.rate * multiplier.rateMultiplier) / percentageDenominator)",
      "status": "unproven"
    },
    {
      "no": "69",
      "kind": "DZ",
      "line": 1069,
      "signatures": [
        {
          "contractName": "MoxyOneCrowdsale",
          "methodName": "getDistributionData",
          "argTypes": [ "uint256", "uint256" ]
        }
      ],
      "exp": "((phaseReleasePeriod * multiplier.bonusReleaseDateMultiplier) / percentageDenominator)",
      "status": "unproven"
    },
    {
      "no": "70",
      "kind": "DZ",
      "line": 1098,
      "signatures": [
        {
          "contractName": "MoxyOneCrowdsale",
          "methodName": "_distributeTokens",
          "argTypes": [ "address", "uint256", "uint256" ]
        },
        {
          "contractName": "MoxyOneCrowdsale",
          "methodName": "toTokens",
          "argTypes": [ "uint256", "uint256" ]
        }
      ],
      "exp": "(((_wei * _rate) * tokenDenominator) / 1000000000000000000)",
      "status": "proven"
    },
    {
      "no": "71",
      "kind": "DZ",
      "line": 1156,
      "signatures": [
        {
          "contractName": "MoxyOneCrowdsale",
          "methodName": "endCrowdsale",
          "argTypes": []
        }
      ],
      "exp": "((totalTokenSupply * p.percentage) / percentageDenominator)",
      "status": "unproven"
    },
    {
      "no": "72",
      "kind": "DZ",
      "line": 1374,
      "signatures": [
        {
          "contractName": "MoxyOneCrowdsale",
          "methodName": "_distributeTokens",
          "argTypes": [ "address", "uint256", "uint256" ]
        }
      ],
      "exp": "((tokensAtCurrentRate * (rate - baseRate)) / rate)",
      "status": "proven"
    },
    {
      "no": "73",
      "kind": "DZ",
      "line": 1443,
      "signatures": [
        {
          "contractName": "MoxyOneCrowdsale",
          "methodName": "_allocateStakeholdersEth",
          "argTypes": [ "uint256", "uint256" ]
        }
      ],
      "exp": "((_amount * p.eth) / percentageDenominator)",
      "status": "unproven"
    },
    {
      "no": "74",
      "kind": "DZ",
      "line": 1461,
      "signatures": [
        {
          "contractName": "MoxyOneCrowdsale",
          "methodName": "_allocateStakeholdersTokens",
          "argTypes": [ "uint256", "uint256" ]
        }
      ],
      "exp": "((_amount * p.tokens) / percentageDenominator)",
      "status": "unproven"
    },
    {
      "no": "75",
      "kind": "KA",
      "line": 1263,
      "signatures": [
        {
          "contractName": "MoxyOneCrowdsale",
          "methodName": "destroy",
          "argTypes": []
        }
      ],
      "exp": "selfdestruct(beneficiary);",
      "status": "unproven"
    },
    {
      "no": "76",
      "kind": "ETH_LEAK",
      "line": 1223,
      "signatures": [
        {
          "contractName": "MoxyOneCrowdsale",
          "methodName": "withdrawEtherTo",
          "argTypes": [ "address" ]
        }
      ],
      "exp": "_beneficiary.send(ethToSend)",
      "status": "unproven"
    },
    {
      "no": "77",
      "kind": "ETH_LEAK",
      "line": 1253,
      "signatures": [
        {
          "contractName": "MoxyOneCrowdsale",
          "methodName": "refund",
          "argTypes": []
        },
        {
          "contractName": "MoxyOneCrowdsale",
          "methodName": "refundTo",
          "argTypes": [ "address" ]
        }
      ],
      "exp": "_beneficiary.send(receivedAmount)",
      "status": "unproven"
    },
    {
      "no": "78",
      "kind": "ETH_LEAK",
      "line": 1263,
      "signatures": [
        {
          "contractName": "MoxyOneCrowdsale",
          "methodName": "destroy",
          "argTypes": []
        }
      ],
      "exp": "selfdestruct(beneficiary);",
      "status": "unproven"
    },
    {
      "no": "79",
      "kind": "ETH_LEAK",
      "line": 1389,
      "signatures": [
        {
          "contractName": "MoxyOneCrowdsale",
          "methodName": "_distributeTokens",
          "argTypes": [ "address", "uint256", "uint256" ]
        }
      ],
      "exp": "_beneficiary.send((_received - _acceptedAmount))",
      "status": "unproven"
    }
  ]
}