{
  "fileName": "Benchmarks/Study_SamplesSet/deceef5dfe102267ed92ad36c3f15169.sol",
  "baseName": "deceef5dfe102267ed92ad36c3f15169.sol",
  "iter": 1,
  "time": "933.504103",
  "errMsg": null,
  "result": [
    {
      "no": "1",
      "kind": "IO",
      "line": 17,
      "signatures": [
        {
          "contractName": "ChronosCore",
          "methodName": "calculateTimeout",
          "argTypes": []
        },
        {
          "contractName": "ChronosCore",
          "methodName": "play",
          "argTypes": [ "uint256", "bool" ]
        }
      ],
      "exp": "(a * b)",
      "status": "unproven"
    },
    {
      "no": "2",
      "kind": "IO",
      "line": 37,
      "signatures": [
        {
          "contractName": "ChronosCore",
          "methodName": "play",
          "argTypes": [ "uint256", "bool" ]
        },
        {
          "contractName": "ChronosCore",
          "methodName": "withdrawFreeBalance",
          "argTypes": []
        },
        {
          "contractName": "ChronosCore",
          "methodName": "withdrawPayments",
          "argTypes": []
        }
      ],
      "exp": "(a - b)",
      "status": "proven"
    },
    {
      "no": "3",
      "kind": "IO",
      "line": 44,
      "signatures": [
        {
          "contractName": "ChronosCore",
          "methodName": "_processGameEnd",
          "argTypes": []
        },
        {
          "contractName": "ChronosCore",
          "methodName": "asyncSend",
          "argTypes": [ "address", "uint256" ]
        },
        {
          "contractName": "ChronosCore",
          "methodName": "play",
          "argTypes": [ "uint256", "bool" ]
        },
        {
          "contractName": "ChronosCore",
          "methodName": "spiceUp",
          "argTypes": [ "uint256", "string" ]
        }
      ],
      "exp": "(a + b)",
      "status": "unproven"
    },
    {
      "no": "4",
      "kind": "IO",
      "line": 318,
      "signatures": [
        {
          "contractName": "ChronosCore",
          "methodName": "calculateTimeout",
          "argTypes": []
        }
      ],
      "exp": "(timeout - finalTimeout)",
      "status": "proven"
    },
    {
      "no": "5",
      "kind": "IO",
      "line": 324,
      "signatures": [
        {
          "contractName": "ChronosCore",
          "methodName": "calculateTimeout",
          "argTypes": []
        }
      ],
      "exp": "(timeout - decrease)",
      "status": "unproven"
    },
    {
      "no": "6",
      "kind": "IO",
      "line": 330,
      "signatures": [
        {
          "contractName": "ChronosCore",
          "methodName": "calculateTimeout",
          "argTypes": []
        }
      ],
      "exp": "(finalTimeout - timeout)",
      "status": "proven"
    },
    {
      "no": "7",
      "kind": "IO",
      "line": 336,
      "signatures": [
        {
          "contractName": "ChronosCore",
          "methodName": "calculateTimeout",
          "argTypes": []
        }
      ],
      "exp": "(timeout + increase)",
      "status": "unproven"
    },
    {
      "no": "8",
      "kind": "IO",
      "line": 540,
      "signatures": [
        {
          "contractName": "ChronosCore",
          "methodName": "play",
          "argTypes": [ "uint256", "bool" ]
        }
      ],
      "exp": "(block.timestamp + currentTimeout)",
      "status": "unproven"
    },
    {
      "no": "9",
      "kind": "IO",
      "line": 550,
      "signatures": [
        {
          "contractName": "ChronosCore",
          "methodName": "play",
          "argTypes": [ "uint256", "bool" ]
        }
      ],
      "exp": "(wagerIndex + 1)",
      "status": "unproven"
    },
    {
      "no": "10",
      "kind": "IO",
      "line": 555,
      "signatures": [
        {
          "contractName": "ChronosCore",
          "methodName": "play",
          "argTypes": [ "uint256", "bool" ]
        }
      ],
      "exp": "(msg.value - price)",
      "status": "proven"
    },
    {
      "no": "11",
      "kind": "IO",
      "line": 637,
      "signatures": [
        {
          "contractName": "ChronosCore",
          "methodName": "_processGameEnd",
          "argTypes": []
        }
      ],
      "exp": "(gameIndex + 1)",
      "status": "unproven"
    },
    {
      "no": "12",
      "kind": "DZ",
      "line": 18,
      "signatures": [
        {
          "contractName": "ChronosCore",
          "methodName": "calculateTimeout",
          "argTypes": []
        },
        {
          "contractName": "ChronosCore",
          "methodName": "play",
          "argTypes": [ "uint256", "bool" ]
        }
      ],
      "exp": "(c / a)",
      "status": "proven"
    },
    {
      "no": "13",
      "kind": "DZ",
      "line": 27,
      "signatures": [
        {
          "contractName": "ChronosCore",
          "methodName": "calculateTimeout",
          "argTypes": []
        },
        {
          "contractName": "ChronosCore",
          "methodName": "play",
          "argTypes": [ "uint256", "bool" ]
        }
      ],
      "exp": "(a / b)",
      "status": "proven"
    },
    {
      "no": "14",
      "kind": "DZ",
      "line": 511,
      "signatures": [
        {
          "contractName": "ChronosCore",
          "methodName": "play",
          "argTypes": [ "uint256", "bool" ]
        }
      ],
      "exp": "(wagerIndex % 7)",
      "status": "proven"
    },
    {
      "no": "15",
      "kind": "ETH_LEAK",
      "line": 367,
      "signatures": [
        {
          "contractName": "ChronosCore",
          "methodName": "withdrawPayments",
          "argTypes": []
        }
      ],
      "exp": "payee.send(payment)",
      "status": "unproven"
    },
    {
      "no": "16",
      "kind": "ETH_LEAK",
      "line": 425,
      "signatures": [
        {
          "contractName": "ChronosCore",
          "methodName": "_processGameEnd",
          "argTypes": []
        },
        {
          "contractName": "ChronosCore",
          "methodName": "play",
          "argTypes": [ "uint256", "bool" ]
        }
      ],
      "exp": "beneficiary.send(amount)",
      "status": "unproven"
    },
    {
      "no": "17",
      "kind": "ETH_LEAK",
      "line": 440,
      "signatures": [
        {
          "contractName": "ChronosCore",
          "methodName": "withdrawFreeBalance",
          "argTypes": []
        }
      ],
      "exp": "cfoAddress.transfer(freeBalance);",
      "status": "unproven"
    },
    {
      "no": "18",
      "kind": "ETH_LEAK",
      "line": 521,
      "signatures": [
        {
          "contractName": "ChronosCore",
          "methodName": "play",
          "argTypes": [ "uint256", "bool" ]
        }
      ],
      "exp": "msg.sender.transfer(wagerPrize);",
      "status": "unproven"
    },
    {
      "no": "19",
      "kind": "ETH_LEAK",
      "line": 558,
      "signatures": [
        {
          "contractName": "ChronosCore",
          "methodName": "play",
          "argTypes": [ "uint256", "bool" ]
        }
      ],
      "exp": "msg.sender.transfer(excess);",
      "status": "unproven"
    }
  ]
}