{
  "fileName": "Benchmarks/Study_SamplesSet/dfb5e171d127be05bb85ece327756da5.sol",
  "baseName": "dfb5e171d127be05bb85ece327756da5.sol",
  "iter": 120,
  "time": "303.136029",
  "errMsg": null,
  "result": [
    {
      "no": "1",
      "kind": "IO",
      "line": 26,
      "signatures": [
        {
          "contractName": "AsseteGram",
          "methodName": "transfer",
          "argTypes": [ "address", "uint256" ]
        },
        {
          "contractName": "AsseteGram",
          "methodName": "transferFrom",
          "argTypes": [ "address", "address", "uint256" ]
        }
      ],
      "exp": "(a - b)",
      "status": "proven"
    },
    {
      "no": "2",
      "kind": "IO",
      "line": 35,
      "signatures": [
        {
          "contractName": "AsseteGram",
          "methodName": "transfer",
          "argTypes": [ "address", "uint256" ]
        },
        {
          "contractName": "AsseteGram",
          "methodName": "transferFrom",
          "argTypes": [ "address", "address", "uint256" ]
        }
      ],
      "exp": "(a + b)",
      "status": "unproven"
    },
    {
      "no": "3",
      "kind": "IO",
      "line": 64,
      "signatures": [
        {
          "contractName": "AsseteGram",
          "methodName": "callme_re_ent7",
          "argTypes": []
        }
      ],
      "exp": "(counter_re_ent7 + 1)",
      "status": "proven"
    },
    {
      "no": "4",
      "kind": "IO",
      "line": 82,
      "signatures": [
        {
          "contractName": "AsseteGram",
          "methodName": "callme_re_ent14",
          "argTypes": []
        }
      ],
      "exp": "(counter_re_ent14 + 1)",
      "status": "proven"
    },
    {
      "no": "5",
      "kind": "IO",
      "line": 201,
      "signatures": [
        {
          "contractName": "AsseteGram",
          "methodName": "callme_re_ent35",
          "argTypes": []
        }
      ],
      "exp": "(counter_re_ent35 + 1)",
      "status": "proven"
    },
    {
      "no": "6",
      "kind": "IO",
      "line": 231,
      "signatures": [
        {
          "contractName": "AsseteGram",
          "methodName": "withdrawFunds_re_ent31",
          "argTypes": [ "uint256" ]
        }
      ],
      "exp": "(balances_re_ent31[msg.sender] - _weiToWithdraw)",
      "status": "proven"
    },
    {
      "no": "7",
      "kind": "IO",
      "line": 285,
      "signatures": [
        {
          "contractName": "AsseteGram",
          "methodName": "withdrawFunds_re_ent38",
          "argTypes": [ "uint256" ]
        }
      ],
      "exp": "(balances_re_ent38[msg.sender] - _weiToWithdraw)",
      "status": "proven"
    },
    {
      "no": "8",
      "kind": "IO",
      "line": 291,
      "signatures": [
        {
          "contractName": "AsseteGram",
          "methodName": "AsseteGram",
          "argTypes": []
        }
      ],
      "exp": "(10 ** uint256(decimals))",
      "status": "proven"
    },
    {
      "no": "9",
      "kind": "IO",
      "line": 291,
      "signatures": [
        {
          "contractName": "AsseteGram",
          "methodName": "AsseteGram",
          "argTypes": []
        }
      ],
      "exp": "(180000000 * (10 ** uint256(decimals)))",
      "status": "proven"
    },
    {
      "no": "10",
      "kind": "ETH_LEAK",
      "line": 54,
      "signatures": [
        {
          "contractName": "AsseteGram",
          "methodName": "claimReward_re_ent4",
          "argTypes": []
        }
      ],
      "exp": "msg.sender.transfer(transferValue_re_ent4);",
      "status": "unproven"
    },
    {
      "no": "11",
      "kind": "ETH_LEAK",
      "line": 61,
      "signatures": [
        {
          "contractName": "AsseteGram",
          "methodName": "callme_re_ent7",
          "argTypes": []
        }
      ],
      "exp": "msg.sender.send(10000000000000000000)",
      "status": "unproven"
    },
    {
      "no": "12",
      "kind": "ETH_LEAK",
      "line": 70,
      "signatures": [
        {
          "contractName": "AsseteGram",
          "methodName": "buyTicket_re_ent23",
          "argTypes": []
        }
      ],
      "exp": "lastPlayer_re_ent23.send(jackpot_re_ent23)",
      "status": "unproven"
    },
    {
      "no": "13",
      "kind": "ETH_LEAK",
      "line": 79,
      "signatures": [
        {
          "contractName": "AsseteGram",
          "methodName": "callme_re_ent14",
          "argTypes": []
        }
      ],
      "exp": "msg.sender.send(10000000000000000000)",
      "status": "unproven"
    },
    {
      "no": "14",
      "kind": "ETH_LEAK",
      "line": 88,
      "signatures": [
        {
          "contractName": "AsseteGram",
          "methodName": "buyTicket_re_ent30",
          "argTypes": []
        }
      ],
      "exp": "lastPlayer_re_ent30.send(jackpot_re_ent30)",
      "status": "unproven"
    },
    {
      "no": "15",
      "kind": "ETH_LEAK",
      "line": 105,
      "signatures": [
        {
          "contractName": "AsseteGram",
          "methodName": "buyTicket_re_ent9",
          "argTypes": []
        }
      ],
      "exp": "(success,  ) = lastPlayer_re_ent9.call.value(jackpot_re_ent9)(\"\");",
      "status": "unproven"
    },
    {
      "no": "16",
      "kind": "ETH_LEAK",
      "line": 117,
      "signatures": [
        {
          "contractName": "AsseteGram",
          "methodName": "claimReward_re_ent25",
          "argTypes": []
        }
      ],
      "exp": "msg.sender.transfer(transferValue_re_ent25);",
      "status": "unproven"
    },
    {
      "no": "17",
      "kind": "ETH_LEAK",
      "line": 125,
      "signatures": [
        {
          "contractName": "AsseteGram",
          "methodName": "withdrawBalance_re_ent19",
          "argTypes": []
        }
      ],
      "exp": "msg.sender.send(userBalance_re_ent19[msg.sender])",
      "status": "unproven"
    },
    {
      "no": "18",
      "kind": "ETH_LEAK",
      "line": 141,
      "signatures": [
        {
          "contractName": "AsseteGram",
          "methodName": "withdraw_balances_re_ent8",
          "argTypes": []
        }
      ],
      "exp": "(success,  ) = msg.sender.call.value(balances_re_ent8[msg.sender])(\"\");",
      "status": "unproven"
    },
    {
      "no": "19",
      "kind": "ETH_LEAK",
      "line": 162,
      "signatures": [
        {
          "contractName": "AsseteGram",
          "methodName": "claimReward_re_ent39",
          "argTypes": []
        }
      ],
      "exp": "msg.sender.transfer(transferValue_re_ent39);",
      "status": "unproven"
    },
    {
      "no": "20",
      "kind": "ETH_LEAK",
      "line": 181,
      "signatures": [
        {
          "contractName": "AsseteGram",
          "methodName": "withdraw_balances_re_ent36",
          "argTypes": []
        }
      ],
      "exp": "msg.sender.send(balances_re_ent36[msg.sender])",
      "status": "unproven"
    },
    {
      "no": "21",
      "kind": "ETH_LEAK",
      "line": 198,
      "signatures": [
        {
          "contractName": "AsseteGram",
          "methodName": "callme_re_ent35",
          "argTypes": []
        }
      ],
      "exp": "msg.sender.send(10000000000000000000)",
      "status": "unproven"
    },
    {
      "no": "22",
      "kind": "ETH_LEAK",
      "line": 216,
      "signatures": [
        {
          "contractName": "AsseteGram",
          "methodName": "withdrawBalance_re_ent40",
          "argTypes": []
        }
      ],
      "exp": "(success,  ) = msg.sender.call.value(userBalance_re_ent40[msg.sender])(\"\");",
      "status": "unproven"
    },
    {
      "no": "23",
      "kind": "ETH_LEAK",
      "line": 230,
      "signatures": [
        {
          "contractName": "AsseteGram",
          "methodName": "withdrawFunds_re_ent31",
          "argTypes": [ "uint256" ]
        }
      ],
      "exp": "msg.sender.send(_weiToWithdraw)",
      "status": "unproven"
    },
    {
      "no": "24",
      "kind": "ETH_LEAK",
      "line": 237,
      "signatures": [
        {
          "contractName": "AsseteGram",
          "methodName": "bug_re_ent13",
          "argTypes": []
        }
      ],
      "exp": "(success,  ) = msg.sender.call.value(1000000000000000000)(\"\");",
      "status": "unproven"
    },
    {
      "no": "25",
      "kind": "ETH_LEAK",
      "line": 255,
      "signatures": [
        {
          "contractName": "AsseteGram",
          "methodName": "withdrawBalance_re_ent26",
          "argTypes": []
        }
      ],
      "exp": "(success,  ) = msg.sender.call.value(userBalance_re_ent26[msg.sender])(\"\");",
      "status": "unproven"
    },
    {
      "no": "26",
      "kind": "ETH_LEAK",
      "line": 265,
      "signatures": [
        {
          "contractName": "AsseteGram",
          "methodName": "bug_re_ent20",
          "argTypes": []
        }
      ],
      "exp": "msg.sender.send(1000000000000000000)",
      "status": "unproven"
    },
    {
      "no": "27",
      "kind": "ETH_LEAK",
      "line": 276,
      "signatures": [
        {
          "contractName": "AsseteGram",
          "methodName": "claimReward_re_ent32",
          "argTypes": []
        }
      ],
      "exp": "msg.sender.transfer(transferValue_re_ent32);",
      "status": "unproven"
    },
    {
      "no": "28",
      "kind": "ETH_LEAK",
      "line": 284,
      "signatures": [
        {
          "contractName": "AsseteGram",
          "methodName": "withdrawFunds_re_ent38",
          "argTypes": [ "uint256" ]
        }
      ],
      "exp": "msg.sender.send(_weiToWithdraw)",
      "status": "unproven"
    },
    {
      "no": "29",
      "kind": "ETH_LEAK",
      "line": 299,
      "signatures": [
        {
          "contractName": "AsseteGram",
          "methodName": "withdrawBalance_re_ent33",
          "argTypes": []
        }
      ],
      "exp": "(success,  ) = msg.sender.call.value(userBalance_re_ent33[msg.sender])(\"\");",
      "status": "unproven"
    },
    {
      "no": "30",
      "kind": "ETH_LEAK",
      "line": 315,
      "signatures": [
        {
          "contractName": "AsseteGram",
          "methodName": "bug_re_ent27",
          "argTypes": []
        }
      ],
      "exp": "msg.sender.send(1000000000000000000)",
      "status": "unproven"
    }
  ]
}