{
  "fileName": "Benchmarks/Study_SamplesSet/e66c60b9ef5fb880de5cc9b205b1f05d.sol",
  "baseName": "e66c60b9ef5fb880de5cc9b205b1f05d.sol",
  "iter": 92,
  "time": "302.032529",
  "errMsg": null,
  "result": [
    {
      "no": "1",
      "kind": "IO",
      "line": 42,
      "signatures": [
        {
          "contractName": "OysterPearl",
          "methodName": "OysterPearl",
          "argTypes": []
        }
      ],
      "exp": "(10 ** uint256(decimals))",
      "status": "proven"
    },
    {
      "no": "2",
      "kind": "IO",
      "line": 42,
      "signatures": [
        {
          "contractName": "OysterPearl",
          "methodName": "OysterPearl",
          "argTypes": []
        }
      ],
      "exp": "(25000000 * (10 ** uint256(decimals)))",
      "status": "proven"
    },
    {
      "no": "3",
      "kind": "IO",
      "line": 42,
      "signatures": [
        {
          "contractName": "OysterPearl",
          "methodName": "OysterPearl",
          "argTypes": []
        }
      ],
      "exp": "(totalSupply + (25000000 * (10 ** uint256(decimals))))",
      "status": "proven"
    },
    {
      "no": "4",
      "kind": "IO",
      "line": 43,
      "signatures": [
        {
          "contractName": "OysterPearl",
          "methodName": "OysterPearl",
          "argTypes": []
        }
      ],
      "exp": "(10 ** uint256(decimals))",
      "status": "proven"
    },
    {
      "no": "5",
      "kind": "IO",
      "line": 43,
      "signatures": [
        {
          "contractName": "OysterPearl",
          "methodName": "OysterPearl",
          "argTypes": []
        }
      ],
      "exp": "(75000000 * (10 ** uint256(decimals)))",
      "status": "proven"
    },
    {
      "no": "6",
      "kind": "IO",
      "line": 43,
      "signatures": [
        {
          "contractName": "OysterPearl",
          "methodName": "OysterPearl",
          "argTypes": []
        }
      ],
      "exp": "(totalSupply + (75000000 * (10 ** uint256(decimals))))",
      "status": "proven"
    },
    {
      "no": "7",
      "kind": "IO",
      "line": 44,
      "signatures": [
        {
          "contractName": "OysterPearl",
          "methodName": "OysterPearl",
          "argTypes": []
        }
      ],
      "exp": "(10 ** uint256(decimals))",
      "status": "proven"
    },
    {
      "no": "8",
      "kind": "IO",
      "line": 44,
      "signatures": [
        {
          "contractName": "OysterPearl",
          "methodName": "OysterPearl",
          "argTypes": []
        }
      ],
      "exp": "(1000000 * (10 ** uint256(decimals)))",
      "status": "proven"
    },
    {
      "no": "9",
      "kind": "IO",
      "line": 44,
      "signatures": [
        {
          "contractName": "OysterPearl",
          "methodName": "OysterPearl",
          "argTypes": []
        }
      ],
      "exp": "(totalSupply + (1000000 * (10 ** uint256(decimals))))",
      "status": "proven"
    },
    {
      "no": "10",
      "kind": "IO",
      "line": 47,
      "signatures": [
        {
          "contractName": "OysterPearl",
          "methodName": "OysterPearl",
          "argTypes": []
        }
      ],
      "exp": "(10 ** (uint256(decimals) - 1))",
      "status": "proven"
    },
    {
      "no": "11",
      "kind": "IO",
      "line": 47,
      "signatures": [
        {
          "contractName": "OysterPearl",
          "methodName": "OysterPearl",
          "argTypes": []
        }
      ],
      "exp": "(5 * (10 ** (uint256(decimals) - 1)))",
      "status": "proven"
    },
    {
      "no": "12",
      "kind": "IO",
      "line": 47,
      "signatures": [
        {
          "contractName": "OysterPearl",
          "methodName": "OysterPearl",
          "argTypes": []
        }
      ],
      "exp": "(uint256(decimals) - 1)",
      "status": "proven"
    },
    {
      "no": "13",
      "kind": "IO",
      "line": 48,
      "signatures": [
        {
          "contractName": "OysterPearl",
          "methodName": "OysterPearl",
          "argTypes": []
        }
      ],
      "exp": "(10 ** (uint256(decimals) - 1))",
      "status": "proven"
    },
    {
      "no": "14",
      "kind": "IO",
      "line": 48,
      "signatures": [
        {
          "contractName": "OysterPearl",
          "methodName": "OysterPearl",
          "argTypes": []
        }
      ],
      "exp": "(4 * (10 ** (uint256(decimals) - 1)))",
      "status": "proven"
    },
    {
      "no": "15",
      "kind": "IO",
      "line": 48,
      "signatures": [
        {
          "contractName": "OysterPearl",
          "methodName": "OysterPearl",
          "argTypes": []
        }
      ],
      "exp": "(uint256(decimals) - 1)",
      "status": "proven"
    },
    {
      "no": "16",
      "kind": "IO",
      "line": 49,
      "signatures": [
        {
          "contractName": "OysterPearl",
          "methodName": "OysterPearl",
          "argTypes": []
        }
      ],
      "exp": "(1 * (10 ** (uint256(decimals) - 1)))",
      "status": "proven"
    },
    {
      "no": "17",
      "kind": "IO",
      "line": 49,
      "signatures": [
        {
          "contractName": "OysterPearl",
          "methodName": "OysterPearl",
          "argTypes": []
        }
      ],
      "exp": "(10 ** (uint256(decimals) - 1))",
      "status": "proven"
    },
    {
      "no": "18",
      "kind": "IO",
      "line": 49,
      "signatures": [
        {
          "contractName": "OysterPearl",
          "methodName": "OysterPearl",
          "argTypes": []
        }
      ],
      "exp": "(uint256(decimals) - 1)",
      "status": "proven"
    },
    {
      "no": "19",
      "kind": "IO",
      "line": 68,
      "signatures": [
        {
          "contractName": "OysterPearl",
          "methodName": "amendAmount",
          "argTypes": [ "uint8", "uint8", "uint8" ]
        }
      ],
      "exp": "(payAmountSet + feeAmountSet)",
      "status": "unproven"
    },
    {
      "no": "20",
      "kind": "IO",
      "line": 69,
      "signatures": [
        {
          "contractName": "OysterPearl",
          "methodName": "amendAmount",
          "argTypes": [ "uint8", "uint8", "uint8" ]
        }
      ],
      "exp": "(10 ** (uint256(decimals) - 1))",
      "status": "proven"
    },
    {
      "no": "21",
      "kind": "IO",
      "line": 69,
      "signatures": [
        {
          "contractName": "OysterPearl",
          "methodName": "amendAmount",
          "argTypes": [ "uint8", "uint8", "uint8" ]
        }
      ],
      "exp": "(claimAmountSet * (10 ** (uint256(decimals) - 1)))",
      "status": "unproven"
    },
    {
      "no": "22",
      "kind": "IO",
      "line": 69,
      "signatures": [
        {
          "contractName": "OysterPearl",
          "methodName": "amendAmount",
          "argTypes": [ "uint8", "uint8", "uint8" ]
        }
      ],
      "exp": "(uint256(decimals) - 1)",
      "status": "proven"
    },
    {
      "no": "23",
      "kind": "IO",
      "line": 70,
      "signatures": [
        {
          "contractName": "OysterPearl",
          "methodName": "amendAmount",
          "argTypes": [ "uint8", "uint8", "uint8" ]
        }
      ],
      "exp": "(10 ** (uint256(decimals) - 1))",
      "status": "proven"
    },
    {
      "no": "24",
      "kind": "IO",
      "line": 70,
      "signatures": [
        {
          "contractName": "OysterPearl",
          "methodName": "amendAmount",
          "argTypes": [ "uint8", "uint8", "uint8" ]
        }
      ],
      "exp": "(payAmountSet * (10 ** (uint256(decimals) - 1)))",
      "status": "unproven"
    },
    {
      "no": "25",
      "kind": "IO",
      "line": 70,
      "signatures": [
        {
          "contractName": "OysterPearl",
          "methodName": "amendAmount",
          "argTypes": [ "uint8", "uint8", "uint8" ]
        }
      ],
      "exp": "(uint256(decimals) - 1)",
      "status": "proven"
    },
    {
      "no": "26",
      "kind": "IO",
      "line": 71,
      "signatures": [
        {
          "contractName": "OysterPearl",
          "methodName": "amendAmount",
          "argTypes": [ "uint8", "uint8", "uint8" ]
        }
      ],
      "exp": "(10 ** (uint256(decimals) - 1))",
      "status": "proven"
    },
    {
      "no": "27",
      "kind": "IO",
      "line": 71,
      "signatures": [
        {
          "contractName": "OysterPearl",
          "methodName": "amendAmount",
          "argTypes": [ "uint8", "uint8", "uint8" ]
        }
      ],
      "exp": "(feeAmountSet * (10 ** (uint256(decimals) - 1)))",
      "status": "unproven"
    },
    {
      "no": "28",
      "kind": "IO",
      "line": 71,
      "signatures": [
        {
          "contractName": "OysterPearl",
          "methodName": "amendAmount",
          "argTypes": [ "uint8", "uint8", "uint8" ]
        }
      ],
      "exp": "(uint256(decimals) - 1)",
      "status": "proven"
    },
    {
      "no": "29",
      "kind": "IO",
      "line": 92,
      "signatures": [
        {
          "contractName": "OysterPearl",
          "methodName": "claim",
          "argTypes": [ "address", "address" ]
        }
      ],
      "exp": "(block.timestamp - claimed[msg.sender])",
      "status": "unproven"
    },
    {
      "no": "30",
      "kind": "IO",
      "line": 95,
      "signatures": [
        {
          "contractName": "OysterPearl",
          "methodName": "claim",
          "argTypes": [ "address", "address" ]
        }
      ],
      "exp": "(balanceOf[msg.sender] - claimAmount)",
      "status": "proven"
    },
    {
      "no": "31",
      "kind": "IO",
      "line": 96,
      "signatures": [
        {
          "contractName": "OysterPearl",
          "methodName": "claim",
          "argTypes": [ "address", "address" ]
        }
      ],
      "exp": "(balanceOf[_payout] - payAmount)",
      "status": "unproven"
    },
    {
      "no": "32",
      "kind": "IO",
      "line": 97,
      "signatures": [
        {
          "contractName": "OysterPearl",
          "methodName": "claim",
          "argTypes": [ "address", "address" ]
        }
      ],
      "exp": "(balanceOf[_fee] - feeAmount)",
      "status": "unproven"
    },
    {
      "no": "33",
      "kind": "IO",
      "line": 104,
      "signatures": [
        {
          "contractName": "OysterPearl",
          "methodName": "@fallback",
          "argTypes": []
        }
      ],
      "exp": "(msg.value * 5000)",
      "status": "unproven"
    },
    {
      "no": "34",
      "kind": "IO",
      "line": 105,
      "signatures": [
        {
          "contractName": "OysterPearl",
          "methodName": "@fallback",
          "argTypes": []
        }
      ],
      "exp": "(10 ** uint256(decimals))",
      "status": "proven"
    },
    {
      "no": "35",
      "kind": "IO",
      "line": 105,
      "signatures": [
        {
          "contractName": "OysterPearl",
          "methodName": "@fallback",
          "argTypes": []
        }
      ],
      "exp": "(500000000 * (10 ** uint256(decimals)))",
      "status": "proven"
    },
    {
      "no": "36",
      "kind": "IO",
      "line": 105,
      "signatures": [
        {
          "contractName": "OysterPearl",
          "methodName": "@fallback",
          "argTypes": []
        }
      ],
      "exp": "(totalSupply + amount)",
      "status": "unproven"
    },
    {
      "no": "37",
      "kind": "IO",
      "line": 106,
      "signatures": [
        {
          "contractName": "OysterPearl",
          "methodName": "@fallback",
          "argTypes": []
        }
      ],
      "exp": "(totalSupply + amount)",
      "status": "unproven"
    },
    {
      "no": "38",
      "kind": "IO",
      "line": 107,
      "signatures": [
        {
          "contractName": "OysterPearl",
          "methodName": "@fallback",
          "argTypes": []
        }
      ],
      "exp": "(balanceOf[msg.sender] + amount)",
      "status": "unproven"
    },
    {
      "no": "39",
      "kind": "IO",
      "line": 108,
      "signatures": [
        {
          "contractName": "OysterPearl",
          "methodName": "@fallback",
          "argTypes": []
        }
      ],
      "exp": "(funds + msg.value)",
      "status": "unproven"
    },
    {
      "no": "40",
      "kind": "IO",
      "line": 126,
      "signatures": [
        {
          "contractName": "OysterPearl",
          "methodName": "transfer",
          "argTypes": [ "address", "uint256" ]
        },
        {
          "contractName": "OysterPearl",
          "methodName": "transferFrom",
          "argTypes": [ "address", "address", "uint256" ]
        }
      ],
      "exp": "(balanceOf[_to] + _value)",
      "status": "unproven"
    },
    {
      "no": "41",
      "kind": "IO",
      "line": 128,
      "signatures": [
        {
          "contractName": "OysterPearl",
          "methodName": "transfer",
          "argTypes": [ "address", "uint256" ]
        },
        {
          "contractName": "OysterPearl",
          "methodName": "transferFrom",
          "argTypes": [ "address", "address", "uint256" ]
        }
      ],
      "exp": "(balanceOf[_from] + balanceOf[_to])",
      "status": "unproven"
    },
    {
      "no": "42",
      "kind": "IO",
      "line": 130,
      "signatures": [
        {
          "contractName": "OysterPearl",
          "methodName": "transfer",
          "argTypes": [ "address", "uint256" ]
        },
        {
          "contractName": "OysterPearl",
          "methodName": "transferFrom",
          "argTypes": [ "address", "address", "uint256" ]
        }
      ],
      "exp": "(balanceOf[_from] - _value)",
      "status": "proven"
    },
    {
      "no": "43",
      "kind": "IO",
      "line": 132,
      "signatures": [
        {
          "contractName": "OysterPearl",
          "methodName": "transfer",
          "argTypes": [ "address", "uint256" ]
        },
        {
          "contractName": "OysterPearl",
          "methodName": "transferFrom",
          "argTypes": [ "address", "address", "uint256" ]
        }
      ],
      "exp": "(balanceOf[_to] + _value)",
      "status": "proven"
    },
    {
      "no": "44",
      "kind": "IO",
      "line": 135,
      "signatures": [
        {
          "contractName": "OysterPearl",
          "methodName": "transfer",
          "argTypes": [ "address", "uint256" ]
        },
        {
          "contractName": "OysterPearl",
          "methodName": "transferFrom",
          "argTypes": [ "address", "address", "uint256" ]
        }
      ],
      "exp": "(balanceOf[_from] + balanceOf[_to])",
      "status": "unproven"
    },
    {
      "no": "45",
      "kind": "IO",
      "line": 161,
      "signatures": [
        {
          "contractName": "OysterPearl",
          "methodName": "transferFrom",
          "argTypes": [ "address", "address", "uint256" ]
        }
      ],
      "exp": "(allowance[_from][msg.sender] - _value)",
      "status": "proven"
    },
    {
      "no": "46",
      "kind": "IO",
      "line": 208,
      "signatures": [
        {
          "contractName": "OysterPearl",
          "methodName": "burn",
          "argTypes": [ "uint256" ]
        }
      ],
      "exp": "(balanceOf[msg.sender] - _value)",
      "status": "proven"
    },
    {
      "no": "47",
      "kind": "IO",
      "line": 209,
      "signatures": [
        {
          "contractName": "OysterPearl",
          "methodName": "burn",
          "argTypes": [ "uint256" ]
        }
      ],
      "exp": "(totalSupply - _value)",
      "status": "unproven"
    },
    {
      "no": "48",
      "kind": "IO",
      "line": 225,
      "signatures": [
        {
          "contractName": "OysterPearl",
          "methodName": "burnFrom",
          "argTypes": [ "address", "uint256" ]
        }
      ],
      "exp": "(balanceOf[_from] - _value)",
      "status": "proven"
    },
    {
      "no": "49",
      "kind": "IO",
      "line": 226,
      "signatures": [
        {
          "contractName": "OysterPearl",
          "methodName": "burnFrom",
          "argTypes": [ "address", "uint256" ]
        }
      ],
      "exp": "(allowance[_from][msg.sender] - _value)",
      "status": "proven"
    },
    {
      "no": "50",
      "kind": "IO",
      "line": 227,
      "signatures": [
        {
          "contractName": "OysterPearl",
          "methodName": "burnFrom",
          "argTypes": [ "address", "uint256" ]
        }
      ],
      "exp": "(totalSupply - _value)",
      "status": "unproven"
    },
    {
      "no": "51",
      "kind": "ETH_LEAK",
      "line": 113,
      "signatures": [
        {
          "contractName": "OysterPearl",
          "methodName": "withdrawFunds",
          "argTypes": []
        }
      ],
      "exp": "owner.transfer(this.balance);",
      "status": "proven"
    }
  ]
}