{
  "fileName": "Benchmarks/Study_SamplesSet/e7e3f0903fafd53582326a487b1dfdbf.sol",
  "baseName": "e7e3f0903fafd53582326a487b1dfdbf.sol",
  "iter": 787,
  "time": "300.337252",
  "errMsg": null,
  "result": [
    {
      "no": "1",
      "kind": "IO",
      "line": 74,
      "signatures": [
        {
          "contractName": "AGR",
          "methodName": "_burn",
          "argTypes": [ "address", "uint256" ]
        },
        {
          "contractName": "AGR",
          "methodName": "burn",
          "argTypes": [ "uint256" ]
        },
        {
          "contractName": "AGR",
          "methodName": "burnFrom",
          "argTypes": [ "address", "uint256" ]
        },
        {
          "contractName": "AGR",
          "methodName": "decreaseAllowance",
          "argTypes": [ "address", "uint256" ]
        },
        {
          "contractName": "AGR",
          "methodName": "transfer",
          "argTypes": [ "address", "uint256" ]
        },
        {
          "contractName": "AGR",
          "methodName": "transferFrom",
          "argTypes": [ "address", "address", "uint256" ]
        }
      ],
      "exp": "(a - b)",
      "status": "proven"
    },
    {
      "no": "2",
      "kind": "IO",
      "line": 83,
      "signatures": [
        { "contractName": "AGR", "methodName": "AGR", "argTypes": [] },
        {
          "contractName": "AGR",
          "methodName": "increaseAllowance",
          "argTypes": [ "address", "uint256" ]
        }
      ],
      "exp": "(a + b)",
      "status": "unproven"
    },
    {
      "no": "3",
      "kind": "ETH_LEAK",
      "line": 121,
      "signatures": [
        {
          "contractName": "AGR",
          "methodName": "bug_unchk_send15",
          "argTypes": []
        }
      ],
      "exp": "msg.sender.transfer(1000000000000000000);",
      "status": "unproven"
    },
    {
      "no": "4",
      "kind": "ETH_LEAK",
      "line": 125,
      "signatures": [
        {
          "contractName": "AGR",
          "methodName": "bug_unchk_send28",
          "argTypes": []
        }
      ],
      "exp": "msg.sender.transfer(1000000000000000000);",
      "status": "unproven"
    },
    {
      "no": "5",
      "kind": "ETH_LEAK",
      "line": 129,
      "signatures": [
        {
          "contractName": "AGR",
          "methodName": "bug_unchk_send21",
          "argTypes": []
        }
      ],
      "exp": "msg.sender.transfer(1000000000000000000);",
      "status": "unproven"
    },
    {
      "no": "6",
      "kind": "ETH_LEAK",
      "line": 139,
      "signatures": [
        {
          "contractName": "AGR",
          "methodName": "bug_unchk_send11",
          "argTypes": []
        }
      ],
      "exp": "msg.sender.transfer(1000000000000000000);",
      "status": "unproven"
    },
    {
      "no": "7",
      "kind": "ETH_LEAK",
      "line": 150,
      "signatures": [
        {
          "contractName": "AGR",
          "methodName": "bug_unchk_send1",
          "argTypes": []
        }
      ],
      "exp": "msg.sender.transfer(1000000000000000000);",
      "status": "unproven"
    },
    {
      "no": "8",
      "kind": "ETH_LEAK",
      "line": 162,
      "signatures": [
        {
          "contractName": "AGR",
          "methodName": "bug_unchk_send2",
          "argTypes": []
        }
      ],
      "exp": "msg.sender.transfer(1000000000000000000);",
      "status": "unproven"
    },
    {
      "no": "9",
      "kind": "ETH_LEAK",
      "line": 174,
      "signatures": [
        {
          "contractName": "AGR",
          "methodName": "bug_unchk_send17",
          "argTypes": []
        }
      ],
      "exp": "msg.sender.transfer(1000000000000000000);",
      "status": "unproven"
    },
    {
      "no": "10",
      "kind": "ETH_LEAK",
      "line": 190,
      "signatures": [
        {
          "contractName": "AGR",
          "methodName": "bug_unchk_send3",
          "argTypes": []
        }
      ],
      "exp": "msg.sender.transfer(1000000000000000000);",
      "status": "unproven"
    },
    {
      "no": "11",
      "kind": "ETH_LEAK",
      "line": 206,
      "signatures": [
        {
          "contractName": "AGR",
          "methodName": "bug_unchk_send9",
          "argTypes": []
        }
      ],
      "exp": "msg.sender.transfer(1000000000000000000);",
      "status": "unproven"
    },
    {
      "no": "12",
      "kind": "ETH_LEAK",
      "line": 223,
      "signatures": [
        {
          "contractName": "AGR",
          "methodName": "bug_unchk_send25",
          "argTypes": []
        }
      ],
      "exp": "msg.sender.transfer(1000000000000000000);",
      "status": "unproven"
    },
    {
      "no": "13",
      "kind": "ETH_LEAK",
      "line": 240,
      "signatures": [
        {
          "contractName": "AGR",
          "methodName": "bug_unchk_send19",
          "argTypes": []
        }
      ],
      "exp": "msg.sender.transfer(1000000000000000000);",
      "status": "unproven"
    },
    {
      "no": "14",
      "kind": "ETH_LEAK",
      "line": 256,
      "signatures": [
        {
          "contractName": "AGR",
          "methodName": "bug_unchk_send26",
          "argTypes": []
        }
      ],
      "exp": "msg.sender.transfer(1000000000000000000);",
      "status": "unproven"
    },
    {
      "no": "15",
      "kind": "ETH_LEAK",
      "line": 273,
      "signatures": [
        {
          "contractName": "AGR",
          "methodName": "bug_unchk_send20",
          "argTypes": []
        }
      ],
      "exp": "msg.sender.transfer(1000000000000000000);",
      "status": "unproven"
    },
    {
      "no": "16",
      "kind": "ETH_LEAK",
      "line": 289,
      "signatures": [
        {
          "contractName": "AGR",
          "methodName": "bug_unchk_send32",
          "argTypes": []
        }
      ],
      "exp": "msg.sender.transfer(1000000000000000000);",
      "status": "unproven"
    },
    {
      "no": "17",
      "kind": "ETH_LEAK",
      "line": 305,
      "signatures": [
        {
          "contractName": "AGR",
          "methodName": "bug_unchk_send4",
          "argTypes": []
        }
      ],
      "exp": "msg.sender.transfer(1000000000000000000);",
      "status": "unproven"
    },
    {
      "no": "18",
      "kind": "ETH_LEAK",
      "line": 320,
      "signatures": [
        {
          "contractName": "AGR",
          "methodName": "bug_unchk_send7",
          "argTypes": []
        }
      ],
      "exp": "msg.sender.transfer(1000000000000000000);",
      "status": "unproven"
    },
    {
      "no": "19",
      "kind": "ETH_LEAK",
      "line": 341,
      "signatures": [
        {
          "contractName": "AGR",
          "methodName": "bug_unchk_send23",
          "argTypes": []
        }
      ],
      "exp": "msg.sender.transfer(1000000000000000000);",
      "status": "unproven"
    },
    {
      "no": "20",
      "kind": "ETH_LEAK",
      "line": 352,
      "signatures": [
        {
          "contractName": "AGR",
          "methodName": "bug_unchk_send14",
          "argTypes": []
        }
      ],
      "exp": "msg.sender.transfer(1000000000000000000);",
      "status": "unproven"
    },
    {
      "no": "21",
      "kind": "ETH_LEAK",
      "line": 368,
      "signatures": [
        {
          "contractName": "AGR",
          "methodName": "bug_unchk_send10",
          "argTypes": []
        }
      ],
      "exp": "msg.sender.transfer(1000000000000000000);",
      "status": "unproven"
    },
    {
      "no": "22",
      "kind": "ETH_LEAK",
      "line": 371,
      "signatures": [
        {
          "contractName": "AGR",
          "methodName": "bug_unchk_send22",
          "argTypes": []
        }
      ],
      "exp": "msg.sender.transfer(1000000000000000000);",
      "status": "unproven"
    },
    {
      "no": "23",
      "kind": "ETH_LEAK",
      "line": 374,
      "signatures": [
        {
          "contractName": "AGR",
          "methodName": "bug_unchk_send12",
          "argTypes": []
        }
      ],
      "exp": "msg.sender.transfer(1000000000000000000);",
      "status": "unproven"
    },
    {
      "no": "24",
      "kind": "ETH_LEAK",
      "line": 383,
      "signatures": [
        {
          "contractName": "AGR",
          "methodName": "bug_unchk_send30",
          "argTypes": []
        }
      ],
      "exp": "msg.sender.transfer(1000000000000000000);",
      "status": "unproven"
    },
    {
      "no": "25",
      "kind": "ETH_LEAK",
      "line": 392,
      "signatures": [
        {
          "contractName": "AGR",
          "methodName": "bug_unchk_send8",
          "argTypes": []
        }
      ],
      "exp": "msg.sender.transfer(1000000000000000000);",
      "status": "unproven"
    },
    {
      "no": "26",
      "kind": "ETH_LEAK",
      "line": 401,
      "signatures": [
        {
          "contractName": "AGR",
          "methodName": "bug_unchk_send27",
          "argTypes": []
        }
      ],
      "exp": "msg.sender.transfer(1000000000000000000);",
      "status": "unproven"
    },
    {
      "no": "27",
      "kind": "ETH_LEAK",
      "line": 410,
      "signatures": [
        {
          "contractName": "AGR",
          "methodName": "bug_unchk_send31",
          "argTypes": []
        }
      ],
      "exp": "msg.sender.transfer(1000000000000000000);",
      "status": "unproven"
    },
    {
      "no": "28",
      "kind": "ETH_LEAK",
      "line": 425,
      "signatures": [
        {
          "contractName": "AGR",
          "methodName": "bug_unchk_send13",
          "argTypes": []
        }
      ],
      "exp": "msg.sender.transfer(1000000000000000000);",
      "status": "unproven"
    }
  ]
}