{
  "fileName": "Benchmarks/Study_SamplesSet/e9bfb1196c3d5b8f2515b073f5b9b94b.sol",
  "baseName": "e9bfb1196c3d5b8f2515b073f5b9b94b.sol",
  "iter": 185,
  "time": "300.139479",
  "errMsg": null,
  "result": [
    {
      "no": "1",
      "kind": "IO",
      "line": 8,
      "signatures": [
        {
          "contractName": "IQNCrowdsale",
          "methodName": "getBonus",
          "argTypes": [ "uint256" ]
        }
      ],
      "exp": "(a * b)",
      "status": "unproven"
    },
    {
      "no": "2",
      "kind": "IO",
      "line": 26,
      "signatures": [
        {
          "contractName": "IQNCrowdsale",
          "methodName": "@fallback",
          "argTypes": []
        },
        {
          "contractName": "IQNCrowdsale",
          "methodName": "sellForOtherCoins",
          "argTypes": [ "address", "uint256" ]
        }
      ],
      "exp": "(a + b)",
      "status": "unproven"
    },
    {
      "no": "3",
      "kind": "IO",
      "line": 79,
      "signatures": [
        {
          "contractName": "IQNCrowdsale",
          "methodName": "IQNCrowdsale",
          "argTypes": [ "address", "address" ]
        }
      ],
      "exp": "(10 ** 18)",
      "status": "proven"
    },
    {
      "no": "4",
      "kind": "IO",
      "line": 79,
      "signatures": [
        {
          "contractName": "IQNCrowdsale",
          "methodName": "IQNCrowdsale",
          "argTypes": [ "address", "address" ]
        }
      ],
      "exp": "(5700000 * (10 ** 18))",
      "status": "proven"
    },
    {
      "no": "5",
      "kind": "IO",
      "line": 81,
      "signatures": [
        {
          "contractName": "IQNCrowdsale",
          "methodName": "IQNCrowdsale",
          "argTypes": [ "address", "address" ]
        }
      ],
      "exp": "(START + 3628800)",
      "status": "proven"
    },
    {
      "no": "6",
      "kind": "IO",
      "line": 93,
      "signatures": [
        {
          "contractName": "IQNCrowdsale",
          "methodName": "@fallback",
          "argTypes": []
        }
      ],
      "exp": "(amount * EXCHANGE_RATE)",
      "status": "unproven"
    },
    {
      "no": "7",
      "kind": "IO",
      "line": 96,
      "signatures": [
        {
          "contractName": "IQNCrowdsale",
          "methodName": "@fallback",
          "argTypes": []
        }
      ],
      "exp": "(balanceOf[msg.sender] + tokens)",
      "status": "unproven"
    },
    {
      "no": "8",
      "kind": "IO",
      "line": 97,
      "signatures": [
        {
          "contractName": "IQNCrowdsale",
          "methodName": "@fallback",
          "argTypes": []
        }
      ],
      "exp": "(amountRaised + tokens)",
      "status": "unproven"
    },
    {
      "no": "9",
      "kind": "IO",
      "line": 98,
      "signatures": [
        {
          "contractName": "IQNCrowdsale",
          "methodName": "@fallback",
          "argTypes": []
        }
      ],
      "exp": "(availableTokens - tokens)",
      "status": "unproven"
    },
    {
      "no": "10",
      "kind": "IO",
      "line": 108,
      "signatures": [
        {
          "contractName": "IQNCrowdsale",
          "methodName": "getBonus",
          "argTypes": [ "uint256" ]
        }
      ],
      "exp": "(START + 86400)",
      "status": "proven"
    },
    {
      "no": "11",
      "kind": "IO",
      "line": 112,
      "signatures": [
        {
          "contractName": "IQNCrowdsale",
          "methodName": "getBonus",
          "argTypes": [ "uint256" ]
        }
      ],
      "exp": "(START + 604800)",
      "status": "proven"
    },
    {
      "no": "12",
      "kind": "IO",
      "line": 116,
      "signatures": [
        {
          "contractName": "IQNCrowdsale",
          "methodName": "getBonus",
          "argTypes": [ "uint256" ]
        }
      ],
      "exp": "(START + 1209600)",
      "status": "proven"
    },
    {
      "no": "13",
      "kind": "IO",
      "line": 116,
      "signatures": [
        {
          "contractName": "IQNCrowdsale",
          "methodName": "getBonus",
          "argTypes": [ "uint256" ]
        }
      ],
      "exp": "(START + 604800)",
      "status": "proven"
    },
    {
      "no": "14",
      "kind": "IO",
      "line": 120,
      "signatures": [
        {
          "contractName": "IQNCrowdsale",
          "methodName": "getBonus",
          "argTypes": [ "uint256" ]
        }
      ],
      "exp": "(START + 1209600)",
      "status": "proven"
    },
    {
      "no": "15",
      "kind": "IO",
      "line": 120,
      "signatures": [
        {
          "contractName": "IQNCrowdsale",
          "methodName": "getBonus",
          "argTypes": [ "uint256" ]
        }
      ],
      "exp": "(START + 1814400)",
      "status": "proven"
    },
    {
      "no": "16",
      "kind": "IO",
      "line": 124,
      "signatures": [
        {
          "contractName": "IQNCrowdsale",
          "methodName": "getBonus",
          "argTypes": [ "uint256" ]
        }
      ],
      "exp": "(START + 1814400)",
      "status": "proven"
    },
    {
      "no": "17",
      "kind": "IO",
      "line": 124,
      "signatures": [
        {
          "contractName": "IQNCrowdsale",
          "methodName": "getBonus",
          "argTypes": [ "uint256" ]
        }
      ],
      "exp": "(START + 2419200)",
      "status": "proven"
    },
    {
      "no": "18",
      "kind": "IO",
      "line": 128,
      "signatures": [
        {
          "contractName": "IQNCrowdsale",
          "methodName": "getBonus",
          "argTypes": [ "uint256" ]
        }
      ],
      "exp": "(START + 2419200)",
      "status": "proven"
    },
    {
      "no": "19",
      "kind": "IO",
      "line": 128,
      "signatures": [
        {
          "contractName": "IQNCrowdsale",
          "methodName": "getBonus",
          "argTypes": [ "uint256" ]
        }
      ],
      "exp": "(START + 3024000)",
      "status": "proven"
    },
    {
      "no": "20",
      "kind": "IO",
      "line": 149,
      "signatures": [
        {
          "contractName": "IQNCrowdsale",
          "methodName": "sellForOtherCoins",
          "argTypes": [ "address", "uint256" ]
        }
      ],
      "exp": "(availableTokens - tokens)",
      "status": "unproven"
    },
    {
      "no": "21",
      "kind": "DZ",
      "line": 9,
      "signatures": [
        {
          "contractName": "IQNCrowdsale",
          "methodName": "getBonus",
          "argTypes": [ "uint256" ]
        }
      ],
      "exp": "(c / a)",
      "status": "proven"
    },
    {
      "no": "22",
      "kind": "DZ",
      "line": 15,
      "signatures": [
        {
          "contractName": "IQNCrowdsale",
          "methodName": "getBonus",
          "argTypes": [ "uint256" ]
        }
      ],
      "exp": "(a / b)",
      "status": "proven"
    },
    {
      "no": "23",
      "kind": "ETH_LEAK",
      "line": 100,
      "signatures": [
        {
          "contractName": "IQNCrowdsale",
          "methodName": "@fallback",
          "argTypes": []
        }
      ],
      "exp": "addressToSendEthereum.transfer(amount);",
      "status": "proven"
    }
  ]
}