{
  "fileName": "Benchmarks/Study_SamplesSet/e9f5fab52bc05798eba1733cead493ce.sol",
  "baseName": "e9f5fab52bc05798eba1733cead493ce.sol",
  "iter": 2,
  "time": "0.212929",
  "errMsg": null,
  "result": [
    {
      "no": "1",
      "kind": "IO",
      "line": 33,
      "signatures": [
        {
          "contractName": "SafeMath",
          "methodName": "mul",
          "argTypes": [ "uint256", "uint256" ]
        }
      ],
      "exp": "(a * b)",
      "status": "unproven"
    },
    {
      "no": "2",
      "kind": "IO",
      "line": 51,
      "signatures": [
        {
          "contractName": "SafeMath",
          "methodName": "add",
          "argTypes": [ "uint256", "uint256" ]
        }
      ],
      "exp": "(a + b)",
      "status": "unproven"
    },
    {
      "no": "3",
      "kind": "DZ",
      "line": 34,
      "signatures": [
        {
          "contractName": "SafeMath",
          "methodName": "mul",
          "argTypes": [ "uint256", "uint256" ]
        }
      ],
      "exp": "(c / a)",
      "status": "unproven"
    }
  ]
}