{
  "fileName": "Benchmarks/Study_SamplesSet/eeb8a715772f7bb64bc4c900eb83b124.sol",
  "baseName": "eeb8a715772f7bb64bc4c900eb83b124.sol",
  "iter": 369,
  "time": "322.866123",
  "errMsg": null,
  "result": [
    {
      "no": "1",
      "kind": "IO",
      "line": 24,
      "signatures": [
        {
          "contractName": "EthereumUnlimited",
          "methodName": "batchTransfer",
          "argTypes": [ "address[]", "uint256[]" ]
        },
        {
          "contractName": "EthereumUnlimited",
          "methodName": "getBlockNumber",
          "argTypes": []
        },
        {
          "contractName": "EthereumUnlimited",
          "methodName": "getCoinAge",
          "argTypes": [ "address", "uint256" ]
        },
        {
          "contractName": "EthereumUnlimited",
          "methodName": "ownerBurnToken",
          "argTypes": [ "uint256" ]
        },
        {
          "contractName": "EthereumUnlimited",
          "methodName": "transfer",
          "argTypes": [ "address", "uint256" ]
        },
        {
          "contractName": "EthereumUnlimited",
          "methodName": "transferFrom",
          "argTypes": [ "address", "address", "uint256" ]
        }
      ],
      "exp": "(a - b)",
      "status": "proven"
    },
    {
      "no": "2",
      "kind": "IO",
      "line": 28,
      "signatures": [
        {
          "contractName": "EthereumUnlimited",
          "methodName": "batchTransfer",
          "argTypes": [ "address[]", "uint256[]" ]
        },
        {
          "contractName": "EthereumUnlimited",
          "methodName": "getCoinAge",
          "argTypes": [ "address", "uint256" ]
        },
        {
          "contractName": "EthereumUnlimited",
          "methodName": "mint",
          "argTypes": []
        },
        {
          "contractName": "EthereumUnlimited",
          "methodName": "transfer",
          "argTypes": [ "address", "uint256" ]
        },
        {
          "contractName": "EthereumUnlimited",
          "methodName": "transferFrom",
          "argTypes": [ "address", "address", "uint256" ]
        }
      ],
      "exp": "(a + b)",
      "status": "unproven"
    },
    {
      "no": "3",
      "kind": "IO",
      "line": 127,
      "signatures": [
        {
          "contractName": "EthereumUnlimited",
          "methodName": "EthereumUnlimited",
          "argTypes": []
        }
      ],
      "exp": "(10 ** 17)",
      "status": "proven"
    },
    {
      "no": "4",
      "kind": "IO",
      "line": 148,
      "signatures": [
        {
          "contractName": "EthereumUnlimited",
          "methodName": "transfer",
          "argTypes": [ "address", "uint256" ]
        },
        {
          "contractName": "EthereumUnlimited",
          "methodName": "transferFrom",
          "argTypes": [ "address", "address", "uint256" ]
        }
      ],
      "exp": "(size + 4)",
      "status": "proven"
    },
    {
      "no": "5",
      "kind": "IO",
      "line": 158,
      "signatures": [
        {
          "contractName": "EthereumUnlimited",
          "methodName": "EthereumUnlimited",
          "argTypes": []
        }
      ],
      "exp": "((2 ** 256) - 1)",
      "status": "proven"
    },
    {
      "no": "6",
      "kind": "IO",
      "line": 158,
      "signatures": [
        {
          "contractName": "EthereumUnlimited",
          "methodName": "EthereumUnlimited",
          "argTypes": []
        }
      ],
      "exp": "(2 ** 256)",
      "status": "unproven"
    },
    {
      "no": "7",
      "kind": "IO",
      "line": 159,
      "signatures": [
        {
          "contractName": "EthereumUnlimited",
          "methodName": "EthereumUnlimited",
          "argTypes": []
        }
      ],
      "exp": "(100 ** 24)",
      "status": "proven"
    },
    {
      "no": "8",
      "kind": "IO",
      "line": 168,
      "signatures": [
        {
          "contractName": "EthereumUnlimited",
          "methodName": "transfer",
          "argTypes": [ "address", "uint256" ]
        }
      ],
      "exp": "(2 * 32)",
      "status": "proven"
    },
    {
      "no": "9",
      "kind": "IO",
      "line": 184,
      "signatures": [
        {
          "contractName": "EthereumUnlimited",
          "methodName": "transferFrom",
          "argTypes": [ "address", "address", "uint256" ]
        }
      ],
      "exp": "(3 * 32)",
      "status": "proven"
    },
    {
      "no": "10",
      "kind": "IO",
      "line": 248,
      "signatures": [
        {
          "contractName": "EthereumUnlimited",
          "methodName": "annualInterest",
          "argTypes": []
        }
      ],
      "exp": "(3080 * maxMintProofOfStake)",
      "status": "proven"
    },
    {
      "no": "11",
      "kind": "IO",
      "line": 260,
      "signatures": [
        {
          "contractName": "EthereumUnlimited",
          "methodName": "getProofOfStakeReward",
          "argTypes": [ "address" ]
        }
      ],
      "exp": "(4000 * maxMintProofOfStake)",
      "status": "proven"
    },
    {
      "no": "12",
      "kind": "IO",
      "line": 262,
      "signatures": [
        {
          "contractName": "EthereumUnlimited",
          "methodName": "getProofOfStakeReward",
          "argTypes": [ "address" ]
        }
      ],
      "exp": "(10 ** decimals)",
      "status": "proven"
    },
    {
      "no": "13",
      "kind": "IO",
      "line": 262,
      "signatures": [
        {
          "contractName": "EthereumUnlimited",
          "methodName": "getProofOfStakeReward",
          "argTypes": [ "address" ]
        }
      ],
      "exp": "(365 * (10 ** decimals))",
      "status": "proven"
    },
    {
      "no": "14",
      "kind": "IO",
      "line": 262,
      "signatures": [
        {
          "contractName": "EthereumUnlimited",
          "methodName": "getProofOfStakeReward",
          "argTypes": [ "address" ]
        }
      ],
      "exp": "(_coinAge * interest)",
      "status": "unproven"
    },
    {
      "no": "15",
      "kind": "IO",
      "line": 268,
      "signatures": [
        {
          "contractName": "EthereumUnlimited",
          "methodName": "getCoinAge",
          "argTypes": [ "address", "uint256" ]
        }
      ],
      "exp": "(i + 1)",
      "status": "proven"
    },
    {
      "no": "16",
      "kind": "IO",
      "line": 274,
      "signatures": [
        {
          "contractName": "EthereumUnlimited",
          "methodName": "getCoinAge",
          "argTypes": [ "address", "uint256" ]
        }
      ],
      "exp": "(uint256(transferIns[_address][i].amount) * nCoinSeconds.div(86400))",
      "status": "unproven"
    },
    {
      "no": "17",
      "kind": "IO",
      "line": 292,
      "signatures": [
        {
          "contractName": "EthereumUnlimited",
          "methodName": "ownerBurnToken",
          "argTypes": [ "uint256" ]
        }
      ],
      "exp": "(_value * 10)",
      "status": "unproven"
    },
    {
      "no": "18",
      "kind": "IO",
      "line": 302,
      "signatures": [
        {
          "contractName": "EthereumUnlimited",
          "methodName": "batchTransfer",
          "argTypes": [ "address[]", "uint256[]" ]
        }
      ],
      "exp": "(i + 1)",
      "status": "proven"
    },
    {
      "no": "19",
      "kind": "IO",
      "line": 308,
      "signatures": [
        {
          "contractName": "EthereumUnlimited",
          "methodName": "batchTransfer",
          "argTypes": [ "address[]", "uint256[]" ]
        }
      ],
      "exp": "(j + 1)",
      "status": "proven"
    },
    {
      "no": "20",
      "kind": "DZ",
      "line": 17,
      "signatures": [
        {
          "contractName": "EthereumUnlimited",
          "methodName": "annualInterest",
          "argTypes": []
        },
        {
          "contractName": "EthereumUnlimited",
          "methodName": "getCoinAge",
          "argTypes": [ "address", "uint256" ]
        },
        {
          "contractName": "EthereumUnlimited",
          "methodName": "getProofOfStakeReward",
          "argTypes": [ "address" ]
        }
      ],
      "exp": "(a / b)",
      "status": "proven"
    }
  ]
}