{
  "fileName": "Benchmarks/Study_SamplesSet/f0dc65105c22e60d4e58f31f2f27885c.sol",
  "baseName": "f0dc65105c22e60d4e58f31f2f27885c.sol",
  "iter": 8671,
  "time": "300.014293",
  "errMsg": null,
  "result": [
    {
      "no": "1",
      "kind": "IO",
      "line": 7,
      "signatures": [
        {
          "contractName": "PiggyBank",
          "methodName": "PiggyBank",
          "argTypes": [ "string", "uint256", "address" ]
        }
      ],
      "exp": "(10 ** uint256(decimals))",
      "status": "proven"
    },
    {
      "no": "2",
      "kind": "IO",
      "line": 31,
      "signatures": [
        {
          "contractName": "PiggyBank",
          "methodName": "@fallback",
          "argTypes": []
        },
        {
          "contractName": "PiggyBank",
          "methodName": "balanceOf",
          "argTypes": [ "address" ]
        }
      ],
      "exp": "(denominator * 100)",
      "status": "proven"
    },
    {
      "no": "3",
      "kind": "IO",
      "line": 33,
      "signatures": [
        {
          "contractName": "PiggyBank",
          "methodName": "@fallback",
          "argTypes": []
        },
        {
          "contractName": "PiggyBank",
          "methodName": "balanceOf",
          "argTypes": [ "address" ]
        }
      ],
      "exp": "((denominator * 100) * address(this).balance)",
      "status": "unproven"
    },
    {
      "no": "4",
      "kind": "IO",
      "line": 33,
      "signatures": [
        {
          "contractName": "PiggyBank",
          "methodName": "@fallback",
          "argTypes": []
        },
        {
          "contractName": "PiggyBank",
          "methodName": "balanceOf",
          "argTypes": [ "address" ]
        }
      ],
      "exp": "(denominator * 100)",
      "status": "proven"
    },
    {
      "no": "5",
      "kind": "IO",
      "line": 40,
      "signatures": [
        {
          "contractName": "PiggyBank",
          "methodName": "@fallback",
          "argTypes": []
        }
      ],
      "exp": "(100 * denominator)",
      "status": "proven"
    },
    {
      "no": "6",
      "kind": "DZ",
      "line": 33,
      "signatures": [
        {
          "contractName": "PiggyBank",
          "methodName": "@fallback",
          "argTypes": []
        },
        {
          "contractName": "PiggyBank",
          "methodName": "balanceOf",
          "argTypes": [ "address" ]
        }
      ],
      "exp": "(((denominator * 100) * address(this).balance) / targetAmount)",
      "status": "unproven"
    },
    {
      "no": "7",
      "kind": "KA",
      "line": 42,
      "signatures": [
        {
          "contractName": "PiggyBank",
          "methodName": "@fallback",
          "argTypes": []
        }
      ],
      "exp": "selfdestruct(targetAddress);",
      "status": "unproven"
    },
    {
      "no": "8",
      "kind": "ETH_LEAK",
      "line": 42,
      "signatures": [
        {
          "contractName": "PiggyBank",
          "methodName": "@fallback",
          "argTypes": []
        }
      ],
      "exp": "selfdestruct(targetAddress);",
      "status": "proven"
    }
  ]
}