{
  "fileName": "Benchmarks/Study_SamplesSet/f305df0ff73ae95c5c3f01a83b0316a2.sol",
  "baseName": "f305df0ff73ae95c5c3f01a83b0316a2.sol",
  "iter": 739,
  "time": "300.162427",
  "errMsg": null,
  "result": [
    {
      "no": "1",
      "kind": "IO",
      "line": 13,
      "signatures": [
        {
          "contractName": "COOSCrowdsales",
          "methodName": "buyTokens",
          "argTypes": [ "address" ]
        },
        {
          "contractName": "COOSCrowdsales",
          "methodName": "setTiersInfo",
          "argTypes": [
            "uint8", "uint256[]", "uint256[]", "uint256[]", "uint256[]",
            "uint8[]"
          ]
        }
      ],
      "exp": "(a * b)",
      "status": "unproven"
    },
    {
      "no": "2",
      "kind": "IO",
      "line": 31,
      "signatures": [
        {
          "contractName": "COOSCrowdsales",
          "methodName": "buyTokens",
          "argTypes": [ "address" ]
        },
        {
          "contractName": "SafeMath",
          "methodName": "add",
          "argTypes": [ "uint256", "uint256" ]
        }
      ],
      "exp": "(a + b)",
      "status": "unproven"
    },
    {
      "no": "3",
      "kind": "IO",
      "line": 268,
      "signatures": [
        {
          "contractName": "COOSCrowdsales",
          "methodName": "finalize",
          "argTypes": []
        },
        {
          "contractName": "COOSCrowdsales",
          "methodName": "saleTimeOver",
          "argTypes": []
        }
      ],
      "exp": "(noOfTiers - 1)",
      "status": "proven"
    },
    {
      "no": "4",
      "kind": "IO",
      "line": 302,
      "signatures": [
        {
          "contractName": "COOSCrowdsales",
          "methodName": "setTiersInfo",
          "argTypes": [
            "uint8", "uint256[]", "uint256[]", "uint256[]", "uint256[]",
            "uint8[]"
          ]
        }
      ],
      "exp": "(i + 1)",
      "status": "proven"
    },
    {
      "no": "5",
      "kind": "IO",
      "line": 310,
      "signatures": [
        {
          "contractName": "COOSCrowdsales",
          "methodName": "setTiersInfo",
          "argTypes": [
            "uint8", "uint256[]", "uint256[]", "uint256[]", "uint256[]",
            "uint8[]"
          ]
        }
      ],
      "exp": "(i - 1)",
      "status": "proven"
    },
    {
      "no": "6",
      "kind": "IO",
      "line": 313,
      "signatures": [
        {
          "contractName": "COOSCrowdsales",
          "methodName": "setTiersInfo",
          "argTypes": [
            "uint8", "uint256[]", "uint256[]", "uint256[]", "uint256[]",
            "uint8[]"
          ]
        }
      ],
      "exp": "(i - 1)",
      "status": "proven"
    },
    {
      "no": "7",
      "kind": "IO",
      "line": 316,
      "signatures": [
        {
          "contractName": "COOSCrowdsales",
          "methodName": "setTiersInfo",
          "argTypes": [
            "uint8", "uint256[]", "uint256[]", "uint256[]", "uint256[]",
            "uint8[]"
          ]
        }
      ],
      "exp": "(10 ** uint256(token.decimals()))",
      "status": "unproven"
    },
    {
      "no": "8",
      "kind": "IO",
      "line": 329,
      "signatures": [
        {
          "contractName": "COOSCrowdsales",
          "methodName": "setTiersInfo",
          "argTypes": [
            "uint8", "uint256[]", "uint256[]", "uint256[]", "uint256[]",
            "uint8[]"
          ]
        }
      ],
      "exp": "(10 ** uint256(token.decimals()))",
      "status": "unproven"
    },
    {
      "no": "9",
      "kind": "IO",
      "line": 338,
      "signatures": [
        {
          "contractName": "COOSCrowdsales",
          "methodName": "setTiersInfo",
          "argTypes": [
            "uint8", "uint256[]", "uint256[]", "uint256[]", "uint256[]",
            "uint8[]"
          ]
        }
      ],
      "exp": "(10 ** uint256(token.decimals()))",
      "status": "unproven"
    },
    {
      "no": "10",
      "kind": "IO",
      "line": 338,
      "signatures": [
        {
          "contractName": "COOSCrowdsales",
          "methodName": "setTiersInfo",
          "argTypes": [
            "uint8", "uint256[]", "uint256[]", "uint256[]", "uint256[]",
            "uint8[]"
          ]
        }
      ],
      "exp": "(noOfTiers - 1)",
      "status": "unproven"
    },
    {
      "no": "11",
      "kind": "IO",
      "line": 400,
      "signatures": [
        {
          "contractName": "COOSCrowdsales",
          "methodName": "getCurrentlyRunningTier",
          "argTypes": []
        }
      ],
      "exp": "(i + 1)",
      "status": "proven"
    },
    {
      "no": "12",
      "kind": "DZ",
      "line": 14,
      "signatures": [
        {
          "contractName": "COOSCrowdsales",
          "methodName": "buyTokens",
          "argTypes": [ "address" ]
        },
        {
          "contractName": "COOSCrowdsales",
          "methodName": "setTiersInfo",
          "argTypes": [
            "uint8", "uint256[]", "uint256[]", "uint256[]", "uint256[]",
            "uint8[]"
          ]
        }
      ],
      "exp": "(c / a)",
      "status": "proven"
    },
    {
      "no": "13",
      "kind": "DZ",
      "line": 20,
      "signatures": [
        {
          "contractName": "COOSCrowdsales",
          "methodName": "buyTokens",
          "argTypes": [ "address" ]
        }
      ],
      "exp": "(a / b)",
      "status": "proven"
    },
    {
      "no": "14",
      "kind": "ETH_LEAK",
      "line": 122,
      "signatures": [
        {
          "contractName": "Vault",
          "methodName": "withdrawToWallet",
          "argTypes": []
        }
      ],
      "exp": "wallet.transfer(this.balance);",
      "status": "unproven"
    }
  ]
}