{
  "fileName": "Benchmarks/Study_SamplesSet/f6747631153a17dc01dc6606f7284f6b.sol",
  "baseName": "f6747631153a17dc01dc6606f7284f6b.sol",
  "iter": 3,
  "time": "10.0458",
  "errMsg": null,
  "result": [
    {
      "no": "1",
      "kind": "ETH_LEAK",
      "line": 16,
      "signatures": [
        {
          "contractName": "NotooManyDigits2",
          "methodName": "withdraw",
          "argTypes": []
        }
      ],
      "exp": "owner.transfer(address(this).balance);",
      "status": "proven"
    }
  ]
}