{
  "fileName": "Benchmarks/Study_SamplesSet/f9e857596ce224dfd74248643ebea734.sol",
  "baseName": "f9e857596ce224dfd74248643ebea734.sol",
  "iter": 6,
  "time": "319.535271",
  "errMsg": null,
  "result": [
    {
      "no": "1",
      "kind": "IO",
      "line": 142,
      "signatures": [
        {
          "contractName": "NFTHouseGame",
          "methodName": "purchaseAsset",
          "argTypes": [ "uint256" ]
        }
      ],
      "exp": "(ownedHouses[oldOwner] - 1)",
      "status": "unproven"
    },
    {
      "no": "2",
      "kind": "IO",
      "line": 143,
      "signatures": [
        {
          "contractName": "NFTHouseGame",
          "methodName": "purchaseAsset",
          "argTypes": [ "uint256" ]
        }
      ],
      "exp": "(ownedHouses[newOwner] + 1)",
      "status": "unproven"
    },
    {
      "no": "3",
      "kind": "IO",
      "line": 158,
      "signatures": [
        {
          "contractName": "NFTHouseGame",
          "methodName": "takeOwnership",
          "argTypes": [ "uint256" ]
        }
      ],
      "exp": "(ownedHouses[oldOwner] - 1)",
      "status": "unproven"
    },
    {
      "no": "4",
      "kind": "IO",
      "line": 159,
      "signatures": [
        {
          "contractName": "NFTHouseGame",
          "methodName": "takeOwnership",
          "argTypes": [ "uint256" ]
        }
      ],
      "exp": "(ownedHouses[newOwner] + 1)",
      "status": "unproven"
    },
    {
      "no": "5",
      "kind": "IO",
      "line": 177,
      "signatures": [
        {
          "contractName": "NFTHouseGame",
          "methodName": "transfer",
          "argTypes": [ "address", "uint256" ]
        }
      ],
      "exp": "(ownedHouses[oldOwner] - 1)",
      "status": "unproven"
    },
    {
      "no": "6",
      "kind": "IO",
      "line": 178,
      "signatures": [
        {
          "contractName": "NFTHouseGame",
          "methodName": "transfer",
          "argTypes": [ "address", "uint256" ]
        }
      ],
      "exp": "(ownedHouses[newOwner] + 1)",
      "status": "unproven"
    },
    {
      "no": "7",
      "kind": "IO",
      "line": 198,
      "signatures": [
        {
          "contractName": "NFTHouseGame",
          "methodName": "buildHouse",
          "argTypes": []
        }
      ],
      "exp": "(presaleSales + 1)",
      "status": "unproven"
    },
    {
      "no": "8",
      "kind": "IO",
      "line": 199,
      "signatures": [
        {
          "contractName": "NFTHouseGame",
          "methodName": "buildHouse",
          "argTypes": []
        }
      ],
      "exp": "(presaleProceeds + msg.value)",
      "status": "unproven"
    },
    {
      "no": "9",
      "kind": "IO",
      "line": 209,
      "signatures": [
        {
          "contractName": "NFTHouseGame",
          "methodName": "buildAddition",
          "argTypes": [ "uint256" ]
        }
      ],
      "exp": "(presaleProceeds + msg.value)",
      "status": "unproven"
    },
    {
      "no": "10",
      "kind": "IO",
      "line": 211,
      "signatures": [
        {
          "contractName": "NFTHouseGame",
          "methodName": "buildAddition",
          "argTypes": [ "uint256" ]
        }
      ],
      "exp": "(house.numBedrooms + (msg.value / additionPrice))",
      "status": "unproven"
    },
    {
      "no": "11",
      "kind": "IO",
      "line": 246,
      "signatures": [
        {
          "contractName": "NFTHouseGame",
          "methodName": "purchaseAsset",
          "argTypes": [ "uint256" ]
        }
      ],
      "exp": "(presaleSales + 1)",
      "status": "unproven"
    },
    {
      "no": "12",
      "kind": "IO",
      "line": 252,
      "signatures": [
        {
          "contractName": "NFTHouseGame",
          "methodName": "purchaseAsset",
          "argTypes": [ "uint256" ]
        }
      ],
      "exp": "(currentPrice - fee)",
      "status": "unproven"
    },
    {
      "no": "13",
      "kind": "IO",
      "line": 253,
      "signatures": [
        {
          "contractName": "NFTHouseGame",
          "methodName": "purchaseAsset",
          "argTypes": [ "uint256" ]
        }
      ],
      "exp": "(msg.value - sellerProceeds)",
      "status": "unproven"
    },
    {
      "no": "14",
      "kind": "IO",
      "line": 253,
      "signatures": [
        {
          "contractName": "NFTHouseGame",
          "methodName": "purchaseAsset",
          "argTypes": [ "uint256" ]
        }
      ],
      "exp": "(presaleProceeds + (msg.value - sellerProceeds))",
      "status": "unproven"
    },
    {
      "no": "15",
      "kind": "IO",
      "line": 256,
      "signatures": [
        {
          "contractName": "NFTHouseGame",
          "methodName": "purchaseAsset",
          "argTypes": [ "uint256" ]
        }
      ],
      "exp": "(presaleProceeds + msg.value)",
      "status": "unproven"
    },
    {
      "no": "16",
      "kind": "IO",
      "line": 280,
      "signatures": [
        {
          "contractName": "NFTHouseGame",
          "methodName": "addNewColor",
          "argTypes": [ "string" ]
        }
      ],
      "exp": "(colors.length + 1)",
      "status": "unproven"
    },
    {
      "no": "17",
      "kind": "IO",
      "line": 284,
      "signatures": [
        {
          "contractName": "NFTHouseGame",
          "methodName": "addNewTrait",
          "argTypes": [ "string", "bool" ]
        }
      ],
      "exp": "(traits.length + 1)",
      "status": "unproven"
    },
    {
      "no": "18",
      "kind": "IO",
      "line": 290,
      "signatures": [
        {
          "contractName": "NFTHouseGame",
          "methodName": "addNewStreetName",
          "argTypes": [ "string" ]
        }
      ],
      "exp": "(streetNames.length + 1)",
      "status": "unproven"
    },
    {
      "no": "19",
      "kind": "IO",
      "line": 294,
      "signatures": [
        {
          "contractName": "NFTHouseGame",
          "methodName": "addNewStreetType",
          "argTypes": [ "string" ]
        }
      ],
      "exp": "(streetTypes.length + 1)",
      "status": "unproven"
    },
    {
      "no": "20",
      "kind": "IO",
      "line": 299,
      "signatures": [
        {
          "contractName": "NFTHouseGame",
          "methodName": "generatePresaleHouse",
          "argTypes": []
        }
      ],
      "exp": "((houses[houseId].propertyValue / 5000) * 1000000000000000)",
      "status": "unproven"
    },
    {
      "no": "21",
      "kind": "IO",
      "line": 312,
      "signatures": [
        {
          "contractName": "NFTHouseGame",
          "methodName": "withdrawFees",
          "argTypes": [ "address" ]
        }
      ],
      "exp": "(presaleProceeds - presaleDevPayout)",
      "status": "unproven"
    },
    {
      "no": "22",
      "kind": "IO",
      "line": 316,
      "signatures": [
        {
          "contractName": "NFTHouseGame",
          "methodName": "withdrawFees",
          "argTypes": [ "address" ]
        }
      ],
      "exp": "(presaleDevPayout + devsShare)",
      "status": "unproven"
    },
    {
      "no": "23",
      "kind": "IO",
      "line": 324,
      "signatures": [
        {
          "contractName": "NFTHouseGame",
          "methodName": "withdrawDevFees",
          "argTypes": [ "address" ]
        }
      ],
      "exp": "(presaleProceeds - presaleDevPayout)",
      "status": "unproven"
    },
    {
      "no": "24",
      "kind": "IO",
      "line": 328,
      "signatures": [
        {
          "contractName": "NFTHouseGame",
          "methodName": "withdrawDevFees",
          "argTypes": [ "address" ]
        }
      ],
      "exp": "(presaleDevPayout + devsShare)",
      "status": "unproven"
    },
    {
      "no": "25",
      "kind": "IO",
      "line": 339,
      "signatures": [
        {
          "contractName": "NFTHouseGame",
          "methodName": "generateHouse",
          "argTypes": [ "address" ]
        }
      ],
      "exp": "(houses.length + 1)",
      "status": "unproven"
    },
    {
      "no": "26",
      "kind": "IO",
      "line": 350,
      "signatures": [
        {
          "contractName": "NFTHouseGame",
          "methodName": "generateHouse",
          "argTypes": [ "address" ]
        }
      ],
      "exp": "(squareFootage + houseId)",
      "status": "unproven"
    },
    {
      "no": "27",
      "kind": "IO",
      "line": 363,
      "signatures": [
        {
          "contractName": "NFTHouseGame",
          "methodName": "generateHouse",
          "argTypes": [ "address" ]
        }
      ],
      "exp": "(houseId * 5)",
      "status": "unproven"
    },
    {
      "no": "28",
      "kind": "IO",
      "line": 363,
      "signatures": [
        {
          "contractName": "NFTHouseGame",
          "methodName": "generateHouse",
          "argTypes": [ "address" ]
        }
      ],
      "exp": "(propertyValue + (houseId * 5))",
      "status": "unproven"
    },
    {
      "no": "29",
      "kind": "IO",
      "line": 364,
      "signatures": [
        {
          "contractName": "NFTHouseGame",
          "methodName": "generateHouse",
          "argTypes": [ "address" ]
        }
      ],
      "exp": "(houseId * 4)",
      "status": "unproven"
    },
    {
      "no": "30",
      "kind": "IO",
      "line": 364,
      "signatures": [
        {
          "contractName": "NFTHouseGame",
          "methodName": "generateHouse",
          "argTypes": [ "address" ]
        }
      ],
      "exp": "(squareFootage + (houseId * 4))",
      "status": "unproven"
    },
    {
      "no": "31",
      "kind": "IO",
      "line": 365,
      "signatures": [
        {
          "contractName": "NFTHouseGame",
          "methodName": "generateHouse",
          "argTypes": [ "address" ]
        }
      ],
      "exp": "(houseId * 3)",
      "status": "unproven"
    },
    {
      "no": "32",
      "kind": "IO",
      "line": 365,
      "signatures": [
        {
          "contractName": "NFTHouseGame",
          "methodName": "generateHouse",
          "argTypes": [ "address" ]
        }
      ],
      "exp": "(numBathrooms + (houseId * 3))",
      "status": "unproven"
    },
    {
      "no": "33",
      "kind": "IO",
      "line": 366,
      "signatures": [
        {
          "contractName": "NFTHouseGame",
          "methodName": "generateHouse",
          "argTypes": [ "address" ]
        }
      ],
      "exp": "(houseId * 2)",
      "status": "unproven"
    },
    {
      "no": "34",
      "kind": "IO",
      "line": 366,
      "signatures": [
        {
          "contractName": "NFTHouseGame",
          "methodName": "generateHouse",
          "argTypes": [ "address" ]
        }
      ],
      "exp": "(numBedrooms + (houseId * 2))",
      "status": "unproven"
    },
    {
      "no": "35",
      "kind": "IO",
      "line": 369,
      "signatures": [
        {
          "contractName": "NFTHouseGame",
          "methodName": "generateHouse",
          "argTypes": [ "address" ]
        }
      ],
      "exp": "(ownedHouses[owner] + 1)",
      "status": "unproven"
    },
    {
      "no": "36",
      "kind": "IO",
      "line": 381,
      "signatures": [
        {
          "contractName": "NFTHouseGame",
          "methodName": "generatePresaleHouse",
          "argTypes": []
        },
        {
          "contractName": "NFTHouseGame",
          "methodName": "listAsset",
          "argTypes": [ "uint256", "uint256", "uint256", "uint256" ]
        }
      ],
      "exp": "(now + (numDays * 86400))",
      "status": "unproven"
    },
    {
      "no": "37",
      "kind": "IO",
      "line": 381,
      "signatures": [
        {
          "contractName": "NFTHouseGame",
          "methodName": "generatePresaleHouse",
          "argTypes": []
        },
        {
          "contractName": "NFTHouseGame",
          "methodName": "listAsset",
          "argTypes": [ "uint256", "uint256", "uint256", "uint256" ]
        }
      ],
      "exp": "(numDays * 86400)",
      "status": "unproven"
    },
    {
      "no": "38",
      "kind": "IO",
      "line": 388,
      "signatures": [
        {
          "contractName": "NFTHouseGame",
          "methodName": "purchaseAsset",
          "argTypes": [ "uint256" ]
        }
      ],
      "exp": "(listing.endsAt - listing.startedAt)",
      "status": "unproven"
    },
    {
      "no": "39",
      "kind": "IO",
      "line": 389,
      "signatures": [
        {
          "contractName": "NFTHouseGame",
          "methodName": "purchaseAsset",
          "argTypes": [ "uint256" ]
        }
      ],
      "exp": "(now - listing.startedAt)",
      "status": "unproven"
    },
    {
      "no": "40",
      "kind": "IO",
      "line": 390,
      "signatures": [
        {
          "contractName": "NFTHouseGame",
          "methodName": "purchaseAsset",
          "argTypes": [ "uint256" ]
        }
      ],
      "exp": "(currentPeriod * (listing.startPrice + listing.endPrice))",
      "status": "unproven"
    },
    {
      "no": "41",
      "kind": "IO",
      "line": 390,
      "signatures": [
        {
          "contractName": "NFTHouseGame",
          "methodName": "purchaseAsset",
          "argTypes": [ "uint256" ]
        }
      ],
      "exp": "(listing.startPrice + listing.endPrice)",
      "status": "unproven"
    },
    {
      "no": "42",
      "kind": "IO",
      "line": 397,
      "signatures": [
        {
          "contractName": "NFTHouseGame",
          "methodName": "calculatePropertyValue",
          "argTypes": [ "HouseClasses", "uint256", "uint256", "uint256" ]
        }
      ],
      "exp": "((uint256(houseClass) + 1) * 10)",
      "status": "unproven"
    },
    {
      "no": "43",
      "kind": "IO",
      "line": 397,
      "signatures": [
        {
          "contractName": "NFTHouseGame",
          "methodName": "calculatePropertyValue",
          "argTypes": [ "HouseClasses", "uint256", "uint256", "uint256" ]
        }
      ],
      "exp": "(uint256(houseClass) + 1)",
      "status": "unproven"
    },
    {
      "no": "44",
      "kind": "IO",
      "line": 398,
      "signatures": [
        {
          "contractName": "NFTHouseGame",
          "methodName": "calculatePropertyValue",
          "argTypes": [ "HouseClasses", "uint256", "uint256", "uint256" ]
        }
      ],
      "exp": "((numBathrooms + 1) * 10)",
      "status": "unproven"
    },
    {
      "no": "45",
      "kind": "IO",
      "line": 398,
      "signatures": [
        {
          "contractName": "NFTHouseGame",
          "methodName": "calculatePropertyValue",
          "argTypes": [ "HouseClasses", "uint256", "uint256", "uint256" ]
        }
      ],
      "exp": "(numBathrooms + 1)",
      "status": "unproven"
    },
    {
      "no": "46",
      "kind": "IO",
      "line": 398,
      "signatures": [
        {
          "contractName": "NFTHouseGame",
          "methodName": "calculatePropertyValue",
          "argTypes": [ "HouseClasses", "uint256", "uint256", "uint256" ]
        }
      ],
      "exp": "(propertyValue + ((numBathrooms + 1) * 10))",
      "status": "unproven"
    },
    {
      "no": "47",
      "kind": "IO",
      "line": 399,
      "signatures": [
        {
          "contractName": "NFTHouseGame",
          "methodName": "calculatePropertyValue",
          "argTypes": [ "HouseClasses", "uint256", "uint256", "uint256" ]
        }
      ],
      "exp": "((numBedrooms + 1) * 25)",
      "status": "unproven"
    },
    {
      "no": "48",
      "kind": "IO",
      "line": 399,
      "signatures": [
        {
          "contractName": "NFTHouseGame",
          "methodName": "calculatePropertyValue",
          "argTypes": [ "HouseClasses", "uint256", "uint256", "uint256" ]
        }
      ],
      "exp": "(numBedrooms + 1)",
      "status": "unproven"
    },
    {
      "no": "49",
      "kind": "IO",
      "line": 399,
      "signatures": [
        {
          "contractName": "NFTHouseGame",
          "methodName": "calculatePropertyValue",
          "argTypes": [ "HouseClasses", "uint256", "uint256", "uint256" ]
        }
      ],
      "exp": "(propertyValue + ((numBedrooms + 1) * 25))",
      "status": "unproven"
    },
    {
      "no": "50",
      "kind": "IO",
      "line": 400,
      "signatures": [
        {
          "contractName": "NFTHouseGame",
          "methodName": "calculatePropertyValue",
          "argTypes": [ "HouseClasses", "uint256", "uint256", "uint256" ]
        }
      ],
      "exp": "(propertyValue + (squareFootage * 25))",
      "status": "unproven"
    },
    {
      "no": "51",
      "kind": "IO",
      "line": 400,
      "signatures": [
        {
          "contractName": "NFTHouseGame",
          "methodName": "calculatePropertyValue",
          "argTypes": [ "HouseClasses", "uint256", "uint256", "uint256" ]
        }
      ],
      "exp": "(squareFootage * 25)",
      "status": "unproven"
    },
    {
      "no": "52",
      "kind": "IO",
      "line": 401,
      "signatures": [
        {
          "contractName": "NFTHouseGame",
          "methodName": "calculatePropertyValue",
          "argTypes": [ "HouseClasses", "uint256", "uint256", "uint256" ]
        }
      ],
      "exp": "(propertyValue * 5)",
      "status": "unproven"
    },
    {
      "no": "53",
      "kind": "IO",
      "line": 403,
      "signatures": [
        {
          "contractName": "NFTHouseGame",
          "methodName": "calculatePropertyValue",
          "argTypes": [ "HouseClasses", "uint256", "uint256", "uint256" ]
        }
      ],
      "exp": "(propertyValue * 5)",
      "status": "unproven"
    },
    {
      "no": "54",
      "kind": "IO",
      "line": 430,
      "signatures": [
        {
          "contractName": "NFTHouseGame",
          "methodName": "generateHouse",
          "argTypes": [ "address" ]
        }
      ],
      "exp": "(class + notRandom(4))",
      "status": "unproven"
    },
    {
      "no": "55",
      "kind": "IO",
      "line": 434,
      "signatures": [
        {
          "contractName": "NFTHouseGame",
          "methodName": "generateHouse",
          "argTypes": [ "address" ]
        }
      ],
      "exp": "(numBedrooms - notRandom(3))",
      "status": "unproven"
    },
    {
      "no": "56",
      "kind": "IO",
      "line": 439,
      "signatures": [
        {
          "contractName": "NFTHouseGame",
          "methodName": "calculateSquareFootage",
          "argTypes": [ "HouseClasses", "uint256", "uint256" ]
        }
      ],
      "exp": "(uint256(houseClass) + 1)",
      "status": "unproven"
    },
    {
      "no": "57",
      "kind": "IO",
      "line": 441,
      "signatures": [
        {
          "contractName": "NFTHouseGame",
          "methodName": "calculateSquareFootage",
          "argTypes": [ "HouseClasses", "uint256", "uint256" ]
        }
      ],
      "exp": "(((numBedrooms + 1) * 10) * baseSqft)",
      "status": "unproven"
    },
    {
      "no": "58",
      "kind": "IO",
      "line": 441,
      "signatures": [
        {
          "contractName": "NFTHouseGame",
          "methodName": "calculateSquareFootage",
          "argTypes": [ "HouseClasses", "uint256", "uint256" ]
        }
      ],
      "exp": "((numBedrooms + 1) * 10)",
      "status": "unproven"
    },
    {
      "no": "59",
      "kind": "IO",
      "line": 441,
      "signatures": [
        {
          "contractName": "NFTHouseGame",
          "methodName": "calculateSquareFootage",
          "argTypes": [ "HouseClasses", "uint256", "uint256" ]
        }
      ],
      "exp": "(numBedrooms + 1)",
      "status": "unproven"
    },
    {
      "no": "60",
      "kind": "IO",
      "line": 442,
      "signatures": [
        {
          "contractName": "NFTHouseGame",
          "methodName": "calculateSquareFootage",
          "argTypes": [ "HouseClasses", "uint256", "uint256" ]
        }
      ],
      "exp": "(((numBathrooms + 1) * 5) * baseSqft)",
      "status": "unproven"
    },
    {
      "no": "61",
      "kind": "IO",
      "line": 442,
      "signatures": [
        {
          "contractName": "NFTHouseGame",
          "methodName": "calculateSquareFootage",
          "argTypes": [ "HouseClasses", "uint256", "uint256" ]
        }
      ],
      "exp": "((numBathrooms + 1) * 5)",
      "status": "unproven"
    },
    {
      "no": "62",
      "kind": "IO",
      "line": 442,
      "signatures": [
        {
          "contractName": "NFTHouseGame",
          "methodName": "calculateSquareFootage",
          "argTypes": [ "HouseClasses", "uint256", "uint256" ]
        }
      ],
      "exp": "(numBathrooms + 1)",
      "status": "unproven"
    },
    {
      "no": "63",
      "kind": "IO",
      "line": 444,
      "signatures": [
        {
          "contractName": "NFTHouseGame",
          "methodName": "calculateSquareFootage",
          "argTypes": [ "HouseClasses", "uint256", "uint256" ]
        }
      ],
      "exp": "((bedroomSqft + bathroomSqft) * multiplier)",
      "status": "unproven"
    },
    {
      "no": "64",
      "kind": "IO",
      "line": 444,
      "signatures": [
        {
          "contractName": "NFTHouseGame",
          "methodName": "calculateSquareFootage",
          "argTypes": [ "HouseClasses", "uint256", "uint256" ]
        }
      ],
      "exp": "(bedroomSqft + bathroomSqft)",
      "status": "unproven"
    },
    {
      "no": "65",
      "kind": "IO",
      "line": 451,
      "signatures": [
        {
          "contractName": "NFTHouseGame",
          "methodName": "burnForInsurance",
          "argTypes": [ "uint256" ]
        }
      ],
      "exp": "(uint256(house.class) + 1)",
      "status": "proven"
    },
    {
      "no": "66",
      "kind": "IO",
      "line": 454,
      "signatures": [
        {
          "contractName": "NFTHouseGame",
          "methodName": "burnForInsurance",
          "argTypes": [ "uint256" ]
        }
      ],
      "exp": "(house.numBedrooms + 1)",
      "status": "unproven"
    },
    {
      "no": "67",
      "kind": "IO",
      "line": 455,
      "signatures": [
        {
          "contractName": "NFTHouseGame",
          "methodName": "burnForInsurance",
          "argTypes": [ "uint256" ]
        }
      ],
      "exp": "(house.numBathrooms + 1)",
      "status": "unproven"
    },
    {
      "no": "68",
      "kind": "IO",
      "line": 480,
      "signatures": [
        {
          "contractName": "NFTHouseGame",
          "methodName": "buildAddition",
          "argTypes": [ "uint256" ]
        },
        {
          "contractName": "NFTHouseGame",
          "methodName": "burnForInsurance",
          "argTypes": [ "uint256" ]
        }
      ],
      "exp": "(house.statusValue + (house.statusValue / 10))",
      "status": "unproven"
    },
    {
      "no": "69",
      "kind": "IO",
      "line": 485,
      "signatures": [
        {
          "contractName": "NFTHouseGame",
          "methodName": "generateHouse",
          "argTypes": [ "address" ]
        },
        {
          "contractName": "NFTHouseGame",
          "methodName": "notRandom",
          "argTypes": [ "uint256" ]
        }
      ],
      "exp": "(((houses.length + 1) + (tx.gasprice * lessThan)) + (((block.difficulty * block.number) + now) * msg.gas))",
      "status": "unproven"
    },
    {
      "no": "70",
      "kind": "IO",
      "line": 485,
      "signatures": [
        {
          "contractName": "NFTHouseGame",
          "methodName": "generateHouse",
          "argTypes": [ "address" ]
        },
        {
          "contractName": "NFTHouseGame",
          "methodName": "notRandom",
          "argTypes": [ "uint256" ]
        }
      ],
      "exp": "((houses.length + 1) + (tx.gasprice * lessThan))",
      "status": "unproven"
    },
    {
      "no": "71",
      "kind": "IO",
      "line": 485,
      "signatures": [
        {
          "contractName": "NFTHouseGame",
          "methodName": "generateHouse",
          "argTypes": [ "address" ]
        },
        {
          "contractName": "NFTHouseGame",
          "methodName": "notRandom",
          "argTypes": [ "uint256" ]
        }
      ],
      "exp": "(houses.length + 1)",
      "status": "unproven"
    },
    {
      "no": "72",
      "kind": "IO",
      "line": 485,
      "signatures": [
        {
          "contractName": "NFTHouseGame",
          "methodName": "generateHouse",
          "argTypes": [ "address" ]
        },
        {
          "contractName": "NFTHouseGame",
          "methodName": "notRandom",
          "argTypes": [ "uint256" ]
        }
      ],
      "exp": "(tx.gasprice * lessThan)",
      "status": "unproven"
    },
    {
      "no": "73",
      "kind": "IO",
      "line": 486,
      "signatures": [
        {
          "contractName": "NFTHouseGame",
          "methodName": "generateHouse",
          "argTypes": [ "address" ]
        },
        {
          "contractName": "NFTHouseGame",
          "methodName": "notRandom",
          "argTypes": [ "uint256" ]
        }
      ],
      "exp": "(((block.difficulty * block.number) + now) * msg.gas)",
      "status": "unproven"
    },
    {
      "no": "74",
      "kind": "IO",
      "line": 486,
      "signatures": [
        {
          "contractName": "NFTHouseGame",
          "methodName": "generateHouse",
          "argTypes": [ "address" ]
        },
        {
          "contractName": "NFTHouseGame",
          "methodName": "notRandom",
          "argTypes": [ "uint256" ]
        }
      ],
      "exp": "((block.difficulty * block.number) + now)",
      "status": "unproven"
    },
    {
      "no": "75",
      "kind": "IO",
      "line": 486,
      "signatures": [
        {
          "contractName": "NFTHouseGame",
          "methodName": "generateHouse",
          "argTypes": [ "address" ]
        },
        {
          "contractName": "NFTHouseGame",
          "methodName": "notRandom",
          "argTypes": [ "uint256" ]
        }
      ],
      "exp": "(block.difficulty * block.number)",
      "status": "unproven"
    },
    {
      "no": "76",
      "kind": "IO",
      "line": 492,
      "signatures": [
        {
          "contractName": "NFTHouseGame",
          "methodName": "burnForInsurance",
          "argTypes": [ "uint256" ]
        },
        {
          "contractName": "NFTHouseGame",
          "methodName": "generateHouse",
          "argTypes": [ "address" ]
        },
        {
          "contractName": "NFTHouseGame",
          "methodName": "notRandomWithSeed",
          "argTypes": [ "uint256", "uint256" ]
        }
      ],
      "exp": "((seed + block.gaslimit) + block.number)",
      "status": "unproven"
    },
    {
      "no": "77",
      "kind": "IO",
      "line": 492,
      "signatures": [
        {
          "contractName": "NFTHouseGame",
          "methodName": "burnForInsurance",
          "argTypes": [ "uint256" ]
        },
        {
          "contractName": "NFTHouseGame",
          "methodName": "generateHouse",
          "argTypes": [ "address" ]
        },
        {
          "contractName": "NFTHouseGame",
          "methodName": "notRandomWithSeed",
          "argTypes": [ "uint256", "uint256" ]
        }
      ],
      "exp": "(seed + block.gaslimit)",
      "status": "unproven"
    },
    {
      "no": "78",
      "kind": "DZ",
      "line": 211,
      "signatures": [
        {
          "contractName": "NFTHouseGame",
          "methodName": "buildAddition",
          "argTypes": [ "uint256" ]
        }
      ],
      "exp": "(msg.value / additionPrice)",
      "status": "proven"
    },
    {
      "no": "79",
      "kind": "DZ",
      "line": 251,
      "signatures": [
        {
          "contractName": "NFTHouseGame",
          "methodName": "purchaseAsset",
          "argTypes": [ "uint256" ]
        }
      ],
      "exp": "(100 / saleFee)",
      "status": "proven"
    },
    {
      "no": "80",
      "kind": "DZ",
      "line": 251,
      "signatures": [
        {
          "contractName": "NFTHouseGame",
          "methodName": "purchaseAsset",
          "argTypes": [ "uint256" ]
        }
      ],
      "exp": "(currentPrice / (100 / saleFee))",
      "status": "proven"
    },
    {
      "no": "81",
      "kind": "DZ",
      "line": 299,
      "signatures": [
        {
          "contractName": "NFTHouseGame",
          "methodName": "generatePresaleHouse",
          "argTypes": []
        }
      ],
      "exp": "(houses[houseId].propertyValue / 5000)",
      "status": "proven"
    },
    {
      "no": "82",
      "kind": "DZ",
      "line": 313,
      "signatures": [
        {
          "contractName": "NFTHouseGame",
          "methodName": "withdrawFees",
          "argTypes": [ "address" ]
        }
      ],
      "exp": "(100 / presaleDevFee)",
      "status": "proven"
    },
    {
      "no": "83",
      "kind": "DZ",
      "line": 313,
      "signatures": [
        {
          "contractName": "NFTHouseGame",
          "methodName": "withdrawFees",
          "argTypes": [ "address" ]
        }
      ],
      "exp": "(remainingPresaleProceeds / (100 / presaleDevFee))",
      "status": "proven"
    },
    {
      "no": "84",
      "kind": "DZ",
      "line": 325,
      "signatures": [
        {
          "contractName": "NFTHouseGame",
          "methodName": "withdrawDevFees",
          "argTypes": [ "address" ]
        }
      ],
      "exp": "(100 / presaleDevFee)",
      "status": "proven"
    },
    {
      "no": "85",
      "kind": "DZ",
      "line": 325,
      "signatures": [
        {
          "contractName": "NFTHouseGame",
          "methodName": "withdrawDevFees",
          "argTypes": [ "address" ]
        }
      ],
      "exp": "(remainingPresaleProceeds / (100 / presaleDevFee))",
      "status": "proven"
    },
    {
      "no": "86",
      "kind": "DZ",
      "line": 354,
      "signatures": [
        {
          "contractName": "NFTHouseGame",
          "methodName": "generateHouse",
          "argTypes": [ "address" ]
        }
      ],
      "exp": "(propertyValue / 10000)",
      "status": "proven"
    },
    {
      "no": "87",
      "kind": "DZ",
      "line": 389,
      "signatures": [
        {
          "contractName": "NFTHouseGame",
          "methodName": "purchaseAsset",
          "argTypes": [ "uint256" ]
        }
      ],
      "exp": "((now - listing.startedAt) / numberOfPeriods)",
      "status": "unproven"
    },
    {
      "no": "88",
      "kind": "DZ",
      "line": 480,
      "signatures": [
        {
          "contractName": "NFTHouseGame",
          "methodName": "buildAddition",
          "argTypes": [ "uint256" ]
        },
        {
          "contractName": "NFTHouseGame",
          "methodName": "burnForInsurance",
          "argTypes": [ "uint256" ]
        }
      ],
      "exp": "(house.statusValue / 10)",
      "status": "proven"
    },
    {
      "no": "89",
      "kind": "DZ",
      "line": 484,
      "signatures": [
        {
          "contractName": "NFTHouseGame",
          "methodName": "generateHouse",
          "argTypes": [ "address" ]
        },
        {
          "contractName": "NFTHouseGame",
          "methodName": "notRandom",
          "argTypes": [ "uint256" ]
        }
      ],
      "exp": "(uint256(keccak256((((houses.length + 1) + (tx.gasprice * lessThan)) + (((block.difficulty * block.number) + now) * msg.gas)))) % lessThan)",
      "status": "unproven"
    },
    {
      "no": "90",
      "kind": "DZ",
      "line": 491,
      "signatures": [
        {
          "contractName": "NFTHouseGame",
          "methodName": "burnForInsurance",
          "argTypes": [ "uint256" ]
        },
        {
          "contractName": "NFTHouseGame",
          "methodName": "generateHouse",
          "argTypes": [ "address" ]
        },
        {
          "contractName": "NFTHouseGame",
          "methodName": "notRandomWithSeed",
          "argTypes": [ "uint256", "uint256" ]
        }
      ],
      "exp": "(uint256(keccak256(((seed + block.gaslimit) + block.number))) % lessThan)",
      "status": "unproven"
    },
    {
      "no": "91",
      "kind": "ETH_LEAK",
      "line": 254,
      "signatures": [
        {
          "contractName": "NFTHouseGame",
          "methodName": "purchaseAsset",
          "argTypes": [ "uint256" ]
        }
      ],
      "exp": "houses[_tokenId].owner.transfer(sellerProceeds);",
      "status": "unproven"
    },
    {
      "no": "92",
      "kind": "ETH_LEAK",
      "line": 317,
      "signatures": [
        {
          "contractName": "NFTHouseGame",
          "methodName": "withdrawFees",
          "argTypes": [ "address" ]
        }
      ],
      "exp": "gameDeveloper.transfer(devsShare);",
      "status": "proven"
    },
    {
      "no": "93",
      "kind": "ETH_LEAK",
      "line": 320,
      "signatures": [
        {
          "contractName": "NFTHouseGame",
          "methodName": "withdrawFees",
          "argTypes": [ "address" ]
        }
      ],
      "exp": "_destination.transfer(this.balance);",
      "status": "proven"
    },
    {
      "no": "94",
      "kind": "ETH_LEAK",
      "line": 329,
      "signatures": [
        {
          "contractName": "NFTHouseGame",
          "methodName": "withdrawDevFees",
          "argTypes": [ "address" ]
        }
      ],
      "exp": "_destination.transfer(devsShare);",
      "status": "proven"
    }
  ]
}