{
  "fileName": "Benchmarks/Study_SamplesSet/feb17ef91c400af0157e66dab2d90ec9.sol",
  "baseName": "feb17ef91c400af0157e66dab2d90ec9.sol",
  "iter": 104,
  "time": "326.514012",
  "errMsg": null,
  "result": [
    {
      "no": "1",
      "kind": "IO",
      "line": 29,
      "signatures": [
        {
          "contractName": "EDOGE",
          "methodName": "distributeAirdrop",
          "argTypes": [ "address[]", "uint256" ]
        },
        {
          "contractName": "EDOGE",
          "methodName": "transfer",
          "argTypes": [ "address", "uint256", "dbytes", "string" ]
        },
        {
          "contractName": "EDOGE",
          "methodName": "transferToAddress",
          "argTypes": [ "address", "uint256", "dbytes" ]
        },
        {
          "contractName": "EDOGE",
          "methodName": "transferToContract",
          "argTypes": [ "address", "uint256", "dbytes" ]
        }
      ],
      "exp": "(MAX_UINT256 - y)",
      "status": "proven"
    },
    {
      "no": "2",
      "kind": "IO",
      "line": 31,
      "signatures": [
        {
          "contractName": "EDOGE",
          "methodName": "distributeAirdrop",
          "argTypes": [ "address[]", "uint256" ]
        },
        {
          "contractName": "EDOGE",
          "methodName": "transfer",
          "argTypes": [ "address", "uint256", "dbytes", "string" ]
        },
        {
          "contractName": "EDOGE",
          "methodName": "transferToAddress",
          "argTypes": [ "address", "uint256", "dbytes" ]
        },
        {
          "contractName": "EDOGE",
          "methodName": "transferToContract",
          "argTypes": [ "address", "uint256", "dbytes" ]
        }
      ],
      "exp": "(x + y)",
      "status": "proven"
    },
    {
      "no": "3",
      "kind": "IO",
      "line": 38,
      "signatures": [
        {
          "contractName": "EDOGE",
          "methodName": "distributeAirdrop",
          "argTypes": [ "address[]", "uint256" ]
        },
        {
          "contractName": "EDOGE",
          "methodName": "transfer",
          "argTypes": [ "address", "uint256", "dbytes", "string" ]
        },
        {
          "contractName": "EDOGE",
          "methodName": "transferToAddress",
          "argTypes": [ "address", "uint256", "dbytes" ]
        },
        {
          "contractName": "EDOGE",
          "methodName": "transferToContract",
          "argTypes": [ "address", "uint256", "dbytes" ]
        }
      ],
      "exp": "(x - y)",
      "status": "proven"
    },
    {
      "no": "4",
      "kind": "IO",
      "line": 48,
      "signatures": [
        {
          "contractName": "EDOGE",
          "methodName": "distributeAirdrop",
          "argTypes": [ "address[]", "uint256" ]
        }
      ],
      "exp": "(x * y)",
      "status": "unproven"
    },
    {
      "no": "5",
      "kind": "IO",
      "line": 70,
      "signatures": [
        {
          "contractName": "ContractReceiver",
          "methodName": "tokenFallback",
          "argTypes": [ "address", "uint256", "dbytes" ]
        }
      ],
      "exp": "(((uint32(_data[3]) + (uint32(_data[2]) << 8)) + (uint32(_data[1]) << 16)) + (uint32(_data[0]) << 24))",
      "status": "unproven"
    },
    {
      "no": "6",
      "kind": "IO",
      "line": 70,
      "signatures": [
        {
          "contractName": "ContractReceiver",
          "methodName": "tokenFallback",
          "argTypes": [ "address", "uint256", "dbytes" ]
        }
      ],
      "exp": "((uint32(_data[3]) + (uint32(_data[2]) << 8)) + (uint32(_data[1]) << 16))",
      "status": "unproven"
    },
    {
      "no": "7",
      "kind": "IO",
      "line": 70,
      "signatures": [
        {
          "contractName": "ContractReceiver",
          "methodName": "tokenFallback",
          "argTypes": [ "address", "uint256", "dbytes" ]
        }
      ],
      "exp": "(uint32(_data[3]) + (uint32(_data[2]) << 8))",
      "status": "proven"
    },
    {
      "no": "8",
      "kind": "IO",
      "line": 91,
      "signatures": [
        { "contractName": "EDOGE", "methodName": "EDOGE", "argTypes": [] }
      ],
      "exp": "(10 ** 8)",
      "status": "proven"
    },
    {
      "no": "9",
      "kind": "IO",
      "line": 91,
      "signatures": [
        { "contractName": "EDOGE", "methodName": "EDOGE", "argTypes": [] }
      ],
      "exp": "(100000000000 * (10 ** 8))",
      "status": "proven"
    },
    {
      "no": "10",
      "kind": "IO",
      "line": 133,
      "signatures": [
        {
          "contractName": "EDOGE",
          "methodName": "distributeAirdrop",
          "argTypes": [ "address[]", "uint256" ]
        }
      ],
      "exp": "(i + 1)",
      "status": "proven"
    },
    {
      "no": "11",
      "kind": "DZ",
      "line": 45,
      "signatures": [
        {
          "contractName": "EDOGE",
          "methodName": "distributeAirdrop",
          "argTypes": [ "address[]", "uint256" ]
        }
      ],
      "exp": "(MAX_UINT256 / y)",
      "status": "proven"
    }
  ]
}