{
  "fileName": "Benchmarks/Study_SamplesSet/ffeac25177f5c45eaac5cc835aff448e.sol",
  "baseName": "ffeac25177f5c45eaac5cc835aff448e.sol",
  "iter": 3,
  "time": "0.089496",
  "errMsg": null,
  "result": [
    {
      "no": "1",
      "kind": "ETH_LEAK",
      "line": 13,
      "signatures": [
        {
          "contractName": "pg_quiz",
          "methodName": "Try",
          "argTypes": [ "string" ]
        }
      ],
      "exp": "msg.sender.transfer(this.balance);",
      "status": "unproven"
    },
    {
      "no": "2",
      "kind": "ETH_LEAK",
      "line": 43,
      "signatures": [
        {
          "contractName": "pg_quiz",
          "methodName": "StopGame",
          "argTypes": []
        }
      ],
      "exp": "msg.sender.transfer(this.balance);",
      "status": "unproven"
    }
  ]
}