[{"line":1,"column":1,"severity":"Error","message":"Compiler version ^0.4.4 does not satisfy the ^0.8.0 semver requirement","ruleId":"compiler-version","fix":null,"filePath":"Benchmarks/Study_SamplesSet/00805ffc6f3b3ead5a87d50efd5ac2be.sol"},{"line":6,"column":5,"severity":"Warning","message":"Constant name must be in capitalized SNAKE_CASE","ruleId":"const-name-snakecase","fix":null,"filePath":"Benchmarks/Study_SamplesSet/00805ffc6f3b3ead5a87d50efd5ac2be.sol"},{"line":7,"column":5,"severity":"Warning","message":"Constant name must be in capitalized SNAKE_CASE","ruleId":"const-name-snakecase","fix":null,"filePath":"Benchmarks/Study_SamplesSet/00805ffc6f3b3ead5a87d50efd5ac2be.sol"},{"line":8,"column":5,"severity":"Warning","message":"Constant name must be in capitalized SNAKE_CASE","ruleId":"const-name-snakecase","fix":null,"filePath":"Benchmarks/Study_SamplesSet/00805ffc6f3b3ead5a87d50efd5ac2be.sol"},{"line":10,"column":5,"severity":"Warning","message":"Constant name must be in capitalized SNAKE_CASE","ruleId":"const-name-snakecase","fix":null,"filePath":"Benchmarks/Study_SamplesSet/00805ffc6f3b3ead5a87d50efd5ac2be.sol"},{"line":13,"column":5,"severity":"Error","message":"Explicitly mark visibility of state","ruleId":"state-visibility","fix":null,"filePath":"Benchmarks/Study_SamplesSet/00805ffc6f3b3ead5a87d50efd5ac2be.sol"},{"line":15,"column":5,"severity":"Error","message":"Explicitly mark visibility of state","ruleId":"state-visibility","fix":null,"filePath":"Benchmarks/Study_SamplesSet/00805ffc6f3b3ead5a87d50efd5ac2be.sol"},{"line":19,"column":5,"severity":"Error","message":"Explicitly mark visibility of state","ruleId":"state-visibility","fix":null,"filePath":"Benchmarks/Study_SamplesSet/00805ffc6f3b3ead5a87d50efd5ac2be.sol"},{"line":24,"column":5,"severity":"Error","message":"Explicitly mark visibility in function (Set ignoreConstructors to true if using solidity >=0.7.0)","ruleId":"func-visibility","fix":null,"filePath":"Benchmarks/Study_SamplesSet/00805ffc6f3b3ead5a87d50efd5ac2be.sol"},{"line":31,"column":5,"severity":"Error","message":"Explicitly mark visibility in function","ruleId":"func-visibility","fix":null,"filePath":"Benchmarks/Study_SamplesSet/00805ffc6f3b3ead5a87d50efd5ac2be.sol"},{"line":37,"column":13,"severity":"Error","message":"Explicitly mark all external contracts as trusted or untrusted","ruleId":"mark-callable-contracts","filePath":"Benchmarks/Study_SamplesSet/00805ffc6f3b3ead5a87d50efd5ac2be.sol"},{"line":45,"column":5,"severity":"Error","message":"Explicitly mark visibility in function","ruleId":"func-visibility","fix":null,"filePath":"Benchmarks/Study_SamplesSet/00805ffc6f3b3ead5a87d50efd5ac2be.sol"},{"line":46,"column":34,"severity":"Error","message":"\"throw\" is deprecated, avoid to use it","ruleId":"avoid-throw","filePath":"Benchmarks/Study_SamplesSet/00805ffc6f3b3ead5a87d50efd5ac2be.sol"},{"line":54,"column":13,"severity":"Error","message":"Explicitly mark all external contracts as trusted or untrusted","ruleId":"mark-callable-contracts","filePath":"Benchmarks/Study_SamplesSet/00805ffc6f3b3ead5a87d50efd5ac2be.sol"},{"line":71,"column":29,"severity":"Warning","message":"Visibility modifier must be first in list of modifiers","ruleId":"visibility-modifier-order","fix":null,"filePath":"Benchmarks/Study_SamplesSet/00805ffc6f3b3ead5a87d50efd5ac2be.sol"},{"line":73,"column":29,"severity":"Error","message":"\"throw\" is deprecated, avoid to use it","ruleId":"avoid-throw","filePath":"Benchmarks/Study_SamplesSet/00805ffc6f3b3ead5a87d50efd5ac2be.sol"},{"line":83,"column":9,"severity":"Error","message":"Explicitly mark all external contracts as trusted or untrusted","ruleId":"mark-callable-contracts","filePath":"Benchmarks/Study_SamplesSet/00805ffc6f3b3ead5a87d50efd5ac2be.sol"},{"line":89,"column":30,"severity":"Error","message":"\"throw\" is deprecated, avoid to use it","ruleId":"avoid-throw","filePath":"Benchmarks/Study_SamplesSet/00805ffc6f3b3ead5a87d50efd5ac2be.sol"},{"line":94,"column":9,"severity":"Error","message":"Explicitly mark all external contracts as trusted or untrusted","ruleId":"mark-callable-contracts","filePath":"Benchmarks/Study_SamplesSet/00805ffc6f3b3ead5a87d50efd5ac2be.sol"},{"line":96,"column":41,"severity":"Error","message":"\"throw\" is deprecated, avoid to use it","ruleId":"avoid-throw","filePath":"Benchmarks/Study_SamplesSet/00805ffc6f3b3ead5a87d50efd5ac2be.sol"},{"line":99,"column":5,"severity":"Error","message":"Explicitly mark visibility in function","ruleId":"func-visibility","fix":null,"filePath":"Benchmarks/Study_SamplesSet/00805ffc6f3b3ead5a87d50efd5ac2be.sol"},{"line":100,"column":33,"severity":"Error","message":"\"throw\" is deprecated, avoid to use it","ruleId":"avoid-throw","filePath":"Benchmarks/Study_SamplesSet/00805ffc6f3b3ead5a87d50efd5ac2be.sol"},{"conclusion":"22 problem/s (17 error/s, 5 warning/s)"}]
