[{"line":1,"column":1,"severity":"Warning","message":"Found more than One contract per file. 5 contracts found!","ruleId":"one-contract-per-file","fix":null,"filePath":"Benchmarks/Study_SamplesSet/03aa8321f3609a299aa0cde2ee8a8e3b.sol"},{"line":1,"column":1,"severity":"Error","message":"Compiler version ^0.4.24 does not satisfy the ^0.8.0 semver requirement","ruleId":"compiler-version","fix":null,"filePath":"Benchmarks/Study_SamplesSet/03aa8321f3609a299aa0cde2ee8a8e3b.sol"},{"line":50,"column":49,"severity":"Warning","message":"Visibility modifier must be first in list of modifiers","ruleId":"visibility-modifier-order","fix":null,"filePath":"Benchmarks/Study_SamplesSet/03aa8321f3609a299aa0cde2ee8a8e3b.sol"},{"line":71,"column":5,"severity":"Error","message":"Explicitly mark visibility of state","ruleId":"state-visibility","fix":null,"filePath":"Benchmarks/Study_SamplesSet/03aa8321f3609a299aa0cde2ee8a8e3b.sol"},{"line":73,"column":5,"severity":"Error","message":"Explicitly mark visibility of state","ruleId":"state-visibility","fix":null,"filePath":"Benchmarks/Study_SamplesSet/03aa8321f3609a299aa0cde2ee8a8e3b.sol"},{"line":74,"column":5,"severity":"Error","message":"Explicitly mark visibility of state","ruleId":"state-visibility","fix":null,"filePath":"Benchmarks/Study_SamplesSet/03aa8321f3609a299aa0cde2ee8a8e3b.sol"},{"line":75,"column":5,"severity":"Warning","message":"Variable name must be in mixedCase","ruleId":"var-name-mixedcase","fix":null,"filePath":"Benchmarks/Study_SamplesSet/03aa8321f3609a299aa0cde2ee8a8e3b.sol"},{"line":77,"column":5,"severity":"Warning","message":"Constant name must be in capitalized SNAKE_CASE","ruleId":"const-name-snakecase","fix":null,"filePath":"Benchmarks/Study_SamplesSet/03aa8321f3609a299aa0cde2ee8a8e3b.sol"},{"line":78,"column":5,"severity":"Warning","message":"Constant name must be in capitalized SNAKE_CASE","ruleId":"const-name-snakecase","fix":null,"filePath":"Benchmarks/Study_SamplesSet/03aa8321f3609a299aa0cde2ee8a8e3b.sol"},{"line":79,"column":5,"severity":"Warning","message":"Rule is set with explicit type [var/s: uint]","ruleId":"explicit-types","filePath":"Benchmarks/Study_SamplesSet/03aa8321f3609a299aa0cde2ee8a8e3b.sol"},{"line":79,"column":5,"severity":"Warning","message":"Constant name must be in capitalized SNAKE_CASE","ruleId":"const-name-snakecase","fix":null,"filePath":"Benchmarks/Study_SamplesSet/03aa8321f3609a299aa0cde2ee8a8e3b.sol"},{"line":80,"column":5,"severity":"Warning","message":"Rule is set with explicit type [var/s: uint]","ruleId":"explicit-types","filePath":"Benchmarks/Study_SamplesSet/03aa8321f3609a299aa0cde2ee8a8e3b.sol"},{"line":80,"column":28,"severity":"Error","message":"Avoid making time-based decisions in your business logic","ruleId":"not-rely-on-time","fix":null,"filePath":"Benchmarks/Study_SamplesSet/03aa8321f3609a299aa0cde2ee8a8e3b.sol"},{"line":80,"column":28,"severity":"Error","message":"Avoid making time-based decisions in your business logic","ruleId":"not-rely-on-time","fix":null,"filePath":"Benchmarks/Study_SamplesSet/03aa8321f3609a299aa0cde2ee8a8e3b.sol"},{"line":81,"column":5,"severity":"Warning","message":"Rule is set with explicit type [var/s: uint]","ruleId":"explicit-types","filePath":"Benchmarks/Study_SamplesSet/03aa8321f3609a299aa0cde2ee8a8e3b.sol"},{"line":81,"column":26,"severity":"Error","message":"Avoid making time-based decisions in your business logic","ruleId":"not-rely-on-time","fix":null,"filePath":"Benchmarks/Study_SamplesSet/03aa8321f3609a299aa0cde2ee8a8e3b.sol"},{"line":81,"column":26,"severity":"Error","message":"Avoid making time-based decisions in your business logic","ruleId":"not-rely-on-time","fix":null,"filePath":"Benchmarks/Study_SamplesSet/03aa8321f3609a299aa0cde2ee8a8e3b.sol"},{"line":82,"column":5,"severity":"Warning","message":"Rule is set with explicit type [var/s: uint]","ruleId":"explicit-types","filePath":"Benchmarks/Study_SamplesSet/03aa8321f3609a299aa0cde2ee8a8e3b.sol"},{"line":82,"column":26,"severity":"Error","message":"Avoid making time-based decisions in your business logic","ruleId":"not-rely-on-time","fix":null,"filePath":"Benchmarks/Study_SamplesSet/03aa8321f3609a299aa0cde2ee8a8e3b.sol"},{"line":82,"column":26,"severity":"Error","message":"Avoid making time-based decisions in your business logic","ruleId":"not-rely-on-time","fix":null,"filePath":"Benchmarks/Study_SamplesSet/03aa8321f3609a299aa0cde2ee8a8e3b.sol"},{"line":86,"column":5,"severity":"Warning","message":"Constant name must be in capitalized SNAKE_CASE","ruleId":"const-name-snakecase","fix":null,"filePath":"Benchmarks/Study_SamplesSet/03aa8321f3609a299aa0cde2ee8a8e3b.sol"},{"line":89,"column":5,"severity":"Warning","message":"Rule is set with explicit type [var/s: uint]","ruleId":"explicit-types","filePath":"Benchmarks/Study_SamplesSet/03aa8321f3609a299aa0cde2ee8a8e3b.sol"},{"line":90,"column":5,"severity":"Warning","message":"Rule is set with explicit type [var/s: uint]","ruleId":"explicit-types","filePath":"Benchmarks/Study_SamplesSet/03aa8321f3609a299aa0cde2ee8a8e3b.sol"},{"line":99,"column":43,"severity":"Warning","message":"Rule is set with explicit type [var/s: uint]","ruleId":"explicit-types","filePath":"Benchmarks/Study_SamplesSet/03aa8321f3609a299aa0cde2ee8a8e3b.sol"},{"line":99,"column":57,"severity":"Warning","message":"Rule is set with explicit type [var/s: uint]","ruleId":"explicit-types","filePath":"Benchmarks/Study_SamplesSet/03aa8321f3609a299aa0cde2ee8a8e3b.sol"},{"line":101,"column":31,"severity":"Warning","message":"Rule is set with explicit type [var/s: uint]","ruleId":"explicit-types","filePath":"Benchmarks/Study_SamplesSet/03aa8321f3609a299aa0cde2ee8a8e3b.sol"},{"line":110,"column":9,"severity":"Warning","message":"Provide an error message for require","ruleId":"reason-string","fix":null,"filePath":"Benchmarks/Study_SamplesSet/03aa8321f3609a299aa0cde2ee8a8e3b.sol"},{"line":110,"column":9,"severity":"Warning","message":"Use Custom Errors instead of require statements","ruleId":"custom-errors","fix":null,"filePath":"Benchmarks/Study_SamplesSet/03aa8321f3609a299aa0cde2ee8a8e3b.sol"},{"line":115,"column":9,"severity":"Warning","message":"Provide an error message for require","ruleId":"reason-string","fix":null,"filePath":"Benchmarks/Study_SamplesSet/03aa8321f3609a299aa0cde2ee8a8e3b.sol"},{"line":115,"column":9,"severity":"Warning","message":"Use Custom Errors instead of require statements","ruleId":"custom-errors","fix":null,"filePath":"Benchmarks/Study_SamplesSet/03aa8321f3609a299aa0cde2ee8a8e3b.sol"},{"line":125,"column":60,"severity":"Warning","message":"Visibility modifier must be first in list of modifiers","ruleId":"visibility-modifier-order","fix":null,"filePath":"Benchmarks/Study_SamplesSet/03aa8321f3609a299aa0cde2ee8a8e3b.sol"},{"line":131,"column":54,"severity":"Warning","message":"Visibility modifier must be first in list of modifiers","ruleId":"visibility-modifier-order","fix":null,"filePath":"Benchmarks/Study_SamplesSet/03aa8321f3609a299aa0cde2ee8a8e3b.sol"},{"line":137,"column":59,"severity":"Warning","message":"Visibility modifier must be first in list of modifiers","ruleId":"visibility-modifier-order","fix":null,"filePath":"Benchmarks/Study_SamplesSet/03aa8321f3609a299aa0cde2ee8a8e3b.sol"},{"line":146,"column":5,"severity":"Warning","message":"Function name must be in mixedCase","ruleId":"func-name-mixedcase","fix":null,"filePath":"Benchmarks/Study_SamplesSet/03aa8321f3609a299aa0cde2ee8a8e3b.sol"},{"line":146,"column":71,"severity":"Warning","message":"Visibility modifier must be first in list of modifiers","ruleId":"visibility-modifier-order","fix":null,"filePath":"Benchmarks/Study_SamplesSet/03aa8321f3609a299aa0cde2ee8a8e3b.sol"},{"line":146,"column":47,"severity":"Warning","message":"Rule is set with explicit type [var/s: uint]","ruleId":"explicit-types","filePath":"Benchmarks/Study_SamplesSet/03aa8321f3609a299aa0cde2ee8a8e3b.sol"},{"line":148,"column":9,"severity":"Warning","message":"Provide an error message for require","ruleId":"reason-string","fix":null,"filePath":"Benchmarks/Study_SamplesSet/03aa8321f3609a299aa0cde2ee8a8e3b.sol"},{"line":148,"column":9,"severity":"Warning","message":"Use Custom Errors instead of require statements","ruleId":"custom-errors","fix":null,"filePath":"Benchmarks/Study_SamplesSet/03aa8321f3609a299aa0cde2ee8a8e3b.sol"},{"line":149,"column":9,"severity":"Warning","message":"Provide an error message for require","ruleId":"reason-string","fix":null,"filePath":"Benchmarks/Study_SamplesSet/03aa8321f3609a299aa0cde2ee8a8e3b.sol"},{"line":149,"column":9,"severity":"Warning","message":"Use Custom Errors instead of require statements","ruleId":"custom-errors","fix":null,"filePath":"Benchmarks/Study_SamplesSet/03aa8321f3609a299aa0cde2ee8a8e3b.sol"},{"line":162,"column":5,"severity":"Warning","message":"Function name must be in mixedCase","ruleId":"func-name-mixedcase","fix":null,"filePath":"Benchmarks/Study_SamplesSet/03aa8321f3609a299aa0cde2ee8a8e3b.sol"},{"line":162,"column":78,"severity":"Warning","message":"Visibility modifier must be first in list of modifiers","ruleId":"visibility-modifier-order","fix":null,"filePath":"Benchmarks/Study_SamplesSet/03aa8321f3609a299aa0cde2ee8a8e3b.sol"},{"line":162,"column":54,"severity":"Warning","message":"Rule is set with explicit type [var/s: uint]","ruleId":"explicit-types","filePath":"Benchmarks/Study_SamplesSet/03aa8321f3609a299aa0cde2ee8a8e3b.sol"},{"line":163,"column":9,"severity":"Error","message":"Explicitly mark all external contracts as trusted or untrusted","ruleId":"mark-callable-contracts","filePath":"Benchmarks/Study_SamplesSet/03aa8321f3609a299aa0cde2ee8a8e3b.sol"},{"line":166,"column":5,"severity":"Warning","message":"Function name must be in mixedCase","ruleId":"func-name-mixedcase","fix":null,"filePath":"Benchmarks/Study_SamplesSet/03aa8321f3609a299aa0cde2ee8a8e3b.sol"},{"line":166,"column":86,"severity":"Warning","message":"Visibility modifier must be first in list of modifiers","ruleId":"visibility-modifier-order","fix":null,"filePath":"Benchmarks/Study_SamplesSet/03aa8321f3609a299aa0cde2ee8a8e3b.sol"},{"line":166,"column":62,"severity":"Warning","message":"Rule is set with explicit type [var/s: uint]","ruleId":"explicit-types","filePath":"Benchmarks/Study_SamplesSet/03aa8321f3609a299aa0cde2ee8a8e3b.sol"},{"line":167,"column":14,"severity":"Warning","message":"Rule is set with explicit type [var/s: uint]","ruleId":"explicit-types","filePath":"Benchmarks/Study_SamplesSet/03aa8321f3609a299aa0cde2ee8a8e3b.sol"},{"line":167,"column":54,"severity":"Error","message":"Explicitly mark all external contracts as trusted or untrusted","ruleId":"mark-callable-contracts","filePath":"Benchmarks/Study_SamplesSet/03aa8321f3609a299aa0cde2ee8a8e3b.sol"},{"line":170,"column":33,"severity":"Warning","message":"Rule is set with explicit type [var/s: uint]","ruleId":"explicit-types","filePath":"Benchmarks/Study_SamplesSet/03aa8321f3609a299aa0cde2ee8a8e3b.sol"},{"line":179,"column":44,"severity":"Warning","message":"Visibility modifier must be first in list of modifiers","ruleId":"visibility-modifier-order","fix":null,"filePath":"Benchmarks/Study_SamplesSet/03aa8321f3609a299aa0cde2ee8a8e3b.sol"},{"line":190,"column":44,"severity":"Error","message":"Avoid making time-based decisions in your business logic","ruleId":"not-rely-on-time","fix":null,"filePath":"Benchmarks/Study_SamplesSet/03aa8321f3609a299aa0cde2ee8a8e3b.sol"},{"line":190,"column":62,"severity":"Error","message":"Avoid making time-based decisions in your business logic","ruleId":"not-rely-on-time","fix":null,"filePath":"Benchmarks/Study_SamplesSet/03aa8321f3609a299aa0cde2ee8a8e3b.sol"},{"line":190,"column":78,"severity":"Error","message":"Avoid making time-based decisions in your business logic","ruleId":"not-rely-on-time","fix":null,"filePath":"Benchmarks/Study_SamplesSet/03aa8321f3609a299aa0cde2ee8a8e3b.sol"},{"line":198,"column":49,"severity":"Error","message":"Avoid making time-based decisions in your business logic","ruleId":"not-rely-on-time","fix":null,"filePath":"Benchmarks/Study_SamplesSet/03aa8321f3609a299aa0cde2ee8a8e3b.sol"},{"line":198,"column":67,"severity":"Error","message":"Avoid making time-based decisions in your business logic","ruleId":"not-rely-on-time","fix":null,"filePath":"Benchmarks/Study_SamplesSet/03aa8321f3609a299aa0cde2ee8a8e3b.sol"},{"line":198,"column":83,"severity":"Error","message":"Avoid making time-based decisions in your business logic","ruleId":"not-rely-on-time","fix":null,"filePath":"Benchmarks/Study_SamplesSet/03aa8321f3609a299aa0cde2ee8a8e3b.sol"},{"line":214,"column":17,"severity":"Error","message":"Explicitly mark all external contracts as trusted or untrusted","ruleId":"mark-callable-contracts","filePath":"Benchmarks/Study_SamplesSet/03aa8321f3609a299aa0cde2ee8a8e3b.sol"},{"line":217,"column":17,"severity":"Warning","message":"Provide an error message for require","ruleId":"reason-string","fix":null,"filePath":"Benchmarks/Study_SamplesSet/03aa8321f3609a299aa0cde2ee8a8e3b.sol"},{"line":217,"column":17,"severity":"Warning","message":"Use Custom Errors instead of require statements","ruleId":"custom-errors","fix":null,"filePath":"Benchmarks/Study_SamplesSet/03aa8321f3609a299aa0cde2ee8a8e3b.sol"},{"line":220,"column":17,"severity":"Error","message":"Avoid making time-based decisions in your business logic","ruleId":"not-rely-on-time","fix":null,"filePath":"Benchmarks/Study_SamplesSet/03aa8321f3609a299aa0cde2ee8a8e3b.sol"},{"line":220,"column":36,"severity":"Error","message":"Avoid making time-based decisions in your business logic","ruleId":"not-rely-on-time","fix":null,"filePath":"Benchmarks/Study_SamplesSet/03aa8321f3609a299aa0cde2ee8a8e3b.sol"},{"line":220,"column":53,"severity":"Error","message":"Avoid making time-based decisions in your business logic","ruleId":"not-rely-on-time","fix":null,"filePath":"Benchmarks/Study_SamplesSet/03aa8321f3609a299aa0cde2ee8a8e3b.sol"},{"line":230,"column":13,"severity":"Warning","message":"Provide an error message for require","ruleId":"reason-string","fix":null,"filePath":"Benchmarks/Study_SamplesSet/03aa8321f3609a299aa0cde2ee8a8e3b.sol"},{"line":230,"column":13,"severity":"Warning","message":"Use Custom Errors instead of require statements","ruleId":"custom-errors","fix":null,"filePath":"Benchmarks/Study_SamplesSet/03aa8321f3609a299aa0cde2ee8a8e3b.sol"},{"line":238,"column":49,"severity":"Warning","message":"Visibility modifier must be first in list of modifiers","ruleId":"visibility-modifier-order","fix":null,"filePath":"Benchmarks/Study_SamplesSet/03aa8321f3609a299aa0cde2ee8a8e3b.sol"},{"line":242,"column":30,"severity":"Warning","message":"Rule is set with explicit type [var/s: uint]","ruleId":"explicit-types","filePath":"Benchmarks/Study_SamplesSet/03aa8321f3609a299aa0cde2ee8a8e3b.sol"},{"line":247,"column":77,"severity":"Warning","message":"Visibility modifier must be first in list of modifiers","ruleId":"visibility-modifier-order","fix":null,"filePath":"Benchmarks/Study_SamplesSet/03aa8321f3609a299aa0cde2ee8a8e3b.sol"},{"line":249,"column":9,"severity":"Warning","message":"Provide an error message for require","ruleId":"reason-string","fix":null,"filePath":"Benchmarks/Study_SamplesSet/03aa8321f3609a299aa0cde2ee8a8e3b.sol"},{"line":249,"column":9,"severity":"Warning","message":"Use Custom Errors instead of require statements","ruleId":"custom-errors","fix":null,"filePath":"Benchmarks/Study_SamplesSet/03aa8321f3609a299aa0cde2ee8a8e3b.sol"},{"line":250,"column":9,"severity":"Warning","message":"Provide an error message for require","ruleId":"reason-string","fix":null,"filePath":"Benchmarks/Study_SamplesSet/03aa8321f3609a299aa0cde2ee8a8e3b.sol"},{"line":250,"column":9,"severity":"Warning","message":"Use Custom Errors instead of require statements","ruleId":"custom-errors","fix":null,"filePath":"Benchmarks/Study_SamplesSet/03aa8321f3609a299aa0cde2ee8a8e3b.sol"},{"line":258,"column":96,"severity":"Warning","message":"Visibility modifier must be first in list of modifiers","ruleId":"visibility-modifier-order","fix":null,"filePath":"Benchmarks/Study_SamplesSet/03aa8321f3609a299aa0cde2ee8a8e3b.sol"},{"line":260,"column":9,"severity":"Warning","message":"Provide an error message for require","ruleId":"reason-string","fix":null,"filePath":"Benchmarks/Study_SamplesSet/03aa8321f3609a299aa0cde2ee8a8e3b.sol"},{"line":260,"column":9,"severity":"Warning","message":"Use Custom Errors instead of require statements","ruleId":"custom-errors","fix":null,"filePath":"Benchmarks/Study_SamplesSet/03aa8321f3609a299aa0cde2ee8a8e3b.sol"},{"line":261,"column":9,"severity":"Warning","message":"Provide an error message for require","ruleId":"reason-string","fix":null,"filePath":"Benchmarks/Study_SamplesSet/03aa8321f3609a299aa0cde2ee8a8e3b.sol"},{"line":261,"column":9,"severity":"Warning","message":"Use Custom Errors instead of require statements","ruleId":"custom-errors","fix":null,"filePath":"Benchmarks/Study_SamplesSet/03aa8321f3609a299aa0cde2ee8a8e3b.sol"},{"line":262,"column":9,"severity":"Warning","message":"Provide an error message for require","ruleId":"reason-string","fix":null,"filePath":"Benchmarks/Study_SamplesSet/03aa8321f3609a299aa0cde2ee8a8e3b.sol"},{"line":262,"column":9,"severity":"Warning","message":"Use Custom Errors instead of require statements","ruleId":"custom-errors","fix":null,"filePath":"Benchmarks/Study_SamplesSet/03aa8321f3609a299aa0cde2ee8a8e3b.sol"},{"line":278,"column":67,"severity":"Warning","message":"Visibility modifier must be first in list of modifiers","ruleId":"visibility-modifier-order","fix":null,"filePath":"Benchmarks/Study_SamplesSet/03aa8321f3609a299aa0cde2ee8a8e3b.sol"},{"line":282,"column":74,"severity":"Warning","message":"Visibility modifier must be first in list of modifiers","ruleId":"visibility-modifier-order","fix":null,"filePath":"Benchmarks/Study_SamplesSet/03aa8321f3609a299aa0cde2ee8a8e3b.sol"},{"line":282,"column":90,"severity":"Warning","message":"Rule is set with explicit type [var/s: uint]","ruleId":"explicit-types","filePath":"Benchmarks/Study_SamplesSet/03aa8321f3609a299aa0cde2ee8a8e3b.sol"},{"line":284,"column":9,"severity":"Warning","message":"Rule is set with explicit type [var/s: uint]","ruleId":"explicit-types","filePath":"Benchmarks/Study_SamplesSet/03aa8321f3609a299aa0cde2ee8a8e3b.sol"},{"line":288,"column":38,"severity":"Warning","message":"Visibility modifier must be first in list of modifiers","ruleId":"visibility-modifier-order","fix":null,"filePath":"Benchmarks/Study_SamplesSet/03aa8321f3609a299aa0cde2ee8a8e3b.sol"},{"line":294,"column":52,"severity":"Warning","message":"Visibility modifier must be first in list of modifiers","ruleId":"visibility-modifier-order","fix":null,"filePath":"Benchmarks/Study_SamplesSet/03aa8321f3609a299aa0cde2ee8a8e3b.sol"},{"line":299,"column":45,"severity":"Warning","message":"Visibility modifier must be first in list of modifiers","ruleId":"visibility-modifier-order","fix":null,"filePath":"Benchmarks/Study_SamplesSet/03aa8321f3609a299aa0cde2ee8a8e3b.sol"},{"line":300,"column":9,"severity":"Warning","message":"Provide an error message for require","ruleId":"reason-string","fix":null,"filePath":"Benchmarks/Study_SamplesSet/03aa8321f3609a299aa0cde2ee8a8e3b.sol"},{"line":300,"column":9,"severity":"Warning","message":"Use Custom Errors instead of require statements","ruleId":"custom-errors","fix":null,"filePath":"Benchmarks/Study_SamplesSet/03aa8321f3609a299aa0cde2ee8a8e3b.sol"},{"line":308,"column":44,"severity":"Warning","message":"Visibility modifier must be first in list of modifiers","ruleId":"visibility-modifier-order","fix":null,"filePath":"Benchmarks/Study_SamplesSet/03aa8321f3609a299aa0cde2ee8a8e3b.sol"},{"line":315,"column":70,"severity":"Warning","message":"Visibility modifier must be first in list of modifiers","ruleId":"visibility-modifier-order","fix":null,"filePath":"Benchmarks/Study_SamplesSet/03aa8321f3609a299aa0cde2ee8a8e3b.sol"},{"conclusion":"90 problem/s (22 error/s, 68 warning/s)"}]
