[{"line":1,"column":1,"severity":"Warning","message":"Found more than One contract per file. 6 contracts found!","ruleId":"one-contract-per-file","fix":null,"filePath":"Benchmarks/Study_SamplesSet/05fecfbf66b19b64ef7b468b71052fd5.sol"},{"line":1,"column":1,"severity":"Error","message":"Compiler version 0.4.25 does not satisfy the ^0.8.0 semver requirement","ruleId":"compiler-version","fix":null,"filePath":"Benchmarks/Study_SamplesSet/05fecfbf66b19b64ef7b468b71052fd5.sol"},{"line":9,"column":5,"severity":"Error","message":"Explicitly mark visibility of state","ruleId":"state-visibility","fix":null,"filePath":"Benchmarks/Study_SamplesSet/05fecfbf66b19b64ef7b468b71052fd5.sol"},{"line":10,"column":5,"severity":"Warning","message":"Constant name must be in capitalized SNAKE_CASE","ruleId":"const-name-snakecase","fix":null,"filePath":"Benchmarks/Study_SamplesSet/05fecfbf66b19b64ef7b468b71052fd5.sol"},{"line":11,"column":5,"severity":"Warning","message":"Constant name must be in capitalized SNAKE_CASE","ruleId":"const-name-snakecase","fix":null,"filePath":"Benchmarks/Study_SamplesSet/05fecfbf66b19b64ef7b468b71052fd5.sol"},{"line":17,"column":9,"severity":"Warning","message":"Provide an error message for require","ruleId":"reason-string","fix":null,"filePath":"Benchmarks/Study_SamplesSet/05fecfbf66b19b64ef7b468b71052fd5.sol"},{"line":17,"column":9,"severity":"Warning","message":"Use Custom Errors instead of require statements","ruleId":"custom-errors","fix":null,"filePath":"Benchmarks/Study_SamplesSet/05fecfbf66b19b64ef7b468b71052fd5.sol"},{"line":23,"column":5,"severity":"Error","message":"Explicitly mark visibility of state","ruleId":"state-visibility","fix":null,"filePath":"Benchmarks/Study_SamplesSet/05fecfbf66b19b64ef7b468b71052fd5.sol"},{"line":24,"column":5,"severity":"Warning","message":"Constant name must be in capitalized SNAKE_CASE","ruleId":"const-name-snakecase","fix":null,"filePath":"Benchmarks/Study_SamplesSet/05fecfbf66b19b64ef7b468b71052fd5.sol"},{"line":25,"column":5,"severity":"Warning","message":"Constant name must be in capitalized SNAKE_CASE","ruleId":"const-name-snakecase","fix":null,"filePath":"Benchmarks/Study_SamplesSet/05fecfbf66b19b64ef7b468b71052fd5.sol"},{"line":31,"column":9,"severity":"Warning","message":"Provide an error message for require","ruleId":"reason-string","fix":null,"filePath":"Benchmarks/Study_SamplesSet/05fecfbf66b19b64ef7b468b71052fd5.sol"},{"line":31,"column":9,"severity":"Warning","message":"Use Custom Errors instead of require statements","ruleId":"custom-errors","fix":null,"filePath":"Benchmarks/Study_SamplesSet/05fecfbf66b19b64ef7b468b71052fd5.sol"},{"line":44,"column":9,"severity":"Warning","message":"Provide an error message for require","ruleId":"reason-string","fix":null,"filePath":"Benchmarks/Study_SamplesSet/05fecfbf66b19b64ef7b468b71052fd5.sol"},{"line":44,"column":9,"severity":"Warning","message":"Use Custom Errors instead of require statements","ruleId":"custom-errors","fix":null,"filePath":"Benchmarks/Study_SamplesSet/05fecfbf66b19b64ef7b468b71052fd5.sol"},{"line":52,"column":9,"severity":"Warning","message":"Provide an error message for require","ruleId":"reason-string","fix":null,"filePath":"Benchmarks/Study_SamplesSet/05fecfbf66b19b64ef7b468b71052fd5.sol"},{"line":52,"column":9,"severity":"Warning","message":"Use Custom Errors instead of require statements","ruleId":"custom-errors","fix":null,"filePath":"Benchmarks/Study_SamplesSet/05fecfbf66b19b64ef7b468b71052fd5.sol"},{"line":59,"column":5,"severity":"Error","message":"Explicitly mark visibility of state","ruleId":"state-visibility","fix":null,"filePath":"Benchmarks/Study_SamplesSet/05fecfbf66b19b64ef7b468b71052fd5.sol"},{"line":71,"column":9,"severity":"Warning","message":"Provide an error message for require","ruleId":"reason-string","fix":null,"filePath":"Benchmarks/Study_SamplesSet/05fecfbf66b19b64ef7b468b71052fd5.sol"},{"line":71,"column":9,"severity":"Warning","message":"Use Custom Errors instead of require statements","ruleId":"custom-errors","fix":null,"filePath":"Benchmarks/Study_SamplesSet/05fecfbf66b19b64ef7b468b71052fd5.sol"},{"line":134,"column":9,"severity":"Warning","message":"Provide an error message for require","ruleId":"reason-string","fix":null,"filePath":"Benchmarks/Study_SamplesSet/05fecfbf66b19b64ef7b468b71052fd5.sol"},{"line":134,"column":9,"severity":"Warning","message":"Use Custom Errors instead of require statements","ruleId":"custom-errors","fix":null,"filePath":"Benchmarks/Study_SamplesSet/05fecfbf66b19b64ef7b468b71052fd5.sol"},{"line":139,"column":17,"severity":"Error","message":"Explicitly mark all external contracts as trusted or untrusted","ruleId":"mark-callable-contracts","filePath":"Benchmarks/Study_SamplesSet/05fecfbf66b19b64ef7b468b71052fd5.sol"},{"line":155,"column":17,"severity":"Error","message":"Avoid to use tx.origin","ruleId":"avoid-tx-origin","fix":null,"filePath":"Benchmarks/Study_SamplesSet/05fecfbf66b19b64ef7b468b71052fd5.sol"},{"line":156,"column":21,"severity":"Error","message":"Avoid to use tx.origin","ruleId":"avoid-tx-origin","fix":null,"filePath":"Benchmarks/Study_SamplesSet/05fecfbf66b19b64ef7b468b71052fd5.sol"},{"line":156,"column":67,"severity":"Error","message":"Avoid to use tx.origin","ruleId":"avoid-tx-origin","fix":null,"filePath":"Benchmarks/Study_SamplesSet/05fecfbf66b19b64ef7b468b71052fd5.sol"},{"line":156,"column":96,"severity":"Error","message":"Avoid to use tx.origin","ruleId":"avoid-tx-origin","fix":null,"filePath":"Benchmarks/Study_SamplesSet/05fecfbf66b19b64ef7b468b71052fd5.sol"},{"line":158,"column":32,"severity":"Error","message":"Avoid to use tx.origin","ruleId":"avoid-tx-origin","fix":null,"filePath":"Benchmarks/Study_SamplesSet/05fecfbf66b19b64ef7b468b71052fd5.sol"},{"line":159,"column":32,"severity":"Error","message":"Avoid to use tx.origin","ruleId":"avoid-tx-origin","fix":null,"filePath":"Benchmarks/Study_SamplesSet/05fecfbf66b19b64ef7b468b71052fd5.sol"},{"line":160,"column":40,"severity":"Error","message":"Avoid to use tx.origin","ruleId":"avoid-tx-origin","fix":null,"filePath":"Benchmarks/Study_SamplesSet/05fecfbf66b19b64ef7b468b71052fd5.sol"},{"line":161,"column":40,"severity":"Error","message":"Avoid to use tx.origin","ruleId":"avoid-tx-origin","fix":null,"filePath":"Benchmarks/Study_SamplesSet/05fecfbf66b19b64ef7b468b71052fd5.sol"},{"line":167,"column":21,"severity":"Error","message":"Avoid to use tx.origin","ruleId":"avoid-tx-origin","fix":null,"filePath":"Benchmarks/Study_SamplesSet/05fecfbf66b19b64ef7b468b71052fd5.sol"},{"line":167,"column":111,"severity":"Error","message":"Avoid to use tx.origin","ruleId":"avoid-tx-origin","fix":null,"filePath":"Benchmarks/Study_SamplesSet/05fecfbf66b19b64ef7b468b71052fd5.sol"},{"line":168,"column":21,"severity":"Error","message":"Avoid to use tx.origin","ruleId":"avoid-tx-origin","fix":null,"filePath":"Benchmarks/Study_SamplesSet/05fecfbf66b19b64ef7b468b71052fd5.sol"},{"line":169,"column":21,"severity":"Error","message":"Avoid to use tx.origin","ruleId":"avoid-tx-origin","fix":null,"filePath":"Benchmarks/Study_SamplesSet/05fecfbf66b19b64ef7b468b71052fd5.sol"},{"line":169,"column":53,"severity":"Error","message":"Avoid to use tx.origin","ruleId":"avoid-tx-origin","fix":null,"filePath":"Benchmarks/Study_SamplesSet/05fecfbf66b19b64ef7b468b71052fd5.sol"},{"line":171,"column":32,"severity":"Error","message":"Avoid to use tx.origin","ruleId":"avoid-tx-origin","fix":null,"filePath":"Benchmarks/Study_SamplesSet/05fecfbf66b19b64ef7b468b71052fd5.sol"},{"line":183,"column":28,"severity":"Warning","message":"Variable name must be in mixedCase","ruleId":"var-name-mixedcase","fix":null,"filePath":"Benchmarks/Study_SamplesSet/05fecfbf66b19b64ef7b468b71052fd5.sol"},{"line":185,"column":9,"severity":"Error","message":"Explicitly mark all external contracts as trusted or untrusted","ruleId":"mark-callable-contracts","filePath":"Benchmarks/Study_SamplesSet/05fecfbf66b19b64ef7b468b71052fd5.sol"},{"line":185,"column":16,"severity":"Error","message":"Explicitly mark all external contracts as trusted or untrusted","ruleId":"mark-callable-contracts","filePath":"Benchmarks/Study_SamplesSet/05fecfbf66b19b64ef7b468b71052fd5.sol"},{"line":200,"column":5,"severity":"Warning","message":"Variable name must be in mixedCase","ruleId":"var-name-mixedcase","fix":null,"filePath":"Benchmarks/Study_SamplesSet/05fecfbf66b19b64ef7b468b71052fd5.sol"},{"line":201,"column":5,"severity":"Warning","message":"Variable name must be in mixedCase","ruleId":"var-name-mixedcase","fix":null,"filePath":"Benchmarks/Study_SamplesSet/05fecfbf66b19b64ef7b468b71052fd5.sol"},{"line":202,"column":5,"severity":"Warning","message":"Variable name must be in mixedCase","ruleId":"var-name-mixedcase","fix":null,"filePath":"Benchmarks/Study_SamplesSet/05fecfbf66b19b64ef7b468b71052fd5.sol"},{"line":216,"column":5,"severity":"Error","message":"Explicitly mark visibility of state","ruleId":"state-visibility","fix":null,"filePath":"Benchmarks/Study_SamplesSet/05fecfbf66b19b64ef7b468b71052fd5.sol"},{"line":217,"column":5,"severity":"Error","message":"Explicitly mark visibility of state","ruleId":"state-visibility","fix":null,"filePath":"Benchmarks/Study_SamplesSet/05fecfbf66b19b64ef7b468b71052fd5.sol"},{"line":218,"column":5,"severity":"Error","message":"Explicitly mark visibility of state","ruleId":"state-visibility","fix":null,"filePath":"Benchmarks/Study_SamplesSet/05fecfbf66b19b64ef7b468b71052fd5.sol"},{"line":224,"column":5,"severity":"Warning","message":"Event name must be in CamelCase","ruleId":"event-name-camelcase","filePath":"Benchmarks/Study_SamplesSet/05fecfbf66b19b64ef7b468b71052fd5.sol"},{"line":230,"column":9,"severity":"Error","message":"Avoid to use inline assembly. It is acceptable only in rare cases","ruleId":"no-inline-assembly","fix":null,"filePath":"Benchmarks/Study_SamplesSet/05fecfbf66b19b64ef7b468b71052fd5.sol"},{"line":231,"column":9,"severity":"Warning","message":"Provide an error message for require","ruleId":"reason-string","fix":null,"filePath":"Benchmarks/Study_SamplesSet/05fecfbf66b19b64ef7b468b71052fd5.sol"},{"line":231,"column":9,"severity":"Warning","message":"Use Custom Errors instead of require statements","ruleId":"custom-errors","fix":null,"filePath":"Benchmarks/Study_SamplesSet/05fecfbf66b19b64ef7b468b71052fd5.sol"},{"line":235,"column":17,"severity":"Warning","message":"Variable name must be in mixedCase","ruleId":"var-name-mixedcase","fix":null,"filePath":"Benchmarks/Study_SamplesSet/05fecfbf66b19b64ef7b468b71052fd5.sol"},{"line":237,"column":9,"severity":"Error","message":"Explicitly mark all external contracts as trusted or untrusted","ruleId":"mark-callable-contracts","filePath":"Benchmarks/Study_SamplesSet/05fecfbf66b19b64ef7b468b71052fd5.sol"},{"line":238,"column":9,"severity":"Error","message":"Explicitly mark all external contracts as trusted or untrusted","ruleId":"mark-callable-contracts","filePath":"Benchmarks/Study_SamplesSet/05fecfbf66b19b64ef7b468b71052fd5.sol"},{"line":239,"column":9,"severity":"Error","message":"Explicitly mark all external contracts as trusted or untrusted","ruleId":"mark-callable-contracts","filePath":"Benchmarks/Study_SamplesSet/05fecfbf66b19b64ef7b468b71052fd5.sol"},{"line":239,"column":14,"severity":"Error","message":"Explicitly mark all external contracts as trusted or untrusted","ruleId":"mark-callable-contracts","filePath":"Benchmarks/Study_SamplesSet/05fecfbf66b19b64ef7b468b71052fd5.sol"},{"line":239,"column":25,"severity":"Error","message":"Explicitly mark all external contracts as trusted or untrusted","ruleId":"mark-callable-contracts","filePath":"Benchmarks/Study_SamplesSet/05fecfbf66b19b64ef7b468b71052fd5.sol"},{"line":243,"column":5,"severity":"Error","message":"Fallback function must be simple","ruleId":"no-complex-fallback","fix":null,"filePath":"Benchmarks/Study_SamplesSet/05fecfbf66b19b64ef7b468b71052fd5.sol"},{"line":246,"column":13,"severity":"Warning","message":"Provide an error message for revert","ruleId":"reason-string","fix":null,"filePath":"Benchmarks/Study_SamplesSet/05fecfbf66b19b64ef7b468b71052fd5.sol"},{"line":246,"column":13,"severity":"Warning","message":"Use Custom Errors instead of revert statements","ruleId":"custom-errors","fix":null,"filePath":"Benchmarks/Study_SamplesSet/05fecfbf66b19b64ef7b468b71052fd5.sol"},{"line":259,"column":9,"severity":"Warning","message":"Provide an error message for require","ruleId":"reason-string","fix":null,"filePath":"Benchmarks/Study_SamplesSet/05fecfbf66b19b64ef7b468b71052fd5.sol"},{"line":259,"column":9,"severity":"Warning","message":"Use Custom Errors instead of require statements","ruleId":"custom-errors","fix":null,"filePath":"Benchmarks/Study_SamplesSet/05fecfbf66b19b64ef7b468b71052fd5.sol"},{"line":259,"column":30,"severity":"Error","message":"Explicitly mark all external contracts as trusted or untrusted","ruleId":"mark-callable-contracts","filePath":"Benchmarks/Study_SamplesSet/05fecfbf66b19b64ef7b468b71052fd5.sol"},{"line":262,"column":45,"severity":"Error","message":"Explicitly mark all external contracts as trusted or untrusted","ruleId":"mark-callable-contracts","filePath":"Benchmarks/Study_SamplesSet/05fecfbf66b19b64ef7b468b71052fd5.sol"},{"line":266,"column":13,"severity":"Error","message":"Explicitly mark all external contracts as trusted or untrusted","ruleId":"mark-callable-contracts","filePath":"Benchmarks/Study_SamplesSet/05fecfbf66b19b64ef7b468b71052fd5.sol"},{"line":271,"column":9,"severity":"Error","message":"Explicitly mark all external contracts as trusted or untrusted","ruleId":"mark-callable-contracts","filePath":"Benchmarks/Study_SamplesSet/05fecfbf66b19b64ef7b468b71052fd5.sol"},{"line":272,"column":9,"severity":"Error","message":"Explicitly mark all external contracts as trusted or untrusted","ruleId":"mark-callable-contracts","filePath":"Benchmarks/Study_SamplesSet/05fecfbf66b19b64ef7b468b71052fd5.sol"},{"line":283,"column":9,"severity":"Warning","message":"Use Custom Errors instead of require statements","ruleId":"custom-errors","fix":null,"filePath":"Benchmarks/Study_SamplesSet/05fecfbf66b19b64ef7b468b71052fd5.sol"},{"line":293,"column":30,"severity":"Warning","message":"Rule is set with explicit type [var/s: uint]","ruleId":"explicit-types","filePath":"Benchmarks/Study_SamplesSet/05fecfbf66b19b64ef7b468b71052fd5.sol"},{"line":294,"column":13,"severity":"Error","message":"Check result of \"send\" call","ruleId":"check-send-result","fix":null,"filePath":"Benchmarks/Study_SamplesSet/05fecfbf66b19b64ef7b468b71052fd5.sol"},{"line":294,"column":13,"severity":"Error","message":"Avoid multiple calls of \"send\" method in single transaction","ruleId":"multiple-sends","fix":null,"filePath":"Benchmarks/Study_SamplesSet/05fecfbf66b19b64ef7b468b71052fd5.sol"},{"line":295,"column":13,"severity":"Error","message":"Explicitly mark all external contracts as trusted or untrusted","ruleId":"mark-callable-contracts","filePath":"Benchmarks/Study_SamplesSet/05fecfbf66b19b64ef7b468b71052fd5.sol"},{"line":302,"column":13,"severity":"Error","message":"Possible reentrancy vulnerabilities. Avoid state changes after transfer.","ruleId":"reentrancy","fix":null,"filePath":"Benchmarks/Study_SamplesSet/05fecfbf66b19b64ef7b468b71052fd5.sol"},{"line":303,"column":13,"severity":"Error","message":"Possible reentrancy vulnerabilities. Avoid state changes after transfer.","ruleId":"reentrancy","fix":null,"filePath":"Benchmarks/Study_SamplesSet/05fecfbf66b19b64ef7b468b71052fd5.sol"},{"line":308,"column":17,"severity":"Error","message":"Check result of \"send\" call","ruleId":"check-send-result","fix":null,"filePath":"Benchmarks/Study_SamplesSet/05fecfbf66b19b64ef7b468b71052fd5.sol"},{"line":308,"column":17,"severity":"Error","message":"Avoid multiple calls of \"send\" method in single transaction","ruleId":"multiple-sends","fix":null,"filePath":"Benchmarks/Study_SamplesSet/05fecfbf66b19b64ef7b468b71052fd5.sol"},{"line":309,"column":17,"severity":"Error","message":"Explicitly mark all external contracts as trusted or untrusted","ruleId":"mark-callable-contracts","filePath":"Benchmarks/Study_SamplesSet/05fecfbf66b19b64ef7b468b71052fd5.sol"},{"line":310,"column":17,"severity":"Error","message":"Explicitly mark all external contracts as trusted or untrusted","ruleId":"mark-callable-contracts","filePath":"Benchmarks/Study_SamplesSet/05fecfbf66b19b64ef7b468b71052fd5.sol"},{"line":321,"column":17,"severity":"Error","message":"Possible reentrancy vulnerabilities. Avoid state changes after transfer.","ruleId":"reentrancy","fix":null,"filePath":"Benchmarks/Study_SamplesSet/05fecfbf66b19b64ef7b468b71052fd5.sol"},{"line":324,"column":9,"severity":"Error","message":"Possible reentrancy vulnerabilities. Avoid state changes after transfer.","ruleId":"reentrancy","fix":null,"filePath":"Benchmarks/Study_SamplesSet/05fecfbf66b19b64ef7b468b71052fd5.sol"},{"line":325,"column":9,"severity":"Error","message":"Check result of \"send\" call","ruleId":"check-send-result","fix":null,"filePath":"Benchmarks/Study_SamplesSet/05fecfbf66b19b64ef7b468b71052fd5.sol"},{"line":325,"column":9,"severity":"Error","message":"Avoid multiple calls of \"send\" method in single transaction","ruleId":"multiple-sends","fix":null,"filePath":"Benchmarks/Study_SamplesSet/05fecfbf66b19b64ef7b468b71052fd5.sol"},{"line":326,"column":9,"severity":"Error","message":"Explicitly mark all external contracts as trusted or untrusted","ruleId":"mark-callable-contracts","filePath":"Benchmarks/Study_SamplesSet/05fecfbf66b19b64ef7b468b71052fd5.sol"},{"line":329,"column":9,"severity":"Error","message":"Possible reentrancy vulnerabilities. Avoid state changes after transfer.","ruleId":"reentrancy","fix":null,"filePath":"Benchmarks/Study_SamplesSet/05fecfbf66b19b64ef7b468b71052fd5.sol"},{"line":330,"column":9,"severity":"Error","message":"Possible reentrancy vulnerabilities. Avoid state changes after transfer.","ruleId":"reentrancy","fix":null,"filePath":"Benchmarks/Study_SamplesSet/05fecfbf66b19b64ef7b468b71052fd5.sol"},{"line":331,"column":9,"severity":"Error","message":"Possible reentrancy vulnerabilities. Avoid state changes after transfer.","ruleId":"reentrancy","fix":null,"filePath":"Benchmarks/Study_SamplesSet/05fecfbf66b19b64ef7b468b71052fd5.sol"},{"line":335,"column":9,"severity":"Error","message":"Check result of \"send\" call","ruleId":"check-send-result","fix":null,"filePath":"Benchmarks/Study_SamplesSet/05fecfbf66b19b64ef7b468b71052fd5.sol"},{"line":335,"column":9,"severity":"Error","message":"Avoid multiple calls of \"send\" method in single transaction","ruleId":"multiple-sends","fix":null,"filePath":"Benchmarks/Study_SamplesSet/05fecfbf66b19b64ef7b468b71052fd5.sol"},{"line":339,"column":9,"severity":"Error","message":"Check result of \"send\" call","ruleId":"check-send-result","fix":null,"filePath":"Benchmarks/Study_SamplesSet/05fecfbf66b19b64ef7b468b71052fd5.sol"},{"line":339,"column":9,"severity":"Error","message":"Avoid multiple calls of \"send\" method in single transaction","ruleId":"multiple-sends","fix":null,"filePath":"Benchmarks/Study_SamplesSet/05fecfbf66b19b64ef7b468b71052fd5.sol"},{"line":352,"column":28,"severity":"Warning","message":"Variable name must be in mixedCase","ruleId":"var-name-mixedcase","fix":null,"filePath":"Benchmarks/Study_SamplesSet/05fecfbf66b19b64ef7b468b71052fd5.sol"},{"line":354,"column":9,"severity":"Error","message":"Explicitly mark all external contracts as trusted or untrusted","ruleId":"mark-callable-contracts","filePath":"Benchmarks/Study_SamplesSet/05fecfbf66b19b64ef7b468b71052fd5.sol"},{"line":354,"column":16,"severity":"Error","message":"Explicitly mark all external contracts as trusted or untrusted","ruleId":"mark-callable-contracts","filePath":"Benchmarks/Study_SamplesSet/05fecfbf66b19b64ef7b468b71052fd5.sol"},{"line":358,"column":9,"severity":"Error","message":"Avoid to use inline assembly. It is acceptable only in rare cases","ruleId":"no-inline-assembly","fix":null,"filePath":"Benchmarks/Study_SamplesSet/05fecfbf66b19b64ef7b468b71052fd5.sol"},{"line":364,"column":52,"severity":"Warning","message":"Rule is set with explicit type [var/s: uint]","ruleId":"explicit-types","filePath":"Benchmarks/Study_SamplesSet/05fecfbf66b19b64ef7b468b71052fd5.sol"},{"conclusion":"93 problem/s (60 error/s, 33 warning/s)"}]
