[{"line":1,"column":1,"severity":"Error","message":"Compiler version ^0.4.16 does not satisfy the ^0.8.0 semver requirement","ruleId":"compiler-version","fix":null,"filePath":"Benchmarks/Study_SamplesSet/0915cc5a3af79fd77f0e6fa6f9cea662.sol"},{"line":33,"column":52,"severity":"Warning","message":"Rule is set with explicit type [var/s: uint]","ruleId":"explicit-types","filePath":"Benchmarks/Study_SamplesSet/0915cc5a3af79fd77f0e6fa6f9cea662.sol"},{"line":35,"column":9,"severity":"Warning","message":"Provide an error message for require","ruleId":"reason-string","fix":null,"filePath":"Benchmarks/Study_SamplesSet/0915cc5a3af79fd77f0e6fa6f9cea662.sol"},{"line":35,"column":9,"severity":"Warning","message":"Use Custom Errors instead of require statements","ruleId":"custom-errors","fix":null,"filePath":"Benchmarks/Study_SamplesSet/0915cc5a3af79fd77f0e6fa6f9cea662.sol"},{"line":37,"column":9,"severity":"Warning","message":"Provide an error message for require","ruleId":"reason-string","fix":null,"filePath":"Benchmarks/Study_SamplesSet/0915cc5a3af79fd77f0e6fa6f9cea662.sol"},{"line":37,"column":9,"severity":"Warning","message":"Use Custom Errors instead of require statements","ruleId":"custom-errors","fix":null,"filePath":"Benchmarks/Study_SamplesSet/0915cc5a3af79fd77f0e6fa6f9cea662.sol"},{"line":39,"column":9,"severity":"Warning","message":"Provide an error message for require","ruleId":"reason-string","fix":null,"filePath":"Benchmarks/Study_SamplesSet/0915cc5a3af79fd77f0e6fa6f9cea662.sol"},{"line":39,"column":9,"severity":"Warning","message":"Use Custom Errors instead of require statements","ruleId":"custom-errors","fix":null,"filePath":"Benchmarks/Study_SamplesSet/0915cc5a3af79fd77f0e6fa6f9cea662.sol"},{"line":42,"column":9,"severity":"Warning","message":"Rule is set with explicit type [var/s: uint]","ruleId":"explicit-types","filePath":"Benchmarks/Study_SamplesSet/0915cc5a3af79fd77f0e6fa6f9cea662.sol"},{"line":47,"column":9,"severity":"Error","message":"Explicitly mark all external contracts as trusted or untrusted","ruleId":"mark-callable-contracts","filePath":"Benchmarks/Study_SamplesSet/0915cc5a3af79fd77f0e6fa6f9cea662.sol"},{"line":71,"column":9,"severity":"Warning","message":"Provide an error message for require","ruleId":"reason-string","fix":null,"filePath":"Benchmarks/Study_SamplesSet/0915cc5a3af79fd77f0e6fa6f9cea662.sol"},{"line":71,"column":9,"severity":"Warning","message":"Use Custom Errors instead of require statements","ruleId":"custom-errors","fix":null,"filePath":"Benchmarks/Study_SamplesSet/0915cc5a3af79fd77f0e6fa6f9cea662.sol"},{"line":96,"column":9,"severity":"Warning","message":"Provide an error message for require","ruleId":"reason-string","fix":null,"filePath":"Benchmarks/Study_SamplesSet/0915cc5a3af79fd77f0e6fa6f9cea662.sol"},{"line":96,"column":9,"severity":"Warning","message":"Use Custom Errors instead of require statements","ruleId":"custom-errors","fix":null,"filePath":"Benchmarks/Study_SamplesSet/0915cc5a3af79fd77f0e6fa6f9cea662.sol"},{"line":99,"column":9,"severity":"Error","message":"Explicitly mark all external contracts as trusted or untrusted","ruleId":"mark-callable-contracts","filePath":"Benchmarks/Study_SamplesSet/0915cc5a3af79fd77f0e6fa6f9cea662.sol"},{"line":112,"column":9,"severity":"Warning","message":"Provide an error message for require","ruleId":"reason-string","fix":null,"filePath":"Benchmarks/Study_SamplesSet/0915cc5a3af79fd77f0e6fa6f9cea662.sol"},{"line":112,"column":9,"severity":"Warning","message":"Use Custom Errors instead of require statements","ruleId":"custom-errors","fix":null,"filePath":"Benchmarks/Study_SamplesSet/0915cc5a3af79fd77f0e6fa6f9cea662.sol"},{"line":113,"column":9,"severity":"Warning","message":"Provide an error message for require","ruleId":"reason-string","fix":null,"filePath":"Benchmarks/Study_SamplesSet/0915cc5a3af79fd77f0e6fa6f9cea662.sol"},{"line":113,"column":9,"severity":"Warning","message":"Use Custom Errors instead of require statements","ruleId":"custom-errors","fix":null,"filePath":"Benchmarks/Study_SamplesSet/0915cc5a3af79fd77f0e6fa6f9cea662.sol"},{"line":117,"column":9,"severity":"Error","message":"Explicitly mark all external contracts as trusted or untrusted","ruleId":"mark-callable-contracts","filePath":"Benchmarks/Study_SamplesSet/0915cc5a3af79fd77f0e6fa6f9cea662.sol"},{"line":125,"column":9,"severity":"Error","message":"Explicitly mark all external contracts as trusted or untrusted","ruleId":"mark-callable-contracts","filePath":"Benchmarks/Study_SamplesSet/0915cc5a3af79fd77f0e6fa6f9cea662.sol"},{"line":126,"column":9,"severity":"Error","message":"Explicitly mark all external contracts as trusted or untrusted","ruleId":"mark-callable-contracts","filePath":"Benchmarks/Study_SamplesSet/0915cc5a3af79fd77f0e6fa6f9cea662.sol"},{"conclusion":"22 problem/s (6 error/s, 16 warning/s)"}]
