[{"line":1,"column":1,"severity":"Error","message":"Compiler version ^0.4.4 does not satisfy the ^0.8.0 semver requirement","ruleId":"compiler-version","fix":null,"filePath":"Benchmarks/Study_SamplesSet/0c667b09db9b8c8567bf5d4a55930660.sol"},{"line":7,"column":5,"severity":"Warning","message":"Constant name must be in capitalized SNAKE_CASE","ruleId":"const-name-snakecase","fix":null,"filePath":"Benchmarks/Study_SamplesSet/0c667b09db9b8c8567bf5d4a55930660.sol"},{"line":8,"column":5,"severity":"Warning","message":"Constant name must be in capitalized SNAKE_CASE","ruleId":"const-name-snakecase","fix":null,"filePath":"Benchmarks/Study_SamplesSet/0c667b09db9b8c8567bf5d4a55930660.sol"},{"line":9,"column":5,"severity":"Warning","message":"Constant name must be in capitalized SNAKE_CASE","ruleId":"const-name-snakecase","fix":null,"filePath":"Benchmarks/Study_SamplesSet/0c667b09db9b8c8567bf5d4a55930660.sol"},{"line":11,"column":5,"severity":"Warning","message":"Constant name must be in capitalized SNAKE_CASE","ruleId":"const-name-snakecase","fix":null,"filePath":"Benchmarks/Study_SamplesSet/0c667b09db9b8c8567bf5d4a55930660.sol"},{"line":14,"column":5,"severity":"Error","message":"Explicitly mark visibility of state","ruleId":"state-visibility","fix":null,"filePath":"Benchmarks/Study_SamplesSet/0c667b09db9b8c8567bf5d4a55930660.sol"},{"line":16,"column":5,"severity":"Error","message":"Explicitly mark visibility of state","ruleId":"state-visibility","fix":null,"filePath":"Benchmarks/Study_SamplesSet/0c667b09db9b8c8567bf5d4a55930660.sol"},{"line":24,"column":5,"severity":"Error","message":"Explicitly mark visibility in function","ruleId":"func-visibility","fix":null,"filePath":"Benchmarks/Study_SamplesSet/0c667b09db9b8c8567bf5d4a55930660.sol"},{"line":24,"column":23,"severity":"Warning","message":"Variable \"_to\" is unused","ruleId":"no-unused-vars","fix":null,"filePath":"Benchmarks/Study_SamplesSet/0c667b09db9b8c8567bf5d4a55930660.sol"},{"line":24,"column":36,"severity":"Warning","message":"Variable \"_value\" is unused","ruleId":"no-unused-vars","fix":null,"filePath":"Benchmarks/Study_SamplesSet/0c667b09db9b8c8567bf5d4a55930660.sol"},{"line":38,"column":31,"severity":"Warning","message":"Visibility modifier must be first in list of modifiers","ruleId":"visibility-modifier-order","fix":null,"filePath":"Benchmarks/Study_SamplesSet/0c667b09db9b8c8567bf5d4a55930660.sol"},{"line":40,"column":29,"severity":"Error","message":"\"throw\" is deprecated, avoid to use it","ruleId":"avoid-throw","filePath":"Benchmarks/Study_SamplesSet/0c667b09db9b8c8567bf5d4a55930660.sol"},{"line":50,"column":9,"severity":"Error","message":"Explicitly mark all external contracts as trusted or untrusted","ruleId":"mark-callable-contracts","filePath":"Benchmarks/Study_SamplesSet/0c667b09db9b8c8567bf5d4a55930660.sol"},{"line":55,"column":30,"severity":"Error","message":"\"throw\" is deprecated, avoid to use it","ruleId":"avoid-throw","filePath":"Benchmarks/Study_SamplesSet/0c667b09db9b8c8567bf5d4a55930660.sol"},{"line":60,"column":9,"severity":"Error","message":"Explicitly mark all external contracts as trusted or untrusted","ruleId":"mark-callable-contracts","filePath":"Benchmarks/Study_SamplesSet/0c667b09db9b8c8567bf5d4a55930660.sol"},{"line":61,"column":9,"severity":"Error","message":"Explicitly mark all external contracts as trusted or untrusted","ruleId":"mark-callable-contracts","filePath":"Benchmarks/Study_SamplesSet/0c667b09db9b8c8567bf5d4a55930660.sol"},{"line":63,"column":41,"severity":"Error","message":"\"throw\" is deprecated, avoid to use it","ruleId":"avoid-throw","filePath":"Benchmarks/Study_SamplesSet/0c667b09db9b8c8567bf5d4a55930660.sol"},{"line":68,"column":5,"severity":"Error","message":"Explicitly mark visibility in function","ruleId":"func-visibility","fix":null,"filePath":"Benchmarks/Study_SamplesSet/0c667b09db9b8c8567bf5d4a55930660.sol"},{"line":69,"column":29,"severity":"Error","message":"\"throw\" is deprecated, avoid to use it","ruleId":"avoid-throw","filePath":"Benchmarks/Study_SamplesSet/0c667b09db9b8c8567bf5d4a55930660.sol"},{"conclusion":"19 problem/s (12 error/s, 7 warning/s)"}]
