[{"line":5,"column":1,"severity":"Warning","message":"Found more than One contract per file. 5 contracts found!","ruleId":"one-contract-per-file","fix":null,"filePath":"Benchmarks/Study_SamplesSet/0dbc325aa6f6923e3a4a925e3830c38a.sol"},{"line":5,"column":1,"severity":"Error","message":"Compiler version >=0.5.1 does not satisfy the ^0.8.0 semver requirement","ruleId":"compiler-version","fix":null,"filePath":"Benchmarks/Study_SamplesSet/0dbc325aa6f6923e3a4a925e3830c38a.sol"},{"line":8,"column":1,"severity":"Warning","message":"Contract, Structs and Enums should be in CamelCase","ruleId":"contract-name-camelcase","filePath":"Benchmarks/Study_SamplesSet/0dbc325aa6f6923e3a4a925e3830c38a.sol"},{"line":9,"column":3,"severity":"Warning","message":"Function name must be in mixedCase","ruleId":"func-name-mixedcase","fix":null,"filePath":"Benchmarks/Study_SamplesSet/0dbc325aa6f6923e3a4a925e3830c38a.sol"},{"line":9,"column":32,"severity":"Warning","message":"Visibility modifier must be first in list of modifiers","ruleId":"visibility-modifier-order","fix":null,"filePath":"Benchmarks/Study_SamplesSet/0dbc325aa6f6923e3a4a925e3830c38a.sol"},{"line":10,"column":12,"severity":"Error","message":"Avoid making time-based decisions in your business logic","ruleId":"not-rely-on-time","fix":null,"filePath":"Benchmarks/Study_SamplesSet/0dbc325aa6f6923e3a4a925e3830c38a.sol"},{"line":17,"column":1,"severity":"Error","message":"Explicitly mark visibility of state","ruleId":"state-visibility","fix":null,"filePath":"Benchmarks/Study_SamplesSet/0dbc325aa6f6923e3a4a925e3830c38a.sol"},{"line":17,"column":1,"severity":"Warning","message":"Variable name must be in mixedCase","ruleId":"var-name-mixedcase","fix":null,"filePath":"Benchmarks/Study_SamplesSet/0dbc325aa6f6923e3a4a925e3830c38a.sol"},{"line":18,"column":1,"severity":"Warning","message":"Function name must be in mixedCase","ruleId":"func-name-mixedcase","fix":null,"filePath":"Benchmarks/Study_SamplesSet/0dbc325aa6f6923e3a4a925e3830c38a.sol"},{"line":18,"column":23,"severity":"Warning","message":"Rule is set with explicit type [var/s: uint]","ruleId":"explicit-types","filePath":"Benchmarks/Study_SamplesSet/0dbc325aa6f6923e3a4a925e3830c38a.sol"},{"line":19,"column":2,"severity":"Warning","message":"Rule is set with explicit type [var/s: uint]","ruleId":"explicit-types","filePath":"Benchmarks/Study_SamplesSet/0dbc325aa6f6923e3a4a925e3830c38a.sol"},{"line":19,"column":16,"severity":"Error","message":"Avoid making time-based decisions in your business logic","ruleId":"not-rely-on-time","fix":null,"filePath":"Benchmarks/Study_SamplesSet/0dbc325aa6f6923e3a4a925e3830c38a.sol"},{"line":24,"column":9,"severity":"Warning","message":"Provide an error message for require","ruleId":"reason-string","fix":null,"filePath":"Benchmarks/Study_SamplesSet/0dbc325aa6f6923e3a4a925e3830c38a.sol"},{"line":24,"column":9,"severity":"Warning","message":"Use Custom Errors instead of require statements","ruleId":"custom-errors","fix":null,"filePath":"Benchmarks/Study_SamplesSet/0dbc325aa6f6923e3a4a925e3830c38a.sol"},{"line":28,"column":60,"severity":"Warning","message":"Visibility modifier must be first in list of modifiers","ruleId":"visibility-modifier-order","fix":null,"filePath":"Benchmarks/Study_SamplesSet/0dbc325aa6f6923e3a4a925e3830c38a.sol"},{"line":31,"column":1,"severity":"Warning","message":"Function name must be in mixedCase","ruleId":"func-name-mixedcase","fix":null,"filePath":"Benchmarks/Study_SamplesSet/0dbc325aa6f6923e3a4a925e3830c38a.sol"},{"line":31,"column":29,"severity":"Warning","message":"Visibility modifier must be first in list of modifiers","ruleId":"visibility-modifier-order","fix":null,"filePath":"Benchmarks/Study_SamplesSet/0dbc325aa6f6923e3a4a925e3830c38a.sol"},{"line":32,"column":12,"severity":"Error","message":"Avoid making time-based decisions in your business logic","ruleId":"not-rely-on-time","fix":null,"filePath":"Benchmarks/Study_SamplesSet/0dbc325aa6f6923e3a4a925e3830c38a.sol"},{"line":37,"column":1,"severity":"Warning","message":"Contract, Structs and Enums should be in CamelCase","ruleId":"contract-name-camelcase","filePath":"Benchmarks/Study_SamplesSet/0dbc325aa6f6923e3a4a925e3830c38a.sol"},{"line":38,"column":3,"severity":"Error","message":"Explicitly mark visibility of state","ruleId":"state-visibility","fix":null,"filePath":"Benchmarks/Study_SamplesSet/0dbc325aa6f6923e3a4a925e3830c38a.sol"},{"line":38,"column":3,"severity":"Warning","message":"Variable name must be in mixedCase","ruleId":"var-name-mixedcase","fix":null,"filePath":"Benchmarks/Study_SamplesSet/0dbc325aa6f6923e3a4a925e3830c38a.sol"},{"line":39,"column":1,"severity":"Warning","message":"Function name must be in mixedCase","ruleId":"func-name-mixedcase","fix":null,"filePath":"Benchmarks/Study_SamplesSet/0dbc325aa6f6923e3a4a925e3830c38a.sol"},{"line":39,"column":24,"severity":"Warning","message":"Rule is set with explicit type [var/s: uint]","ruleId":"explicit-types","filePath":"Benchmarks/Study_SamplesSet/0dbc325aa6f6923e3a4a925e3830c38a.sol"},{"line":40,"column":2,"severity":"Warning","message":"Rule is set with explicit type [var/s: uint]","ruleId":"explicit-types","filePath":"Benchmarks/Study_SamplesSet/0dbc325aa6f6923e3a4a925e3830c38a.sol"},{"line":40,"column":16,"severity":"Error","message":"Avoid making time-based decisions in your business logic","ruleId":"not-rely-on-time","fix":null,"filePath":"Benchmarks/Study_SamplesSet/0dbc325aa6f6923e3a4a925e3830c38a.sol"},{"line":43,"column":3,"severity":"Warning","message":"Event name must be in CamelCase","ruleId":"event-name-camelcase","filePath":"Benchmarks/Study_SamplesSet/0dbc325aa6f6923e3a4a925e3830c38a.sol"},{"line":43,"column":39,"severity":"Warning","message":"Rule is set with explicit type [var/s: uint]","ruleId":"explicit-types","filePath":"Benchmarks/Study_SamplesSet/0dbc325aa6f6923e3a4a925e3830c38a.sol"},{"line":44,"column":3,"severity":"Error","message":"Explicitly mark visibility of state","ruleId":"state-visibility","fix":null,"filePath":"Benchmarks/Study_SamplesSet/0dbc325aa6f6923e3a4a925e3830c38a.sol"},{"line":44,"column":3,"severity":"Warning","message":"Variable name must be in mixedCase","ruleId":"var-name-mixedcase","fix":null,"filePath":"Benchmarks/Study_SamplesSet/0dbc325aa6f6923e3a4a925e3830c38a.sol"},{"line":45,"column":1,"severity":"Warning","message":"Function name must be in mixedCase","ruleId":"func-name-mixedcase","fix":null,"filePath":"Benchmarks/Study_SamplesSet/0dbc325aa6f6923e3a4a925e3830c38a.sol"},{"line":45,"column":24,"severity":"Warning","message":"Rule is set with explicit type [var/s: uint]","ruleId":"explicit-types","filePath":"Benchmarks/Study_SamplesSet/0dbc325aa6f6923e3a4a925e3830c38a.sol"},{"line":46,"column":2,"severity":"Warning","message":"Rule is set with explicit type [var/s: uint]","ruleId":"explicit-types","filePath":"Benchmarks/Study_SamplesSet/0dbc325aa6f6923e3a4a925e3830c38a.sol"},{"line":46,"column":16,"severity":"Error","message":"Avoid making time-based decisions in your business logic","ruleId":"not-rely-on-time","fix":null,"filePath":"Benchmarks/Study_SamplesSet/0dbc325aa6f6923e3a4a925e3830c38a.sol"},{"line":49,"column":3,"severity":"Warning","message":"Event name must be in CamelCase","ruleId":"event-name-camelcase","filePath":"Benchmarks/Study_SamplesSet/0dbc325aa6f6923e3a4a925e3830c38a.sol"},{"line":53,"column":9,"severity":"Warning","message":"Provide an error message for require","ruleId":"reason-string","fix":null,"filePath":"Benchmarks/Study_SamplesSet/0dbc325aa6f6923e3a4a925e3830c38a.sol"},{"line":53,"column":9,"severity":"Warning","message":"Use Custom Errors instead of require statements","ruleId":"custom-errors","fix":null,"filePath":"Benchmarks/Study_SamplesSet/0dbc325aa6f6923e3a4a925e3830c38a.sol"},{"line":56,"column":1,"severity":"Warning","message":"Function name must be in mixedCase","ruleId":"func-name-mixedcase","fix":null,"filePath":"Benchmarks/Study_SamplesSet/0dbc325aa6f6923e3a4a925e3830c38a.sol"},{"line":56,"column":30,"severity":"Warning","message":"Visibility modifier must be first in list of modifiers","ruleId":"visibility-modifier-order","fix":null,"filePath":"Benchmarks/Study_SamplesSet/0dbc325aa6f6923e3a4a925e3830c38a.sol"},{"line":57,"column":12,"severity":"Error","message":"Avoid making time-based decisions in your business logic","ruleId":"not-rely-on-time","fix":null,"filePath":"Benchmarks/Study_SamplesSet/0dbc325aa6f6923e3a4a925e3830c38a.sol"},{"line":60,"column":25,"severity":"Warning","message":"Visibility modifier must be first in list of modifiers","ruleId":"visibility-modifier-order","fix":null,"filePath":"Benchmarks/Study_SamplesSet/0dbc325aa6f6923e3a4a925e3830c38a.sol"},{"line":63,"column":1,"severity":"Error","message":"Explicitly mark visibility of state","ruleId":"state-visibility","fix":null,"filePath":"Benchmarks/Study_SamplesSet/0dbc325aa6f6923e3a4a925e3830c38a.sol"},{"line":63,"column":1,"severity":"Warning","message":"Variable name must be in mixedCase","ruleId":"var-name-mixedcase","fix":null,"filePath":"Benchmarks/Study_SamplesSet/0dbc325aa6f6923e3a4a925e3830c38a.sol"},{"line":64,"column":1,"severity":"Warning","message":"Function name must be in mixedCase","ruleId":"func-name-mixedcase","fix":null,"filePath":"Benchmarks/Study_SamplesSet/0dbc325aa6f6923e3a4a925e3830c38a.sol"},{"line":64,"column":24,"severity":"Warning","message":"Rule is set with explicit type [var/s: uint]","ruleId":"explicit-types","filePath":"Benchmarks/Study_SamplesSet/0dbc325aa6f6923e3a4a925e3830c38a.sol"},{"line":65,"column":2,"severity":"Warning","message":"Rule is set with explicit type [var/s: uint]","ruleId":"explicit-types","filePath":"Benchmarks/Study_SamplesSet/0dbc325aa6f6923e3a4a925e3830c38a.sol"},{"line":65,"column":16,"severity":"Error","message":"Avoid making time-based decisions in your business logic","ruleId":"not-rely-on-time","fix":null,"filePath":"Benchmarks/Study_SamplesSet/0dbc325aa6f6923e3a4a925e3830c38a.sol"},{"line":73,"column":1,"severity":"Error","message":"Explicitly mark visibility of state","ruleId":"state-visibility","fix":null,"filePath":"Benchmarks/Study_SamplesSet/0dbc325aa6f6923e3a4a925e3830c38a.sol"},{"line":73,"column":1,"severity":"Warning","message":"Variable name must be in mixedCase","ruleId":"var-name-mixedcase","fix":null,"filePath":"Benchmarks/Study_SamplesSet/0dbc325aa6f6923e3a4a925e3830c38a.sol"},{"line":74,"column":1,"severity":"Warning","message":"Function name must be in mixedCase","ruleId":"func-name-mixedcase","fix":null,"filePath":"Benchmarks/Study_SamplesSet/0dbc325aa6f6923e3a4a925e3830c38a.sol"},{"line":74,"column":24,"severity":"Warning","message":"Rule is set with explicit type [var/s: uint]","ruleId":"explicit-types","filePath":"Benchmarks/Study_SamplesSet/0dbc325aa6f6923e3a4a925e3830c38a.sol"},{"line":75,"column":34,"severity":"Error","message":"Avoid making time-based decisions in your business logic","ruleId":"not-rely-on-time","fix":null,"filePath":"Benchmarks/Study_SamplesSet/0dbc325aa6f6923e3a4a925e3830c38a.sol"},{"line":78,"column":1,"severity":"Warning","message":"Function name must be in mixedCase","ruleId":"func-name-mixedcase","fix":null,"filePath":"Benchmarks/Study_SamplesSet/0dbc325aa6f6923e3a4a925e3830c38a.sol"},{"line":79,"column":2,"severity":"Warning","message":"Rule is set with explicit type [var/s: uint]","ruleId":"explicit-types","filePath":"Benchmarks/Study_SamplesSet/0dbc325aa6f6923e3a4a925e3830c38a.sol"},{"line":79,"column":2,"severity":"Warning","message":"Variable name must be in mixedCase","ruleId":"var-name-mixedcase","fix":null,"filePath":"Benchmarks/Study_SamplesSet/0dbc325aa6f6923e3a4a925e3830c38a.sol"},{"line":80,"column":2,"severity":"Warning","message":"Provide an error message for require","ruleId":"reason-string","fix":null,"filePath":"Benchmarks/Study_SamplesSet/0dbc325aa6f6923e3a4a925e3830c38a.sol"},{"line":80,"column":2,"severity":"Warning","message":"Use Custom Errors instead of require statements","ruleId":"custom-errors","fix":null,"filePath":"Benchmarks/Study_SamplesSet/0dbc325aa6f6923e3a4a925e3830c38a.sol"},{"line":81,"column":9,"severity":"Warning","message":"Provide an error message for require","ruleId":"reason-string","fix":null,"filePath":"Benchmarks/Study_SamplesSet/0dbc325aa6f6923e3a4a925e3830c38a.sol"},{"line":81,"column":9,"severity":"Warning","message":"Use Custom Errors instead of require statements","ruleId":"custom-errors","fix":null,"filePath":"Benchmarks/Study_SamplesSet/0dbc325aa6f6923e3a4a925e3830c38a.sol"},{"line":81,"column":17,"severity":"Error","message":"Avoid making time-based decisions in your business logic","ruleId":"not-rely-on-time","fix":null,"filePath":"Benchmarks/Study_SamplesSet/0dbc325aa6f6923e3a4a925e3830c38a.sol"},{"line":82,"column":34,"severity":"Error","message":"Avoid making time-based decisions in your business logic","ruleId":"not-rely-on-time","fix":null,"filePath":"Benchmarks/Study_SamplesSet/0dbc325aa6f6923e3a4a925e3830c38a.sol"},{"line":83,"column":12,"severity":"Error","message":"Avoid making time-based decisions in your business logic","ruleId":"not-rely-on-time","fix":null,"filePath":"Benchmarks/Study_SamplesSet/0dbc325aa6f6923e3a4a925e3830c38a.sol"},{"line":88,"column":1,"severity":"Warning","message":"Function name must be in mixedCase","ruleId":"func-name-mixedcase","fix":null,"filePath":"Benchmarks/Study_SamplesSet/0dbc325aa6f6923e3a4a925e3830c38a.sol"},{"line":89,"column":2,"severity":"Warning","message":"Rule is set with explicit type [var/s: uint]","ruleId":"explicit-types","filePath":"Benchmarks/Study_SamplesSet/0dbc325aa6f6923e3a4a925e3830c38a.sol"},{"line":89,"column":2,"severity":"Warning","message":"Variable name must be in mixedCase","ruleId":"var-name-mixedcase","fix":null,"filePath":"Benchmarks/Study_SamplesSet/0dbc325aa6f6923e3a4a925e3830c38a.sol"},{"line":90,"column":2,"severity":"Warning","message":"Provide an error message for require","ruleId":"reason-string","fix":null,"filePath":"Benchmarks/Study_SamplesSet/0dbc325aa6f6923e3a4a925e3830c38a.sol"},{"line":90,"column":2,"severity":"Warning","message":"Use Custom Errors instead of require statements","ruleId":"custom-errors","fix":null,"filePath":"Benchmarks/Study_SamplesSet/0dbc325aa6f6923e3a4a925e3830c38a.sol"},{"line":91,"column":9,"severity":"Warning","message":"Provide an error message for require","ruleId":"reason-string","fix":null,"filePath":"Benchmarks/Study_SamplesSet/0dbc325aa6f6923e3a4a925e3830c38a.sol"},{"line":91,"column":9,"severity":"Warning","message":"Use Custom Errors instead of require statements","ruleId":"custom-errors","fix":null,"filePath":"Benchmarks/Study_SamplesSet/0dbc325aa6f6923e3a4a925e3830c38a.sol"},{"line":91,"column":17,"severity":"Error","message":"Avoid making time-based decisions in your business logic","ruleId":"not-rely-on-time","fix":null,"filePath":"Benchmarks/Study_SamplesSet/0dbc325aa6f6923e3a4a925e3830c38a.sol"},{"line":92,"column":34,"severity":"Error","message":"Avoid making time-based decisions in your business logic","ruleId":"not-rely-on-time","fix":null,"filePath":"Benchmarks/Study_SamplesSet/0dbc325aa6f6923e3a4a925e3830c38a.sol"},{"line":93,"column":12,"severity":"Error","message":"Avoid making time-based decisions in your business logic","ruleId":"not-rely-on-time","fix":null,"filePath":"Benchmarks/Study_SamplesSet/0dbc325aa6f6923e3a4a925e3830c38a.sol"},{"line":98,"column":1,"severity":"Error","message":"Explicitly mark visibility of state","ruleId":"state-visibility","fix":null,"filePath":"Benchmarks/Study_SamplesSet/0dbc325aa6f6923e3a4a925e3830c38a.sol"},{"line":98,"column":1,"severity":"Warning","message":"Variable name must be in mixedCase","ruleId":"var-name-mixedcase","fix":null,"filePath":"Benchmarks/Study_SamplesSet/0dbc325aa6f6923e3a4a925e3830c38a.sol"},{"line":99,"column":1,"severity":"Warning","message":"Function name must be in mixedCase","ruleId":"func-name-mixedcase","fix":null,"filePath":"Benchmarks/Study_SamplesSet/0dbc325aa6f6923e3a4a925e3830c38a.sol"},{"line":99,"column":24,"severity":"Warning","message":"Rule is set with explicit type [var/s: uint]","ruleId":"explicit-types","filePath":"Benchmarks/Study_SamplesSet/0dbc325aa6f6923e3a4a925e3830c38a.sol"},{"line":100,"column":34,"severity":"Error","message":"Avoid making time-based decisions in your business logic","ruleId":"not-rely-on-time","fix":null,"filePath":"Benchmarks/Study_SamplesSet/0dbc325aa6f6923e3a4a925e3830c38a.sol"},{"line":103,"column":1,"severity":"Warning","message":"Function name must be in mixedCase","ruleId":"func-name-mixedcase","fix":null,"filePath":"Benchmarks/Study_SamplesSet/0dbc325aa6f6923e3a4a925e3830c38a.sol"},{"line":104,"column":2,"severity":"Warning","message":"Rule is set with explicit type [var/s: uint]","ruleId":"explicit-types","filePath":"Benchmarks/Study_SamplesSet/0dbc325aa6f6923e3a4a925e3830c38a.sol"},{"line":104,"column":2,"severity":"Warning","message":"Variable name must be in mixedCase","ruleId":"var-name-mixedcase","fix":null,"filePath":"Benchmarks/Study_SamplesSet/0dbc325aa6f6923e3a4a925e3830c38a.sol"},{"line":105,"column":2,"severity":"Warning","message":"Provide an error message for require","ruleId":"reason-string","fix":null,"filePath":"Benchmarks/Study_SamplesSet/0dbc325aa6f6923e3a4a925e3830c38a.sol"},{"line":105,"column":2,"severity":"Warning","message":"Use Custom Errors instead of require statements","ruleId":"custom-errors","fix":null,"filePath":"Benchmarks/Study_SamplesSet/0dbc325aa6f6923e3a4a925e3830c38a.sol"},{"line":106,"column":9,"severity":"Warning","message":"Provide an error message for require","ruleId":"reason-string","fix":null,"filePath":"Benchmarks/Study_SamplesSet/0dbc325aa6f6923e3a4a925e3830c38a.sol"},{"line":106,"column":9,"severity":"Warning","message":"Use Custom Errors instead of require statements","ruleId":"custom-errors","fix":null,"filePath":"Benchmarks/Study_SamplesSet/0dbc325aa6f6923e3a4a925e3830c38a.sol"},{"line":106,"column":17,"severity":"Error","message":"Avoid making time-based decisions in your business logic","ruleId":"not-rely-on-time","fix":null,"filePath":"Benchmarks/Study_SamplesSet/0dbc325aa6f6923e3a4a925e3830c38a.sol"},{"line":107,"column":33,"severity":"Error","message":"Avoid making time-based decisions in your business logic","ruleId":"not-rely-on-time","fix":null,"filePath":"Benchmarks/Study_SamplesSet/0dbc325aa6f6923e3a4a925e3830c38a.sol"},{"line":108,"column":12,"severity":"Error","message":"Avoid making time-based decisions in your business logic","ruleId":"not-rely-on-time","fix":null,"filePath":"Benchmarks/Study_SamplesSet/0dbc325aa6f6923e3a4a925e3830c38a.sol"},{"line":113,"column":1,"severity":"Error","message":"Explicitly mark visibility of state","ruleId":"state-visibility","fix":null,"filePath":"Benchmarks/Study_SamplesSet/0dbc325aa6f6923e3a4a925e3830c38a.sol"},{"line":113,"column":1,"severity":"Warning","message":"Variable name must be in mixedCase","ruleId":"var-name-mixedcase","fix":null,"filePath":"Benchmarks/Study_SamplesSet/0dbc325aa6f6923e3a4a925e3830c38a.sol"},{"line":114,"column":1,"severity":"Warning","message":"Function name must be in mixedCase","ruleId":"func-name-mixedcase","fix":null,"filePath":"Benchmarks/Study_SamplesSet/0dbc325aa6f6923e3a4a925e3830c38a.sol"},{"line":114,"column":23,"severity":"Warning","message":"Rule is set with explicit type [var/s: uint]","ruleId":"explicit-types","filePath":"Benchmarks/Study_SamplesSet/0dbc325aa6f6923e3a4a925e3830c38a.sol"},{"line":115,"column":2,"severity":"Warning","message":"Rule is set with explicit type [var/s: uint]","ruleId":"explicit-types","filePath":"Benchmarks/Study_SamplesSet/0dbc325aa6f6923e3a4a925e3830c38a.sol"},{"line":115,"column":16,"severity":"Error","message":"Avoid making time-based decisions in your business logic","ruleId":"not-rely-on-time","fix":null,"filePath":"Benchmarks/Study_SamplesSet/0dbc325aa6f6923e3a4a925e3830c38a.sol"},{"line":119,"column":1,"severity":"Error","message":"Explicitly mark visibility of state","ruleId":"state-visibility","fix":null,"filePath":"Benchmarks/Study_SamplesSet/0dbc325aa6f6923e3a4a925e3830c38a.sol"},{"line":119,"column":1,"severity":"Warning","message":"Variable name must be in mixedCase","ruleId":"var-name-mixedcase","fix":null,"filePath":"Benchmarks/Study_SamplesSet/0dbc325aa6f6923e3a4a925e3830c38a.sol"},{"line":120,"column":1,"severity":"Warning","message":"Function name must be in mixedCase","ruleId":"func-name-mixedcase","fix":null,"filePath":"Benchmarks/Study_SamplesSet/0dbc325aa6f6923e3a4a925e3830c38a.sol"},{"line":120,"column":24,"severity":"Warning","message":"Rule is set with explicit type [var/s: uint]","ruleId":"explicit-types","filePath":"Benchmarks/Study_SamplesSet/0dbc325aa6f6923e3a4a925e3830c38a.sol"},{"line":121,"column":2,"severity":"Warning","message":"Rule is set with explicit type [var/s: uint]","ruleId":"explicit-types","filePath":"Benchmarks/Study_SamplesSet/0dbc325aa6f6923e3a4a925e3830c38a.sol"},{"line":121,"column":16,"severity":"Error","message":"Avoid making time-based decisions in your business logic","ruleId":"not-rely-on-time","fix":null,"filePath":"Benchmarks/Study_SamplesSet/0dbc325aa6f6923e3a4a925e3830c38a.sol"},{"line":144,"column":9,"severity":"Warning","message":"Use Custom Errors instead of require statements","ruleId":"custom-errors","fix":null,"filePath":"Benchmarks/Study_SamplesSet/0dbc325aa6f6923e3a4a925e3830c38a.sol"},{"line":154,"column":9,"severity":"Warning","message":"Use Custom Errors instead of require statements","ruleId":"custom-errors","fix":null,"filePath":"Benchmarks/Study_SamplesSet/0dbc325aa6f6923e3a4a925e3830c38a.sol"},{"line":165,"column":9,"severity":"Warning","message":"Use Custom Errors instead of require statements","ruleId":"custom-errors","fix":null,"filePath":"Benchmarks/Study_SamplesSet/0dbc325aa6f6923e3a4a925e3830c38a.sol"},{"line":176,"column":9,"severity":"Warning","message":"Use Custom Errors instead of require statements","ruleId":"custom-errors","fix":null,"filePath":"Benchmarks/Study_SamplesSet/0dbc325aa6f6923e3a4a925e3830c38a.sol"},{"line":186,"column":9,"severity":"Warning","message":"Use Custom Errors instead of require statements","ruleId":"custom-errors","fix":null,"filePath":"Benchmarks/Study_SamplesSet/0dbc325aa6f6923e3a4a925e3830c38a.sol"},{"line":195,"column":1,"severity":"Warning","message":"Contract has 21 states declarations but allowed no more than 15","ruleId":"max-states-count","fix":null,"filePath":"Benchmarks/Study_SamplesSet/0dbc325aa6f6923e3a4a925e3830c38a.sol"},{"line":198,"column":3,"severity":"Error","message":"Explicitly mark visibility of state","ruleId":"state-visibility","fix":null,"filePath":"Benchmarks/Study_SamplesSet/0dbc325aa6f6923e3a4a925e3830c38a.sol"},{"line":198,"column":3,"severity":"Warning","message":"Variable name must be in mixedCase","ruleId":"var-name-mixedcase","fix":null,"filePath":"Benchmarks/Study_SamplesSet/0dbc325aa6f6923e3a4a925e3830c38a.sol"},{"line":199,"column":1,"severity":"Warning","message":"Function name must be in mixedCase","ruleId":"func-name-mixedcase","fix":null,"filePath":"Benchmarks/Study_SamplesSet/0dbc325aa6f6923e3a4a925e3830c38a.sol"},{"line":199,"column":24,"severity":"Warning","message":"Rule is set with explicit type [var/s: uint]","ruleId":"explicit-types","filePath":"Benchmarks/Study_SamplesSet/0dbc325aa6f6923e3a4a925e3830c38a.sol"},{"line":200,"column":34,"severity":"Error","message":"Avoid making time-based decisions in your business logic","ruleId":"not-rely-on-time","fix":null,"filePath":"Benchmarks/Study_SamplesSet/0dbc325aa6f6923e3a4a925e3830c38a.sol"},{"line":202,"column":3,"severity":"Warning","message":"Rule is set with explicit type [var/s: uint]","ruleId":"explicit-types","filePath":"Benchmarks/Study_SamplesSet/0dbc325aa6f6923e3a4a925e3830c38a.sol"},{"line":203,"column":3,"severity":"Error","message":"Explicitly mark visibility of state","ruleId":"state-visibility","fix":null,"filePath":"Benchmarks/Study_SamplesSet/0dbc325aa6f6923e3a4a925e3830c38a.sol"},{"line":203,"column":3,"severity":"Warning","message":"Variable name must be in mixedCase","ruleId":"var-name-mixedcase","fix":null,"filePath":"Benchmarks/Study_SamplesSet/0dbc325aa6f6923e3a4a925e3830c38a.sol"},{"line":204,"column":1,"severity":"Warning","message":"Function name must be in mixedCase","ruleId":"func-name-mixedcase","fix":null,"filePath":"Benchmarks/Study_SamplesSet/0dbc325aa6f6923e3a4a925e3830c38a.sol"},{"line":204,"column":24,"severity":"Warning","message":"Rule is set with explicit type [var/s: uint]","ruleId":"explicit-types","filePath":"Benchmarks/Study_SamplesSet/0dbc325aa6f6923e3a4a925e3830c38a.sol"},{"line":205,"column":34,"severity":"Error","message":"Avoid making time-based decisions in your business logic","ruleId":"not-rely-on-time","fix":null,"filePath":"Benchmarks/Study_SamplesSet/0dbc325aa6f6923e3a4a925e3830c38a.sol"},{"line":207,"column":3,"severity":"Warning","message":"Rule is set with explicit type [var/s: uint]","ruleId":"explicit-types","filePath":"Benchmarks/Study_SamplesSet/0dbc325aa6f6923e3a4a925e3830c38a.sol"},{"line":208,"column":3,"severity":"Warning","message":"Function name must be in mixedCase","ruleId":"func-name-mixedcase","fix":null,"filePath":"Benchmarks/Study_SamplesSet/0dbc325aa6f6923e3a4a925e3830c38a.sol"},{"line":209,"column":2,"severity":"Warning","message":"Rule is set with explicit type [var/s: uint]","ruleId":"explicit-types","filePath":"Benchmarks/Study_SamplesSet/0dbc325aa6f6923e3a4a925e3830c38a.sol"},{"line":209,"column":2,"severity":"Warning","message":"Variable name must be in mixedCase","ruleId":"var-name-mixedcase","fix":null,"filePath":"Benchmarks/Study_SamplesSet/0dbc325aa6f6923e3a4a925e3830c38a.sol"},{"line":210,"column":2,"severity":"Warning","message":"Provide an error message for require","ruleId":"reason-string","fix":null,"filePath":"Benchmarks/Study_SamplesSet/0dbc325aa6f6923e3a4a925e3830c38a.sol"},{"line":210,"column":2,"severity":"Warning","message":"Use Custom Errors instead of require statements","ruleId":"custom-errors","fix":null,"filePath":"Benchmarks/Study_SamplesSet/0dbc325aa6f6923e3a4a925e3830c38a.sol"},{"line":211,"column":9,"severity":"Warning","message":"Provide an error message for require","ruleId":"reason-string","fix":null,"filePath":"Benchmarks/Study_SamplesSet/0dbc325aa6f6923e3a4a925e3830c38a.sol"},{"line":211,"column":9,"severity":"Warning","message":"Use Custom Errors instead of require statements","ruleId":"custom-errors","fix":null,"filePath":"Benchmarks/Study_SamplesSet/0dbc325aa6f6923e3a4a925e3830c38a.sol"},{"line":211,"column":17,"severity":"Error","message":"Avoid making time-based decisions in your business logic","ruleId":"not-rely-on-time","fix":null,"filePath":"Benchmarks/Study_SamplesSet/0dbc325aa6f6923e3a4a925e3830c38a.sol"},{"line":212,"column":34,"severity":"Error","message":"Avoid making time-based decisions in your business logic","ruleId":"not-rely-on-time","fix":null,"filePath":"Benchmarks/Study_SamplesSet/0dbc325aa6f6923e3a4a925e3830c38a.sol"},{"line":213,"column":12,"severity":"Error","message":"Avoid making time-based decisions in your business logic","ruleId":"not-rely-on-time","fix":null,"filePath":"Benchmarks/Study_SamplesSet/0dbc325aa6f6923e3a4a925e3830c38a.sol"},{"line":217,"column":3,"severity":"Warning","message":"Rule is set with explicit type [var/s: uint]","ruleId":"explicit-types","filePath":"Benchmarks/Study_SamplesSet/0dbc325aa6f6923e3a4a925e3830c38a.sol"},{"line":218,"column":3,"severity":"Error","message":"Explicitly mark visibility of state","ruleId":"state-visibility","fix":null,"filePath":"Benchmarks/Study_SamplesSet/0dbc325aa6f6923e3a4a925e3830c38a.sol"},{"line":218,"column":3,"severity":"Warning","message":"Variable name must be in mixedCase","ruleId":"var-name-mixedcase","fix":null,"filePath":"Benchmarks/Study_SamplesSet/0dbc325aa6f6923e3a4a925e3830c38a.sol"},{"line":219,"column":1,"severity":"Warning","message":"Function name must be in mixedCase","ruleId":"func-name-mixedcase","fix":null,"filePath":"Benchmarks/Study_SamplesSet/0dbc325aa6f6923e3a4a925e3830c38a.sol"},{"line":219,"column":24,"severity":"Warning","message":"Rule is set with explicit type [var/s: uint]","ruleId":"explicit-types","filePath":"Benchmarks/Study_SamplesSet/0dbc325aa6f6923e3a4a925e3830c38a.sol"},{"line":220,"column":2,"severity":"Warning","message":"Rule is set with explicit type [var/s: uint]","ruleId":"explicit-types","filePath":"Benchmarks/Study_SamplesSet/0dbc325aa6f6923e3a4a925e3830c38a.sol"},{"line":220,"column":16,"severity":"Error","message":"Avoid making time-based decisions in your business logic","ruleId":"not-rely-on-time","fix":null,"filePath":"Benchmarks/Study_SamplesSet/0dbc325aa6f6923e3a4a925e3830c38a.sol"},{"line":224,"column":3,"severity":"Warning","message":"Function name must be in mixedCase","ruleId":"func-name-mixedcase","fix":null,"filePath":"Benchmarks/Study_SamplesSet/0dbc325aa6f6923e3a4a925e3830c38a.sol"},{"line":224,"column":31,"severity":"Warning","message":"Visibility modifier must be first in list of modifiers","ruleId":"visibility-modifier-order","fix":null,"filePath":"Benchmarks/Study_SamplesSet/0dbc325aa6f6923e3a4a925e3830c38a.sol"},{"line":225,"column":12,"severity":"Error","message":"Avoid making time-based decisions in your business logic","ruleId":"not-rely-on-time","fix":null,"filePath":"Benchmarks/Study_SamplesSet/0dbc325aa6f6923e3a4a925e3830c38a.sol"},{"line":227,"column":3,"severity":"Warning","message":"Rule is set with explicit type [var/s: uint]","ruleId":"explicit-types","filePath":"Benchmarks/Study_SamplesSet/0dbc325aa6f6923e3a4a925e3830c38a.sol"},{"line":228,"column":3,"severity":"Error","message":"Explicitly mark visibility of state","ruleId":"state-visibility","fix":null,"filePath":"Benchmarks/Study_SamplesSet/0dbc325aa6f6923e3a4a925e3830c38a.sol"},{"line":228,"column":3,"severity":"Warning","message":"Variable name must be in mixedCase","ruleId":"var-name-mixedcase","fix":null,"filePath":"Benchmarks/Study_SamplesSet/0dbc325aa6f6923e3a4a925e3830c38a.sol"},{"line":229,"column":1,"severity":"Warning","message":"Function name must be in mixedCase","ruleId":"func-name-mixedcase","fix":null,"filePath":"Benchmarks/Study_SamplesSet/0dbc325aa6f6923e3a4a925e3830c38a.sol"},{"line":229,"column":23,"severity":"Warning","message":"Rule is set with explicit type [var/s: uint]","ruleId":"explicit-types","filePath":"Benchmarks/Study_SamplesSet/0dbc325aa6f6923e3a4a925e3830c38a.sol"},{"line":230,"column":34,"severity":"Error","message":"Avoid making time-based decisions in your business logic","ruleId":"not-rely-on-time","fix":null,"filePath":"Benchmarks/Study_SamplesSet/0dbc325aa6f6923e3a4a925e3830c38a.sol"},{"line":233,"column":3,"severity":"Warning","message":"Function name must be in mixedCase","ruleId":"func-name-mixedcase","fix":null,"filePath":"Benchmarks/Study_SamplesSet/0dbc325aa6f6923e3a4a925e3830c38a.sol"},{"line":233,"column":32,"severity":"Warning","message":"Visibility modifier must be first in list of modifiers","ruleId":"visibility-modifier-order","fix":null,"filePath":"Benchmarks/Study_SamplesSet/0dbc325aa6f6923e3a4a925e3830c38a.sol"},{"line":234,"column":12,"severity":"Error","message":"Avoid making time-based decisions in your business logic","ruleId":"not-rely-on-time","fix":null,"filePath":"Benchmarks/Study_SamplesSet/0dbc325aa6f6923e3a4a925e3830c38a.sol"},{"line":236,"column":3,"severity":"Error","message":"Explicitly mark visibility of state","ruleId":"state-visibility","fix":null,"filePath":"Benchmarks/Study_SamplesSet/0dbc325aa6f6923e3a4a925e3830c38a.sol"},{"line":238,"column":3,"severity":"Warning","message":"Function name must be in mixedCase","ruleId":"func-name-mixedcase","fix":null,"filePath":"Benchmarks/Study_SamplesSet/0dbc325aa6f6923e3a4a925e3830c38a.sol"},{"line":238,"column":32,"severity":"Warning","message":"Visibility modifier must be first in list of modifiers","ruleId":"visibility-modifier-order","fix":null,"filePath":"Benchmarks/Study_SamplesSet/0dbc325aa6f6923e3a4a925e3830c38a.sol"},{"line":239,"column":12,"severity":"Error","message":"Avoid making time-based decisions in your business logic","ruleId":"not-rely-on-time","fix":null,"filePath":"Benchmarks/Study_SamplesSet/0dbc325aa6f6923e3a4a925e3830c38a.sol"},{"line":243,"column":3,"severity":"Warning","message":"Function name must be in mixedCase","ruleId":"func-name-mixedcase","fix":null,"filePath":"Benchmarks/Study_SamplesSet/0dbc325aa6f6923e3a4a925e3830c38a.sol"},{"line":243,"column":32,"severity":"Warning","message":"Visibility modifier must be first in list of modifiers","ruleId":"visibility-modifier-order","fix":null,"filePath":"Benchmarks/Study_SamplesSet/0dbc325aa6f6923e3a4a925e3830c38a.sol"},{"line":244,"column":12,"severity":"Error","message":"Avoid making time-based decisions in your business logic","ruleId":"not-rely-on-time","fix":null,"filePath":"Benchmarks/Study_SamplesSet/0dbc325aa6f6923e3a4a925e3830c38a.sol"},{"line":247,"column":3,"severity":"Error","message":"Explicitly mark visibility of state","ruleId":"state-visibility","fix":null,"filePath":"Benchmarks/Study_SamplesSet/0dbc325aa6f6923e3a4a925e3830c38a.sol"},{"line":247,"column":3,"severity":"Warning","message":"Variable name must be in mixedCase","ruleId":"var-name-mixedcase","fix":null,"filePath":"Benchmarks/Study_SamplesSet/0dbc325aa6f6923e3a4a925e3830c38a.sol"},{"line":247,"column":26,"severity":"Error","message":"Avoid making time-based decisions in your business logic","ruleId":"not-rely-on-time","fix":null,"filePath":"Benchmarks/Study_SamplesSet/0dbc325aa6f6923e3a4a925e3830c38a.sol"},{"line":247,"column":26,"severity":"Error","message":"Avoid making time-based decisions in your business logic","ruleId":"not-rely-on-time","fix":null,"filePath":"Benchmarks/Study_SamplesSet/0dbc325aa6f6923e3a4a925e3830c38a.sol"},{"line":248,"column":23,"severity":"Warning","message":"Rule is set with explicit type [var/s: uint]","ruleId":"explicit-types","filePath":"Benchmarks/Study_SamplesSet/0dbc325aa6f6923e3a4a925e3830c38a.sol"},{"line":248,"column":59,"severity":"Warning","message":"Rule is set with explicit type [var/s: uint]","ruleId":"explicit-types","filePath":"Benchmarks/Study_SamplesSet/0dbc325aa6f6923e3a4a925e3830c38a.sol"},{"line":249,"column":3,"severity":"Error","message":"Explicitly mark visibility of state","ruleId":"state-visibility","fix":null,"filePath":"Benchmarks/Study_SamplesSet/0dbc325aa6f6923e3a4a925e3830c38a.sol"},{"line":249,"column":3,"severity":"Warning","message":"Variable name must be in mixedCase","ruleId":"var-name-mixedcase","fix":null,"filePath":"Benchmarks/Study_SamplesSet/0dbc325aa6f6923e3a4a925e3830c38a.sol"},{"line":249,"column":26,"severity":"Error","message":"Avoid making time-based decisions in your business logic","ruleId":"not-rely-on-time","fix":null,"filePath":"Benchmarks/Study_SamplesSet/0dbc325aa6f6923e3a4a925e3830c38a.sol"},{"line":249,"column":26,"severity":"Error","message":"Avoid making time-based decisions in your business logic","ruleId":"not-rely-on-time","fix":null,"filePath":"Benchmarks/Study_SamplesSet/0dbc325aa6f6923e3a4a925e3830c38a.sol"},{"line":250,"column":15,"severity":"Warning","message":"Rule is set with explicit type [var/s: uint]","ruleId":"explicit-types","filePath":"Benchmarks/Study_SamplesSet/0dbc325aa6f6923e3a4a925e3830c38a.sol"},{"line":251,"column":3,"severity":"Error","message":"Explicitly mark visibility of state","ruleId":"state-visibility","fix":null,"filePath":"Benchmarks/Study_SamplesSet/0dbc325aa6f6923e3a4a925e3830c38a.sol"},{"line":251,"column":3,"severity":"Warning","message":"Variable name must be in mixedCase","ruleId":"var-name-mixedcase","fix":null,"filePath":"Benchmarks/Study_SamplesSet/0dbc325aa6f6923e3a4a925e3830c38a.sol"},{"line":251,"column":26,"severity":"Error","message":"Avoid making time-based decisions in your business logic","ruleId":"not-rely-on-time","fix":null,"filePath":"Benchmarks/Study_SamplesSet/0dbc325aa6f6923e3a4a925e3830c38a.sol"},{"line":251,"column":26,"severity":"Error","message":"Avoid making time-based decisions in your business logic","ruleId":"not-rely-on-time","fix":null,"filePath":"Benchmarks/Study_SamplesSet/0dbc325aa6f6923e3a4a925e3830c38a.sol"},{"line":252,"column":25,"severity":"Warning","message":"Rule is set with explicit type [var/s: uint]","ruleId":"explicit-types","filePath":"Benchmarks/Study_SamplesSet/0dbc325aa6f6923e3a4a925e3830c38a.sol"},{"line":252,"column":42,"severity":"Warning","message":"Rule is set with explicit type [var/s: uint]","ruleId":"explicit-types","filePath":"Benchmarks/Study_SamplesSet/0dbc325aa6f6923e3a4a925e3830c38a.sol"},{"line":252,"column":55,"severity":"Warning","message":"Rule is set with explicit type [var/s: uint]","ruleId":"explicit-types","filePath":"Benchmarks/Study_SamplesSet/0dbc325aa6f6923e3a4a925e3830c38a.sol"},{"line":253,"column":3,"severity":"Error","message":"Explicitly mark visibility of state","ruleId":"state-visibility","fix":null,"filePath":"Benchmarks/Study_SamplesSet/0dbc325aa6f6923e3a4a925e3830c38a.sol"},{"line":253,"column":3,"severity":"Warning","message":"Variable name must be in mixedCase","ruleId":"var-name-mixedcase","fix":null,"filePath":"Benchmarks/Study_SamplesSet/0dbc325aa6f6923e3a4a925e3830c38a.sol"},{"line":253,"column":26,"severity":"Error","message":"Avoid making time-based decisions in your business logic","ruleId":"not-rely-on-time","fix":null,"filePath":"Benchmarks/Study_SamplesSet/0dbc325aa6f6923e3a4a925e3830c38a.sol"},{"line":253,"column":26,"severity":"Error","message":"Avoid making time-based decisions in your business logic","ruleId":"not-rely-on-time","fix":null,"filePath":"Benchmarks/Study_SamplesSet/0dbc325aa6f6923e3a4a925e3830c38a.sol"},{"line":254,"column":23,"severity":"Warning","message":"Rule is set with explicit type [var/s: uint]","ruleId":"explicit-types","filePath":"Benchmarks/Study_SamplesSet/0dbc325aa6f6923e3a4a925e3830c38a.sol"},{"line":254,"column":52,"severity":"Warning","message":"Rule is set with explicit type [var/s: uint]","ruleId":"explicit-types","filePath":"Benchmarks/Study_SamplesSet/0dbc325aa6f6923e3a4a925e3830c38a.sol"},{"line":254,"column":75,"severity":"Warning","message":"Rule is set with explicit type [var/s: uint]","ruleId":"explicit-types","filePath":"Benchmarks/Study_SamplesSet/0dbc325aa6f6923e3a4a925e3830c38a.sol"},{"line":255,"column":3,"severity":"Error","message":"Explicitly mark visibility of state","ruleId":"state-visibility","fix":null,"filePath":"Benchmarks/Study_SamplesSet/0dbc325aa6f6923e3a4a925e3830c38a.sol"},{"line":255,"column":3,"severity":"Warning","message":"Variable name must be in mixedCase","ruleId":"var-name-mixedcase","fix":null,"filePath":"Benchmarks/Study_SamplesSet/0dbc325aa6f6923e3a4a925e3830c38a.sol"},{"line":255,"column":26,"severity":"Error","message":"Avoid making time-based decisions in your business logic","ruleId":"not-rely-on-time","fix":null,"filePath":"Benchmarks/Study_SamplesSet/0dbc325aa6f6923e3a4a925e3830c38a.sol"},{"line":255,"column":26,"severity":"Error","message":"Avoid making time-based decisions in your business logic","ruleId":"not-rely-on-time","fix":null,"filePath":"Benchmarks/Study_SamplesSet/0dbc325aa6f6923e3a4a925e3830c38a.sol"},{"line":256,"column":34,"severity":"Warning","message":"Rule is set with explicit type [var/s: uint]","ruleId":"explicit-types","filePath":"Benchmarks/Study_SamplesSet/0dbc325aa6f6923e3a4a925e3830c38a.sol"},{"line":260,"column":9,"severity":"Warning","message":"Rule is set with explicit type [var/s: uint]","ruleId":"explicit-types","filePath":"Benchmarks/Study_SamplesSet/0dbc325aa6f6923e3a4a925e3830c38a.sol"},{"line":263,"column":9,"severity":"Warning","message":"Rule is set with explicit type [var/s: uint]","ruleId":"explicit-types","filePath":"Benchmarks/Study_SamplesSet/0dbc325aa6f6923e3a4a925e3830c38a.sol"},{"line":266,"column":9,"severity":"Warning","message":"Rule is set with explicit type [var/s: uint]","ruleId":"explicit-types","filePath":"Benchmarks/Study_SamplesSet/0dbc325aa6f6923e3a4a925e3830c38a.sol"},{"line":279,"column":9,"severity":"Warning","message":"Provide an error message for require","ruleId":"reason-string","fix":null,"filePath":"Benchmarks/Study_SamplesSet/0dbc325aa6f6923e3a4a925e3830c38a.sol"},{"line":279,"column":9,"severity":"Warning","message":"Use Custom Errors instead of require statements","ruleId":"custom-errors","fix":null,"filePath":"Benchmarks/Study_SamplesSet/0dbc325aa6f6923e3a4a925e3830c38a.sol"},{"line":285,"column":9,"severity":"Warning","message":"Provide an error message for require","ruleId":"reason-string","fix":null,"filePath":"Benchmarks/Study_SamplesSet/0dbc325aa6f6923e3a4a925e3830c38a.sol"},{"line":285,"column":9,"severity":"Warning","message":"Use Custom Errors instead of require statements","ruleId":"custom-errors","fix":null,"filePath":"Benchmarks/Study_SamplesSet/0dbc325aa6f6923e3a4a925e3830c38a.sol"},{"line":295,"column":27,"severity":"Warning","message":"Visibility modifier must be first in list of modifiers","ruleId":"visibility-modifier-order","fix":null,"filePath":"Benchmarks/Study_SamplesSet/0dbc325aa6f6923e3a4a925e3830c38a.sol"},{"line":295,"column":34,"severity":"Warning","message":"Code contains empty blocks","ruleId":"no-empty-blocks","fix":null,"filePath":"Benchmarks/Study_SamplesSet/0dbc325aa6f6923e3a4a925e3830c38a.sol"},{"line":297,"column":1,"severity":"Error","message":"Explicitly mark visibility of state","ruleId":"state-visibility","fix":null,"filePath":"Benchmarks/Study_SamplesSet/0dbc325aa6f6923e3a4a925e3830c38a.sol"},{"line":297,"column":1,"severity":"Warning","message":"Variable name must be in mixedCase","ruleId":"var-name-mixedcase","fix":null,"filePath":"Benchmarks/Study_SamplesSet/0dbc325aa6f6923e3a4a925e3830c38a.sol"},{"line":298,"column":1,"severity":"Warning","message":"Function name must be in mixedCase","ruleId":"func-name-mixedcase","fix":null,"filePath":"Benchmarks/Study_SamplesSet/0dbc325aa6f6923e3a4a925e3830c38a.sol"},{"line":298,"column":24,"severity":"Warning","message":"Rule is set with explicit type [var/s: uint]","ruleId":"explicit-types","filePath":"Benchmarks/Study_SamplesSet/0dbc325aa6f6923e3a4a925e3830c38a.sol"},{"line":299,"column":34,"severity":"Error","message":"Avoid making time-based decisions in your business logic","ruleId":"not-rely-on-time","fix":null,"filePath":"Benchmarks/Study_SamplesSet/0dbc325aa6f6923e3a4a925e3830c38a.sol"},{"line":311,"column":160,"severity":"Warning","message":"Visibility modifier must be first in list of modifiers","ruleId":"visibility-modifier-order","fix":null,"filePath":"Benchmarks/Study_SamplesSet/0dbc325aa6f6923e3a4a925e3830c38a.sol"},{"line":311,"column":66,"severity":"Warning","message":"Rule is set with explicit type [var/s: uint]","ruleId":"explicit-types","filePath":"Benchmarks/Study_SamplesSet/0dbc325aa6f6923e3a4a925e3830c38a.sol"},{"line":311,"column":93,"severity":"Warning","message":"Rule is set with explicit type [var/s: uint]","ruleId":"explicit-types","filePath":"Benchmarks/Study_SamplesSet/0dbc325aa6f6923e3a4a925e3830c38a.sol"},{"line":311,"column":126,"severity":"Warning","message":"Rule is set with explicit type [var/s: uint]","ruleId":"explicit-types","filePath":"Benchmarks/Study_SamplesSet/0dbc325aa6f6923e3a4a925e3830c38a.sol"},{"line":312,"column":9,"severity":"Warning","message":"Provide an error message for require","ruleId":"reason-string","fix":null,"filePath":"Benchmarks/Study_SamplesSet/0dbc325aa6f6923e3a4a925e3830c38a.sol"},{"line":312,"column":9,"severity":"Warning","message":"Use Custom Errors instead of require statements","ruleId":"custom-errors","fix":null,"filePath":"Benchmarks/Study_SamplesSet/0dbc325aa6f6923e3a4a925e3830c38a.sol"},{"line":317,"column":1,"severity":"Error","message":"Explicitly mark visibility of state","ruleId":"state-visibility","fix":null,"filePath":"Benchmarks/Study_SamplesSet/0dbc325aa6f6923e3a4a925e3830c38a.sol"},{"line":317,"column":1,"severity":"Warning","message":"Variable name must be in mixedCase","ruleId":"var-name-mixedcase","fix":null,"filePath":"Benchmarks/Study_SamplesSet/0dbc325aa6f6923e3a4a925e3830c38a.sol"},{"line":318,"column":1,"severity":"Warning","message":"Function name must be in mixedCase","ruleId":"func-name-mixedcase","fix":null,"filePath":"Benchmarks/Study_SamplesSet/0dbc325aa6f6923e3a4a925e3830c38a.sol"},{"line":318,"column":24,"severity":"Warning","message":"Rule is set with explicit type [var/s: uint]","ruleId":"explicit-types","filePath":"Benchmarks/Study_SamplesSet/0dbc325aa6f6923e3a4a925e3830c38a.sol"},{"line":319,"column":34,"severity":"Error","message":"Avoid making time-based decisions in your business logic","ruleId":"not-rely-on-time","fix":null,"filePath":"Benchmarks/Study_SamplesSet/0dbc325aa6f6923e3a4a925e3830c38a.sol"},{"line":334,"column":173,"severity":"Warning","message":"Visibility modifier must be first in list of modifiers","ruleId":"visibility-modifier-order","fix":null,"filePath":"Benchmarks/Study_SamplesSet/0dbc325aa6f6923e3a4a925e3830c38a.sol"},{"line":334,"column":79,"severity":"Warning","message":"Rule is set with explicit type [var/s: uint]","ruleId":"explicit-types","filePath":"Benchmarks/Study_SamplesSet/0dbc325aa6f6923e3a4a925e3830c38a.sol"},{"line":334,"column":106,"severity":"Warning","message":"Rule is set with explicit type [var/s: uint]","ruleId":"explicit-types","filePath":"Benchmarks/Study_SamplesSet/0dbc325aa6f6923e3a4a925e3830c38a.sol"},{"line":334,"column":139,"severity":"Warning","message":"Rule is set with explicit type [var/s: uint]","ruleId":"explicit-types","filePath":"Benchmarks/Study_SamplesSet/0dbc325aa6f6923e3a4a925e3830c38a.sol"},{"line":335,"column":9,"severity":"Warning","message":"Provide an error message for require","ruleId":"reason-string","fix":null,"filePath":"Benchmarks/Study_SamplesSet/0dbc325aa6f6923e3a4a925e3830c38a.sol"},{"line":335,"column":9,"severity":"Warning","message":"Use Custom Errors instead of require statements","ruleId":"custom-errors","fix":null,"filePath":"Benchmarks/Study_SamplesSet/0dbc325aa6f6923e3a4a925e3830c38a.sol"},{"line":336,"column":9,"severity":"Warning","message":"Provide an error message for require","ruleId":"reason-string","fix":null,"filePath":"Benchmarks/Study_SamplesSet/0dbc325aa6f6923e3a4a925e3830c38a.sol"},{"line":336,"column":9,"severity":"Warning","message":"Use Custom Errors instead of require statements","ruleId":"custom-errors","fix":null,"filePath":"Benchmarks/Study_SamplesSet/0dbc325aa6f6923e3a4a925e3830c38a.sol"},{"line":337,"column":24,"severity":"Error","message":"Explicitly mark all external contracts as trusted or untrusted","ruleId":"mark-callable-contracts","filePath":"Benchmarks/Study_SamplesSet/0dbc325aa6f6923e3a4a925e3830c38a.sol"},{"line":346,"column":1,"severity":"Warning","message":"Function name must be in mixedCase","ruleId":"func-name-mixedcase","fix":null,"filePath":"Benchmarks/Study_SamplesSet/0dbc325aa6f6923e3a4a925e3830c38a.sol"},{"line":347,"column":2,"severity":"Warning","message":"Rule is set with explicit type [var/s: uint]","ruleId":"explicit-types","filePath":"Benchmarks/Study_SamplesSet/0dbc325aa6f6923e3a4a925e3830c38a.sol"},{"line":347,"column":2,"severity":"Warning","message":"Variable name must be in mixedCase","ruleId":"var-name-mixedcase","fix":null,"filePath":"Benchmarks/Study_SamplesSet/0dbc325aa6f6923e3a4a925e3830c38a.sol"},{"line":348,"column":2,"severity":"Warning","message":"Provide an error message for require","ruleId":"reason-string","fix":null,"filePath":"Benchmarks/Study_SamplesSet/0dbc325aa6f6923e3a4a925e3830c38a.sol"},{"line":348,"column":2,"severity":"Warning","message":"Use Custom Errors instead of require statements","ruleId":"custom-errors","fix":null,"filePath":"Benchmarks/Study_SamplesSet/0dbc325aa6f6923e3a4a925e3830c38a.sol"},{"line":349,"column":9,"severity":"Warning","message":"Provide an error message for require","ruleId":"reason-string","fix":null,"filePath":"Benchmarks/Study_SamplesSet/0dbc325aa6f6923e3a4a925e3830c38a.sol"},{"line":349,"column":9,"severity":"Warning","message":"Use Custom Errors instead of require statements","ruleId":"custom-errors","fix":null,"filePath":"Benchmarks/Study_SamplesSet/0dbc325aa6f6923e3a4a925e3830c38a.sol"},{"line":349,"column":17,"severity":"Error","message":"Avoid making time-based decisions in your business logic","ruleId":"not-rely-on-time","fix":null,"filePath":"Benchmarks/Study_SamplesSet/0dbc325aa6f6923e3a4a925e3830c38a.sol"},{"line":350,"column":33,"severity":"Error","message":"Avoid making time-based decisions in your business logic","ruleId":"not-rely-on-time","fix":null,"filePath":"Benchmarks/Study_SamplesSet/0dbc325aa6f6923e3a4a925e3830c38a.sol"},{"line":351,"column":12,"severity":"Error","message":"Avoid making time-based decisions in your business logic","ruleId":"not-rely-on-time","fix":null,"filePath":"Benchmarks/Study_SamplesSet/0dbc325aa6f6923e3a4a925e3830c38a.sol"},{"line":369,"column":9,"severity":"Warning","message":"Rule is set with explicit type [var/s: uint]","ruleId":"explicit-types","filePath":"Benchmarks/Study_SamplesSet/0dbc325aa6f6923e3a4a925e3830c38a.sol"},{"line":373,"column":26,"severity":"Warning","message":"Visibility modifier must be first in list of modifiers","ruleId":"visibility-modifier-order","fix":null,"filePath":"Benchmarks/Study_SamplesSet/0dbc325aa6f6923e3a4a925e3830c38a.sol"},{"line":374,"column":18,"severity":"Warning","message":"Rule is set with explicit type [var/s: uint]","ruleId":"explicit-types","filePath":"Benchmarks/Study_SamplesSet/0dbc325aa6f6923e3a4a925e3830c38a.sol"},{"line":383,"column":30,"severity":"Error","message":"Avoid making time-based decisions in your business logic","ruleId":"not-rely-on-time","fix":null,"filePath":"Benchmarks/Study_SamplesSet/0dbc325aa6f6923e3a4a925e3830c38a.sol"},{"line":392,"column":1,"severity":"Error","message":"Explicitly mark visibility of state","ruleId":"state-visibility","fix":null,"filePath":"Benchmarks/Study_SamplesSet/0dbc325aa6f6923e3a4a925e3830c38a.sol"},{"line":392,"column":1,"severity":"Warning","message":"Variable name must be in mixedCase","ruleId":"var-name-mixedcase","fix":null,"filePath":"Benchmarks/Study_SamplesSet/0dbc325aa6f6923e3a4a925e3830c38a.sol"},{"line":393,"column":1,"severity":"Warning","message":"Function name must be in mixedCase","ruleId":"func-name-mixedcase","fix":null,"filePath":"Benchmarks/Study_SamplesSet/0dbc325aa6f6923e3a4a925e3830c38a.sol"},{"line":393,"column":24,"severity":"Warning","message":"Rule is set with explicit type [var/s: uint]","ruleId":"explicit-types","filePath":"Benchmarks/Study_SamplesSet/0dbc325aa6f6923e3a4a925e3830c38a.sol"},{"line":394,"column":2,"severity":"Warning","message":"Rule is set with explicit type [var/s: uint]","ruleId":"explicit-types","filePath":"Benchmarks/Study_SamplesSet/0dbc325aa6f6923e3a4a925e3830c38a.sol"},{"line":394,"column":16,"severity":"Error","message":"Avoid making time-based decisions in your business logic","ruleId":"not-rely-on-time","fix":null,"filePath":"Benchmarks/Study_SamplesSet/0dbc325aa6f6923e3a4a925e3830c38a.sol"},{"line":408,"column":9,"severity":"Warning","message":"Rule is set with explicit type [var/s: uint]","ruleId":"explicit-types","filePath":"Benchmarks/Study_SamplesSet/0dbc325aa6f6923e3a4a925e3830c38a.sol"},{"line":410,"column":9,"severity":"Warning","message":"Rule is set with explicit type [var/s: uint]","ruleId":"explicit-types","filePath":"Benchmarks/Study_SamplesSet/0dbc325aa6f6923e3a4a925e3830c38a.sol"},{"line":413,"column":14,"severity":"Warning","message":"Visibility modifier must be first in list of modifiers","ruleId":"visibility-modifier-order","fix":null,"filePath":"Benchmarks/Study_SamplesSet/0dbc325aa6f6923e3a4a925e3830c38a.sol"},{"line":419,"column":1,"severity":"Warning","message":"Function name must be in mixedCase","ruleId":"func-name-mixedcase","fix":null,"filePath":"Benchmarks/Study_SamplesSet/0dbc325aa6f6923e3a4a925e3830c38a.sol"},{"line":420,"column":2,"severity":"Warning","message":"Rule is set with explicit type [var/s: uint]","ruleId":"explicit-types","filePath":"Benchmarks/Study_SamplesSet/0dbc325aa6f6923e3a4a925e3830c38a.sol"},{"line":420,"column":2,"severity":"Warning","message":"Variable name must be in mixedCase","ruleId":"var-name-mixedcase","fix":null,"filePath":"Benchmarks/Study_SamplesSet/0dbc325aa6f6923e3a4a925e3830c38a.sol"},{"line":421,"column":2,"severity":"Warning","message":"Provide an error message for require","ruleId":"reason-string","fix":null,"filePath":"Benchmarks/Study_SamplesSet/0dbc325aa6f6923e3a4a925e3830c38a.sol"},{"line":421,"column":2,"severity":"Warning","message":"Use Custom Errors instead of require statements","ruleId":"custom-errors","fix":null,"filePath":"Benchmarks/Study_SamplesSet/0dbc325aa6f6923e3a4a925e3830c38a.sol"},{"line":422,"column":9,"severity":"Warning","message":"Provide an error message for require","ruleId":"reason-string","fix":null,"filePath":"Benchmarks/Study_SamplesSet/0dbc325aa6f6923e3a4a925e3830c38a.sol"},{"line":422,"column":9,"severity":"Warning","message":"Use Custom Errors instead of require statements","ruleId":"custom-errors","fix":null,"filePath":"Benchmarks/Study_SamplesSet/0dbc325aa6f6923e3a4a925e3830c38a.sol"},{"line":422,"column":17,"severity":"Error","message":"Avoid making time-based decisions in your business logic","ruleId":"not-rely-on-time","fix":null,"filePath":"Benchmarks/Study_SamplesSet/0dbc325aa6f6923e3a4a925e3830c38a.sol"},{"line":423,"column":34,"severity":"Error","message":"Avoid making time-based decisions in your business logic","ruleId":"not-rely-on-time","fix":null,"filePath":"Benchmarks/Study_SamplesSet/0dbc325aa6f6923e3a4a925e3830c38a.sol"},{"line":424,"column":12,"severity":"Error","message":"Avoid making time-based decisions in your business logic","ruleId":"not-rely-on-time","fix":null,"filePath":"Benchmarks/Study_SamplesSet/0dbc325aa6f6923e3a4a925e3830c38a.sol"},{"line":439,"column":9,"severity":"Warning","message":"Rule is set with explicit type [var/s: uint]","ruleId":"explicit-types","filePath":"Benchmarks/Study_SamplesSet/0dbc325aa6f6923e3a4a925e3830c38a.sol"},{"line":442,"column":26,"severity":"Warning","message":"Visibility modifier must be first in list of modifiers","ruleId":"visibility-modifier-order","fix":null,"filePath":"Benchmarks/Study_SamplesSet/0dbc325aa6f6923e3a4a925e3830c38a.sol"},{"line":443,"column":18,"severity":"Warning","message":"Rule is set with explicit type [var/s: uint]","ruleId":"explicit-types","filePath":"Benchmarks/Study_SamplesSet/0dbc325aa6f6923e3a4a925e3830c38a.sol"},{"line":445,"column":9,"severity":"Warning","message":"Provide an error message for require","ruleId":"reason-string","fix":null,"filePath":"Benchmarks/Study_SamplesSet/0dbc325aa6f6923e3a4a925e3830c38a.sol"},{"line":445,"column":9,"severity":"Warning","message":"Use Custom Errors instead of require statements","ruleId":"custom-errors","fix":null,"filePath":"Benchmarks/Study_SamplesSet/0dbc325aa6f6923e3a4a925e3830c38a.sol"},{"line":447,"column":9,"severity":"Warning","message":"Provide an error message for require","ruleId":"reason-string","fix":null,"filePath":"Benchmarks/Study_SamplesSet/0dbc325aa6f6923e3a4a925e3830c38a.sol"},{"line":447,"column":9,"severity":"Warning","message":"Use Custom Errors instead of require statements","ruleId":"custom-errors","fix":null,"filePath":"Benchmarks/Study_SamplesSet/0dbc325aa6f6923e3a4a925e3830c38a.sol"},{"line":448,"column":9,"severity":"Warning","message":"Provide an error message for require","ruleId":"reason-string","fix":null,"filePath":"Benchmarks/Study_SamplesSet/0dbc325aa6f6923e3a4a925e3830c38a.sol"},{"line":448,"column":9,"severity":"Warning","message":"Use Custom Errors instead of require statements","ruleId":"custom-errors","fix":null,"filePath":"Benchmarks/Study_SamplesSet/0dbc325aa6f6923e3a4a925e3830c38a.sol"},{"line":454,"column":1,"severity":"Error","message":"Explicitly mark visibility of state","ruleId":"state-visibility","fix":null,"filePath":"Benchmarks/Study_SamplesSet/0dbc325aa6f6923e3a4a925e3830c38a.sol"},{"line":454,"column":1,"severity":"Warning","message":"Variable name must be in mixedCase","ruleId":"var-name-mixedcase","fix":null,"filePath":"Benchmarks/Study_SamplesSet/0dbc325aa6f6923e3a4a925e3830c38a.sol"},{"line":455,"column":1,"severity":"Warning","message":"Function name must be in mixedCase","ruleId":"func-name-mixedcase","fix":null,"filePath":"Benchmarks/Study_SamplesSet/0dbc325aa6f6923e3a4a925e3830c38a.sol"},{"line":455,"column":24,"severity":"Warning","message":"Rule is set with explicit type [var/s: uint]","ruleId":"explicit-types","filePath":"Benchmarks/Study_SamplesSet/0dbc325aa6f6923e3a4a925e3830c38a.sol"},{"line":456,"column":2,"severity":"Warning","message":"Rule is set with explicit type [var/s: uint]","ruleId":"explicit-types","filePath":"Benchmarks/Study_SamplesSet/0dbc325aa6f6923e3a4a925e3830c38a.sol"},{"line":456,"column":16,"severity":"Error","message":"Avoid making time-based decisions in your business logic","ruleId":"not-rely-on-time","fix":null,"filePath":"Benchmarks/Study_SamplesSet/0dbc325aa6f6923e3a4a925e3830c38a.sol"},{"line":470,"column":9,"severity":"Warning","message":"Rule is set with explicit type [var/s: uint]","ruleId":"explicit-types","filePath":"Benchmarks/Study_SamplesSet/0dbc325aa6f6923e3a4a925e3830c38a.sol"},{"line":473,"column":26,"severity":"Warning","message":"Visibility modifier must be first in list of modifiers","ruleId":"visibility-modifier-order","fix":null,"filePath":"Benchmarks/Study_SamplesSet/0dbc325aa6f6923e3a4a925e3830c38a.sol"},{"line":474,"column":18,"severity":"Warning","message":"Rule is set with explicit type [var/s: uint]","ruleId":"explicit-types","filePath":"Benchmarks/Study_SamplesSet/0dbc325aa6f6923e3a4a925e3830c38a.sol"},{"line":477,"column":9,"severity":"Warning","message":"Provide an error message for require","ruleId":"reason-string","fix":null,"filePath":"Benchmarks/Study_SamplesSet/0dbc325aa6f6923e3a4a925e3830c38a.sol"},{"line":477,"column":9,"severity":"Warning","message":"Use Custom Errors instead of require statements","ruleId":"custom-errors","fix":null,"filePath":"Benchmarks/Study_SamplesSet/0dbc325aa6f6923e3a4a925e3830c38a.sol"},{"line":480,"column":27,"severity":"Error","message":"Explicitly mark all external contracts as trusted or untrusted","ruleId":"mark-callable-contracts","filePath":"Benchmarks/Study_SamplesSet/0dbc325aa6f6923e3a4a925e3830c38a.sol"},{"line":486,"column":1,"severity":"Warning","message":"Function name must be in mixedCase","ruleId":"func-name-mixedcase","fix":null,"filePath":"Benchmarks/Study_SamplesSet/0dbc325aa6f6923e3a4a925e3830c38a.sol"},{"line":487,"column":2,"severity":"Warning","message":"Rule is set with explicit type [var/s: uint]","ruleId":"explicit-types","filePath":"Benchmarks/Study_SamplesSet/0dbc325aa6f6923e3a4a925e3830c38a.sol"},{"line":487,"column":2,"severity":"Warning","message":"Variable name must be in mixedCase","ruleId":"var-name-mixedcase","fix":null,"filePath":"Benchmarks/Study_SamplesSet/0dbc325aa6f6923e3a4a925e3830c38a.sol"},{"line":488,"column":2,"severity":"Warning","message":"Provide an error message for require","ruleId":"reason-string","fix":null,"filePath":"Benchmarks/Study_SamplesSet/0dbc325aa6f6923e3a4a925e3830c38a.sol"},{"line":488,"column":2,"severity":"Warning","message":"Use Custom Errors instead of require statements","ruleId":"custom-errors","fix":null,"filePath":"Benchmarks/Study_SamplesSet/0dbc325aa6f6923e3a4a925e3830c38a.sol"},{"line":489,"column":9,"severity":"Warning","message":"Provide an error message for require","ruleId":"reason-string","fix":null,"filePath":"Benchmarks/Study_SamplesSet/0dbc325aa6f6923e3a4a925e3830c38a.sol"},{"line":489,"column":9,"severity":"Warning","message":"Use Custom Errors instead of require statements","ruleId":"custom-errors","fix":null,"filePath":"Benchmarks/Study_SamplesSet/0dbc325aa6f6923e3a4a925e3830c38a.sol"},{"line":489,"column":17,"severity":"Error","message":"Avoid making time-based decisions in your business logic","ruleId":"not-rely-on-time","fix":null,"filePath":"Benchmarks/Study_SamplesSet/0dbc325aa6f6923e3a4a925e3830c38a.sol"},{"line":490,"column":34,"severity":"Error","message":"Avoid making time-based decisions in your business logic","ruleId":"not-rely-on-time","fix":null,"filePath":"Benchmarks/Study_SamplesSet/0dbc325aa6f6923e3a4a925e3830c38a.sol"},{"line":491,"column":12,"severity":"Error","message":"Avoid making time-based decisions in your business logic","ruleId":"not-rely-on-time","fix":null,"filePath":"Benchmarks/Study_SamplesSet/0dbc325aa6f6923e3a4a925e3830c38a.sol"},{"line":504,"column":30,"severity":"Warning","message":"Rule is set with explicit type [var/s: uint]","ruleId":"explicit-types","filePath":"Benchmarks/Study_SamplesSet/0dbc325aa6f6923e3a4a925e3830c38a.sol"},{"line":507,"column":9,"severity":"Warning","message":"Provide an error message for require","ruleId":"reason-string","fix":null,"filePath":"Benchmarks/Study_SamplesSet/0dbc325aa6f6923e3a4a925e3830c38a.sol"},{"line":507,"column":9,"severity":"Warning","message":"Use Custom Errors instead of require statements","ruleId":"custom-errors","fix":null,"filePath":"Benchmarks/Study_SamplesSet/0dbc325aa6f6923e3a4a925e3830c38a.sol"},{"line":508,"column":9,"severity":"Warning","message":"Provide an error message for require","ruleId":"reason-string","fix":null,"filePath":"Benchmarks/Study_SamplesSet/0dbc325aa6f6923e3a4a925e3830c38a.sol"},{"line":508,"column":9,"severity":"Warning","message":"Use Custom Errors instead of require statements","ruleId":"custom-errors","fix":null,"filePath":"Benchmarks/Study_SamplesSet/0dbc325aa6f6923e3a4a925e3830c38a.sol"},{"line":508,"column":17,"severity":"Error","message":"Avoid making time-based decisions in your business logic","ruleId":"not-rely-on-time","fix":null,"filePath":"Benchmarks/Study_SamplesSet/0dbc325aa6f6923e3a4a925e3830c38a.sol"},{"line":514,"column":9,"severity":"Warning","message":"Rule is set with explicit type [var/s: uint]","ruleId":"explicit-types","filePath":"Benchmarks/Study_SamplesSet/0dbc325aa6f6923e3a4a925e3830c38a.sol"},{"line":515,"column":9,"severity":"Warning","message":"Rule is set with explicit type [var/s: uint]","ruleId":"explicit-types","filePath":"Benchmarks/Study_SamplesSet/0dbc325aa6f6923e3a4a925e3830c38a.sol"},{"line":516,"column":9,"severity":"Warning","message":"Rule is set with explicit type [var/s: uint]","ruleId":"explicit-types","filePath":"Benchmarks/Study_SamplesSet/0dbc325aa6f6923e3a4a925e3830c38a.sol"},{"line":518,"column":14,"severity":"Warning","message":"Rule is set with explicit type [var/s: uint]","ruleId":"explicit-types","filePath":"Benchmarks/Study_SamplesSet/0dbc325aa6f6923e3a4a925e3830c38a.sol"},{"line":520,"column":13,"severity":"Warning","message":"Rule is set with explicit type [var/s: uint]","ruleId":"explicit-types","filePath":"Benchmarks/Study_SamplesSet/0dbc325aa6f6923e3a4a925e3830c38a.sol"},{"line":530,"column":9,"severity":"Warning","message":"Provide an error message for require","ruleId":"reason-string","fix":null,"filePath":"Benchmarks/Study_SamplesSet/0dbc325aa6f6923e3a4a925e3830c38a.sol"},{"line":530,"column":9,"severity":"Warning","message":"Use Custom Errors instead of require statements","ruleId":"custom-errors","fix":null,"filePath":"Benchmarks/Study_SamplesSet/0dbc325aa6f6923e3a4a925e3830c38a.sol"},{"line":537,"column":32,"severity":"Error","message":"Avoid to use low level calls.","ruleId":"avoid-low-level-calls","fix":null,"filePath":"Benchmarks/Study_SamplesSet/0dbc325aa6f6923e3a4a925e3830c38a.sol"},{"line":537,"column":32,"severity":"Error","message":"Avoid to use \".call.value()()\"","ruleId":"avoid-call-value","fix":null,"filePath":"Benchmarks/Study_SamplesSet/0dbc325aa6f6923e3a4a925e3830c38a.sol"},{"line":538,"column":13,"severity":"Warning","message":"Provide an error message for require","ruleId":"reason-string","fix":null,"filePath":"Benchmarks/Study_SamplesSet/0dbc325aa6f6923e3a4a925e3830c38a.sol"},{"line":538,"column":13,"severity":"Warning","message":"Use Custom Errors instead of require statements","ruleId":"custom-errors","fix":null,"filePath":"Benchmarks/Study_SamplesSet/0dbc325aa6f6923e3a4a925e3830c38a.sol"},{"line":549,"column":1,"severity":"Warning","message":"Function name must be in mixedCase","ruleId":"func-name-mixedcase","fix":null,"filePath":"Benchmarks/Study_SamplesSet/0dbc325aa6f6923e3a4a925e3830c38a.sol"},{"line":549,"column":30,"severity":"Warning","message":"Visibility modifier must be first in list of modifiers","ruleId":"visibility-modifier-order","fix":null,"filePath":"Benchmarks/Study_SamplesSet/0dbc325aa6f6923e3a4a925e3830c38a.sol"},{"line":550,"column":12,"severity":"Error","message":"Avoid making time-based decisions in your business logic","ruleId":"not-rely-on-time","fix":null,"filePath":"Benchmarks/Study_SamplesSet/0dbc325aa6f6923e3a4a925e3830c38a.sol"},{"conclusion":"300 problem/s (84 error/s, 216 warning/s)"}]
