[{"line":1,"column":1,"severity":"Error","message":"Compiler version ^0.4.18 does not satisfy the ^0.8.0 semver requirement","ruleId":"compiler-version","fix":null,"filePath":"Benchmarks/Study_SamplesSet/13c35b7783bc190e74b7d3b0269f2fd7.sol"},{"line":3,"column":1,"severity":"Warning","message":"Contract, Structs and Enums should be in CamelCase","ruleId":"contract-name-camelcase","filePath":"Benchmarks/Study_SamplesSet/13c35b7783bc190e74b7d3b0269f2fd7.sol"},{"line":4,"column":744,"severity":"Error","message":"Explicitly mark visibility of state","ruleId":"state-visibility","fix":null,"filePath":"Benchmarks/Study_SamplesSet/13c35b7783bc190e74b7d3b0269f2fd7.sol"},{"line":5,"column":5,"severity":"Error","message":"Explicitly mark visibility in function","ruleId":"func-visibility","fix":null,"filePath":"Benchmarks/Study_SamplesSet/13c35b7783bc190e74b7d3b0269f2fd7.sol"},{"line":7,"column":5,"severity":"Warning","message":"Function name must be in mixedCase","ruleId":"func-name-mixedcase","fix":null,"filePath":"Benchmarks/Study_SamplesSet/13c35b7783bc190e74b7d3b0269f2fd7.sol"},{"line":7,"column":5,"severity":"Error","message":"Explicitly mark visibility in function","ruleId":"func-visibility","fix":null,"filePath":"Benchmarks/Study_SamplesSet/13c35b7783bc190e74b7d3b0269f2fd7.sol"},{"line":7,"column":69,"severity":"Error","message":"Use \"keccak256\" instead of deprecated \"sha3\"","ruleId":"avoid-sha3","filePath":"Benchmarks/Study_SamplesSet/13c35b7783bc190e74b7d3b0269f2fd7.sol"},{"line":11,"column":5,"severity":"Warning","message":"Function name must be in mixedCase","ruleId":"func-name-mixedcase","fix":null,"filePath":"Benchmarks/Study_SamplesSet/13c35b7783bc190e74b7d3b0269f2fd7.sol"},{"line":21,"column":5,"severity":"Warning","message":"Function name must be in mixedCase","ruleId":"func-name-mixedcase","fix":null,"filePath":"Benchmarks/Study_SamplesSet/13c35b7783bc190e74b7d3b0269f2fd7.sol"},{"line":25,"column":24,"severity":"Error","message":"Use \"keccak256\" instead of deprecated \"sha3\"","ruleId":"avoid-sha3","filePath":"Benchmarks/Study_SamplesSet/13c35b7783bc190e74b7d3b0269f2fd7.sol"},{"conclusion":"10 problem/s (6 error/s, 4 warning/s)"}]
