[{"line":2,"column":1,"severity":"Warning","message":"Found more than One contract per file. 11 contracts found!","ruleId":"one-contract-per-file","fix":null,"filePath":"Benchmarks/Study_SamplesSet/173c653e053a60550dcad5fb32a8b4d7.sol"},{"line":2,"column":1,"severity":"Error","message":"Compiler version ^0.4.11 does not satisfy the ^0.8.0 semver requirement","ruleId":"compiler-version","fix":null,"filePath":"Benchmarks/Study_SamplesSet/173c653e053a60550dcad5fb32a8b4d7.sol"},{"line":35,"column":3,"severity":"Error","message":"Explicitly mark visibility in function (Set ignoreConstructors to true if using solidity >=0.7.0)","ruleId":"func-visibility","fix":null,"filePath":"Benchmarks/Study_SamplesSet/173c653e053a60550dcad5fb32a8b4d7.sol"},{"line":44,"column":5,"severity":"Warning","message":"Provide an error message for require","ruleId":"reason-string","fix":null,"filePath":"Benchmarks/Study_SamplesSet/173c653e053a60550dcad5fb32a8b4d7.sol"},{"line":44,"column":5,"severity":"Warning","message":"Use Custom Errors instead of require statements","ruleId":"custom-errors","fix":null,"filePath":"Benchmarks/Study_SamplesSet/173c653e053a60550dcad5fb32a8b4d7.sol"},{"line":53,"column":58,"severity":"Warning","message":"Visibility modifier must be first in list of modifiers","ruleId":"visibility-modifier-order","fix":null,"filePath":"Benchmarks/Study_SamplesSet/173c653e053a60550dcad5fb32a8b4d7.sol"},{"line":54,"column":5,"severity":"Warning","message":"Provide an error message for require","ruleId":"reason-string","fix":null,"filePath":"Benchmarks/Study_SamplesSet/173c653e053a60550dcad5fb32a8b4d7.sol"},{"line":54,"column":5,"severity":"Warning","message":"Use Custom Errors instead of require statements","ruleId":"custom-errors","fix":null,"filePath":"Benchmarks/Study_SamplesSet/173c653e053a60550dcad5fb32a8b4d7.sol"},{"line":55,"column":5,"severity":"Error","message":"Explicitly mark all external contracts as trusted or untrusted","ruleId":"mark-callable-contracts","filePath":"Benchmarks/Study_SamplesSet/173c653e053a60550dcad5fb32a8b4d7.sol"},{"line":96,"column":3,"severity":"Error","message":"Explicitly mark visibility in function","ruleId":"func-visibility","fix":null,"filePath":"Benchmarks/Study_SamplesSet/173c653e053a60550dcad5fb32a8b4d7.sol"},{"line":96,"column":18,"severity":"Warning","message":"Rule is set with explicit type [var/s: uint]","ruleId":"explicit-types","filePath":"Benchmarks/Study_SamplesSet/173c653e053a60550dcad5fb32a8b4d7.sol"},{"line":96,"column":26,"severity":"Warning","message":"Rule is set with explicit type [var/s: uint]","ruleId":"explicit-types","filePath":"Benchmarks/Study_SamplesSet/173c653e053a60550dcad5fb32a8b4d7.sol"},{"line":96,"column":43,"severity":"Warning","message":"Rule is set with explicit type [var/s: uint]","ruleId":"explicit-types","filePath":"Benchmarks/Study_SamplesSet/173c653e053a60550dcad5fb32a8b4d7.sol"},{"line":97,"column":5,"severity":"Warning","message":"Rule is set with explicit type [var/s: uint]","ruleId":"explicit-types","filePath":"Benchmarks/Study_SamplesSet/173c653e053a60550dcad5fb32a8b4d7.sol"},{"line":102,"column":3,"severity":"Error","message":"Explicitly mark visibility in function","ruleId":"func-visibility","fix":null,"filePath":"Benchmarks/Study_SamplesSet/173c653e053a60550dcad5fb32a8b4d7.sol"},{"line":102,"column":20,"severity":"Warning","message":"Rule is set with explicit type [var/s: uint]","ruleId":"explicit-types","filePath":"Benchmarks/Study_SamplesSet/173c653e053a60550dcad5fb32a8b4d7.sol"},{"line":102,"column":28,"severity":"Warning","message":"Rule is set with explicit type [var/s: uint]","ruleId":"explicit-types","filePath":"Benchmarks/Study_SamplesSet/173c653e053a60550dcad5fb32a8b4d7.sol"},{"line":102,"column":45,"severity":"Warning","message":"Rule is set with explicit type [var/s: uint]","ruleId":"explicit-types","filePath":"Benchmarks/Study_SamplesSet/173c653e053a60550dcad5fb32a8b4d7.sol"},{"line":104,"column":5,"severity":"Warning","message":"Rule is set with explicit type [var/s: uint]","ruleId":"explicit-types","filePath":"Benchmarks/Study_SamplesSet/173c653e053a60550dcad5fb32a8b4d7.sol"},{"line":109,"column":3,"severity":"Error","message":"Explicitly mark visibility in function","ruleId":"func-visibility","fix":null,"filePath":"Benchmarks/Study_SamplesSet/173c653e053a60550dcad5fb32a8b4d7.sol"},{"line":109,"column":18,"severity":"Warning","message":"Rule is set with explicit type [var/s: uint]","ruleId":"explicit-types","filePath":"Benchmarks/Study_SamplesSet/173c653e053a60550dcad5fb32a8b4d7.sol"},{"line":109,"column":26,"severity":"Warning","message":"Rule is set with explicit type [var/s: uint]","ruleId":"explicit-types","filePath":"Benchmarks/Study_SamplesSet/173c653e053a60550dcad5fb32a8b4d7.sol"},{"line":109,"column":43,"severity":"Warning","message":"Rule is set with explicit type [var/s: uint]","ruleId":"explicit-types","filePath":"Benchmarks/Study_SamplesSet/173c653e053a60550dcad5fb32a8b4d7.sol"},{"line":114,"column":3,"severity":"Error","message":"Explicitly mark visibility in function","ruleId":"func-visibility","fix":null,"filePath":"Benchmarks/Study_SamplesSet/173c653e053a60550dcad5fb32a8b4d7.sol"},{"line":114,"column":17,"severity":"Warning","message":"Rule is set with explicit type [var/s: uint]","ruleId":"explicit-types","filePath":"Benchmarks/Study_SamplesSet/173c653e053a60550dcad5fb32a8b4d7.sol"},{"line":114,"column":25,"severity":"Warning","message":"Rule is set with explicit type [var/s: uint]","ruleId":"explicit-types","filePath":"Benchmarks/Study_SamplesSet/173c653e053a60550dcad5fb32a8b4d7.sol"},{"line":114,"column":42,"severity":"Warning","message":"Rule is set with explicit type [var/s: uint]","ruleId":"explicit-types","filePath":"Benchmarks/Study_SamplesSet/173c653e053a60550dcad5fb32a8b4d7.sol"},{"line":115,"column":5,"severity":"Warning","message":"Rule is set with explicit type [var/s: uint]","ruleId":"explicit-types","filePath":"Benchmarks/Study_SamplesSet/173c653e053a60550dcad5fb32a8b4d7.sol"},{"line":145,"column":17,"severity":"Error","message":"\"throw\" is deprecated, avoid to use it","ruleId":"avoid-throw","filePath":"Benchmarks/Study_SamplesSet/173c653e053a60550dcad5fb32a8b4d7.sol"},{"line":150,"column":40,"severity":"Error","message":"\"throw\" is deprecated, avoid to use it","ruleId":"avoid-throw","filePath":"Benchmarks/Study_SamplesSet/173c653e053a60550dcad5fb32a8b4d7.sol"},{"line":155,"column":18,"severity":"Error","message":"\"throw\" is deprecated, avoid to use it","ruleId":"avoid-throw","filePath":"Benchmarks/Study_SamplesSet/173c653e053a60550dcad5fb32a8b4d7.sol"},{"line":193,"column":19,"severity":"Warning","message":"Variable \"crowdsale\" is unused","ruleId":"no-unused-vars","fix":null,"filePath":"Benchmarks/Study_SamplesSet/173c653e053a60550dcad5fb32a8b4d7.sol"},{"line":202,"column":30,"severity":"Warning","message":"Variable \"purchaser\" is unused","ruleId":"no-unused-vars","fix":null,"filePath":"Benchmarks/Study_SamplesSet/173c653e053a60550dcad5fb32a8b4d7.sol"},{"line":217,"column":27,"severity":"Warning","message":"Rule is set with explicit type [var/s: uint]","ruleId":"explicit-types","filePath":"Benchmarks/Study_SamplesSet/173c653e053a60550dcad5fb32a8b4d7.sol"},{"line":217,"column":39,"severity":"Warning","message":"Rule is set with explicit type [var/s: uint]","ruleId":"explicit-types","filePath":"Benchmarks/Study_SamplesSet/173c653e053a60550dcad5fb32a8b4d7.sol"},{"line":217,"column":55,"severity":"Warning","message":"Rule is set with explicit type [var/s: uint]","ruleId":"explicit-types","filePath":"Benchmarks/Study_SamplesSet/173c653e053a60550dcad5fb32a8b4d7.sol"},{"line":217,"column":91,"severity":"Warning","message":"Rule is set with explicit type [var/s: uint]","ruleId":"explicit-types","filePath":"Benchmarks/Study_SamplesSet/173c653e053a60550dcad5fb32a8b4d7.sol"},{"line":217,"column":131,"severity":"Warning","message":"Rule is set with explicit type [var/s: uint]","ruleId":"explicit-types","filePath":"Benchmarks/Study_SamplesSet/173c653e053a60550dcad5fb32a8b4d7.sol"},{"line":249,"column":3,"severity":"Error","message":"Explicitly mark visibility in function","ruleId":"func-visibility","fix":null,"filePath":"Benchmarks/Study_SamplesSet/173c653e053a60550dcad5fb32a8b4d7.sol"},{"line":284,"column":3,"severity":"Warning","message":"Rule is set with explicit type [var/s: uint]","ruleId":"explicit-types","filePath":"Benchmarks/Study_SamplesSet/173c653e053a60550dcad5fb32a8b4d7.sol"},{"line":285,"column":3,"severity":"Warning","message":"Rule is set with explicit type [var/s: uint]","ruleId":"explicit-types","filePath":"Benchmarks/Study_SamplesSet/173c653e053a60550dcad5fb32a8b4d7.sol"},{"line":303,"column":1,"severity":"Warning","message":"Contract has 27 states declarations but allowed no more than 15","ruleId":"max-states-count","fix":null,"filePath":"Benchmarks/Study_SamplesSet/173c653e053a60550dcad5fb32a8b4d7.sol"},{"line":306,"column":3,"severity":"Warning","message":"Rule is set with explicit type [var/s: uint]","ruleId":"explicit-types","filePath":"Benchmarks/Study_SamplesSet/173c653e053a60550dcad5fb32a8b4d7.sol"},{"line":306,"column":3,"severity":"Warning","message":"Variable name must be in mixedCase","ruleId":"var-name-mixedcase","fix":null,"filePath":"Benchmarks/Study_SamplesSet/173c653e053a60550dcad5fb32a8b4d7.sol"},{"line":323,"column":3,"severity":"Warning","message":"Rule is set with explicit type [var/s: uint]","ruleId":"explicit-types","filePath":"Benchmarks/Study_SamplesSet/173c653e053a60550dcad5fb32a8b4d7.sol"},{"line":326,"column":3,"severity":"Warning","message":"Rule is set with explicit type [var/s: uint]","ruleId":"explicit-types","filePath":"Benchmarks/Study_SamplesSet/173c653e053a60550dcad5fb32a8b4d7.sol"},{"line":329,"column":3,"severity":"Warning","message":"Rule is set with explicit type [var/s: uint]","ruleId":"explicit-types","filePath":"Benchmarks/Study_SamplesSet/173c653e053a60550dcad5fb32a8b4d7.sol"},{"line":332,"column":3,"severity":"Warning","message":"Rule is set with explicit type [var/s: uint]","ruleId":"explicit-types","filePath":"Benchmarks/Study_SamplesSet/173c653e053a60550dcad5fb32a8b4d7.sol"},{"line":335,"column":3,"severity":"Warning","message":"Rule is set with explicit type [var/s: uint]","ruleId":"explicit-types","filePath":"Benchmarks/Study_SamplesSet/173c653e053a60550dcad5fb32a8b4d7.sol"},{"line":338,"column":3,"severity":"Warning","message":"Rule is set with explicit type [var/s: uint]","ruleId":"explicit-types","filePath":"Benchmarks/Study_SamplesSet/173c653e053a60550dcad5fb32a8b4d7.sol"},{"line":341,"column":3,"severity":"Warning","message":"Rule is set with explicit type [var/s: uint]","ruleId":"explicit-types","filePath":"Benchmarks/Study_SamplesSet/173c653e053a60550dcad5fb32a8b4d7.sol"},{"line":344,"column":3,"severity":"Warning","message":"Rule is set with explicit type [var/s: uint]","ruleId":"explicit-types","filePath":"Benchmarks/Study_SamplesSet/173c653e053a60550dcad5fb32a8b4d7.sol"},{"line":347,"column":3,"severity":"Warning","message":"Rule is set with explicit type [var/s: uint]","ruleId":"explicit-types","filePath":"Benchmarks/Study_SamplesSet/173c653e053a60550dcad5fb32a8b4d7.sol"},{"line":358,"column":3,"severity":"Warning","message":"Rule is set with explicit type [var/s: uint]","ruleId":"explicit-types","filePath":"Benchmarks/Study_SamplesSet/173c653e053a60550dcad5fb32a8b4d7.sol"},{"line":379,"column":5,"severity":"Warning","message":"Rule is set with explicit type [var/s: uint]","ruleId":"explicit-types","filePath":"Benchmarks/Study_SamplesSet/173c653e053a60550dcad5fb32a8b4d7.sol"},{"line":380,"column":5,"severity":"Warning","message":"Rule is set with explicit type [var/s: uint]","ruleId":"explicit-types","filePath":"Benchmarks/Study_SamplesSet/173c653e053a60550dcad5fb32a8b4d7.sol"},{"line":390,"column":3,"severity":"Warning","message":"Rule is set with explicit type [var/s: uint]","ruleId":"explicit-types","filePath":"Benchmarks/Study_SamplesSet/173c653e053a60550dcad5fb32a8b4d7.sol"},{"line":405,"column":36,"severity":"Warning","message":"Rule is set with explicit type [var/s: uint]","ruleId":"explicit-types","filePath":"Benchmarks/Study_SamplesSet/173c653e053a60550dcad5fb32a8b4d7.sol"},{"line":405,"column":52,"severity":"Warning","message":"Rule is set with explicit type [var/s: uint]","ruleId":"explicit-types","filePath":"Benchmarks/Study_SamplesSet/173c653e053a60550dcad5fb32a8b4d7.sol"},{"line":408,"column":34,"severity":"Warning","message":"Rule is set with explicit type [var/s: uint]","ruleId":"explicit-types","filePath":"Benchmarks/Study_SamplesSet/173c653e053a60550dcad5fb32a8b4d7.sol"},{"line":417,"column":25,"severity":"Warning","message":"Rule is set with explicit type [var/s: uint]","ruleId":"explicit-types","filePath":"Benchmarks/Study_SamplesSet/173c653e053a60550dcad5fb32a8b4d7.sol"},{"line":420,"column":23,"severity":"Warning","message":"Rule is set with explicit type [var/s: uint]","ruleId":"explicit-types","filePath":"Benchmarks/Study_SamplesSet/173c653e053a60550dcad5fb32a8b4d7.sol"},{"line":422,"column":3,"severity":"Error","message":"Explicitly mark visibility in function (Set ignoreConstructors to true if using solidity >=0.7.0)","ruleId":"func-visibility","fix":null,"filePath":"Benchmarks/Study_SamplesSet/173c653e053a60550dcad5fb32a8b4d7.sol"},{"line":422,"column":100,"severity":"Warning","message":"Rule is set with explicit type [var/s: uint]","ruleId":"explicit-types","filePath":"Benchmarks/Study_SamplesSet/173c653e053a60550dcad5fb32a8b4d7.sol"},{"line":422,"column":113,"severity":"Warning","message":"Rule is set with explicit type [var/s: uint]","ruleId":"explicit-types","filePath":"Benchmarks/Study_SamplesSet/173c653e053a60550dcad5fb32a8b4d7.sol"},{"line":422,"column":124,"severity":"Warning","message":"Rule is set with explicit type [var/s: uint]","ruleId":"explicit-types","filePath":"Benchmarks/Study_SamplesSet/173c653e053a60550dcad5fb32a8b4d7.sol"},{"line":426,"column":13,"severity":"Error","message":"Explicitly mark all external contracts as trusted or untrusted","ruleId":"mark-callable-contracts","filePath":"Benchmarks/Study_SamplesSet/173c653e053a60550dcad5fb32a8b4d7.sol"},{"line":432,"column":9,"severity":"Error","message":"\"throw\" is deprecated, avoid to use it","ruleId":"avoid-throw","filePath":"Benchmarks/Study_SamplesSet/173c653e053a60550dcad5fb32a8b4d7.sol"},{"line":436,"column":9,"severity":"Error","message":"\"throw\" is deprecated, avoid to use it","ruleId":"avoid-throw","filePath":"Benchmarks/Study_SamplesSet/173c653e053a60550dcad5fb32a8b4d7.sol"},{"line":442,"column":9,"severity":"Error","message":"\"throw\" is deprecated, avoid to use it","ruleId":"avoid-throw","filePath":"Benchmarks/Study_SamplesSet/173c653e053a60550dcad5fb32a8b4d7.sol"},{"line":449,"column":9,"severity":"Error","message":"\"throw\" is deprecated, avoid to use it","ruleId":"avoid-throw","filePath":"Benchmarks/Study_SamplesSet/173c653e053a60550dcad5fb32a8b4d7.sol"},{"line":463,"column":3,"severity":"Error","message":"Explicitly mark visibility in function","ruleId":"func-visibility","fix":null,"filePath":"Benchmarks/Study_SamplesSet/173c653e053a60550dcad5fb32a8b4d7.sol"},{"line":464,"column":5,"severity":"Error","message":"\"throw\" is deprecated, avoid to use it","ruleId":"avoid-throw","filePath":"Benchmarks/Study_SamplesSet/173c653e053a60550dcad5fb32a8b4d7.sol"},{"line":477,"column":81,"severity":"Warning","message":"Visibility modifier must be first in list of modifiers","ruleId":"visibility-modifier-order","fix":null,"filePath":"Benchmarks/Study_SamplesSet/173c653e053a60550dcad5fb32a8b4d7.sol"},{"line":482,"column":7,"severity":"Error","message":"\"throw\" is deprecated, avoid to use it","ruleId":"avoid-throw","filePath":"Benchmarks/Study_SamplesSet/173c653e053a60550dcad5fb32a8b4d7.sol"},{"line":488,"column":11,"severity":"Error","message":"\"throw\" is deprecated, avoid to use it","ruleId":"avoid-throw","filePath":"Benchmarks/Study_SamplesSet/173c653e053a60550dcad5fb32a8b4d7.sol"},{"line":493,"column":7,"severity":"Error","message":"\"throw\" is deprecated, avoid to use it","ruleId":"avoid-throw","filePath":"Benchmarks/Study_SamplesSet/173c653e053a60550dcad5fb32a8b4d7.sol"},{"line":496,"column":5,"severity":"Warning","message":"Rule is set with explicit type [var/s: uint]","ruleId":"explicit-types","filePath":"Benchmarks/Study_SamplesSet/173c653e053a60550dcad5fb32a8b4d7.sol"},{"line":499,"column":5,"severity":"Warning","message":"Rule is set with explicit type [var/s: uint]","ruleId":"explicit-types","filePath":"Benchmarks/Study_SamplesSet/173c653e053a60550dcad5fb32a8b4d7.sol"},{"line":503,"column":7,"severity":"Error","message":"\"throw\" is deprecated, avoid to use it","ruleId":"avoid-throw","filePath":"Benchmarks/Study_SamplesSet/173c653e053a60550dcad5fb32a8b4d7.sol"},{"line":509,"column":9,"severity":"Error","message":"\"throw\" is deprecated, avoid to use it","ruleId":"avoid-throw","filePath":"Benchmarks/Study_SamplesSet/173c653e053a60550dcad5fb32a8b4d7.sol"},{"line":513,"column":9,"severity":"Error","message":"\"throw\" is deprecated, avoid to use it","ruleId":"avoid-throw","filePath":"Benchmarks/Study_SamplesSet/173c653e053a60550dcad5fb32a8b4d7.sol"},{"line":518,"column":9,"severity":"Error","message":"\"throw\" is deprecated, avoid to use it","ruleId":"avoid-throw","filePath":"Benchmarks/Study_SamplesSet/173c653e053a60550dcad5fb32a8b4d7.sol"},{"line":522,"column":9,"severity":"Error","message":"\"throw\" is deprecated, avoid to use it","ruleId":"avoid-throw","filePath":"Benchmarks/Study_SamplesSet/173c653e053a60550dcad5fb32a8b4d7.sol"},{"line":545,"column":7,"severity":"Error","message":"\"throw\" is deprecated, avoid to use it","ruleId":"avoid-throw","filePath":"Benchmarks/Study_SamplesSet/173c653e053a60550dcad5fb32a8b4d7.sol"},{"line":551,"column":41,"severity":"Error","message":"\"throw\" is deprecated, avoid to use it","ruleId":"avoid-throw","filePath":"Benchmarks/Study_SamplesSet/173c653e053a60550dcad5fb32a8b4d7.sol"},{"line":554,"column":7,"severity":"Warning","message":"Rule is set with explicit type [var/s: uint]","ruleId":"explicit-types","filePath":"Benchmarks/Study_SamplesSet/173c653e053a60550dcad5fb32a8b4d7.sol"},{"line":569,"column":5,"severity":"Error","message":"Explicitly mark all external contracts as trusted or untrusted","ruleId":"mark-callable-contracts","filePath":"Benchmarks/Study_SamplesSet/173c653e053a60550dcad5fb32a8b4d7.sol"},{"line":587,"column":42,"severity":"Warning","message":"Rule is set with explicit type [var/s: uint]","ruleId":"explicit-types","filePath":"Benchmarks/Study_SamplesSet/173c653e053a60550dcad5fb32a8b4d7.sol"},{"line":587,"column":59,"severity":"Warning","message":"Rule is set with explicit type [var/s: uint]","ruleId":"explicit-types","filePath":"Benchmarks/Study_SamplesSet/173c653e053a60550dcad5fb32a8b4d7.sol"},{"line":589,"column":5,"severity":"Warning","message":"Rule is set with explicit type [var/s: uint]","ruleId":"explicit-types","filePath":"Benchmarks/Study_SamplesSet/173c653e053a60550dcad5fb32a8b4d7.sol"},{"line":590,"column":5,"severity":"Warning","message":"Rule is set with explicit type [var/s: uint]","ruleId":"explicit-types","filePath":"Benchmarks/Study_SamplesSet/173c653e053a60550dcad5fb32a8b4d7.sol"},{"line":601,"column":5,"severity":"Error","message":"Explicitly mark all external contracts as trusted or untrusted","ruleId":"mark-callable-contracts","filePath":"Benchmarks/Study_SamplesSet/173c653e053a60550dcad5fb32a8b4d7.sol"},{"line":609,"column":53,"severity":"Error","message":"\"throw\" is deprecated, avoid to use it","ruleId":"avoid-throw","filePath":"Benchmarks/Study_SamplesSet/173c653e053a60550dcad5fb32a8b4d7.sol"},{"line":610,"column":26,"severity":"Error","message":"\"throw\" is deprecated, avoid to use it","ruleId":"avoid-throw","filePath":"Benchmarks/Study_SamplesSet/173c653e053a60550dcad5fb32a8b4d7.sol"},{"line":618,"column":31,"severity":"Error","message":"\"throw\" is deprecated, avoid to use it","ruleId":"avoid-throw","filePath":"Benchmarks/Study_SamplesSet/173c653e053a60550dcad5fb32a8b4d7.sol"},{"line":619,"column":25,"severity":"Error","message":"\"throw\" is deprecated, avoid to use it","ruleId":"avoid-throw","filePath":"Benchmarks/Study_SamplesSet/173c653e053a60550dcad5fb32a8b4d7.sol"},{"line":627,"column":27,"severity":"Error","message":"\"throw\" is deprecated, avoid to use it","ruleId":"avoid-throw","filePath":"Benchmarks/Study_SamplesSet/173c653e053a60550dcad5fb32a8b4d7.sol"},{"line":628,"column":31,"severity":"Error","message":"\"throw\" is deprecated, avoid to use it","ruleId":"avoid-throw","filePath":"Benchmarks/Study_SamplesSet/173c653e053a60550dcad5fb32a8b4d7.sol"},{"line":666,"column":7,"severity":"Error","message":"\"throw\" is deprecated, avoid to use it","ruleId":"avoid-throw","filePath":"Benchmarks/Study_SamplesSet/173c653e053a60550dcad5fb32a8b4d7.sol"},{"line":682,"column":3,"severity":"Error","message":"Explicitly mark visibility in function","ruleId":"func-visibility","fix":null,"filePath":"Benchmarks/Study_SamplesSet/173c653e053a60550dcad5fb32a8b4d7.sol"},{"line":687,"column":7,"severity":"Error","message":"\"throw\" is deprecated, avoid to use it","ruleId":"avoid-throw","filePath":"Benchmarks/Study_SamplesSet/173c653e053a60550dcad5fb32a8b4d7.sol"},{"line":695,"column":3,"severity":"Error","message":"Explicitly mark visibility in function","ruleId":"func-visibility","fix":null,"filePath":"Benchmarks/Study_SamplesSet/173c653e053a60550dcad5fb32a8b4d7.sol"},{"line":697,"column":5,"severity":"Error","message":"Explicitly mark all external contracts as trusted or untrusted","ruleId":"mark-callable-contracts","filePath":"Benchmarks/Study_SamplesSet/173c653e053a60550dcad5fb32a8b4d7.sol"},{"line":706,"column":3,"severity":"Error","message":"Explicitly mark visibility in function","ruleId":"func-visibility","fix":null,"filePath":"Benchmarks/Study_SamplesSet/173c653e053a60550dcad5fb32a8b4d7.sol"},{"line":709,"column":5,"severity":"Error","message":"Explicitly mark all external contracts as trusted or untrusted","ruleId":"mark-callable-contracts","filePath":"Benchmarks/Study_SamplesSet/173c653e053a60550dcad5fb32a8b4d7.sol"},{"line":717,"column":3,"severity":"Error","message":"Explicitly mark visibility in function","ruleId":"func-visibility","fix":null,"filePath":"Benchmarks/Study_SamplesSet/173c653e053a60550dcad5fb32a8b4d7.sol"},{"line":717,"column":67,"severity":"Warning","message":"Rule is set with explicit type [var/s: uint]","ruleId":"explicit-types","filePath":"Benchmarks/Study_SamplesSet/173c653e053a60550dcad5fb32a8b4d7.sol"},{"line":717,"column":80,"severity":"Warning","message":"Rule is set with explicit type [var/s: uint]","ruleId":"explicit-types","filePath":"Benchmarks/Study_SamplesSet/173c653e053a60550dcad5fb32a8b4d7.sol"},{"line":718,"column":25,"severity":"Error","message":"\"throw\" is deprecated, avoid to use it","ruleId":"avoid-throw","filePath":"Benchmarks/Study_SamplesSet/173c653e053a60550dcad5fb32a8b4d7.sol"},{"line":719,"column":39,"severity":"Error","message":"Explicitly mark all external contracts as trusted or untrusted","ruleId":"mark-callable-contracts","filePath":"Benchmarks/Study_SamplesSet/173c653e053a60550dcad5fb32a8b4d7.sol"},{"line":720,"column":5,"severity":"Error","message":"Explicitly mark all external contracts as trusted or untrusted","ruleId":"mark-callable-contracts","filePath":"Benchmarks/Study_SamplesSet/173c653e053a60550dcad5fb32a8b4d7.sol"},{"line":723,"column":3,"severity":"Error","message":"Explicitly mark visibility in function","ruleId":"func-visibility","fix":null,"filePath":"Benchmarks/Study_SamplesSet/173c653e053a60550dcad5fb32a8b4d7.sol"},{"line":723,"column":75,"severity":"Warning","message":"Rule is set with explicit type [var/s: uint]","ruleId":"explicit-types","filePath":"Benchmarks/Study_SamplesSet/173c653e053a60550dcad5fb32a8b4d7.sol"},{"line":723,"column":91,"severity":"Warning","message":"Rule is set with explicit type [var/s: uint]","ruleId":"explicit-types","filePath":"Benchmarks/Study_SamplesSet/173c653e053a60550dcad5fb32a8b4d7.sol"},{"line":724,"column":25,"severity":"Error","message":"\"throw\" is deprecated, avoid to use it","ruleId":"avoid-throw","filePath":"Benchmarks/Study_SamplesSet/173c653e053a60550dcad5fb32a8b4d7.sol"},{"line":725,"column":10,"severity":"Warning","message":"Rule is set with explicit type [var/s: uint]","ruleId":"explicit-types","filePath":"Benchmarks/Study_SamplesSet/173c653e053a60550dcad5fb32a8b4d7.sol"},{"line":730,"column":3,"severity":"Error","message":"Explicitly mark visibility in function","ruleId":"func-visibility","fix":null,"filePath":"Benchmarks/Study_SamplesSet/173c653e053a60550dcad5fb32a8b4d7.sol"},{"line":730,"column":79,"severity":"Warning","message":"Rule is set with explicit type [var/s: uint]","ruleId":"explicit-types","filePath":"Benchmarks/Study_SamplesSet/173c653e053a60550dcad5fb32a8b4d7.sol"},{"line":731,"column":64,"severity":"Error","message":"\"throw\" is deprecated, avoid to use it","ruleId":"avoid-throw","filePath":"Benchmarks/Study_SamplesSet/173c653e053a60550dcad5fb32a8b4d7.sol"},{"line":732,"column":25,"severity":"Error","message":"\"throw\" is deprecated, avoid to use it","ruleId":"avoid-throw","filePath":"Benchmarks/Study_SamplesSet/173c653e053a60550dcad5fb32a8b4d7.sol"},{"line":733,"column":59,"severity":"Error","message":"\"throw\" is deprecated, avoid to use it","ruleId":"avoid-throw","filePath":"Benchmarks/Study_SamplesSet/173c653e053a60550dcad5fb32a8b4d7.sol"},{"line":734,"column":5,"severity":"Warning","message":"Rule is set with explicit type [var/s: uint]","ruleId":"explicit-types","filePath":"Benchmarks/Study_SamplesSet/173c653e053a60550dcad5fb32a8b4d7.sol"},{"line":736,"column":39,"severity":"Error","message":"Explicitly mark all external contracts as trusted or untrusted","ruleId":"mark-callable-contracts","filePath":"Benchmarks/Study_SamplesSet/173c653e053a60550dcad5fb32a8b4d7.sol"},{"line":739,"column":3,"severity":"Error","message":"Explicitly mark visibility in function","ruleId":"func-visibility","fix":null,"filePath":"Benchmarks/Study_SamplesSet/173c653e053a60550dcad5fb32a8b4d7.sol"},{"line":743,"column":3,"severity":"Error","message":"Explicitly mark visibility in function","ruleId":"func-visibility","fix":null,"filePath":"Benchmarks/Study_SamplesSet/173c653e053a60550dcad5fb32a8b4d7.sol"},{"line":747,"column":3,"severity":"Error","message":"Explicitly mark visibility in function","ruleId":"func-visibility","fix":null,"filePath":"Benchmarks/Study_SamplesSet/173c653e053a60550dcad5fb32a8b4d7.sol"},{"line":751,"column":3,"severity":"Error","message":"Explicitly mark visibility in function","ruleId":"func-visibility","fix":null,"filePath":"Benchmarks/Study_SamplesSet/173c653e053a60550dcad5fb32a8b4d7.sol"},{"line":753,"column":10,"severity":"Warning","message":"Rule is set with explicit type [var/s: uint]","ruleId":"explicit-types","filePath":"Benchmarks/Study_SamplesSet/173c653e053a60550dcad5fb32a8b4d7.sol"},{"line":763,"column":3,"severity":"Error","message":"Explicitly mark visibility in function","ruleId":"func-visibility","fix":null,"filePath":"Benchmarks/Study_SamplesSet/173c653e053a60550dcad5fb32a8b4d7.sol"},{"line":763,"column":24,"severity":"Warning","message":"Rule is set with explicit type [var/s: uint]","ruleId":"explicit-types","filePath":"Benchmarks/Study_SamplesSet/173c653e053a60550dcad5fb32a8b4d7.sol"},{"line":764,"column":20,"severity":"Error","message":"\"throw\" is deprecated, avoid to use it","ruleId":"avoid-throw","filePath":"Benchmarks/Study_SamplesSet/173c653e053a60550dcad5fb32a8b4d7.sol"},{"line":766,"column":23,"severity":"Error","message":"\"throw\" is deprecated, avoid to use it","ruleId":"avoid-throw","filePath":"Benchmarks/Study_SamplesSet/173c653e053a60550dcad5fb32a8b4d7.sol"},{"line":768,"column":8,"severity":"Error","message":"Avoid making time-based decisions in your business logic","ruleId":"not-rely-on-time","fix":null,"filePath":"Benchmarks/Study_SamplesSet/173c653e053a60550dcad5fb32a8b4d7.sol"},{"line":769,"column":7,"severity":"Error","message":"\"throw\" is deprecated, avoid to use it","ruleId":"avoid-throw","filePath":"Benchmarks/Study_SamplesSet/173c653e053a60550dcad5fb32a8b4d7.sol"},{"line":773,"column":7,"severity":"Error","message":"\"throw\" is deprecated, avoid to use it","ruleId":"avoid-throw","filePath":"Benchmarks/Study_SamplesSet/173c653e053a60550dcad5fb32a8b4d7.sol"},{"line":777,"column":42,"severity":"Error","message":"\"throw\" is deprecated, avoid to use it","ruleId":"avoid-throw","filePath":"Benchmarks/Study_SamplesSet/173c653e053a60550dcad5fb32a8b4d7.sol"},{"line":780,"column":5,"severity":"Error","message":"Explicitly mark all external contracts as trusted or untrusted","ruleId":"mark-callable-contracts","filePath":"Benchmarks/Study_SamplesSet/173c653e053a60550dcad5fb32a8b4d7.sol"},{"line":793,"column":3,"severity":"Error","message":"Explicitly mark visibility in function","ruleId":"func-visibility","fix":null,"filePath":"Benchmarks/Study_SamplesSet/173c653e053a60550dcad5fb32a8b4d7.sol"},{"line":793,"column":22,"severity":"Warning","message":"Rule is set with explicit type [var/s: uint]","ruleId":"explicit-types","filePath":"Benchmarks/Study_SamplesSet/173c653e053a60550dcad5fb32a8b4d7.sol"},{"line":794,"column":20,"severity":"Error","message":"\"throw\" is deprecated, avoid to use it","ruleId":"avoid-throw","filePath":"Benchmarks/Study_SamplesSet/173c653e053a60550dcad5fb32a8b4d7.sol"},{"line":796,"column":23,"severity":"Error","message":"\"throw\" is deprecated, avoid to use it","ruleId":"avoid-throw","filePath":"Benchmarks/Study_SamplesSet/173c653e053a60550dcad5fb32a8b4d7.sol"},{"line":798,"column":8,"severity":"Error","message":"Avoid making time-based decisions in your business logic","ruleId":"not-rely-on-time","fix":null,"filePath":"Benchmarks/Study_SamplesSet/173c653e053a60550dcad5fb32a8b4d7.sol"},{"line":799,"column":7,"severity":"Error","message":"\"throw\" is deprecated, avoid to use it","ruleId":"avoid-throw","filePath":"Benchmarks/Study_SamplesSet/173c653e053a60550dcad5fb32a8b4d7.sol"},{"line":803,"column":7,"severity":"Error","message":"\"throw\" is deprecated, avoid to use it","ruleId":"avoid-throw","filePath":"Benchmarks/Study_SamplesSet/173c653e053a60550dcad5fb32a8b4d7.sol"},{"line":807,"column":42,"severity":"Error","message":"\"throw\" is deprecated, avoid to use it","ruleId":"avoid-throw","filePath":"Benchmarks/Study_SamplesSet/173c653e053a60550dcad5fb32a8b4d7.sol"},{"line":809,"column":5,"severity":"Warning","message":"Rule is set with explicit type [var/s: uint]","ruleId":"explicit-types","filePath":"Benchmarks/Study_SamplesSet/173c653e053a60550dcad5fb32a8b4d7.sol"},{"line":818,"column":42,"severity":"Error","message":"\"throw\" is deprecated, avoid to use it","ruleId":"avoid-throw","filePath":"Benchmarks/Study_SamplesSet/173c653e053a60550dcad5fb32a8b4d7.sol"},{"line":823,"column":5,"severity":"Error","message":"Explicitly mark all external contracts as trusted or untrusted","ruleId":"mark-callable-contracts","filePath":"Benchmarks/Study_SamplesSet/173c653e053a60550dcad5fb32a8b4d7.sol"},{"line":831,"column":3,"severity":"Error","message":"Explicitly mark visibility in function","ruleId":"func-visibility","fix":null,"filePath":"Benchmarks/Study_SamplesSet/173c653e053a60550dcad5fb32a8b4d7.sol"},{"line":836,"column":7,"severity":"Error","message":"\"throw\" is deprecated, avoid to use it","ruleId":"avoid-throw","filePath":"Benchmarks/Study_SamplesSet/173c653e053a60550dcad5fb32a8b4d7.sol"},{"line":851,"column":7,"severity":"Error","message":"\"throw\" is deprecated, avoid to use it","ruleId":"avoid-throw","filePath":"Benchmarks/Study_SamplesSet/173c653e053a60550dcad5fb32a8b4d7.sol"},{"line":863,"column":24,"severity":"Error","message":"\"throw\" is deprecated, avoid to use it","ruleId":"avoid-throw","filePath":"Benchmarks/Study_SamplesSet/173c653e053a60550dcad5fb32a8b4d7.sol"},{"line":875,"column":24,"severity":"Error","message":"\"throw\" is deprecated, avoid to use it","ruleId":"avoid-throw","filePath":"Benchmarks/Study_SamplesSet/173c653e053a60550dcad5fb32a8b4d7.sol"},{"line":878,"column":5,"severity":"Error","message":"Explicitly mark all external contracts as trusted or untrusted","ruleId":"mark-callable-contracts","filePath":"Benchmarks/Study_SamplesSet/173c653e053a60550dcad5fb32a8b4d7.sol"},{"line":879,"column":37,"severity":"Error","message":"\"throw\" is deprecated, avoid to use it","ruleId":"avoid-throw","filePath":"Benchmarks/Study_SamplesSet/173c653e053a60550dcad5fb32a8b4d7.sol"},{"line":913,"column":14,"severity":"Error","message":"Avoid making time-based decisions in your business logic","ruleId":"not-rely-on-time","fix":null,"filePath":"Benchmarks/Study_SamplesSet/173c653e053a60550dcad5fb32a8b4d7.sol"},{"line":914,"column":14,"severity":"Error","message":"Avoid making time-based decisions in your business logic","ruleId":"not-rely-on-time","fix":null,"filePath":"Benchmarks/Study_SamplesSet/173c653e053a60550dcad5fb32a8b4d7.sol"},{"line":921,"column":3,"severity":"Error","message":"Explicitly mark visibility in function","ruleId":"func-visibility","fix":null,"filePath":"Benchmarks/Study_SamplesSet/173c653e053a60550dcad5fb32a8b4d7.sol"},{"line":921,"column":30,"severity":"Warning","message":"Rule is set with explicit type [var/s: uint]","ruleId":"explicit-types","filePath":"Benchmarks/Study_SamplesSet/173c653e053a60550dcad5fb32a8b4d7.sol"},{"line":936,"column":29,"severity":"Error","message":"\"throw\" is deprecated, avoid to use it","ruleId":"avoid-throw","filePath":"Benchmarks/Study_SamplesSet/173c653e053a60550dcad5fb32a8b4d7.sol"},{"line":960,"column":3,"severity":"Error","message":"Explicitly mark visibility in function","ruleId":"func-visibility","fix":null,"filePath":"Benchmarks/Study_SamplesSet/173c653e053a60550dcad5fb32a8b4d7.sol"},{"line":960,"column":26,"severity":"Warning","message":"Rule is set with explicit type [var/s: uint]","ruleId":"explicit-types","filePath":"Benchmarks/Study_SamplesSet/173c653e053a60550dcad5fb32a8b4d7.sol"},{"line":960,"column":42,"severity":"Warning","message":"Rule is set with explicit type [var/s: uint]","ruleId":"explicit-types","filePath":"Benchmarks/Study_SamplesSet/173c653e053a60550dcad5fb32a8b4d7.sol"},{"line":960,"column":60,"severity":"Warning","message":"Rule is set with explicit type [var/s: uint]","ruleId":"explicit-types","filePath":"Benchmarks/Study_SamplesSet/173c653e053a60550dcad5fb32a8b4d7.sol"},{"line":960,"column":81,"severity":"Warning","message":"Rule is set with explicit type [var/s: uint]","ruleId":"explicit-types","filePath":"Benchmarks/Study_SamplesSet/173c653e053a60550dcad5fb32a8b4d7.sol"},{"line":962,"column":3,"severity":"Error","message":"Explicitly mark visibility in function","ruleId":"func-visibility","fix":null,"filePath":"Benchmarks/Study_SamplesSet/173c653e053a60550dcad5fb32a8b4d7.sol"},{"line":962,"column":52,"severity":"Warning","message":"Rule is set with explicit type [var/s: uint]","ruleId":"explicit-types","filePath":"Benchmarks/Study_SamplesSet/173c653e053a60550dcad5fb32a8b4d7.sol"},{"line":972,"column":43,"severity":"Warning","message":"Rule is set with explicit type [var/s: uint]","ruleId":"explicit-types","filePath":"Benchmarks/Study_SamplesSet/173c653e053a60550dcad5fb32a8b4d7.sol"},{"line":1009,"column":13,"severity":"Error","message":"\"throw\" is deprecated, avoid to use it","ruleId":"avoid-throw","filePath":"Benchmarks/Study_SamplesSet/173c653e053a60550dcad5fb32a8b4d7.sol"},{"line":1021,"column":74,"severity":"Warning","message":"Visibility modifier must be first in list of modifiers","ruleId":"visibility-modifier-order","fix":null,"filePath":"Benchmarks/Study_SamplesSet/173c653e053a60550dcad5fb32a8b4d7.sol"},{"line":1030,"column":87,"severity":"Warning","message":"Visibility modifier must be first in list of modifiers","ruleId":"visibility-modifier-order","fix":null,"filePath":"Benchmarks/Study_SamplesSet/173c653e053a60550dcad5fb32a8b4d7.sol"},{"line":1046,"column":9,"severity":"Error","message":"\"throw\" is deprecated, avoid to use it","ruleId":"avoid-throw","filePath":"Benchmarks/Study_SamplesSet/173c653e053a60550dcad5fb32a8b4d7.sol"},{"line":1054,"column":9,"severity":"Error","message":"\"throw\" is deprecated, avoid to use it","ruleId":"avoid-throw","filePath":"Benchmarks/Study_SamplesSet/173c653e053a60550dcad5fb32a8b4d7.sol"},{"line":1059,"column":3,"severity":"Error","message":"Explicitly mark visibility in function","ruleId":"func-visibility","fix":null,"filePath":"Benchmarks/Study_SamplesSet/173c653e053a60550dcad5fb32a8b4d7.sol"},{"line":1059,"column":34,"severity":"Warning","message":"Rule is set with explicit type [var/s: uint]","ruleId":"explicit-types","filePath":"Benchmarks/Study_SamplesSet/173c653e053a60550dcad5fb32a8b4d7.sol"},{"line":1064,"column":3,"severity":"Error","message":"Explicitly mark visibility in function","ruleId":"func-visibility","fix":null,"filePath":"Benchmarks/Study_SamplesSet/173c653e053a60550dcad5fb32a8b4d7.sol"},{"line":1064,"column":53,"severity":"Warning","message":"Rule is set with explicit type [var/s: uint]","ruleId":"explicit-types","filePath":"Benchmarks/Study_SamplesSet/173c653e053a60550dcad5fb32a8b4d7.sol"},{"line":1081,"column":3,"severity":"Error","message":"Explicitly mark visibility in function (Set ignoreConstructors to true if using solidity >=0.7.0)","ruleId":"func-visibility","fix":null,"filePath":"Benchmarks/Study_SamplesSet/173c653e053a60550dcad5fb32a8b4d7.sol"},{"line":1091,"column":39,"severity":"Warning","message":"Code contains empty blocks","ruleId":"no-empty-blocks","fix":null,"filePath":"Benchmarks/Study_SamplesSet/173c653e053a60550dcad5fb32a8b4d7.sol"},{"conclusion":"180 problem/s (95 error/s, 85 warning/s)"}]
