[{"line":1,"column":1,"severity":"Warning","message":"Found more than One contract per file. 6 contracts found!","ruleId":"one-contract-per-file","fix":null,"filePath":"Benchmarks/Study_SamplesSet/17d5d4e0c845e8d9ead4d85011127c69.sol"},{"line":1,"column":1,"severity":"Error","message":"Compiler version ^0.4.17 does not satisfy the ^0.8.0 semver requirement","ruleId":"compiler-version","fix":null,"filePath":"Benchmarks/Study_SamplesSet/17d5d4e0c845e8d9ead4d85011127c69.sol"},{"line":11,"column":5,"severity":"Warning","message":"Rule is set with explicit type [var/s: uint]","ruleId":"explicit-types","filePath":"Benchmarks/Study_SamplesSet/17d5d4e0c845e8d9ead4d85011127c69.sol"},{"line":13,"column":5,"severity":"Error","message":"Explicitly mark visibility in function","ruleId":"func-visibility","fix":null,"filePath":"Benchmarks/Study_SamplesSet/17d5d4e0c845e8d9ead4d85011127c69.sol"},{"line":13,"column":54,"severity":"Warning","message":"Rule is set with explicit type [var/s: uint]","ruleId":"explicit-types","filePath":"Benchmarks/Study_SamplesSet/17d5d4e0c845e8d9ead4d85011127c69.sol"},{"line":15,"column":5,"severity":"Error","message":"Explicitly mark visibility in function","ruleId":"func-visibility","fix":null,"filePath":"Benchmarks/Study_SamplesSet/17d5d4e0c845e8d9ead4d85011127c69.sol"},{"line":15,"column":35,"severity":"Warning","message":"Rule is set with explicit type [var/s: uint]","ruleId":"explicit-types","filePath":"Benchmarks/Study_SamplesSet/17d5d4e0c845e8d9ead4d85011127c69.sol"},{"line":16,"column":62,"severity":"Warning","message":"Rule is set with explicit type [var/s: uint]","ruleId":"explicit-types","filePath":"Benchmarks/Study_SamplesSet/17d5d4e0c845e8d9ead4d85011127c69.sol"},{"line":27,"column":18,"severity":"Warning","message":"Rule is set with explicit type [var/s: uint]","ruleId":"explicit-types","filePath":"Benchmarks/Study_SamplesSet/17d5d4e0c845e8d9ead4d85011127c69.sol"},{"line":27,"column":26,"severity":"Warning","message":"Rule is set with explicit type [var/s: uint]","ruleId":"explicit-types","filePath":"Benchmarks/Study_SamplesSet/17d5d4e0c845e8d9ead4d85011127c69.sol"},{"line":27,"column":51,"severity":"Warning","message":"Rule is set with explicit type [var/s: uint]","ruleId":"explicit-types","filePath":"Benchmarks/Study_SamplesSet/17d5d4e0c845e8d9ead4d85011127c69.sol"},{"line":32,"column":18,"severity":"Warning","message":"Rule is set with explicit type [var/s: uint]","ruleId":"explicit-types","filePath":"Benchmarks/Study_SamplesSet/17d5d4e0c845e8d9ead4d85011127c69.sol"},{"line":32,"column":26,"severity":"Warning","message":"Rule is set with explicit type [var/s: uint]","ruleId":"explicit-types","filePath":"Benchmarks/Study_SamplesSet/17d5d4e0c845e8d9ead4d85011127c69.sol"},{"line":32,"column":51,"severity":"Warning","message":"Rule is set with explicit type [var/s: uint]","ruleId":"explicit-types","filePath":"Benchmarks/Study_SamplesSet/17d5d4e0c845e8d9ead4d85011127c69.sol"},{"line":33,"column":9,"severity":"Warning","message":"Rule is set with explicit type [var/s: uint]","ruleId":"explicit-types","filePath":"Benchmarks/Study_SamplesSet/17d5d4e0c845e8d9ead4d85011127c69.sol"},{"line":48,"column":13,"severity":"Error","message":"\"throw\" is deprecated, avoid to use it","ruleId":"avoid-throw","filePath":"Benchmarks/Study_SamplesSet/17d5d4e0c845e8d9ead4d85011127c69.sol"},{"line":62,"column":5,"severity":"Error","message":"Explicitly mark visibility of state","ruleId":"state-visibility","fix":null,"filePath":"Benchmarks/Study_SamplesSet/17d5d4e0c845e8d9ead4d85011127c69.sol"},{"line":62,"column":5,"severity":"Warning","message":"Rule is set with explicit type [var/s: uint]","ruleId":"explicit-types","filePath":"Benchmarks/Study_SamplesSet/17d5d4e0c845e8d9ead4d85011127c69.sol"},{"line":67,"column":30,"severity":"Warning","message":"Rule is set with explicit type [var/s: uint]","ruleId":"explicit-types","filePath":"Benchmarks/Study_SamplesSet/17d5d4e0c845e8d9ead4d85011127c69.sol"},{"line":69,"column":13,"severity":"Error","message":"\"throw\" is deprecated, avoid to use it","ruleId":"avoid-throw","filePath":"Benchmarks/Study_SamplesSet/17d5d4e0c845e8d9ead4d85011127c69.sol"},{"line":74,"column":5,"severity":"Error","message":"Explicitly mark visibility in function","ruleId":"func-visibility","fix":null,"filePath":"Benchmarks/Study_SamplesSet/17d5d4e0c845e8d9ead4d85011127c69.sol"},{"line":74,"column":36,"severity":"Warning","message":"Rule is set with explicit type [var/s: uint]","ruleId":"explicit-types","filePath":"Benchmarks/Study_SamplesSet/17d5d4e0c845e8d9ead4d85011127c69.sol"},{"line":77,"column":9,"severity":"Error","message":"Explicitly mark all external contracts as trusted or untrusted","ruleId":"mark-callable-contracts","filePath":"Benchmarks/Study_SamplesSet/17d5d4e0c845e8d9ead4d85011127c69.sol"},{"line":80,"column":5,"severity":"Error","message":"Explicitly mark visibility in function","ruleId":"func-visibility","fix":null,"filePath":"Benchmarks/Study_SamplesSet/17d5d4e0c845e8d9ead4d85011127c69.sol"},{"line":80,"column":57,"severity":"Warning","message":"Rule is set with explicit type [var/s: uint]","ruleId":"explicit-types","filePath":"Benchmarks/Study_SamplesSet/17d5d4e0c845e8d9ead4d85011127c69.sol"},{"line":92,"column":5,"severity":"Error","message":"Explicitly mark visibility in function","ruleId":"func-visibility","fix":null,"filePath":"Benchmarks/Study_SamplesSet/17d5d4e0c845e8d9ead4d85011127c69.sol"},{"line":92,"column":73,"severity":"Warning","message":"Rule is set with explicit type [var/s: uint]","ruleId":"explicit-types","filePath":"Benchmarks/Study_SamplesSet/17d5d4e0c845e8d9ead4d85011127c69.sol"},{"line":94,"column":5,"severity":"Error","message":"Explicitly mark visibility in function","ruleId":"func-visibility","fix":null,"filePath":"Benchmarks/Study_SamplesSet/17d5d4e0c845e8d9ead4d85011127c69.sol"},{"line":94,"column":53,"severity":"Warning","message":"Rule is set with explicit type [var/s: uint]","ruleId":"explicit-types","filePath":"Benchmarks/Study_SamplesSet/17d5d4e0c845e8d9ead4d85011127c69.sol"},{"line":96,"column":5,"severity":"Error","message":"Explicitly mark visibility in function","ruleId":"func-visibility","fix":null,"filePath":"Benchmarks/Study_SamplesSet/17d5d4e0c845e8d9ead4d85011127c69.sol"},{"line":96,"column":39,"severity":"Warning","message":"Rule is set with explicit type [var/s: uint]","ruleId":"explicit-types","filePath":"Benchmarks/Study_SamplesSet/17d5d4e0c845e8d9ead4d85011127c69.sol"},{"line":97,"column":68,"severity":"Warning","message":"Rule is set with explicit type [var/s: uint]","ruleId":"explicit-types","filePath":"Benchmarks/Study_SamplesSet/17d5d4e0c845e8d9ead4d85011127c69.sol"},{"line":110,"column":5,"severity":"Error","message":"Explicitly mark visibility of state","ruleId":"state-visibility","fix":null,"filePath":"Benchmarks/Study_SamplesSet/17d5d4e0c845e8d9ead4d85011127c69.sol"},{"line":110,"column":5,"severity":"Warning","message":"Rule is set with explicit type [var/s: uint]","ruleId":"explicit-types","filePath":"Benchmarks/Study_SamplesSet/17d5d4e0c845e8d9ead4d85011127c69.sol"},{"line":112,"column":5,"severity":"Error","message":"Explicitly mark visibility in function","ruleId":"func-visibility","fix":null,"filePath":"Benchmarks/Study_SamplesSet/17d5d4e0c845e8d9ead4d85011127c69.sol"},{"line":112,"column":55,"severity":"Warning","message":"Rule is set with explicit type [var/s: uint]","ruleId":"explicit-types","filePath":"Benchmarks/Study_SamplesSet/17d5d4e0c845e8d9ead4d85011127c69.sol"},{"line":121,"column":9,"severity":"Error","message":"Explicitly mark all external contracts as trusted or untrusted","ruleId":"mark-callable-contracts","filePath":"Benchmarks/Study_SamplesSet/17d5d4e0c845e8d9ead4d85011127c69.sol"},{"line":124,"column":5,"severity":"Error","message":"Explicitly mark visibility in function","ruleId":"func-visibility","fix":null,"filePath":"Benchmarks/Study_SamplesSet/17d5d4e0c845e8d9ead4d85011127c69.sol"},{"line":124,"column":40,"severity":"Warning","message":"Rule is set with explicit type [var/s: uint]","ruleId":"explicit-types","filePath":"Benchmarks/Study_SamplesSet/17d5d4e0c845e8d9ead4d85011127c69.sol"},{"line":126,"column":9,"severity":"Error","message":"Explicitly mark all external contracts as trusted or untrusted","ruleId":"mark-callable-contracts","filePath":"Benchmarks/Study_SamplesSet/17d5d4e0c845e8d9ead4d85011127c69.sol"},{"line":129,"column":5,"severity":"Error","message":"Explicitly mark visibility in function","ruleId":"func-visibility","fix":null,"filePath":"Benchmarks/Study_SamplesSet/17d5d4e0c845e8d9ead4d85011127c69.sol"},{"line":129,"column":75,"severity":"Warning","message":"Rule is set with explicit type [var/s: uint]","ruleId":"explicit-types","filePath":"Benchmarks/Study_SamplesSet/17d5d4e0c845e8d9ead4d85011127c69.sol"},{"line":135,"column":5,"severity":"Warning","message":"Constant name must be in capitalized SNAKE_CASE","ruleId":"const-name-snakecase","fix":null,"filePath":"Benchmarks/Study_SamplesSet/17d5d4e0c845e8d9ead4d85011127c69.sol"},{"line":136,"column":5,"severity":"Warning","message":"Constant name must be in capitalized SNAKE_CASE","ruleId":"const-name-snakecase","fix":null,"filePath":"Benchmarks/Study_SamplesSet/17d5d4e0c845e8d9ead4d85011127c69.sol"},{"line":137,"column":5,"severity":"Warning","message":"Constant name must be in capitalized SNAKE_CASE","ruleId":"const-name-snakecase","fix":null,"filePath":"Benchmarks/Study_SamplesSet/17d5d4e0c845e8d9ead4d85011127c69.sol"},{"line":144,"column":5,"severity":"Error","message":"Explicitly mark visibility of state","ruleId":"state-visibility","fix":null,"filePath":"Benchmarks/Study_SamplesSet/17d5d4e0c845e8d9ead4d85011127c69.sol"},{"line":144,"column":5,"severity":"Warning","message":"Variable name must be in mixedCase","ruleId":"var-name-mixedcase","fix":null,"filePath":"Benchmarks/Study_SamplesSet/17d5d4e0c845e8d9ead4d85011127c69.sol"},{"line":146,"column":5,"severity":"Error","message":"Explicitly mark visibility in function (Set ignoreConstructors to true if using solidity >=0.7.0)","ruleId":"func-visibility","fix":null,"filePath":"Benchmarks/Study_SamplesSet/17d5d4e0c845e8d9ead4d85011127c69.sol"},{"line":153,"column":9,"severity":"Warning","message":"Provide an error message for require","ruleId":"reason-string","fix":null,"filePath":"Benchmarks/Study_SamplesSet/17d5d4e0c845e8d9ead4d85011127c69.sol"},{"line":153,"column":9,"severity":"Warning","message":"Use Custom Errors instead of require statements","ruleId":"custom-errors","fix":null,"filePath":"Benchmarks/Study_SamplesSet/17d5d4e0c845e8d9ead4d85011127c69.sol"},{"line":158,"column":5,"severity":"Error","message":"Explicitly mark visibility in function","ruleId":"func-visibility","fix":null,"filePath":"Benchmarks/Study_SamplesSet/17d5d4e0c845e8d9ead4d85011127c69.sol"},{"line":158,"column":5,"severity":"Error","message":"Fallback function must be simple","ruleId":"no-complex-fallback","fix":null,"filePath":"Benchmarks/Study_SamplesSet/17d5d4e0c845e8d9ead4d85011127c69.sol"},{"line":160,"column":9,"severity":"Warning","message":"Provide an error message for require","ruleId":"reason-string","fix":null,"filePath":"Benchmarks/Study_SamplesSet/17d5d4e0c845e8d9ead4d85011127c69.sol"},{"line":160,"column":9,"severity":"Warning","message":"Use Custom Errors instead of require statements","ruleId":"custom-errors","fix":null,"filePath":"Benchmarks/Study_SamplesSet/17d5d4e0c845e8d9ead4d85011127c69.sol"},{"line":162,"column":9,"severity":"Warning","message":"Provide an error message for require","ruleId":"reason-string","fix":null,"filePath":"Benchmarks/Study_SamplesSet/17d5d4e0c845e8d9ead4d85011127c69.sol"},{"line":162,"column":9,"severity":"Warning","message":"Use Custom Errors instead of require statements","ruleId":"custom-errors","fix":null,"filePath":"Benchmarks/Study_SamplesSet/17d5d4e0c845e8d9ead4d85011127c69.sol"},{"line":164,"column":9,"severity":"Warning","message":"Provide an error message for require","ruleId":"reason-string","fix":null,"filePath":"Benchmarks/Study_SamplesSet/17d5d4e0c845e8d9ead4d85011127c69.sol"},{"line":164,"column":9,"severity":"Warning","message":"Use Custom Errors instead of require statements","ruleId":"custom-errors","fix":null,"filePath":"Benchmarks/Study_SamplesSet/17d5d4e0c845e8d9ead4d85011127c69.sol"},{"line":169,"column":9,"severity":"Error","message":"Explicitly mark all external contracts as trusted or untrusted","ruleId":"mark-callable-contracts","filePath":"Benchmarks/Study_SamplesSet/17d5d4e0c845e8d9ead4d85011127c69.sol"},{"line":172,"column":5,"severity":"Error","message":"Explicitly mark visibility in function","ruleId":"func-visibility","fix":null,"filePath":"Benchmarks/Study_SamplesSet/17d5d4e0c845e8d9ead4d85011127c69.sol"},{"line":173,"column":14,"severity":"Warning","message":"Rule is set with explicit type [var/s: uint]","ruleId":"explicit-types","filePath":"Benchmarks/Study_SamplesSet/17d5d4e0c845e8d9ead4d85011127c69.sol"},{"line":178,"column":17,"severity":"Error","message":"Explicitly mark all external contracts as trusted or untrusted","ruleId":"mark-callable-contracts","filePath":"Benchmarks/Study_SamplesSet/17d5d4e0c845e8d9ead4d85011127c69.sol"},{"conclusion":"62 problem/s (25 error/s, 37 warning/s)"}]
