[{"line":1,"column":1,"severity":"Warning","message":"Found more than One contract per file. 6 contracts found!","ruleId":"one-contract-per-file","fix":null,"filePath":"Benchmarks/Study_SamplesSet/21710e27b1c3edac6f77eab471f72c08.sol"},{"line":1,"column":1,"severity":"Error","message":"Compiler version ^0.4.18 does not satisfy the ^0.8.0 semver requirement","ruleId":"compiler-version","fix":null,"filePath":"Benchmarks/Study_SamplesSet/21710e27b1c3edac6f77eab471f72c08.sol"},{"line":14,"column":31,"severity":"Warning","message":"Provide an error message for require","ruleId":"reason-string","fix":null,"filePath":"Benchmarks/Study_SamplesSet/21710e27b1c3edac6f77eab471f72c08.sol"},{"line":14,"column":31,"severity":"Warning","message":"Use Custom Errors instead of require statements","ruleId":"custom-errors","fix":null,"filePath":"Benchmarks/Study_SamplesSet/21710e27b1c3edac6f77eab471f72c08.sol"},{"line":40,"column":53,"severity":"Warning","message":"Rule is set with explicit type [var/s: uint]","ruleId":"explicit-types","filePath":"Benchmarks/Study_SamplesSet/21710e27b1c3edac6f77eab471f72c08.sol"},{"line":48,"column":58,"severity":"Warning","message":"Rule is set with explicit type [var/s: uint]","ruleId":"explicit-types","filePath":"Benchmarks/Study_SamplesSet/21710e27b1c3edac6f77eab471f72c08.sol"},{"line":64,"column":29,"severity":"Error","message":"Use double quotes for string literals","ruleId":"quotes","filePath":"Benchmarks/Study_SamplesSet/21710e27b1c3edac6f77eab471f72c08.sol"},{"line":85,"column":5,"severity":"Warning","message":"Rule is set with explicit type [var/s: uint]","ruleId":"explicit-types","filePath":"Benchmarks/Study_SamplesSet/21710e27b1c3edac6f77eab471f72c08.sol"},{"line":88,"column":5,"severity":"Warning","message":"Rule is set with explicit type [var/s: uint]","ruleId":"explicit-types","filePath":"Benchmarks/Study_SamplesSet/21710e27b1c3edac6f77eab471f72c08.sol"},{"line":93,"column":5,"severity":"Error","message":"Explicitly mark visibility of state","ruleId":"state-visibility","fix":null,"filePath":"Benchmarks/Study_SamplesSet/21710e27b1c3edac6f77eab471f72c08.sol"},{"line":96,"column":5,"severity":"Error","message":"Explicitly mark visibility of state","ruleId":"state-visibility","fix":null,"filePath":"Benchmarks/Study_SamplesSet/21710e27b1c3edac6f77eab471f72c08.sol"},{"line":99,"column":5,"severity":"Error","message":"Explicitly mark visibility of state","ruleId":"state-visibility","fix":null,"filePath":"Benchmarks/Study_SamplesSet/21710e27b1c3edac6f77eab471f72c08.sol"},{"line":127,"column":9,"severity":"Warning","message":"Rule is set with explicit type [var/s: uint]","ruleId":"explicit-types","filePath":"Benchmarks/Study_SamplesSet/21710e27b1c3edac6f77eab471f72c08.sol"},{"line":133,"column":24,"severity":"Error","message":"Explicitly mark all external contracts as trusted or untrusted","ruleId":"mark-callable-contracts","filePath":"Benchmarks/Study_SamplesSet/21710e27b1c3edac6f77eab471f72c08.sol"},{"line":137,"column":23,"severity":"Error","message":"Explicitly mark all external contracts as trusted or untrusted","ruleId":"mark-callable-contracts","filePath":"Benchmarks/Study_SamplesSet/21710e27b1c3edac6f77eab471f72c08.sol"},{"line":153,"column":9,"severity":"Warning","message":"Provide an error message for require","ruleId":"reason-string","fix":null,"filePath":"Benchmarks/Study_SamplesSet/21710e27b1c3edac6f77eab471f72c08.sol"},{"line":153,"column":9,"severity":"Warning","message":"Use Custom Errors instead of require statements","ruleId":"custom-errors","fix":null,"filePath":"Benchmarks/Study_SamplesSet/21710e27b1c3edac6f77eab471f72c08.sol"},{"line":171,"column":13,"severity":"Warning","message":"Provide an error message for require","ruleId":"reason-string","fix":null,"filePath":"Benchmarks/Study_SamplesSet/21710e27b1c3edac6f77eab471f72c08.sol"},{"line":171,"column":13,"severity":"Warning","message":"Use Custom Errors instead of require statements","ruleId":"custom-errors","fix":null,"filePath":"Benchmarks/Study_SamplesSet/21710e27b1c3edac6f77eab471f72c08.sol"},{"line":186,"column":53,"severity":"Warning","message":"Rule is set with explicit type [var/s: uint]","ruleId":"explicit-types","filePath":"Benchmarks/Study_SamplesSet/21710e27b1c3edac6f77eab471f72c08.sol"},{"line":193,"column":12,"severity":"Warning","message":"Provide an error message for require","ruleId":"reason-string","fix":null,"filePath":"Benchmarks/Study_SamplesSet/21710e27b1c3edac6f77eab471f72c08.sol"},{"line":193,"column":12,"severity":"Warning","message":"Use Custom Errors instead of require statements","ruleId":"custom-errors","fix":null,"filePath":"Benchmarks/Study_SamplesSet/21710e27b1c3edac6f77eab471f72c08.sol"},{"line":196,"column":12,"severity":"Warning","message":"Provide an error message for require","ruleId":"reason-string","fix":null,"filePath":"Benchmarks/Study_SamplesSet/21710e27b1c3edac6f77eab471f72c08.sol"},{"line":196,"column":12,"severity":"Warning","message":"Use Custom Errors instead of require statements","ruleId":"custom-errors","fix":null,"filePath":"Benchmarks/Study_SamplesSet/21710e27b1c3edac6f77eab471f72c08.sol"},{"line":207,"column":16,"severity":"Warning","message":"Provide an error message for require","ruleId":"reason-string","fix":null,"filePath":"Benchmarks/Study_SamplesSet/21710e27b1c3edac6f77eab471f72c08.sol"},{"line":207,"column":16,"severity":"Warning","message":"Use Custom Errors instead of require statements","ruleId":"custom-errors","fix":null,"filePath":"Benchmarks/Study_SamplesSet/21710e27b1c3edac6f77eab471f72c08.sol"},{"line":207,"column":24,"severity":"Error","message":"Explicitly mark all external contracts as trusted or untrusted","ruleId":"mark-callable-contracts","filePath":"Benchmarks/Study_SamplesSet/21710e27b1c3edac6f77eab471f72c08.sol"},{"line":217,"column":12,"severity":"Warning","message":"Provide an error message for require","ruleId":"reason-string","fix":null,"filePath":"Benchmarks/Study_SamplesSet/21710e27b1c3edac6f77eab471f72c08.sol"},{"line":217,"column":12,"severity":"Warning","message":"Use Custom Errors instead of require statements","ruleId":"custom-errors","fix":null,"filePath":"Benchmarks/Study_SamplesSet/21710e27b1c3edac6f77eab471f72c08.sol"},{"line":221,"column":12,"severity":"Error","message":"Explicitly mark all external contracts as trusted or untrusted","ruleId":"mark-callable-contracts","filePath":"Benchmarks/Study_SamplesSet/21710e27b1c3edac6f77eab471f72c08.sol"},{"line":239,"column":9,"severity":"Warning","message":"Provide an error message for require","ruleId":"reason-string","fix":null,"filePath":"Benchmarks/Study_SamplesSet/21710e27b1c3edac6f77eab471f72c08.sol"},{"line":239,"column":9,"severity":"Warning","message":"Use Custom Errors instead of require statements","ruleId":"custom-errors","fix":null,"filePath":"Benchmarks/Study_SamplesSet/21710e27b1c3edac6f77eab471f72c08.sol"},{"line":245,"column":9,"severity":"Warning","message":"Provide an error message for require","ruleId":"reason-string","fix":null,"filePath":"Benchmarks/Study_SamplesSet/21710e27b1c3edac6f77eab471f72c08.sol"},{"line":245,"column":9,"severity":"Warning","message":"Use Custom Errors instead of require statements","ruleId":"custom-errors","fix":null,"filePath":"Benchmarks/Study_SamplesSet/21710e27b1c3edac6f77eab471f72c08.sol"},{"line":249,"column":13,"severity":"Warning","message":"Provide an error message for require","ruleId":"reason-string","fix":null,"filePath":"Benchmarks/Study_SamplesSet/21710e27b1c3edac6f77eab471f72c08.sol"},{"line":249,"column":13,"severity":"Warning","message":"Use Custom Errors instead of require statements","ruleId":"custom-errors","fix":null,"filePath":"Benchmarks/Study_SamplesSet/21710e27b1c3edac6f77eab471f72c08.sol"},{"line":249,"column":21,"severity":"Error","message":"Explicitly mark all external contracts as trusted or untrusted","ruleId":"mark-callable-contracts","filePath":"Benchmarks/Study_SamplesSet/21710e27b1c3edac6f77eab471f72c08.sol"},{"line":253,"column":9,"severity":"Error","message":"Explicitly mark all external contracts as trusted or untrusted","ruleId":"mark-callable-contracts","filePath":"Benchmarks/Study_SamplesSet/21710e27b1c3edac6f77eab471f72c08.sol"},{"line":276,"column":9,"severity":"Warning","message":"Provide an error message for require","ruleId":"reason-string","fix":null,"filePath":"Benchmarks/Study_SamplesSet/21710e27b1c3edac6f77eab471f72c08.sol"},{"line":276,"column":9,"severity":"Warning","message":"Use Custom Errors instead of require statements","ruleId":"custom-errors","fix":null,"filePath":"Benchmarks/Study_SamplesSet/21710e27b1c3edac6f77eab471f72c08.sol"},{"line":278,"column":9,"severity":"Error","message":"Explicitly mark all external contracts as trusted or untrusted","ruleId":"mark-callable-contracts","filePath":"Benchmarks/Study_SamplesSet/21710e27b1c3edac6f77eab471f72c08.sol"},{"line":290,"column":53,"severity":"Warning","message":"Rule is set with explicit type [var/s: uint]","ruleId":"explicit-types","filePath":"Benchmarks/Study_SamplesSet/21710e27b1c3edac6f77eab471f72c08.sol"},{"line":303,"column":42,"severity":"Warning","message":"Rule is set with explicit type [var/s: uint]","ruleId":"explicit-types","filePath":"Benchmarks/Study_SamplesSet/21710e27b1c3edac6f77eab471f72c08.sol"},{"line":304,"column":18,"severity":"Warning","message":"Rule is set with explicit type [var/s: uint]","ruleId":"explicit-types","filePath":"Benchmarks/Study_SamplesSet/21710e27b1c3edac6f77eab471f72c08.sol"},{"line":329,"column":28,"severity":"Warning","message":"Rule is set with explicit type [var/s: uint]","ruleId":"explicit-types","filePath":"Benchmarks/Study_SamplesSet/21710e27b1c3edac6f77eab471f72c08.sol"},{"line":329,"column":71,"severity":"Warning","message":"Rule is set with explicit type [var/s: uint]","ruleId":"explicit-types","filePath":"Benchmarks/Study_SamplesSet/21710e27b1c3edac6f77eab471f72c08.sol"},{"line":368,"column":9,"severity":"Warning","message":"Rule is set with explicit type [var/s: uint]","ruleId":"explicit-types","filePath":"Benchmarks/Study_SamplesSet/21710e27b1c3edac6f77eab471f72c08.sol"},{"line":384,"column":9,"severity":"Error","message":"Explicitly mark all external contracts as trusted or untrusted","ruleId":"mark-callable-contracts","filePath":"Benchmarks/Study_SamplesSet/21710e27b1c3edac6f77eab471f72c08.sol"},{"line":396,"column":45,"severity":"Warning","message":"Rule is set with explicit type [var/s: uint]","ruleId":"explicit-types","filePath":"Benchmarks/Study_SamplesSet/21710e27b1c3edac6f77eab471f72c08.sol"},{"line":398,"column":9,"severity":"Warning","message":"Rule is set with explicit type [var/s: uint]","ruleId":"explicit-types","filePath":"Benchmarks/Study_SamplesSet/21710e27b1c3edac6f77eab471f72c08.sol"},{"line":399,"column":9,"severity":"Warning","message":"Provide an error message for require","ruleId":"reason-string","fix":null,"filePath":"Benchmarks/Study_SamplesSet/21710e27b1c3edac6f77eab471f72c08.sol"},{"line":399,"column":9,"severity":"Warning","message":"Use Custom Errors instead of require statements","ruleId":"custom-errors","fix":null,"filePath":"Benchmarks/Study_SamplesSet/21710e27b1c3edac6f77eab471f72c08.sol"},{"line":400,"column":9,"severity":"Warning","message":"Rule is set with explicit type [var/s: uint]","ruleId":"explicit-types","filePath":"Benchmarks/Study_SamplesSet/21710e27b1c3edac6f77eab471f72c08.sol"},{"line":401,"column":9,"severity":"Warning","message":"Provide an error message for require","ruleId":"reason-string","fix":null,"filePath":"Benchmarks/Study_SamplesSet/21710e27b1c3edac6f77eab471f72c08.sol"},{"line":401,"column":9,"severity":"Warning","message":"Use Custom Errors instead of require statements","ruleId":"custom-errors","fix":null,"filePath":"Benchmarks/Study_SamplesSet/21710e27b1c3edac6f77eab471f72c08.sol"},{"line":404,"column":9,"severity":"Error","message":"Explicitly mark all external contracts as trusted or untrusted","ruleId":"mark-callable-contracts","filePath":"Benchmarks/Study_SamplesSet/21710e27b1c3edac6f77eab471f72c08.sol"},{"line":413,"column":44,"severity":"Warning","message":"Rule is set with explicit type [var/s: uint]","ruleId":"explicit-types","filePath":"Benchmarks/Study_SamplesSet/21710e27b1c3edac6f77eab471f72c08.sol"},{"line":414,"column":22,"severity":"Warning","message":"Visibility modifier must be first in list of modifiers","ruleId":"visibility-modifier-order","fix":null,"filePath":"Benchmarks/Study_SamplesSet/21710e27b1c3edac6f77eab471f72c08.sol"},{"line":415,"column":9,"severity":"Warning","message":"Rule is set with explicit type [var/s: uint]","ruleId":"explicit-types","filePath":"Benchmarks/Study_SamplesSet/21710e27b1c3edac6f77eab471f72c08.sol"},{"line":416,"column":9,"severity":"Warning","message":"Provide an error message for require","ruleId":"reason-string","fix":null,"filePath":"Benchmarks/Study_SamplesSet/21710e27b1c3edac6f77eab471f72c08.sol"},{"line":416,"column":9,"severity":"Warning","message":"Use Custom Errors instead of require statements","ruleId":"custom-errors","fix":null,"filePath":"Benchmarks/Study_SamplesSet/21710e27b1c3edac6f77eab471f72c08.sol"},{"line":417,"column":9,"severity":"Warning","message":"Rule is set with explicit type [var/s: uint]","ruleId":"explicit-types","filePath":"Benchmarks/Study_SamplesSet/21710e27b1c3edac6f77eab471f72c08.sol"},{"line":418,"column":9,"severity":"Warning","message":"Provide an error message for require","ruleId":"reason-string","fix":null,"filePath":"Benchmarks/Study_SamplesSet/21710e27b1c3edac6f77eab471f72c08.sol"},{"line":418,"column":9,"severity":"Warning","message":"Use Custom Errors instead of require statements","ruleId":"custom-errors","fix":null,"filePath":"Benchmarks/Study_SamplesSet/21710e27b1c3edac6f77eab471f72c08.sol"},{"line":421,"column":9,"severity":"Error","message":"Explicitly mark all external contracts as trusted or untrusted","ruleId":"mark-callable-contracts","filePath":"Benchmarks/Study_SamplesSet/21710e27b1c3edac6f77eab471f72c08.sol"},{"line":444,"column":59,"severity":"Warning","message":"Rule is set with explicit type [var/s: uint]","ruleId":"explicit-types","filePath":"Benchmarks/Study_SamplesSet/21710e27b1c3edac6f77eab471f72c08.sol"},{"line":445,"column":16,"severity":"Warning","message":"Visibility modifier must be first in list of modifiers","ruleId":"visibility-modifier-order","fix":null,"filePath":"Benchmarks/Study_SamplesSet/21710e27b1c3edac6f77eab471f72c08.sol"},{"line":445,"column":34,"severity":"Warning","message":"Rule is set with explicit type [var/s: uint]","ruleId":"explicit-types","filePath":"Benchmarks/Study_SamplesSet/21710e27b1c3edac6f77eab471f72c08.sol"},{"line":454,"column":9,"severity":"Warning","message":"Rule is set with explicit type [var/s: uint]","ruleId":"explicit-types","filePath":"Benchmarks/Study_SamplesSet/21710e27b1c3edac6f77eab471f72c08.sol"},{"line":455,"column":9,"severity":"Warning","message":"Rule is set with explicit type [var/s: uint]","ruleId":"explicit-types","filePath":"Benchmarks/Study_SamplesSet/21710e27b1c3edac6f77eab471f72c08.sol"},{"line":457,"column":13,"severity":"Warning","message":"Rule is set with explicit type [var/s: uint]","ruleId":"explicit-types","filePath":"Benchmarks/Study_SamplesSet/21710e27b1c3edac6f77eab471f72c08.sol"},{"line":471,"column":65,"severity":"Warning","message":"Rule is set with explicit type [var/s: uint]","ruleId":"explicit-types","filePath":"Benchmarks/Study_SamplesSet/21710e27b1c3edac6f77eab471f72c08.sol"},{"line":487,"column":49,"severity":"Warning","message":"Visibility modifier must be first in list of modifiers","ruleId":"visibility-modifier-order","fix":null,"filePath":"Benchmarks/Study_SamplesSet/21710e27b1c3edac6f77eab471f72c08.sol"},{"line":488,"column":9,"severity":"Warning","message":"Rule is set with explicit type [var/s: uint]","ruleId":"explicit-types","filePath":"Benchmarks/Study_SamplesSet/21710e27b1c3edac6f77eab471f72c08.sol"},{"line":490,"column":9,"severity":"Error","message":"Avoid to use inline assembly. It is acceptable only in rare cases","ruleId":"no-inline-assembly","fix":null,"filePath":"Benchmarks/Study_SamplesSet/21710e27b1c3edac6f77eab471f72c08.sol"},{"line":497,"column":39,"severity":"Warning","message":"Visibility modifier must be first in list of modifiers","ruleId":"visibility-modifier-order","fix":null,"filePath":"Benchmarks/Study_SamplesSet/21710e27b1c3edac6f77eab471f72c08.sol"},{"line":497,"column":18,"severity":"Warning","message":"Rule is set with explicit type [var/s: uint]","ruleId":"explicit-types","filePath":"Benchmarks/Study_SamplesSet/21710e27b1c3edac6f77eab471f72c08.sol"},{"line":497,"column":26,"severity":"Warning","message":"Rule is set with explicit type [var/s: uint]","ruleId":"explicit-types","filePath":"Benchmarks/Study_SamplesSet/21710e27b1c3edac6f77eab471f72c08.sol"},{"line":497,"column":57,"severity":"Warning","message":"Rule is set with explicit type [var/s: uint]","ruleId":"explicit-types","filePath":"Benchmarks/Study_SamplesSet/21710e27b1c3edac6f77eab471f72c08.sol"},{"line":504,"column":5,"severity":"Error","message":"Fallback function must be simple","ruleId":"no-complex-fallback","fix":null,"filePath":"Benchmarks/Study_SamplesSet/21710e27b1c3edac6f77eab471f72c08.sol"},{"line":505,"column":9,"severity":"Warning","message":"Provide an error message for require","ruleId":"reason-string","fix":null,"filePath":"Benchmarks/Study_SamplesSet/21710e27b1c3edac6f77eab471f72c08.sol"},{"line":505,"column":9,"severity":"Warning","message":"Use Custom Errors instead of require statements","ruleId":"custom-errors","fix":null,"filePath":"Benchmarks/Study_SamplesSet/21710e27b1c3edac6f77eab471f72c08.sol"},{"line":506,"column":9,"severity":"Warning","message":"Provide an error message for require","ruleId":"reason-string","fix":null,"filePath":"Benchmarks/Study_SamplesSet/21710e27b1c3edac6f77eab471f72c08.sol"},{"line":506,"column":9,"severity":"Warning","message":"Use Custom Errors instead of require statements","ruleId":"custom-errors","fix":null,"filePath":"Benchmarks/Study_SamplesSet/21710e27b1c3edac6f77eab471f72c08.sol"},{"line":506,"column":17,"severity":"Error","message":"Explicitly mark all external contracts as trusted or untrusted","ruleId":"mark-callable-contracts","filePath":"Benchmarks/Study_SamplesSet/21710e27b1c3edac6f77eab471f72c08.sol"},{"line":524,"column":9,"severity":"Warning","message":"Rule is set with explicit type [var/s: uint]","ruleId":"explicit-types","filePath":"Benchmarks/Study_SamplesSet/21710e27b1c3edac6f77eab471f72c08.sol"},{"line":526,"column":9,"severity":"Error","message":"Explicitly mark all external contracts as trusted or untrusted","ruleId":"mark-callable-contracts","filePath":"Benchmarks/Study_SamplesSet/21710e27b1c3edac6f77eab471f72c08.sol"},{"line":532,"column":78,"severity":"Warning","message":"Rule is set with explicit type [var/s: uint]","ruleId":"explicit-types","filePath":"Benchmarks/Study_SamplesSet/21710e27b1c3edac6f77eab471f72c08.sol"},{"line":534,"column":54,"severity":"Warning","message":"Rule is set with explicit type [var/s: uint]","ruleId":"explicit-types","filePath":"Benchmarks/Study_SamplesSet/21710e27b1c3edac6f77eab471f72c08.sol"},{"line":565,"column":9,"severity":"Warning","message":"Rule is set with explicit type [var/s: uint]","ruleId":"explicit-types","filePath":"Benchmarks/Study_SamplesSet/21710e27b1c3edac6f77eab471f72c08.sol"},{"line":598,"column":7,"severity":"Warning","message":"Visibility modifier must be first in list of modifiers","ruleId":"visibility-modifier-order","fix":null,"filePath":"Benchmarks/Study_SamplesSet/21710e27b1c3edac6f77eab471f72c08.sol"},{"conclusion":"91 problem/s (19 error/s, 72 warning/s)"}]
