[{"line":1,"column":1,"severity":"Warning","message":"Found more than One contract per file. 5 contracts found!","ruleId":"one-contract-per-file","fix":null,"filePath":"Benchmarks/Study_SamplesSet/25e61f561e1cba03a113fe7d6fedde8b.sol"},{"line":1,"column":1,"severity":"Error","message":"Compiler version ^0.4.6 does not satisfy the ^0.8.0 semver requirement","ruleId":"compiler-version","fix":null,"filePath":"Benchmarks/Study_SamplesSet/25e61f561e1cba03a113fe7d6fedde8b.sol"},{"line":3,"column":33,"severity":"Error","message":"Explicitly mark visibility in function","ruleId":"func-visibility","fix":null,"filePath":"Benchmarks/Study_SamplesSet/25e61f561e1cba03a113fe7d6fedde8b.sol"},{"line":3,"column":80,"severity":"Warning","message":"Code contains empty blocks","ruleId":"no-empty-blocks","fix":null,"filePath":"Benchmarks/Study_SamplesSet/25e61f561e1cba03a113fe7d6fedde8b.sol"},{"line":5,"column":33,"severity":"Error","message":"Explicitly mark visibility in function","ruleId":"func-visibility","fix":null,"filePath":"Benchmarks/Study_SamplesSet/25e61f561e1cba03a113fe7d6fedde8b.sol"},{"line":5,"column":88,"severity":"Warning","message":"Code contains empty blocks","ruleId":"no-empty-blocks","fix":null,"filePath":"Benchmarks/Study_SamplesSet/25e61f561e1cba03a113fe7d6fedde8b.sol"},{"line":7,"column":27,"severity":"Error","message":"Explicitly mark visibility in function","ruleId":"func-visibility","fix":null,"filePath":"Benchmarks/Study_SamplesSet/25e61f561e1cba03a113fe7d6fedde8b.sol"},{"line":7,"column":111,"severity":"Warning","message":"Rule is set with explicit type [var/s: uint]","ruleId":"explicit-types","filePath":"Benchmarks/Study_SamplesSet/25e61f561e1cba03a113fe7d6fedde8b.sol"},{"line":7,"column":175,"severity":"Warning","message":"Code contains empty blocks","ruleId":"no-empty-blocks","fix":null,"filePath":"Benchmarks/Study_SamplesSet/25e61f561e1cba03a113fe7d6fedde8b.sol"},{"line":9,"column":1,"severity":"Warning","message":"Contract has 18 states declarations but allowed no more than 15","ruleId":"max-states-count","fix":null,"filePath":"Benchmarks/Study_SamplesSet/25e61f561e1cba03a113fe7d6fedde8b.sol"},{"line":11,"column":5,"severity":"Warning","message":"Variable name must be in mixedCase","ruleId":"var-name-mixedcase","fix":null,"filePath":"Benchmarks/Study_SamplesSet/25e61f561e1cba03a113fe7d6fedde8b.sol"},{"line":14,"column":5,"severity":"Warning","message":"Rule is set with explicit type [var/s: uint]","ruleId":"explicit-types","filePath":"Benchmarks/Study_SamplesSet/25e61f561e1cba03a113fe7d6fedde8b.sol"},{"line":18,"column":5,"severity":"Warning","message":"Rule is set with explicit type [var/s: uint]","ruleId":"explicit-types","filePath":"Benchmarks/Study_SamplesSet/25e61f561e1cba03a113fe7d6fedde8b.sol"},{"line":19,"column":5,"severity":"Warning","message":"Rule is set with explicit type [var/s: uint]","ruleId":"explicit-types","filePath":"Benchmarks/Study_SamplesSet/25e61f561e1cba03a113fe7d6fedde8b.sol"},{"line":20,"column":5,"severity":"Warning","message":"Rule is set with explicit type [var/s: uint]","ruleId":"explicit-types","filePath":"Benchmarks/Study_SamplesSet/25e61f561e1cba03a113fe7d6fedde8b.sol"},{"line":21,"column":5,"severity":"Error","message":"Explicitly mark visibility of state","ruleId":"state-visibility","fix":null,"filePath":"Benchmarks/Study_SamplesSet/25e61f561e1cba03a113fe7d6fedde8b.sol"},{"line":22,"column":5,"severity":"Warning","message":"Rule is set with explicit type [var/s: uint]","ruleId":"explicit-types","filePath":"Benchmarks/Study_SamplesSet/25e61f561e1cba03a113fe7d6fedde8b.sol"},{"line":25,"column":5,"severity":"Error","message":"Explicitly mark visibility of state","ruleId":"state-visibility","fix":null,"filePath":"Benchmarks/Study_SamplesSet/25e61f561e1cba03a113fe7d6fedde8b.sol"},{"line":27,"column":5,"severity":"Warning","message":"Rule is set with explicit type [var/s: uint]","ruleId":"explicit-types","filePath":"Benchmarks/Study_SamplesSet/25e61f561e1cba03a113fe7d6fedde8b.sol"},{"line":28,"column":5,"severity":"Error","message":"Explicitly mark visibility of state","ruleId":"state-visibility","fix":null,"filePath":"Benchmarks/Study_SamplesSet/25e61f561e1cba03a113fe7d6fedde8b.sol"},{"line":30,"column":5,"severity":"Warning","message":"Rule is set with explicit type [var/s: uint]","ruleId":"explicit-types","filePath":"Benchmarks/Study_SamplesSet/25e61f561e1cba03a113fe7d6fedde8b.sol"},{"line":33,"column":40,"severity":"Warning","message":"Rule is set with explicit type [var/s: uint]","ruleId":"explicit-types","filePath":"Benchmarks/Study_SamplesSet/25e61f561e1cba03a113fe7d6fedde8b.sol"},{"line":35,"column":5,"severity":"Warning","message":"Rule is set with explicit type [var/s: uint]","ruleId":"explicit-types","filePath":"Benchmarks/Study_SamplesSet/25e61f561e1cba03a113fe7d6fedde8b.sol"},{"line":36,"column":5,"severity":"Warning","message":"Rule is set with explicit type [var/s: uint]","ruleId":"explicit-types","filePath":"Benchmarks/Study_SamplesSet/25e61f561e1cba03a113fe7d6fedde8b.sol"},{"line":37,"column":5,"severity":"Warning","message":"Rule is set with explicit type [var/s: uint]","ruleId":"explicit-types","filePath":"Benchmarks/Study_SamplesSet/25e61f561e1cba03a113fe7d6fedde8b.sol"},{"line":39,"column":5,"severity":"Error","message":"Explicitly mark visibility in function","ruleId":"func-visibility","fix":null,"filePath":"Benchmarks/Study_SamplesSet/25e61f561e1cba03a113fe7d6fedde8b.sol"},{"line":39,"column":43,"severity":"Warning","message":"Rule is set with explicit type [var/s: uint]","ruleId":"explicit-types","filePath":"Benchmarks/Study_SamplesSet/25e61f561e1cba03a113fe7d6fedde8b.sol"},{"line":41,"column":5,"severity":"Error","message":"Explicitly mark visibility in function (Set ignoreConstructors to true if using solidity >=0.7.0)","ruleId":"func-visibility","fix":null,"filePath":"Benchmarks/Study_SamplesSet/25e61f561e1cba03a113fe7d6fedde8b.sol"},{"line":41,"column":58,"severity":"Warning","message":"Rule is set with explicit type [var/s: uint]","ruleId":"explicit-types","filePath":"Benchmarks/Study_SamplesSet/25e61f561e1cba03a113fe7d6fedde8b.sol"},{"line":41,"column":75,"severity":"Warning","message":"Rule is set with explicit type [var/s: uint]","ruleId":"explicit-types","filePath":"Benchmarks/Study_SamplesSet/25e61f561e1cba03a113fe7d6fedde8b.sol"},{"line":41,"column":94,"severity":"Warning","message":"Rule is set with explicit type [var/s: uint]","ruleId":"explicit-types","filePath":"Benchmarks/Study_SamplesSet/25e61f561e1cba03a113fe7d6fedde8b.sol"},{"line":41,"column":119,"severity":"Warning","message":"Rule is set with explicit type [var/s: uint]","ruleId":"explicit-types","filePath":"Benchmarks/Study_SamplesSet/25e61f561e1cba03a113fe7d6fedde8b.sol"},{"line":41,"column":142,"severity":"Warning","message":"Rule is set with explicit type [var/s: uint]","ruleId":"explicit-types","filePath":"Benchmarks/Study_SamplesSet/25e61f561e1cba03a113fe7d6fedde8b.sol"},{"line":44,"column":19,"severity":"Error","message":"Use \"keccak256\" instead of deprecated \"sha3\"","ruleId":"avoid-sha3","filePath":"Benchmarks/Study_SamplesSet/25e61f561e1cba03a113fe7d6fedde8b.sol"},{"line":44,"column":24,"severity":"Error","message":"Do not rely on \"block.blockhash\". Miners can influence its value.","ruleId":"not-rely-on-block-hash","fix":null,"filePath":"Benchmarks/Study_SamplesSet/25e61f561e1cba03a113fe7d6fedde8b.sol"},{"line":48,"column":26,"severity":"Error","message":"Explicitly mark all external contracts as trusted or untrusted","ruleId":"mark-callable-contracts","filePath":"Benchmarks/Study_SamplesSet/25e61f561e1cba03a113fe7d6fedde8b.sol"},{"line":49,"column":9,"severity":"Error","message":"Explicitly mark all external contracts as trusted or untrusted","ruleId":"mark-callable-contracts","filePath":"Benchmarks/Study_SamplesSet/25e61f561e1cba03a113fe7d6fedde8b.sol"},{"line":49,"column":15,"severity":"Error","message":"Explicitly mark all external contracts as trusted or untrusted","ruleId":"mark-callable-contracts","filePath":"Benchmarks/Study_SamplesSet/25e61f561e1cba03a113fe7d6fedde8b.sol"},{"line":51,"column":5,"severity":"Error","message":"Explicitly mark visibility in function","ruleId":"func-visibility","fix":null,"filePath":"Benchmarks/Study_SamplesSet/25e61f561e1cba03a113fe7d6fedde8b.sol"},{"line":52,"column":27,"severity":"Error","message":"Explicitly mark all external contracts as trusted or untrusted","ruleId":"mark-callable-contracts","filePath":"Benchmarks/Study_SamplesSet/25e61f561e1cba03a113fe7d6fedde8b.sol"},{"line":55,"column":5,"severity":"Error","message":"Explicitly mark visibility in function","ruleId":"func-visibility","fix":null,"filePath":"Benchmarks/Study_SamplesSet/25e61f561e1cba03a113fe7d6fedde8b.sol"},{"line":56,"column":13,"severity":"Error","message":"Avoid making time-based decisions in your business logic","ruleId":"not-rely-on-time","fix":null,"filePath":"Benchmarks/Study_SamplesSet/25e61f561e1cba03a113fe7d6fedde8b.sol"},{"line":58,"column":37,"severity":"Error","message":"\"throw\" is deprecated, avoid to use it","ruleId":"avoid-throw","filePath":"Benchmarks/Study_SamplesSet/25e61f561e1cba03a113fe7d6fedde8b.sol"},{"line":62,"column":21,"severity":"Error","message":"Use \"keccak256\" instead of deprecated \"sha3\"","ruleId":"avoid-sha3","filePath":"Benchmarks/Study_SamplesSet/25e61f561e1cba03a113fe7d6fedde8b.sol"},{"line":62,"column":47,"severity":"Error","message":"Do not rely on \"block.blockhash\". Miners can influence its value.","ruleId":"not-rely-on-block-hash","fix":null,"filePath":"Benchmarks/Study_SamplesSet/25e61f561e1cba03a113fe7d6fedde8b.sol"},{"line":67,"column":9,"severity":"Error","message":"Explicitly mark all external contracts as trusted or untrusted","ruleId":"mark-callable-contracts","filePath":"Benchmarks/Study_SamplesSet/25e61f561e1cba03a113fe7d6fedde8b.sol"},{"line":71,"column":5,"severity":"Error","message":"Explicitly mark visibility in function","ruleId":"func-visibility","fix":null,"filePath":"Benchmarks/Study_SamplesSet/25e61f561e1cba03a113fe7d6fedde8b.sol"},{"line":72,"column":14,"severity":"Error","message":"Avoid making time-based decisions in your business logic","ruleId":"not-rely-on-time","fix":null,"filePath":"Benchmarks/Study_SamplesSet/25e61f561e1cba03a113fe7d6fedde8b.sol"},{"line":73,"column":13,"severity":"Error","message":"Avoid making time-based decisions in your business logic","ruleId":"not-rely-on-time","fix":null,"filePath":"Benchmarks/Study_SamplesSet/25e61f561e1cba03a113fe7d6fedde8b.sol"},{"line":74,"column":42,"severity":"Error","message":"\"throw\" is deprecated, avoid to use it","ruleId":"avoid-throw","filePath":"Benchmarks/Study_SamplesSet/25e61f561e1cba03a113fe7d6fedde8b.sol"},{"line":76,"column":28,"severity":"Warning","message":"Rule is set with explicit type [var/s: uint]","ruleId":"explicit-types","filePath":"Benchmarks/Study_SamplesSet/25e61f561e1cba03a113fe7d6fedde8b.sol"},{"line":76,"column":28,"severity":"Warning","message":"Rule is set with explicit type [var/s: uint]","ruleId":"explicit-types","filePath":"Benchmarks/Study_SamplesSet/25e61f561e1cba03a113fe7d6fedde8b.sol"},{"line":76,"column":9,"severity":"Warning","message":"Rule is set with explicit type [var/s: uint]","ruleId":"explicit-types","filePath":"Benchmarks/Study_SamplesSet/25e61f561e1cba03a113fe7d6fedde8b.sol"},{"line":79,"column":17,"severity":"Warning","message":"Rule is set with explicit type [var/s: uint]","ruleId":"explicit-types","filePath":"Benchmarks/Study_SamplesSet/25e61f561e1cba03a113fe7d6fedde8b.sol"},{"line":93,"column":14,"severity":"Error","message":"Avoid making time-based decisions in your business logic","ruleId":"not-rely-on-time","fix":null,"filePath":"Benchmarks/Study_SamplesSet/25e61f561e1cba03a113fe7d6fedde8b.sol"},{"line":94,"column":13,"severity":"Error","message":"Avoid making time-based decisions in your business logic","ruleId":"not-rely-on-time","fix":null,"filePath":"Benchmarks/Study_SamplesSet/25e61f561e1cba03a113fe7d6fedde8b.sol"},{"line":95,"column":58,"severity":"Error","message":"\"throw\" is deprecated, avoid to use it","ruleId":"avoid-throw","filePath":"Benchmarks/Study_SamplesSet/25e61f561e1cba03a113fe7d6fedde8b.sol"},{"line":97,"column":46,"severity":"Error","message":"\"throw\" is deprecated, avoid to use it","ruleId":"avoid-throw","filePath":"Benchmarks/Study_SamplesSet/25e61f561e1cba03a113fe7d6fedde8b.sol"},{"line":98,"column":9,"severity":"Warning","message":"Rule is set with explicit type [var/s: uint]","ruleId":"explicit-types","filePath":"Benchmarks/Study_SamplesSet/25e61f561e1cba03a113fe7d6fedde8b.sol"},{"line":102,"column":39,"severity":"Error","message":"Use \"keccak256\" instead of deprecated \"sha3\"","ruleId":"avoid-sha3","filePath":"Benchmarks/Study_SamplesSet/25e61f561e1cba03a113fe7d6fedde8b.sol"},{"line":105,"column":5,"severity":"Error","message":"Explicitly mark visibility in function","ruleId":"func-visibility","fix":null,"filePath":"Benchmarks/Study_SamplesSet/25e61f561e1cba03a113fe7d6fedde8b.sol"},{"line":106,"column":51,"severity":"Error","message":"\"throw\" is deprecated, avoid to use it","ruleId":"avoid-throw","filePath":"Benchmarks/Study_SamplesSet/25e61f561e1cba03a113fe7d6fedde8b.sol"},{"line":107,"column":9,"severity":"Error","message":"Explicitly mark all external contracts as trusted or untrusted","ruleId":"mark-callable-contracts","filePath":"Benchmarks/Study_SamplesSet/25e61f561e1cba03a113fe7d6fedde8b.sol"},{"line":114,"column":5,"severity":"Error","message":"Explicitly mark visibility in function","ruleId":"func-visibility","fix":null,"filePath":"Benchmarks/Study_SamplesSet/25e61f561e1cba03a113fe7d6fedde8b.sol"},{"line":114,"column":69,"severity":"Warning","message":"Rule is set with explicit type [var/s: uint]","ruleId":"explicit-types","filePath":"Benchmarks/Study_SamplesSet/25e61f561e1cba03a113fe7d6fedde8b.sol"},{"line":114,"column":86,"severity":"Warning","message":"Rule is set with explicit type [var/s: uint]","ruleId":"explicit-types","filePath":"Benchmarks/Study_SamplesSet/25e61f561e1cba03a113fe7d6fedde8b.sol"},{"line":114,"column":105,"severity":"Warning","message":"Rule is set with explicit type [var/s: uint]","ruleId":"explicit-types","filePath":"Benchmarks/Study_SamplesSet/25e61f561e1cba03a113fe7d6fedde8b.sol"},{"line":114,"column":130,"severity":"Warning","message":"Rule is set with explicit type [var/s: uint]","ruleId":"explicit-types","filePath":"Benchmarks/Study_SamplesSet/25e61f561e1cba03a113fe7d6fedde8b.sol"},{"line":114,"column":153,"severity":"Warning","message":"Rule is set with explicit type [var/s: uint]","ruleId":"explicit-types","filePath":"Benchmarks/Study_SamplesSet/25e61f561e1cba03a113fe7d6fedde8b.sol"},{"conclusion":"69 problem/s (35 error/s, 34 warning/s)"}]
