[{"line":5,"column":1,"severity":"Warning","message":"Found more than One contract per file. 2 contracts found!","ruleId":"one-contract-per-file","fix":null,"filePath":"Benchmarks/Study_SamplesSet/2c5c8d27c7b2b5a156bdfb8ca4f84f98.sol"},{"line":5,"column":1,"severity":"Error","message":"Compiler version ^0.4.15 does not satisfy the ^0.8.0 semver requirement","ruleId":"compiler-version","fix":null,"filePath":"Benchmarks/Study_SamplesSet/2c5c8d27c7b2b5a156bdfb8ca4f84f98.sol"},{"line":7,"column":1,"severity":"Warning","message":"Contract, Structs and Enums should be in CamelCase","ruleId":"contract-name-camelcase","filePath":"Benchmarks/Study_SamplesSet/2c5c8d27c7b2b5a156bdfb8ca4f84f98.sol"},{"line":10,"column":3,"severity":"Error","message":"Explicitly mark visibility in function (Set ignoreConstructors to true if using solidity >=0.7.0)","ruleId":"func-visibility","fix":null,"filePath":"Benchmarks/Study_SamplesSet/2c5c8d27c7b2b5a156bdfb8ca4f84f98.sol"},{"line":13,"column":32,"severity":"Warning","message":"Provide an error message for revert","ruleId":"reason-string","fix":null,"filePath":"Benchmarks/Study_SamplesSet/2c5c8d27c7b2b5a156bdfb8ca4f84f98.sol"},{"line":13,"column":32,"severity":"Warning","message":"Use Custom Errors instead of revert statements","ruleId":"custom-errors","fix":null,"filePath":"Benchmarks/Study_SamplesSet/2c5c8d27c7b2b5a156bdfb8ca4f84f98.sol"},{"line":17,"column":3,"severity":"Error","message":"Explicitly mark visibility in function","ruleId":"func-visibility","fix":null,"filePath":"Benchmarks/Study_SamplesSet/2c5c8d27c7b2b5a156bdfb8ca4f84f98.sol"},{"line":21,"column":3,"severity":"Error","message":"Explicitly mark visibility in function","ruleId":"func-visibility","fix":null,"filePath":"Benchmarks/Study_SamplesSet/2c5c8d27c7b2b5a156bdfb8ca4f84f98.sol"},{"line":28,"column":3,"severity":"Error","message":"Explicitly mark visibility in function","ruleId":"func-visibility","fix":null,"filePath":"Benchmarks/Study_SamplesSet/2c5c8d27c7b2b5a156bdfb8ca4f84f98.sol"},{"line":29,"column":3,"severity":"Error","message":"Explicitly mark visibility in function","ruleId":"func-visibility","fix":null,"filePath":"Benchmarks/Study_SamplesSet/2c5c8d27c7b2b5a156bdfb8ca4f84f98.sol"},{"line":29,"column":57,"severity":"Warning","message":"Rule is set with explicit type [var/s: uint]","ruleId":"explicit-types","filePath":"Benchmarks/Study_SamplesSet/2c5c8d27c7b2b5a156bdfb8ca4f84f98.sol"},{"line":34,"column":3,"severity":"Warning","message":"Rule is set with explicit type [var/s: uint]","ruleId":"explicit-types","filePath":"Benchmarks/Study_SamplesSet/2c5c8d27c7b2b5a156bdfb8ca4f84f98.sol"},{"line":35,"column":3,"severity":"Warning","message":"Rule is set with explicit type [var/s: uint]","ruleId":"explicit-types","filePath":"Benchmarks/Study_SamplesSet/2c5c8d27c7b2b5a156bdfb8ca4f84f98.sol"},{"line":36,"column":3,"severity":"Warning","message":"Rule is set with explicit type [var/s: uint]","ruleId":"explicit-types","filePath":"Benchmarks/Study_SamplesSet/2c5c8d27c7b2b5a156bdfb8ca4f84f98.sol"},{"line":40,"column":3,"severity":"Error","message":"Explicitly mark visibility in function (Set ignoreConstructors to true if using solidity >=0.7.0)","ruleId":"func-visibility","fix":null,"filePath":"Benchmarks/Study_SamplesSet/2c5c8d27c7b2b5a156bdfb8ca4f84f98.sol"},{"line":40,"column":21,"severity":"Warning","message":"Code contains empty blocks","ruleId":"no-empty-blocks","fix":null,"filePath":"Benchmarks/Study_SamplesSet/2c5c8d27c7b2b5a156bdfb8ca4f84f98.sol"},{"line":42,"column":3,"severity":"Error","message":"Explicitly mark visibility in function","ruleId":"func-visibility","fix":null,"filePath":"Benchmarks/Study_SamplesSet/2c5c8d27c7b2b5a156bdfb8ca4f84f98.sol"},{"line":44,"column":17,"severity":"Error","message":"Explicitly mark all external contracts as trusted or untrusted","ruleId":"mark-callable-contracts","filePath":"Benchmarks/Study_SamplesSet/2c5c8d27c7b2b5a156bdfb8ca4f84f98.sol"},{"line":47,"column":3,"severity":"Error","message":"Explicitly mark visibility in function","ruleId":"func-visibility","fix":null,"filePath":"Benchmarks/Study_SamplesSet/2c5c8d27c7b2b5a156bdfb8ca4f84f98.sol"},{"line":47,"column":3,"severity":"Error","message":"Fallback function must be simple","ruleId":"no-complex-fallback","fix":null,"filePath":"Benchmarks/Study_SamplesSet/2c5c8d27c7b2b5a156bdfb8ca4f84f98.sol"},{"line":48,"column":9,"severity":"Error","message":"Avoid making time-based decisions in your business logic","ruleId":"not-rely-on-time","fix":null,"filePath":"Benchmarks/Study_SamplesSet/2c5c8d27c7b2b5a156bdfb8ca4f84f98.sol"},{"line":48,"column":28,"severity":"Error","message":"Avoid making time-based decisions in your business logic","ruleId":"not-rely-on-time","fix":null,"filePath":"Benchmarks/Study_SamplesSet/2c5c8d27c7b2b5a156bdfb8ca4f84f98.sol"},{"line":49,"column":7,"severity":"Warning","message":"Provide an error message for revert","ruleId":"reason-string","fix":null,"filePath":"Benchmarks/Study_SamplesSet/2c5c8d27c7b2b5a156bdfb8ca4f84f98.sol"},{"line":49,"column":7,"severity":"Warning","message":"Use Custom Errors instead of revert statements","ruleId":"custom-errors","fix":null,"filePath":"Benchmarks/Study_SamplesSet/2c5c8d27c7b2b5a156bdfb8ca4f84f98.sol"},{"line":53,"column":5,"severity":"Warning","message":"Rule is set with explicit type [var/s: uint]","ruleId":"explicit-types","filePath":"Benchmarks/Study_SamplesSet/2c5c8d27c7b2b5a156bdfb8ca4f84f98.sol"},{"line":57,"column":7,"severity":"Warning","message":"Provide an error message for revert","ruleId":"reason-string","fix":null,"filePath":"Benchmarks/Study_SamplesSet/2c5c8d27c7b2b5a156bdfb8ca4f84f98.sol"},{"line":57,"column":7,"severity":"Warning","message":"Use Custom Errors instead of revert statements","ruleId":"custom-errors","fix":null,"filePath":"Benchmarks/Study_SamplesSet/2c5c8d27c7b2b5a156bdfb8ca4f84f98.sol"},{"line":63,"column":3,"severity":"Error","message":"Explicitly mark visibility in function","ruleId":"func-visibility","fix":null,"filePath":"Benchmarks/Study_SamplesSet/2c5c8d27c7b2b5a156bdfb8ca4f84f98.sol"},{"line":64,"column":10,"severity":"Error","message":"Avoid making time-based decisions in your business logic","ruleId":"not-rely-on-time","fix":null,"filePath":"Benchmarks/Study_SamplesSet/2c5c8d27c7b2b5a156bdfb8ca4f84f98.sol"},{"line":65,"column":7,"severity":"Warning","message":"Provide an error message for revert","ruleId":"reason-string","fix":null,"filePath":"Benchmarks/Study_SamplesSet/2c5c8d27c7b2b5a156bdfb8ca4f84f98.sol"},{"line":65,"column":7,"severity":"Warning","message":"Use Custom Errors instead of revert statements","ruleId":"custom-errors","fix":null,"filePath":"Benchmarks/Study_SamplesSet/2c5c8d27c7b2b5a156bdfb8ca4f84f98.sol"},{"line":70,"column":3,"severity":"Error","message":"Explicitly mark visibility in function","ruleId":"func-visibility","fix":null,"filePath":"Benchmarks/Study_SamplesSet/2c5c8d27c7b2b5a156bdfb8ca4f84f98.sol"},{"line":70,"column":22,"severity":"Warning","message":"Rule is set with explicit type [var/s: uint]","ruleId":"explicit-types","filePath":"Benchmarks/Study_SamplesSet/2c5c8d27c7b2b5a156bdfb8ca4f84f98.sol"},{"line":72,"column":14,"severity":"Error","message":"Check result of \"send\" call","ruleId":"check-send-result","fix":null,"filePath":"Benchmarks/Study_SamplesSet/2c5c8d27c7b2b5a156bdfb8ca4f84f98.sol"},{"line":77,"column":3,"severity":"Error","message":"Explicitly mark visibility in function","ruleId":"func-visibility","fix":null,"filePath":"Benchmarks/Study_SamplesSet/2c5c8d27c7b2b5a156bdfb8ca4f84f98.sol"},{"line":77,"column":37,"severity":"Warning","message":"Rule is set with explicit type [var/s: uint]","ruleId":"explicit-types","filePath":"Benchmarks/Study_SamplesSet/2c5c8d27c7b2b5a156bdfb8ca4f84f98.sol"},{"line":78,"column":5,"severity":"Warning","message":"Rule is set with explicit type [var/s: uint]","ruleId":"explicit-types","filePath":"Benchmarks/Study_SamplesSet/2c5c8d27c7b2b5a156bdfb8ca4f84f98.sol"},{"line":78,"column":20,"severity":"Error","message":"Avoid making time-based decisions in your business logic","ruleId":"not-rely-on-time","fix":null,"filePath":"Benchmarks/Study_SamplesSet/2c5c8d27c7b2b5a156bdfb8ca4f84f98.sol"},{"line":90,"column":3,"severity":"Error","message":"Explicitly mark visibility in function","ruleId":"func-visibility","fix":null,"filePath":"Benchmarks/Study_SamplesSet/2c5c8d27c7b2b5a156bdfb8ca4f84f98.sol"},{"line":96,"column":3,"severity":"Error","message":"Explicitly mark visibility in function","ruleId":"func-visibility","fix":null,"filePath":"Benchmarks/Study_SamplesSet/2c5c8d27c7b2b5a156bdfb8ca4f84f98.sol"},{"conclusion":"40 problem/s (21 error/s, 19 warning/s)"}]
