[{"line":1,"column":1,"severity":"Warning","message":"Found more than One contract per file. 7 contracts found!","ruleId":"one-contract-per-file","fix":null,"filePath":"Benchmarks/Study_SamplesSet/2cfeb75bbf870e90403fea1e81f6f681.sol"},{"line":1,"column":1,"severity":"Error","message":"Compiler version ^0.4.13 does not satisfy the ^0.8.0 semver requirement","ruleId":"compiler-version","fix":null,"filePath":"Benchmarks/Study_SamplesSet/2cfeb75bbf870e90403fea1e81f6f681.sol"},{"line":40,"column":3,"severity":"Error","message":"Explicitly mark visibility in function (Set ignoreConstructors to true if using solidity >=0.7.0)","ruleId":"func-visibility","fix":null,"filePath":"Benchmarks/Study_SamplesSet/2cfeb75bbf870e90403fea1e81f6f681.sol"},{"line":49,"column":5,"severity":"Warning","message":"Provide an error message for require","ruleId":"reason-string","fix":null,"filePath":"Benchmarks/Study_SamplesSet/2cfeb75bbf870e90403fea1e81f6f681.sol"},{"line":49,"column":5,"severity":"Warning","message":"Use Custom Errors instead of require statements","ruleId":"custom-errors","fix":null,"filePath":"Benchmarks/Study_SamplesSet/2cfeb75bbf870e90403fea1e81f6f681.sol"},{"line":58,"column":58,"severity":"Warning","message":"Visibility modifier must be first in list of modifiers","ruleId":"visibility-modifier-order","fix":null,"filePath":"Benchmarks/Study_SamplesSet/2cfeb75bbf870e90403fea1e81f6f681.sol"},{"line":59,"column":5,"severity":"Warning","message":"Provide an error message for require","ruleId":"reason-string","fix":null,"filePath":"Benchmarks/Study_SamplesSet/2cfeb75bbf870e90403fea1e81f6f681.sol"},{"line":59,"column":5,"severity":"Warning","message":"Use Custom Errors instead of require statements","ruleId":"custom-errors","fix":null,"filePath":"Benchmarks/Study_SamplesSet/2cfeb75bbf870e90403fea1e81f6f681.sol"},{"line":60,"column":5,"severity":"Error","message":"Explicitly mark all external contracts as trusted or untrusted","ruleId":"mark-callable-contracts","filePath":"Benchmarks/Study_SamplesSet/2cfeb75bbf870e90403fea1e81f6f681.sol"},{"line":76,"column":3,"severity":"Error","message":"Explicitly mark visibility of state","ruleId":"state-visibility","fix":null,"filePath":"Benchmarks/Study_SamplesSet/2cfeb75bbf870e90403fea1e81f6f681.sol"},{"line":84,"column":5,"severity":"Warning","message":"Provide an error message for require","ruleId":"reason-string","fix":null,"filePath":"Benchmarks/Study_SamplesSet/2cfeb75bbf870e90403fea1e81f6f681.sol"},{"line":84,"column":5,"severity":"Warning","message":"Use Custom Errors instead of require statements","ruleId":"custom-errors","fix":null,"filePath":"Benchmarks/Study_SamplesSet/2cfeb75bbf870e90403fea1e81f6f681.sol"},{"line":89,"column":5,"severity":"Error","message":"Explicitly mark all external contracts as trusted or untrusted","ruleId":"mark-callable-contracts","filePath":"Benchmarks/Study_SamplesSet/2cfeb75bbf870e90403fea1e81f6f681.sol"},{"line":113,"column":3,"severity":"Error","message":"Explicitly mark visibility of state","ruleId":"state-visibility","fix":null,"filePath":"Benchmarks/Study_SamplesSet/2cfeb75bbf870e90403fea1e81f6f681.sol"},{"line":123,"column":5,"severity":"Warning","message":"Provide an error message for require","ruleId":"reason-string","fix":null,"filePath":"Benchmarks/Study_SamplesSet/2cfeb75bbf870e90403fea1e81f6f681.sol"},{"line":123,"column":5,"severity":"Warning","message":"Use Custom Errors instead of require statements","ruleId":"custom-errors","fix":null,"filePath":"Benchmarks/Study_SamplesSet/2cfeb75bbf870e90403fea1e81f6f681.sol"},{"line":133,"column":5,"severity":"Error","message":"Explicitly mark all external contracts as trusted or untrusted","ruleId":"mark-callable-contracts","filePath":"Benchmarks/Study_SamplesSet/2cfeb75bbf870e90403fea1e81f6f681.sol"},{"line":149,"column":5,"severity":"Error","message":"Explicitly mark all external contracts as trusted or untrusted","ruleId":"mark-callable-contracts","filePath":"Benchmarks/Study_SamplesSet/2cfeb75bbf870e90403fea1e81f6f681.sol"},{"line":169,"column":3,"severity":"Error","message":"Explicitly mark visibility in function","ruleId":"func-visibility","fix":null,"filePath":"Benchmarks/Study_SamplesSet/2cfeb75bbf870e90403fea1e81f6f681.sol"},{"line":169,"column":48,"severity":"Warning","message":"Rule is set with explicit type [var/s: uint]","ruleId":"explicit-types","filePath":"Benchmarks/Study_SamplesSet/2cfeb75bbf870e90403fea1e81f6f681.sol"},{"line":172,"column":5,"severity":"Error","message":"Explicitly mark all external contracts as trusted or untrusted","ruleId":"mark-callable-contracts","filePath":"Benchmarks/Study_SamplesSet/2cfeb75bbf870e90403fea1e81f6f681.sol"},{"line":176,"column":3,"severity":"Error","message":"Explicitly mark visibility in function","ruleId":"func-visibility","fix":null,"filePath":"Benchmarks/Study_SamplesSet/2cfeb75bbf870e90403fea1e81f6f681.sol"},{"line":176,"column":48,"severity":"Warning","message":"Rule is set with explicit type [var/s: uint]","ruleId":"explicit-types","filePath":"Benchmarks/Study_SamplesSet/2cfeb75bbf870e90403fea1e81f6f681.sol"},{"line":178,"column":5,"severity":"Warning","message":"Rule is set with explicit type [var/s: uint]","ruleId":"explicit-types","filePath":"Benchmarks/Study_SamplesSet/2cfeb75bbf870e90403fea1e81f6f681.sol"},{"line":184,"column":5,"severity":"Error","message":"Explicitly mark all external contracts as trusted or untrusted","ruleId":"mark-callable-contracts","filePath":"Benchmarks/Study_SamplesSet/2cfeb75bbf870e90403fea1e81f6f681.sol"},{"line":209,"column":5,"severity":"Error","message":"Explicitly mark visibility in function (Set ignoreConstructors to true if using solidity >=0.7.0)","ruleId":"func-visibility","fix":null,"filePath":"Benchmarks/Study_SamplesSet/2cfeb75bbf870e90403fea1e81f6f681.sol"},{"line":209,"column":33,"severity":"Warning","message":"Code contains empty blocks","ruleId":"no-empty-blocks","fix":null,"filePath":"Benchmarks/Study_SamplesSet/2cfeb75bbf870e90403fea1e81f6f681.sol"},{"line":232,"column":9,"severity":"Warning","message":"Provide an error message for require","ruleId":"reason-string","fix":null,"filePath":"Benchmarks/Study_SamplesSet/2cfeb75bbf870e90403fea1e81f6f681.sol"},{"line":232,"column":9,"severity":"Warning","message":"Use Custom Errors instead of require statements","ruleId":"custom-errors","fix":null,"filePath":"Benchmarks/Study_SamplesSet/2cfeb75bbf870e90403fea1e81f6f681.sol"},{"line":233,"column":9,"severity":"Warning","message":"Provide an error message for require","ruleId":"reason-string","fix":null,"filePath":"Benchmarks/Study_SamplesSet/2cfeb75bbf870e90403fea1e81f6f681.sol"},{"line":233,"column":9,"severity":"Warning","message":"Use Custom Errors instead of require statements","ruleId":"custom-errors","fix":null,"filePath":"Benchmarks/Study_SamplesSet/2cfeb75bbf870e90403fea1e81f6f681.sol"},{"line":234,"column":9,"severity":"Warning","message":"Provide an error message for require","ruleId":"reason-string","fix":null,"filePath":"Benchmarks/Study_SamplesSet/2cfeb75bbf870e90403fea1e81f6f681.sol"},{"line":234,"column":9,"severity":"Warning","message":"Use Custom Errors instead of require statements","ruleId":"custom-errors","fix":null,"filePath":"Benchmarks/Study_SamplesSet/2cfeb75bbf870e90403fea1e81f6f681.sol"},{"line":235,"column":9,"severity":"Warning","message":"Provide an error message for require","ruleId":"reason-string","fix":null,"filePath":"Benchmarks/Study_SamplesSet/2cfeb75bbf870e90403fea1e81f6f681.sol"},{"line":235,"column":9,"severity":"Warning","message":"Use Custom Errors instead of require statements","ruleId":"custom-errors","fix":null,"filePath":"Benchmarks/Study_SamplesSet/2cfeb75bbf870e90403fea1e81f6f681.sol"},{"line":248,"column":9,"severity":"Error","message":"Explicitly mark all external contracts as trusted or untrusted","ruleId":"mark-callable-contracts","filePath":"Benchmarks/Study_SamplesSet/2cfeb75bbf870e90403fea1e81f6f681.sol"},{"line":251,"column":5,"severity":"Error","message":"Explicitly mark visibility in function","ruleId":"func-visibility","fix":null,"filePath":"Benchmarks/Study_SamplesSet/2cfeb75bbf870e90403fea1e81f6f681.sol"},{"line":266,"column":9,"severity":"Error","message":"Explicitly mark all external contracts as trusted or untrusted","ruleId":"mark-callable-contracts","filePath":"Benchmarks/Study_SamplesSet/2cfeb75bbf870e90403fea1e81f6f681.sol"},{"line":270,"column":9,"severity":"Warning","message":"Provide an error message for require","ruleId":"reason-string","fix":null,"filePath":"Benchmarks/Study_SamplesSet/2cfeb75bbf870e90403fea1e81f6f681.sol"},{"line":270,"column":9,"severity":"Warning","message":"Use Custom Errors instead of require statements","ruleId":"custom-errors","fix":null,"filePath":"Benchmarks/Study_SamplesSet/2cfeb75bbf870e90403fea1e81f6f681.sol"},{"line":275,"column":9,"severity":"Error","message":"Explicitly mark all external contracts as trusted or untrusted","ruleId":"mark-callable-contracts","filePath":"Benchmarks/Study_SamplesSet/2cfeb75bbf870e90403fea1e81f6f681.sol"},{"line":279,"column":9,"severity":"Warning","message":"Provide an error message for require","ruleId":"reason-string","fix":null,"filePath":"Benchmarks/Study_SamplesSet/2cfeb75bbf870e90403fea1e81f6f681.sol"},{"line":279,"column":9,"severity":"Warning","message":"Use Custom Errors instead of require statements","ruleId":"custom-errors","fix":null,"filePath":"Benchmarks/Study_SamplesSet/2cfeb75bbf870e90403fea1e81f6f681.sol"},{"line":280,"column":9,"severity":"Warning","message":"Provide an error message for require","ruleId":"reason-string","fix":null,"filePath":"Benchmarks/Study_SamplesSet/2cfeb75bbf870e90403fea1e81f6f681.sol"},{"line":280,"column":9,"severity":"Warning","message":"Use Custom Errors instead of require statements","ruleId":"custom-errors","fix":null,"filePath":"Benchmarks/Study_SamplesSet/2cfeb75bbf870e90403fea1e81f6f681.sol"},{"line":285,"column":9,"severity":"Error","message":"Explicitly mark all external contracts as trusted or untrusted","ruleId":"mark-callable-contracts","filePath":"Benchmarks/Study_SamplesSet/2cfeb75bbf870e90403fea1e81f6f681.sol"},{"conclusion":"46 problem/s (18 error/s, 28 warning/s)"}]
