[{"line":1,"column":1,"severity":"Error","message":"Compiler version ^0.5.0 does not satisfy the ^0.8.0 semver requirement","ruleId":"compiler-version","fix":null,"filePath":"Benchmarks/Study_SamplesSet/2fe5ca683c5d5ad2d40f3ead3f43d5eb.sol"},{"line":4,"column":5,"severity":"Error","message":"Explicitly mark visibility of state","ruleId":"state-visibility","fix":null,"filePath":"Benchmarks/Study_SamplesSet/2fe5ca683c5d5ad2d40f3ead3f43d5eb.sol"},{"line":4,"column":5,"severity":"Warning","message":"Rule is set with explicit type [var/s: uint]","ruleId":"explicit-types","filePath":"Benchmarks/Study_SamplesSet/2fe5ca683c5d5ad2d40f3ead3f43d5eb.sol"},{"line":7,"column":22,"severity":"Warning","message":"Rule is set with explicit type [var/s: uint]","ruleId":"explicit-types","filePath":"Benchmarks/Study_SamplesSet/2fe5ca683c5d5ad2d40f3ead3f43d5eb.sol"},{"line":8,"column":9,"severity":"Warning","message":"Use Custom Errors instead of require statements","ruleId":"custom-errors","fix":null,"filePath":"Benchmarks/Study_SamplesSet/2fe5ca683c5d5ad2d40f3ead3f43d5eb.sol"},{"line":8,"column":38,"severity":"Error","message":"Use double quotes for string literals","ruleId":"quotes","filePath":"Benchmarks/Study_SamplesSet/2fe5ca683c5d5ad2d40f3ead3f43d5eb.sol"},{"conclusion":"6 problem/s (3 error/s, 3 warning/s)"}]
