[{"line":1,"column":1,"severity":"Warning","message":"Found more than One contract per file. 6 contracts found!","ruleId":"one-contract-per-file","fix":null,"filePath":"Benchmarks/Study_SamplesSet/31ad0f5defdf4b7398e6dac0486526c1.sol"},{"line":1,"column":1,"severity":"Error","message":"Compiler version ^0.4.4 does not satisfy the ^0.8.0 semver requirement","ruleId":"compiler-version","fix":null,"filePath":"Benchmarks/Study_SamplesSet/31ad0f5defdf4b7398e6dac0486526c1.sol"},{"line":30,"column":5,"severity":"Error","message":"Explicitly mark visibility in function","ruleId":"func-visibility","fix":null,"filePath":"Benchmarks/Study_SamplesSet/31ad0f5defdf4b7398e6dac0486526c1.sol"},{"line":30,"column":46,"severity":"Warning","message":"Rule is set with explicit type [var/s: uint]","ruleId":"explicit-types","filePath":"Benchmarks/Study_SamplesSet/31ad0f5defdf4b7398e6dac0486526c1.sol"},{"line":31,"column":5,"severity":"Error","message":"Explicitly mark visibility in function","ruleId":"func-visibility","fix":null,"filePath":"Benchmarks/Study_SamplesSet/31ad0f5defdf4b7398e6dac0486526c1.sol"},{"line":31,"column":58,"severity":"Warning","message":"Rule is set with explicit type [var/s: uint]","ruleId":"explicit-types","filePath":"Benchmarks/Study_SamplesSet/31ad0f5defdf4b7398e6dac0486526c1.sol"},{"line":32,"column":5,"severity":"Error","message":"Explicitly mark visibility in function","ruleId":"func-visibility","fix":null,"filePath":"Benchmarks/Study_SamplesSet/31ad0f5defdf4b7398e6dac0486526c1.sol"},{"line":32,"column":36,"severity":"Warning","message":"Rule is set with explicit type [var/s: uint]","ruleId":"explicit-types","filePath":"Benchmarks/Study_SamplesSet/31ad0f5defdf4b7398e6dac0486526c1.sol"},{"line":33,"column":5,"severity":"Error","message":"Explicitly mark visibility in function","ruleId":"func-visibility","fix":null,"filePath":"Benchmarks/Study_SamplesSet/31ad0f5defdf4b7398e6dac0486526c1.sol"},{"line":33,"column":55,"severity":"Warning","message":"Rule is set with explicit type [var/s: uint]","ruleId":"explicit-types","filePath":"Benchmarks/Study_SamplesSet/31ad0f5defdf4b7398e6dac0486526c1.sol"},{"line":34,"column":5,"severity":"Error","message":"Explicitly mark visibility in function","ruleId":"func-visibility","fix":null,"filePath":"Benchmarks/Study_SamplesSet/31ad0f5defdf4b7398e6dac0486526c1.sol"},{"line":34,"column":40,"severity":"Warning","message":"Rule is set with explicit type [var/s: uint]","ruleId":"explicit-types","filePath":"Benchmarks/Study_SamplesSet/31ad0f5defdf4b7398e6dac0486526c1.sol"},{"line":35,"column":5,"severity":"Error","message":"Explicitly mark visibility in function","ruleId":"func-visibility","fix":null,"filePath":"Benchmarks/Study_SamplesSet/31ad0f5defdf4b7398e6dac0486526c1.sol"},{"line":35,"column":76,"severity":"Warning","message":"Rule is set with explicit type [var/s: uint]","ruleId":"explicit-types","filePath":"Benchmarks/Study_SamplesSet/31ad0f5defdf4b7398e6dac0486526c1.sol"},{"line":36,"column":64,"severity":"Warning","message":"Rule is set with explicit type [var/s: uint]","ruleId":"explicit-types","filePath":"Benchmarks/Study_SamplesSet/31ad0f5defdf4b7398e6dac0486526c1.sol"},{"line":37,"column":70,"severity":"Warning","message":"Rule is set with explicit type [var/s: uint]","ruleId":"explicit-types","filePath":"Benchmarks/Study_SamplesSet/31ad0f5defdf4b7398e6dac0486526c1.sol"},{"line":44,"column":5,"severity":"Error","message":"Explicitly mark visibility in function (Set ignoreConstructors to true if using solidity >=0.7.0)","ruleId":"func-visibility","fix":null,"filePath":"Benchmarks/Study_SamplesSet/31ad0f5defdf4b7398e6dac0486526c1.sol"},{"line":49,"column":34,"severity":"Error","message":"\"throw\" is deprecated, avoid to use it","ruleId":"avoid-throw","filePath":"Benchmarks/Study_SamplesSet/31ad0f5defdf4b7398e6dac0486526c1.sol"},{"line":54,"column":78,"severity":"Error","message":"\"throw\" is deprecated, avoid to use it","ruleId":"avoid-throw","filePath":"Benchmarks/Study_SamplesSet/31ad0f5defdf4b7398e6dac0486526c1.sol"},{"line":58,"column":5,"severity":"Error","message":"Explicitly mark visibility in function","ruleId":"func-visibility","fix":null,"filePath":"Benchmarks/Study_SamplesSet/31ad0f5defdf4b7398e6dac0486526c1.sol"},{"line":59,"column":9,"severity":"Error","message":"Explicitly mark all external contracts as trusted or untrusted","ruleId":"mark-callable-contracts","filePath":"Benchmarks/Study_SamplesSet/31ad0f5defdf4b7398e6dac0486526c1.sol"},{"line":90,"column":5,"severity":"Error","message":"Explicitly mark visibility in function (Set ignoreConstructors to true if using solidity >=0.7.0)","ruleId":"func-visibility","fix":null,"filePath":"Benchmarks/Study_SamplesSet/31ad0f5defdf4b7398e6dac0486526c1.sol"},{"line":104,"column":9,"severity":"Error","message":"Explicitly mark all external contracts as trusted or untrusted","ruleId":"mark-callable-contracts","filePath":"Benchmarks/Study_SamplesSet/31ad0f5defdf4b7398e6dac0486526c1.sol"},{"line":115,"column":5,"severity":"Error","message":"Explicitly mark visibility in function","ruleId":"func-visibility","fix":null,"filePath":"Benchmarks/Study_SamplesSet/31ad0f5defdf4b7398e6dac0486526c1.sol"},{"line":121,"column":9,"severity":"Error","message":"Explicitly mark all external contracts as trusted or untrusted","ruleId":"mark-callable-contracts","filePath":"Benchmarks/Study_SamplesSet/31ad0f5defdf4b7398e6dac0486526c1.sol"},{"line":145,"column":5,"severity":"Error","message":"Explicitly mark visibility in function","ruleId":"func-visibility","fix":null,"filePath":"Benchmarks/Study_SamplesSet/31ad0f5defdf4b7398e6dac0486526c1.sol"},{"line":146,"column":9,"severity":"Error","message":"Explicitly mark all external contracts as trusted or untrusted","ruleId":"mark-callable-contracts","filePath":"Benchmarks/Study_SamplesSet/31ad0f5defdf4b7398e6dac0486526c1.sol"},{"line":159,"column":5,"severity":"Error","message":"Explicitly mark visibility in function","ruleId":"func-visibility","fix":null,"filePath":"Benchmarks/Study_SamplesSet/31ad0f5defdf4b7398e6dac0486526c1.sol"},{"line":160,"column":9,"severity":"Error","message":"Explicitly mark all external contracts as trusted or untrusted","ruleId":"mark-callable-contracts","filePath":"Benchmarks/Study_SamplesSet/31ad0f5defdf4b7398e6dac0486526c1.sol"},{"line":179,"column":5,"severity":"Error","message":"Explicitly mark visibility in function","ruleId":"func-visibility","fix":null,"filePath":"Benchmarks/Study_SamplesSet/31ad0f5defdf4b7398e6dac0486526c1.sol"},{"line":184,"column":13,"severity":"Error","message":"\"throw\" is deprecated, avoid to use it","ruleId":"avoid-throw","filePath":"Benchmarks/Study_SamplesSet/31ad0f5defdf4b7398e6dac0486526c1.sol"},{"line":186,"column":9,"severity":"Error","message":"Explicitly mark all external contracts as trusted or untrusted","ruleId":"mark-callable-contracts","filePath":"Benchmarks/Study_SamplesSet/31ad0f5defdf4b7398e6dac0486526c1.sol"},{"line":202,"column":5,"severity":"Error","message":"Explicitly mark visibility in function","ruleId":"func-visibility","fix":null,"filePath":"Benchmarks/Study_SamplesSet/31ad0f5defdf4b7398e6dac0486526c1.sol"},{"line":206,"column":9,"severity":"Error","message":"Explicitly mark all external contracts as trusted or untrusted","ruleId":"mark-callable-contracts","filePath":"Benchmarks/Study_SamplesSet/31ad0f5defdf4b7398e6dac0486526c1.sol"},{"line":217,"column":5,"severity":"Error","message":"Explicitly mark visibility in function","ruleId":"func-visibility","fix":null,"filePath":"Benchmarks/Study_SamplesSet/31ad0f5defdf4b7398e6dac0486526c1.sol"},{"line":219,"column":13,"severity":"Error","message":"Explicitly mark all external contracts as trusted or untrusted","ruleId":"mark-callable-contracts","filePath":"Benchmarks/Study_SamplesSet/31ad0f5defdf4b7398e6dac0486526c1.sol"},{"line":220,"column":20,"severity":"Error","message":"Check result of \"send\" call","ruleId":"check-send-result","fix":null,"filePath":"Benchmarks/Study_SamplesSet/31ad0f5defdf4b7398e6dac0486526c1.sol"},{"line":239,"column":5,"severity":"Error","message":"Explicitly mark visibility in function","ruleId":"func-visibility","fix":null,"filePath":"Benchmarks/Study_SamplesSet/31ad0f5defdf4b7398e6dac0486526c1.sol"},{"line":244,"column":13,"severity":"Error","message":"\"throw\" is deprecated, avoid to use it","ruleId":"avoid-throw","filePath":"Benchmarks/Study_SamplesSet/31ad0f5defdf4b7398e6dac0486526c1.sol"},{"line":247,"column":13,"severity":"Error","message":"Explicitly mark all external contracts as trusted or untrusted","ruleId":"mark-callable-contracts","filePath":"Benchmarks/Study_SamplesSet/31ad0f5defdf4b7398e6dac0486526c1.sol"},{"line":263,"column":5,"severity":"Error","message":"Explicitly mark visibility in function","ruleId":"func-visibility","fix":null,"filePath":"Benchmarks/Study_SamplesSet/31ad0f5defdf4b7398e6dac0486526c1.sol"},{"line":266,"column":13,"severity":"Warning","message":"Rule is set with explicit type [var/s: uint]","ruleId":"explicit-types","filePath":"Benchmarks/Study_SamplesSet/31ad0f5defdf4b7398e6dac0486526c1.sol"},{"line":268,"column":13,"severity":"Warning","message":"Rule is set with explicit type [var/s: uint]","ruleId":"explicit-types","filePath":"Benchmarks/Study_SamplesSet/31ad0f5defdf4b7398e6dac0486526c1.sol"},{"line":268,"column":13,"severity":"Warning","message":"Variable name must be in mixedCase","ruleId":"var-name-mixedcase","fix":null,"filePath":"Benchmarks/Study_SamplesSet/31ad0f5defdf4b7398e6dac0486526c1.sol"},{"line":275,"column":47,"severity":"Error","message":"\"throw\" is deprecated, avoid to use it","ruleId":"avoid-throw","filePath":"Benchmarks/Study_SamplesSet/31ad0f5defdf4b7398e6dac0486526c1.sol"},{"line":278,"column":72,"severity":"Error","message":"\"throw\" is deprecated, avoid to use it","ruleId":"avoid-throw","filePath":"Benchmarks/Study_SamplesSet/31ad0f5defdf4b7398e6dac0486526c1.sol"},{"line":280,"column":13,"severity":"Error","message":"Explicitly mark all external contracts as trusted or untrusted","ruleId":"mark-callable-contracts","filePath":"Benchmarks/Study_SamplesSet/31ad0f5defdf4b7398e6dac0486526c1.sol"},{"line":283,"column":19,"severity":"Error","message":"Avoid multiple calls of \"send\" method in single transaction","ruleId":"multiple-sends","fix":null,"filePath":"Benchmarks/Study_SamplesSet/31ad0f5defdf4b7398e6dac0486526c1.sol"},{"line":283,"column":47,"severity":"Error","message":"\"throw\" is deprecated, avoid to use it","ruleId":"avoid-throw","filePath":"Benchmarks/Study_SamplesSet/31ad0f5defdf4b7398e6dac0486526c1.sol"},{"line":303,"column":5,"severity":"Error","message":"Explicitly mark visibility in function","ruleId":"func-visibility","fix":null,"filePath":"Benchmarks/Study_SamplesSet/31ad0f5defdf4b7398e6dac0486526c1.sol"},{"line":307,"column":13,"severity":"Warning","message":"Variable name must be in mixedCase","ruleId":"var-name-mixedcase","fix":null,"filePath":"Benchmarks/Study_SamplesSet/31ad0f5defdf4b7398e6dac0486526c1.sol"},{"line":315,"column":91,"severity":"Error","message":"\"throw\" is deprecated, avoid to use it","ruleId":"avoid-throw","filePath":"Benchmarks/Study_SamplesSet/31ad0f5defdf4b7398e6dac0486526c1.sol"},{"line":317,"column":57,"severity":"Error","message":"\"throw\" is deprecated, avoid to use it","ruleId":"avoid-throw","filePath":"Benchmarks/Study_SamplesSet/31ad0f5defdf4b7398e6dac0486526c1.sol"},{"line":319,"column":13,"severity":"Error","message":"Explicitly mark all external contracts as trusted or untrusted","ruleId":"mark-callable-contracts","filePath":"Benchmarks/Study_SamplesSet/31ad0f5defdf4b7398e6dac0486526c1.sol"},{"line":324,"column":5,"severity":"Error","message":"Explicitly mark visibility in function","ruleId":"func-visibility","fix":null,"filePath":"Benchmarks/Study_SamplesSet/31ad0f5defdf4b7398e6dac0486526c1.sol"},{"line":337,"column":5,"severity":"Error","message":"Explicitly mark visibility of state","ruleId":"state-visibility","fix":null,"filePath":"Benchmarks/Study_SamplesSet/31ad0f5defdf4b7398e6dac0486526c1.sol"},{"line":353,"column":5,"severity":"Error","message":"Explicitly mark visibility in function","ruleId":"func-visibility","fix":null,"filePath":"Benchmarks/Study_SamplesSet/31ad0f5defdf4b7398e6dac0486526c1.sol"},{"line":408,"column":5,"severity":"Error","message":"Explicitly mark visibility in function","ruleId":"func-visibility","fix":null,"filePath":"Benchmarks/Study_SamplesSet/31ad0f5defdf4b7398e6dac0486526c1.sol"},{"line":417,"column":27,"severity":"Error","message":"\"throw\" is deprecated, avoid to use it","ruleId":"avoid-throw","filePath":"Benchmarks/Study_SamplesSet/31ad0f5defdf4b7398e6dac0486526c1.sol"},{"line":422,"column":9,"severity":"Warning","message":"Variable \"allowance\" is unused","ruleId":"no-unused-vars","fix":null,"filePath":"Benchmarks/Study_SamplesSet/31ad0f5defdf4b7398e6dac0486526c1.sol"},{"line":424,"column":46,"severity":"Error","message":"\"throw\" is deprecated, avoid to use it","ruleId":"avoid-throw","filePath":"Benchmarks/Study_SamplesSet/31ad0f5defdf4b7398e6dac0486526c1.sol"},{"line":426,"column":36,"severity":"Error","message":"\"throw\" is deprecated, avoid to use it","ruleId":"avoid-throw","filePath":"Benchmarks/Study_SamplesSet/31ad0f5defdf4b7398e6dac0486526c1.sol"},{"line":428,"column":25,"severity":"Error","message":"\"throw\" is deprecated, avoid to use it","ruleId":"avoid-throw","filePath":"Benchmarks/Study_SamplesSet/31ad0f5defdf4b7398e6dac0486526c1.sol"},{"line":440,"column":9,"severity":"Error","message":"Explicitly mark all external contracts as trusted or untrusted","ruleId":"mark-callable-contracts","filePath":"Benchmarks/Study_SamplesSet/31ad0f5defdf4b7398e6dac0486526c1.sol"},{"line":441,"column":9,"severity":"Error","message":"Explicitly mark all external contracts as trusted or untrusted","ruleId":"mark-callable-contracts","filePath":"Benchmarks/Study_SamplesSet/31ad0f5defdf4b7398e6dac0486526c1.sol"},{"line":454,"column":5,"severity":"Error","message":"Explicitly mark visibility in function","ruleId":"func-visibility","fix":null,"filePath":"Benchmarks/Study_SamplesSet/31ad0f5defdf4b7398e6dac0486526c1.sol"},{"line":455,"column":9,"severity":"Error","message":"Explicitly mark all external contracts as trusted or untrusted","ruleId":"mark-callable-contracts","filePath":"Benchmarks/Study_SamplesSet/31ad0f5defdf4b7398e6dac0486526c1.sol"},{"line":460,"column":5,"severity":"Warning","message":"Fallback should be external and payable to accept native currency","ruleId":"payable-fallback","filePath":"Benchmarks/Study_SamplesSet/31ad0f5defdf4b7398e6dac0486526c1.sol"},{"line":460,"column":5,"severity":"Error","message":"Explicitly mark visibility in function","ruleId":"func-visibility","fix":null,"filePath":"Benchmarks/Study_SamplesSet/31ad0f5defdf4b7398e6dac0486526c1.sol"},{"line":461,"column":9,"severity":"Error","message":"\"throw\" is deprecated, avoid to use it","ruleId":"avoid-throw","filePath":"Benchmarks/Study_SamplesSet/31ad0f5defdf4b7398e6dac0486526c1.sol"},{"line":468,"column":5,"severity":"Error","message":"Explicitly mark visibility of state","ruleId":"state-visibility","fix":null,"filePath":"Benchmarks/Study_SamplesSet/31ad0f5defdf4b7398e6dac0486526c1.sol"},{"line":472,"column":5,"severity":"Error","message":"Explicitly mark visibility of state","ruleId":"state-visibility","fix":null,"filePath":"Benchmarks/Study_SamplesSet/31ad0f5defdf4b7398e6dac0486526c1.sol"},{"line":475,"column":5,"severity":"Error","message":"Explicitly mark visibility of state","ruleId":"state-visibility","fix":null,"filePath":"Benchmarks/Study_SamplesSet/31ad0f5defdf4b7398e6dac0486526c1.sol"},{"line":478,"column":5,"severity":"Error","message":"Explicitly mark visibility in function (Set ignoreConstructors to true if using solidity >=0.7.0)","ruleId":"func-visibility","fix":null,"filePath":"Benchmarks/Study_SamplesSet/31ad0f5defdf4b7398e6dac0486526c1.sol"},{"line":491,"column":5,"severity":"Error","message":"Explicitly mark visibility in function","ruleId":"func-visibility","fix":null,"filePath":"Benchmarks/Study_SamplesSet/31ad0f5defdf4b7398e6dac0486526c1.sol"},{"line":496,"column":5,"severity":"Error","message":"Explicitly mark visibility in function","ruleId":"func-visibility","fix":null,"filePath":"Benchmarks/Study_SamplesSet/31ad0f5defdf4b7398e6dac0486526c1.sol"},{"line":501,"column":5,"severity":"Error","message":"Explicitly mark visibility in function","ruleId":"func-visibility","fix":null,"filePath":"Benchmarks/Study_SamplesSet/31ad0f5defdf4b7398e6dac0486526c1.sol"},{"line":507,"column":13,"severity":"Error","message":"Explicitly mark all external contracts as trusted or untrusted","ruleId":"mark-callable-contracts","filePath":"Benchmarks/Study_SamplesSet/31ad0f5defdf4b7398e6dac0486526c1.sol"},{"line":520,"column":5,"severity":"Error","message":"Explicitly mark visibility in function","ruleId":"func-visibility","fix":null,"filePath":"Benchmarks/Study_SamplesSet/31ad0f5defdf4b7398e6dac0486526c1.sol"},{"line":532,"column":13,"severity":"Error","message":"Explicitly mark all external contracts as trusted or untrusted","ruleId":"mark-callable-contracts","filePath":"Benchmarks/Study_SamplesSet/31ad0f5defdf4b7398e6dac0486526c1.sol"},{"line":541,"column":5,"severity":"Error","message":"Explicitly mark visibility in function","ruleId":"func-visibility","fix":null,"filePath":"Benchmarks/Study_SamplesSet/31ad0f5defdf4b7398e6dac0486526c1.sol"},{"line":543,"column":9,"severity":"Error","message":"Explicitly mark all external contracts as trusted or untrusted","ruleId":"mark-callable-contracts","filePath":"Benchmarks/Study_SamplesSet/31ad0f5defdf4b7398e6dac0486526c1.sol"},{"line":547,"column":5,"severity":"Error","message":"Explicitly mark visibility in function","ruleId":"func-visibility","fix":null,"filePath":"Benchmarks/Study_SamplesSet/31ad0f5defdf4b7398e6dac0486526c1.sol"},{"line":556,"column":3,"severity":"Error","message":"Explicitly mark visibility of state","ruleId":"state-visibility","fix":null,"filePath":"Benchmarks/Study_SamplesSet/31ad0f5defdf4b7398e6dac0486526c1.sol"},{"line":566,"column":3,"severity":"Error","message":"Explicitly mark visibility in function (Set ignoreConstructors to true if using solidity >=0.7.0)","ruleId":"func-visibility","fix":null,"filePath":"Benchmarks/Study_SamplesSet/31ad0f5defdf4b7398e6dac0486526c1.sol"},{"line":585,"column":32,"severity":"Error","message":"\"throw\" is deprecated, avoid to use it","ruleId":"avoid-throw","filePath":"Benchmarks/Study_SamplesSet/31ad0f5defdf4b7398e6dac0486526c1.sol"},{"line":589,"column":3,"severity":"Error","message":"Explicitly mark visibility in function","ruleId":"func-visibility","fix":null,"filePath":"Benchmarks/Study_SamplesSet/31ad0f5defdf4b7398e6dac0486526c1.sol"},{"line":590,"column":7,"severity":"Error","message":"Explicitly mark all external contracts as trusted or untrusted","ruleId":"mark-callable-contracts","filePath":"Benchmarks/Study_SamplesSet/31ad0f5defdf4b7398e6dac0486526c1.sol"},{"line":594,"column":3,"severity":"Error","message":"Explicitly mark visibility in function","ruleId":"func-visibility","fix":null,"filePath":"Benchmarks/Study_SamplesSet/31ad0f5defdf4b7398e6dac0486526c1.sol"},{"line":606,"column":3,"severity":"Error","message":"Explicitly mark visibility in function","ruleId":"func-visibility","fix":null,"filePath":"Benchmarks/Study_SamplesSet/31ad0f5defdf4b7398e6dac0486526c1.sol"},{"line":606,"column":32,"severity":"Warning","message":"Rule is set with explicit type [var/s: uint]","ruleId":"explicit-types","filePath":"Benchmarks/Study_SamplesSet/31ad0f5defdf4b7398e6dac0486526c1.sol"},{"line":608,"column":10,"severity":"Warning","message":"Rule is set with explicit type [var/s: uint]","ruleId":"explicit-types","filePath":"Benchmarks/Study_SamplesSet/31ad0f5defdf4b7398e6dac0486526c1.sol"},{"line":614,"column":3,"severity":"Error","message":"Explicitly mark visibility in function","ruleId":"func-visibility","fix":null,"filePath":"Benchmarks/Study_SamplesSet/31ad0f5defdf4b7398e6dac0486526c1.sol"},{"line":614,"column":33,"severity":"Warning","message":"Rule is set with explicit type [var/s: uint]","ruleId":"explicit-types","filePath":"Benchmarks/Study_SamplesSet/31ad0f5defdf4b7398e6dac0486526c1.sol"},{"line":616,"column":10,"severity":"Warning","message":"Rule is set with explicit type [var/s: uint]","ruleId":"explicit-types","filePath":"Benchmarks/Study_SamplesSet/31ad0f5defdf4b7398e6dac0486526c1.sol"},{"line":622,"column":3,"severity":"Warning","message":"Fallback should be external and payable to accept native currency","ruleId":"payable-fallback","filePath":"Benchmarks/Study_SamplesSet/31ad0f5defdf4b7398e6dac0486526c1.sol"},{"line":622,"column":3,"severity":"Error","message":"Explicitly mark visibility in function","ruleId":"func-visibility","fix":null,"filePath":"Benchmarks/Study_SamplesSet/31ad0f5defdf4b7398e6dac0486526c1.sol"},{"line":625,"column":3,"severity":"Error","message":"Explicitly mark visibility in function","ruleId":"func-visibility","fix":null,"filePath":"Benchmarks/Study_SamplesSet/31ad0f5defdf4b7398e6dac0486526c1.sol"},{"line":625,"column":35,"severity":"Warning","message":"Rule is set with explicit type [var/s: uint]","ruleId":"explicit-types","filePath":"Benchmarks/Study_SamplesSet/31ad0f5defdf4b7398e6dac0486526c1.sol"},{"line":628,"column":10,"severity":"Warning","message":"Rule is set with explicit type [var/s: uint]","ruleId":"explicit-types","filePath":"Benchmarks/Study_SamplesSet/31ad0f5defdf4b7398e6dac0486526c1.sol"},{"line":632,"column":5,"severity":"Error","message":"Possible reentrancy vulnerabilities. Avoid state changes after transfer.","ruleId":"reentrancy","fix":null,"filePath":"Benchmarks/Study_SamplesSet/31ad0f5defdf4b7398e6dac0486526c1.sol"},{"line":635,"column":5,"severity":"Error","message":"Explicitly mark all external contracts as trusted or untrusted","ruleId":"mark-callable-contracts","filePath":"Benchmarks/Study_SamplesSet/31ad0f5defdf4b7398e6dac0486526c1.sol"},{"line":639,"column":3,"severity":"Error","message":"Explicitly mark visibility in function","ruleId":"func-visibility","fix":null,"filePath":"Benchmarks/Study_SamplesSet/31ad0f5defdf4b7398e6dac0486526c1.sol"},{"line":639,"column":17,"severity":"Warning","message":"Rule is set with explicit type [var/s: uint]","ruleId":"explicit-types","filePath":"Benchmarks/Study_SamplesSet/31ad0f5defdf4b7398e6dac0486526c1.sol"},{"line":639,"column":39,"severity":"Warning","message":"Rule is set with explicit type [var/s: uint]","ruleId":"explicit-types","filePath":"Benchmarks/Study_SamplesSet/31ad0f5defdf4b7398e6dac0486526c1.sol"},{"line":640,"column":41,"severity":"Error","message":"\"throw\" is deprecated, avoid to use it","ruleId":"avoid-throw","filePath":"Benchmarks/Study_SamplesSet/31ad0f5defdf4b7398e6dac0486526c1.sol"},{"line":646,"column":10,"severity":"Warning","message":"Rule is set with explicit type [var/s: uint]","ruleId":"explicit-types","filePath":"Benchmarks/Study_SamplesSet/31ad0f5defdf4b7398e6dac0486526c1.sol"},{"line":648,"column":25,"severity":"Error","message":"Explicitly mark all external contracts as trusted or untrusted","ruleId":"mark-callable-contracts","filePath":"Benchmarks/Study_SamplesSet/31ad0f5defdf4b7398e6dac0486526c1.sol"},{"line":651,"column":7,"severity":"Error","message":"Explicitly mark all external contracts as trusted or untrusted","ruleId":"mark-callable-contracts","filePath":"Benchmarks/Study_SamplesSet/31ad0f5defdf4b7398e6dac0486526c1.sol"},{"line":657,"column":5,"severity":"Error","message":"Explicitly mark all external contracts as trusted or untrusted","ruleId":"mark-callable-contracts","filePath":"Benchmarks/Study_SamplesSet/31ad0f5defdf4b7398e6dac0486526c1.sol"},{"line":661,"column":3,"severity":"Error","message":"Explicitly mark visibility in function","ruleId":"func-visibility","fix":null,"filePath":"Benchmarks/Study_SamplesSet/31ad0f5defdf4b7398e6dac0486526c1.sol"},{"line":661,"column":22,"severity":"Warning","message":"Rule is set with explicit type [var/s: uint]","ruleId":"explicit-types","filePath":"Benchmarks/Study_SamplesSet/31ad0f5defdf4b7398e6dac0486526c1.sol"},{"line":662,"column":41,"severity":"Error","message":"\"throw\" is deprecated, avoid to use it","ruleId":"avoid-throw","filePath":"Benchmarks/Study_SamplesSet/31ad0f5defdf4b7398e6dac0486526c1.sol"},{"line":667,"column":10,"severity":"Warning","message":"Rule is set with explicit type [var/s: uint]","ruleId":"explicit-types","filePath":"Benchmarks/Study_SamplesSet/31ad0f5defdf4b7398e6dac0486526c1.sol"},{"line":669,"column":25,"severity":"Error","message":"Explicitly mark all external contracts as trusted or untrusted","ruleId":"mark-callable-contracts","filePath":"Benchmarks/Study_SamplesSet/31ad0f5defdf4b7398e6dac0486526c1.sol"},{"line":670,"column":7,"severity":"Error","message":"Explicitly mark all external contracts as trusted or untrusted","ruleId":"mark-callable-contracts","filePath":"Benchmarks/Study_SamplesSet/31ad0f5defdf4b7398e6dac0486526c1.sol"},{"line":673,"column":5,"severity":"Error","message":"Possible reentrancy vulnerabilities. Avoid state changes after transfer.","ruleId":"reentrancy","fix":null,"filePath":"Benchmarks/Study_SamplesSet/31ad0f5defdf4b7398e6dac0486526c1.sol"},{"line":674,"column":5,"severity":"Error","message":"Explicitly mark all external contracts as trusted or untrusted","ruleId":"mark-callable-contracts","filePath":"Benchmarks/Study_SamplesSet/31ad0f5defdf4b7398e6dac0486526c1.sol"},{"line":677,"column":3,"severity":"Error","message":"Explicitly mark visibility in function","ruleId":"func-visibility","fix":null,"filePath":"Benchmarks/Study_SamplesSet/31ad0f5defdf4b7398e6dac0486526c1.sol"},{"line":681,"column":5,"severity":"Error","message":"Explicitly mark all external contracts as trusted or untrusted","ruleId":"mark-callable-contracts","filePath":"Benchmarks/Study_SamplesSet/31ad0f5defdf4b7398e6dac0486526c1.sol"},{"line":687,"column":3,"severity":"Error","message":"Explicitly mark visibility in function","ruleId":"func-visibility","fix":null,"filePath":"Benchmarks/Study_SamplesSet/31ad0f5defdf4b7398e6dac0486526c1.sol"},{"conclusion":"121 problem/s (94 error/s, 27 warning/s)"}]
