[{"line":1,"column":1,"severity":"Warning","message":"Found more than One contract per file. 3 contracts found!","ruleId":"one-contract-per-file","fix":null,"filePath":"Benchmarks/Study_SamplesSet/32d54e0c46c0cc27ccb8a307528c0b4b.sol"},{"line":1,"column":1,"severity":"Error","message":"Compiler version ^0.4.2 does not satisfy the ^0.8.0 semver requirement","ruleId":"compiler-version","fix":null,"filePath":"Benchmarks/Study_SamplesSet/32d54e0c46c0cc27ccb8a307528c0b4b.sol"},{"line":3,"column":1,"severity":"Warning","message":"Contract, Structs and Enums should be in CamelCase","ruleId":"contract-name-camelcase","filePath":"Benchmarks/Study_SamplesSet/32d54e0c46c0cc27ccb8a307528c0b4b.sol"},{"line":6,"column":5,"severity":"Error","message":"Explicitly mark visibility in function (Set ignoreConstructors to true if using solidity >=0.7.0)","ruleId":"func-visibility","fix":null,"filePath":"Benchmarks/Study_SamplesSet/32d54e0c46c0cc27ccb8a307528c0b4b.sol"},{"line":11,"column":34,"severity":"Error","message":"\"throw\" is deprecated, avoid to use it","ruleId":"avoid-throw","filePath":"Benchmarks/Study_SamplesSet/32d54e0c46c0cc27ccb8a307528c0b4b.sol"},{"line":15,"column":5,"severity":"Error","message":"Explicitly mark visibility in function","ruleId":"func-visibility","fix":null,"filePath":"Benchmarks/Study_SamplesSet/32d54e0c46c0cc27ccb8a307528c0b4b.sol"},{"line":16,"column":69,"severity":"Error","message":"\"throw\" is deprecated, avoid to use it","ruleId":"avoid-throw","filePath":"Benchmarks/Study_SamplesSet/32d54e0c46c0cc27ccb8a307528c0b4b.sol"},{"line":24,"column":1,"severity":"Warning","message":"Contract, Structs and Enums should be in CamelCase","ruleId":"contract-name-camelcase","filePath":"Benchmarks/Study_SamplesSet/32d54e0c46c0cc27ccb8a307528c0b4b.sol"},{"line":24,"column":27,"severity":"Error","message":"Explicitly mark visibility in function","ruleId":"func-visibility","fix":null,"filePath":"Benchmarks/Study_SamplesSet/32d54e0c46c0cc27ccb8a307528c0b4b.sol"},{"line":30,"column":1,"severity":"Warning","message":"Contract, Structs and Enums should be in CamelCase","ruleId":"contract-name-camelcase","filePath":"Benchmarks/Study_SamplesSet/32d54e0c46c0cc27ccb8a307528c0b4b.sol"},{"line":51,"column":5,"severity":"Error","message":"Explicitly mark visibility in function (Set ignoreConstructors to true if using solidity >=0.7.0)","ruleId":"func-visibility","fix":null,"filePath":"Benchmarks/Study_SamplesSet/32d54e0c46c0cc27ccb8a307528c0b4b.sol"},{"line":72,"column":5,"severity":"Error","message":"Explicitly mark visibility in function","ruleId":"func-visibility","fix":null,"filePath":"Benchmarks/Study_SamplesSet/32d54e0c46c0cc27ccb8a307528c0b4b.sol"},{"line":77,"column":5,"severity":"Error","message":"Explicitly mark visibility in function","ruleId":"func-visibility","fix":null,"filePath":"Benchmarks/Study_SamplesSet/32d54e0c46c0cc27ccb8a307528c0b4b.sol"},{"line":77,"column":28,"severity":"Warning","message":"Rule is set with explicit type [var/s: uint]","ruleId":"explicit-types","filePath":"Benchmarks/Study_SamplesSet/32d54e0c46c0cc27ccb8a307528c0b4b.sol"},{"line":85,"column":5,"severity":"Error","message":"Explicitly mark visibility in function","ruleId":"func-visibility","fix":null,"filePath":"Benchmarks/Study_SamplesSet/32d54e0c46c0cc27ccb8a307528c0b4b.sol"},{"line":86,"column":25,"severity":"Error","message":"\"throw\" is deprecated, avoid to use it","ruleId":"avoid-throw","filePath":"Benchmarks/Study_SamplesSet/32d54e0c46c0cc27ccb8a307528c0b4b.sol"},{"line":88,"column":9,"severity":"Warning","message":"Variable name must be in mixedCase","ruleId":"var-name-mixedcase","fix":null,"filePath":"Benchmarks/Study_SamplesSet/32d54e0c46c0cc27ccb8a307528c0b4b.sol"},{"line":93,"column":49,"severity":"Error","message":"\"throw\" is deprecated, avoid to use it","ruleId":"avoid-throw","filePath":"Benchmarks/Study_SamplesSet/32d54e0c46c0cc27ccb8a307528c0b4b.sol"},{"line":95,"column":59,"severity":"Error","message":"\"throw\" is deprecated, avoid to use it","ruleId":"avoid-throw","filePath":"Benchmarks/Study_SamplesSet/32d54e0c46c0cc27ccb8a307528c0b4b.sol"},{"line":102,"column":17,"severity":"Error","message":"Explicitly mark all external contracts as trusted or untrusted","ruleId":"mark-callable-contracts","filePath":"Benchmarks/Study_SamplesSet/32d54e0c46c0cc27ccb8a307528c0b4b.sol"},{"line":108,"column":17,"severity":"Error","message":"Explicitly mark all external contracts as trusted or untrusted","ruleId":"mark-callable-contracts","filePath":"Benchmarks/Study_SamplesSet/32d54e0c46c0cc27ccb8a307528c0b4b.sol"},{"line":111,"column":69,"severity":"Error","message":"\"throw\" is deprecated, avoid to use it","ruleId":"avoid-throw","filePath":"Benchmarks/Study_SamplesSet/32d54e0c46c0cc27ccb8a307528c0b4b.sol"},{"line":115,"column":25,"severity":"Error","message":"Avoid multiple calls of \"send\" method in single transaction","ruleId":"multiple-sends","fix":null,"filePath":"Benchmarks/Study_SamplesSet/32d54e0c46c0cc27ccb8a307528c0b4b.sol"},{"line":115,"column":58,"severity":"Error","message":"\"throw\" is deprecated, avoid to use it","ruleId":"avoid-throw","filePath":"Benchmarks/Study_SamplesSet/32d54e0c46c0cc27ccb8a307528c0b4b.sol"},{"line":126,"column":5,"severity":"Error","message":"Explicitly mark visibility in function","ruleId":"func-visibility","fix":null,"filePath":"Benchmarks/Study_SamplesSet/32d54e0c46c0cc27ccb8a307528c0b4b.sol"},{"line":126,"column":59,"severity":"Warning","message":"Rule is set with explicit type [var/s: uint]","ruleId":"explicit-types","filePath":"Benchmarks/Study_SamplesSet/32d54e0c46c0cc27ccb8a307528c0b4b.sol"},{"line":127,"column":31,"severity":"Error","message":"\"throw\" is deprecated, avoid to use it","ruleId":"avoid-throw","filePath":"Benchmarks/Study_SamplesSet/32d54e0c46c0cc27ccb8a307528c0b4b.sol"},{"line":129,"column":38,"severity":"Error","message":"\"throw\" is deprecated, avoid to use it","ruleId":"avoid-throw","filePath":"Benchmarks/Study_SamplesSet/32d54e0c46c0cc27ccb8a307528c0b4b.sol"},{"line":133,"column":39,"severity":"Error","message":"\"throw\" is deprecated, avoid to use it","ruleId":"avoid-throw","filePath":"Benchmarks/Study_SamplesSet/32d54e0c46c0cc27ccb8a307528c0b4b.sol"},{"line":139,"column":9,"severity":"Error","message":"Explicitly mark all external contracts as trusted or untrusted","ruleId":"mark-callable-contracts","filePath":"Benchmarks/Study_SamplesSet/32d54e0c46c0cc27ccb8a307528c0b4b.sol"},{"line":146,"column":5,"severity":"Error","message":"Explicitly mark visibility in function","ruleId":"func-visibility","fix":null,"filePath":"Benchmarks/Study_SamplesSet/32d54e0c46c0cc27ccb8a307528c0b4b.sol"},{"line":146,"column":66,"severity":"Warning","message":"Rule is set with explicit type [var/s: uint]","ruleId":"explicit-types","filePath":"Benchmarks/Study_SamplesSet/32d54e0c46c0cc27ccb8a307528c0b4b.sol"},{"line":147,"column":32,"severity":"Error","message":"\"throw\" is deprecated, avoid to use it","ruleId":"avoid-throw","filePath":"Benchmarks/Study_SamplesSet/32d54e0c46c0cc27ccb8a307528c0b4b.sol"},{"line":149,"column":25,"severity":"Error","message":"\"throw\" is deprecated, avoid to use it","ruleId":"avoid-throw","filePath":"Benchmarks/Study_SamplesSet/32d54e0c46c0cc27ccb8a307528c0b4b.sol"},{"line":151,"column":45,"severity":"Error","message":"\"throw\" is deprecated, avoid to use it","ruleId":"avoid-throw","filePath":"Benchmarks/Study_SamplesSet/32d54e0c46c0cc27ccb8a307528c0b4b.sol"},{"line":155,"column":71,"severity":"Error","message":"\"throw\" is deprecated, avoid to use it","ruleId":"avoid-throw","filePath":"Benchmarks/Study_SamplesSet/32d54e0c46c0cc27ccb8a307528c0b4b.sol"},{"line":163,"column":13,"severity":"Error","message":"\"throw\" is deprecated, avoid to use it","ruleId":"avoid-throw","filePath":"Benchmarks/Study_SamplesSet/32d54e0c46c0cc27ccb8a307528c0b4b.sol"},{"line":166,"column":13,"severity":"Error","message":"Explicitly mark all external contracts as trusted or untrusted","ruleId":"mark-callable-contracts","filePath":"Benchmarks/Study_SamplesSet/32d54e0c46c0cc27ccb8a307528c0b4b.sol"},{"line":177,"column":5,"severity":"Error","message":"Explicitly mark visibility in function","ruleId":"func-visibility","fix":null,"filePath":"Benchmarks/Study_SamplesSet/32d54e0c46c0cc27ccb8a307528c0b4b.sol"},{"line":179,"column":9,"severity":"Warning","message":"Variable \"spender\" is unused","ruleId":"no-unused-vars","fix":null,"filePath":"Benchmarks/Study_SamplesSet/32d54e0c46c0cc27ccb8a307528c0b4b.sol"},{"line":185,"column":5,"severity":"Error","message":"Explicitly mark visibility in function","ruleId":"func-visibility","fix":null,"filePath":"Benchmarks/Study_SamplesSet/32d54e0c46c0cc27ccb8a307528c0b4b.sol"},{"line":195,"column":5,"severity":"Error","message":"Explicitly mark visibility in function","ruleId":"func-visibility","fix":null,"filePath":"Benchmarks/Study_SamplesSet/32d54e0c46c0cc27ccb8a307528c0b4b.sol"},{"line":196,"column":40,"severity":"Error","message":"\"throw\" is deprecated, avoid to use it","ruleId":"avoid-throw","filePath":"Benchmarks/Study_SamplesSet/32d54e0c46c0cc27ccb8a307528c0b4b.sol"},{"line":198,"column":55,"severity":"Error","message":"\"throw\" is deprecated, avoid to use it","ruleId":"avoid-throw","filePath":"Benchmarks/Study_SamplesSet/32d54e0c46c0cc27ccb8a307528c0b4b.sol"},{"line":200,"column":52,"severity":"Error","message":"\"throw\" is deprecated, avoid to use it","ruleId":"avoid-throw","filePath":"Benchmarks/Study_SamplesSet/32d54e0c46c0cc27ccb8a307528c0b4b.sol"},{"line":207,"column":9,"severity":"Error","message":"Explicitly mark all external contracts as trusted or untrusted","ruleId":"mark-callable-contracts","filePath":"Benchmarks/Study_SamplesSet/32d54e0c46c0cc27ccb8a307528c0b4b.sol"},{"line":215,"column":5,"severity":"Error","message":"Explicitly mark visibility in function","ruleId":"func-visibility","fix":null,"filePath":"Benchmarks/Study_SamplesSet/32d54e0c46c0cc27ccb8a307528c0b4b.sol"},{"line":219,"column":13,"severity":"Error","message":"\"throw\" is deprecated, avoid to use it","ruleId":"avoid-throw","filePath":"Benchmarks/Study_SamplesSet/32d54e0c46c0cc27ccb8a307528c0b4b.sol"},{"line":222,"column":13,"severity":"Error","message":"Explicitly mark all external contracts as trusted or untrusted","ruleId":"mark-callable-contracts","filePath":"Benchmarks/Study_SamplesSet/32d54e0c46c0cc27ccb8a307528c0b4b.sol"},{"line":225,"column":36,"severity":"Error","message":"\"throw\" is deprecated, avoid to use it","ruleId":"avoid-throw","filePath":"Benchmarks/Study_SamplesSet/32d54e0c46c0cc27ccb8a307528c0b4b.sol"},{"line":227,"column":9,"severity":"Error","message":"Possible reentrancy vulnerabilities. Avoid state changes after transfer.","ruleId":"reentrancy","fix":null,"filePath":"Benchmarks/Study_SamplesSet/32d54e0c46c0cc27ccb8a307528c0b4b.sol"},{"line":229,"column":9,"severity":"Error","message":"Possible reentrancy vulnerabilities. Avoid state changes after transfer.","ruleId":"reentrancy","fix":null,"filePath":"Benchmarks/Study_SamplesSet/32d54e0c46c0cc27ccb8a307528c0b4b.sol"},{"line":231,"column":9,"severity":"Error","message":"Explicitly mark all external contracts as trusted or untrusted","ruleId":"mark-callable-contracts","filePath":"Benchmarks/Study_SamplesSet/32d54e0c46c0cc27ccb8a307528c0b4b.sol"},{"line":237,"column":5,"severity":"Error","message":"Explicitly mark visibility in function","ruleId":"func-visibility","fix":null,"filePath":"Benchmarks/Study_SamplesSet/32d54e0c46c0cc27ccb8a307528c0b4b.sol"},{"conclusion":"54 problem/s (45 error/s, 9 warning/s)"}]
