[{"line":1,"column":1,"severity":"Warning","message":"Found more than One contract per file. 9 contracts found!","ruleId":"one-contract-per-file","fix":null,"filePath":"Benchmarks/Study_SamplesSet/333e470cc9be93c1ebc907fb9413426c.sol"},{"line":1,"column":1,"severity":"Error","message":"Compiler version ^0.4.18 does not satisfy the ^0.8.0 semver requirement","ruleId":"compiler-version","fix":null,"filePath":"Benchmarks/Study_SamplesSet/333e470cc9be93c1ebc907fb9413426c.sol"},{"line":36,"column":3,"severity":"Error","message":"Explicitly mark visibility of state","ruleId":"state-visibility","fix":null,"filePath":"Benchmarks/Study_SamplesSet/333e470cc9be93c1ebc907fb9413426c.sol"},{"line":44,"column":5,"severity":"Warning","message":"Provide an error message for require","ruleId":"reason-string","fix":null,"filePath":"Benchmarks/Study_SamplesSet/333e470cc9be93c1ebc907fb9413426c.sol"},{"line":44,"column":5,"severity":"Warning","message":"Use Custom Errors instead of require statements","ruleId":"custom-errors","fix":null,"filePath":"Benchmarks/Study_SamplesSet/333e470cc9be93c1ebc907fb9413426c.sol"},{"line":45,"column":5,"severity":"Warning","message":"Provide an error message for require","ruleId":"reason-string","fix":null,"filePath":"Benchmarks/Study_SamplesSet/333e470cc9be93c1ebc907fb9413426c.sol"},{"line":45,"column":5,"severity":"Warning","message":"Use Custom Errors instead of require statements","ruleId":"custom-errors","fix":null,"filePath":"Benchmarks/Study_SamplesSet/333e470cc9be93c1ebc907fb9413426c.sol"},{"line":50,"column":5,"severity":"Error","message":"Explicitly mark all external contracts as trusted or untrusted","ruleId":"mark-callable-contracts","filePath":"Benchmarks/Study_SamplesSet/333e470cc9be93c1ebc907fb9413426c.sol"},{"line":91,"column":5,"severity":"Warning","message":"Provide an error message for require","ruleId":"reason-string","fix":null,"filePath":"Benchmarks/Study_SamplesSet/333e470cc9be93c1ebc907fb9413426c.sol"},{"line":91,"column":5,"severity":"Warning","message":"Use Custom Errors instead of require statements","ruleId":"custom-errors","fix":null,"filePath":"Benchmarks/Study_SamplesSet/333e470cc9be93c1ebc907fb9413426c.sol"},{"line":101,"column":5,"severity":"Warning","message":"Provide an error message for require","ruleId":"reason-string","fix":null,"filePath":"Benchmarks/Study_SamplesSet/333e470cc9be93c1ebc907fb9413426c.sol"},{"line":101,"column":5,"severity":"Warning","message":"Use Custom Errors instead of require statements","ruleId":"custom-errors","fix":null,"filePath":"Benchmarks/Study_SamplesSet/333e470cc9be93c1ebc907fb9413426c.sol"},{"line":102,"column":5,"severity":"Error","message":"Explicitly mark all external contracts as trusted or untrusted","ruleId":"mark-callable-contracts","filePath":"Benchmarks/Study_SamplesSet/333e470cc9be93c1ebc907fb9413426c.sol"},{"line":131,"column":5,"severity":"Warning","message":"Provide an error message for require","ruleId":"reason-string","fix":null,"filePath":"Benchmarks/Study_SamplesSet/333e470cc9be93c1ebc907fb9413426c.sol"},{"line":131,"column":5,"severity":"Warning","message":"Use Custom Errors instead of require statements","ruleId":"custom-errors","fix":null,"filePath":"Benchmarks/Study_SamplesSet/333e470cc9be93c1ebc907fb9413426c.sol"},{"line":132,"column":5,"severity":"Warning","message":"Provide an error message for require","ruleId":"reason-string","fix":null,"filePath":"Benchmarks/Study_SamplesSet/333e470cc9be93c1ebc907fb9413426c.sol"},{"line":132,"column":5,"severity":"Warning","message":"Use Custom Errors instead of require statements","ruleId":"custom-errors","fix":null,"filePath":"Benchmarks/Study_SamplesSet/333e470cc9be93c1ebc907fb9413426c.sol"},{"line":133,"column":5,"severity":"Warning","message":"Provide an error message for require","ruleId":"reason-string","fix":null,"filePath":"Benchmarks/Study_SamplesSet/333e470cc9be93c1ebc907fb9413426c.sol"},{"line":133,"column":5,"severity":"Warning","message":"Use Custom Errors instead of require statements","ruleId":"custom-errors","fix":null,"filePath":"Benchmarks/Study_SamplesSet/333e470cc9be93c1ebc907fb9413426c.sol"},{"line":138,"column":5,"severity":"Error","message":"Explicitly mark all external contracts as trusted or untrusted","ruleId":"mark-callable-contracts","filePath":"Benchmarks/Study_SamplesSet/333e470cc9be93c1ebc907fb9413426c.sol"},{"line":154,"column":5,"severity":"Error","message":"Explicitly mark all external contracts as trusted or untrusted","ruleId":"mark-callable-contracts","filePath":"Benchmarks/Study_SamplesSet/333e470cc9be93c1ebc907fb9413426c.sol"},{"line":178,"column":47,"severity":"Warning","message":"Rule is set with explicit type [var/s: uint]","ruleId":"explicit-types","filePath":"Benchmarks/Study_SamplesSet/333e470cc9be93c1ebc907fb9413426c.sol"},{"line":180,"column":5,"severity":"Error","message":"Explicitly mark all external contracts as trusted or untrusted","ruleId":"mark-callable-contracts","filePath":"Benchmarks/Study_SamplesSet/333e470cc9be93c1ebc907fb9413426c.sol"},{"line":194,"column":47,"severity":"Warning","message":"Rule is set with explicit type [var/s: uint]","ruleId":"explicit-types","filePath":"Benchmarks/Study_SamplesSet/333e470cc9be93c1ebc907fb9413426c.sol"},{"line":195,"column":5,"severity":"Warning","message":"Rule is set with explicit type [var/s: uint]","ruleId":"explicit-types","filePath":"Benchmarks/Study_SamplesSet/333e470cc9be93c1ebc907fb9413426c.sol"},{"line":201,"column":5,"severity":"Error","message":"Explicitly mark all external contracts as trusted or untrusted","ruleId":"mark-callable-contracts","filePath":"Benchmarks/Study_SamplesSet/333e470cc9be93c1ebc907fb9413426c.sol"},{"line":223,"column":5,"severity":"Warning","message":"Provide an error message for require","ruleId":"reason-string","fix":null,"filePath":"Benchmarks/Study_SamplesSet/333e470cc9be93c1ebc907fb9413426c.sol"},{"line":223,"column":5,"severity":"Warning","message":"Use Custom Errors instead of require statements","ruleId":"custom-errors","fix":null,"filePath":"Benchmarks/Study_SamplesSet/333e470cc9be93c1ebc907fb9413426c.sol"},{"line":233,"column":65,"severity":"Warning","message":"Visibility modifier must be first in list of modifiers","ruleId":"visibility-modifier-order","fix":null,"filePath":"Benchmarks/Study_SamplesSet/333e470cc9be93c1ebc907fb9413426c.sol"},{"line":236,"column":5,"severity":"Error","message":"Explicitly mark all external contracts as trusted or untrusted","ruleId":"mark-callable-contracts","filePath":"Benchmarks/Study_SamplesSet/333e470cc9be93c1ebc907fb9413426c.sol"},{"line":237,"column":5,"severity":"Error","message":"Explicitly mark all external contracts as trusted or untrusted","ruleId":"mark-callable-contracts","filePath":"Benchmarks/Study_SamplesSet/333e470cc9be93c1ebc907fb9413426c.sol"},{"line":245,"column":46,"severity":"Warning","message":"Visibility modifier must be first in list of modifiers","ruleId":"visibility-modifier-order","fix":null,"filePath":"Benchmarks/Study_SamplesSet/333e470cc9be93c1ebc907fb9413426c.sol"},{"line":247,"column":5,"severity":"Error","message":"Explicitly mark all external contracts as trusted or untrusted","ruleId":"mark-callable-contracts","filePath":"Benchmarks/Study_SamplesSet/333e470cc9be93c1ebc907fb9413426c.sol"},{"line":300,"column":9,"severity":"Warning","message":"Provide an error message for require","ruleId":"reason-string","fix":null,"filePath":"Benchmarks/Study_SamplesSet/333e470cc9be93c1ebc907fb9413426c.sol"},{"line":300,"column":9,"severity":"Warning","message":"Use Custom Errors instead of require statements","ruleId":"custom-errors","fix":null,"filePath":"Benchmarks/Study_SamplesSet/333e470cc9be93c1ebc907fb9413426c.sol"},{"line":307,"column":9,"severity":"Error","message":"Explicitly mark all external contracts as trusted or untrusted","ruleId":"mark-callable-contracts","filePath":"Benchmarks/Study_SamplesSet/333e470cc9be93c1ebc907fb9413426c.sol"},{"line":318,"column":3,"severity":"Warning","message":"Rule is set with explicit type [var/s: uint]","ruleId":"explicit-types","filePath":"Benchmarks/Study_SamplesSet/333e470cc9be93c1ebc907fb9413426c.sol"},{"line":318,"column":3,"severity":"Warning","message":"Variable name must be in mixedCase","ruleId":"var-name-mixedcase","fix":null,"filePath":"Benchmarks/Study_SamplesSet/333e470cc9be93c1ebc907fb9413426c.sol"},{"line":320,"column":3,"severity":"Warning","message":"Rule is set with explicit type [var/s: uint]","ruleId":"explicit-types","filePath":"Benchmarks/Study_SamplesSet/333e470cc9be93c1ebc907fb9413426c.sol"},{"line":321,"column":3,"severity":"Warning","message":"Rule is set with explicit type [var/s: uint]","ruleId":"explicit-types","filePath":"Benchmarks/Study_SamplesSet/333e470cc9be93c1ebc907fb9413426c.sol"},{"line":322,"column":3,"severity":"Warning","message":"Rule is set with explicit type [var/s: uint]","ruleId":"explicit-types","filePath":"Benchmarks/Study_SamplesSet/333e470cc9be93c1ebc907fb9413426c.sol"},{"line":324,"column":105,"severity":"Warning","message":"Visibility modifier must be first in list of modifiers","ruleId":"visibility-modifier-order","fix":null,"filePath":"Benchmarks/Study_SamplesSet/333e470cc9be93c1ebc907fb9413426c.sol"},{"line":324,"column":22,"severity":"Warning","message":"Rule is set with explicit type [var/s: uint]","ruleId":"explicit-types","filePath":"Benchmarks/Study_SamplesSet/333e470cc9be93c1ebc907fb9413426c.sol"},{"line":324,"column":41,"severity":"Warning","message":"Rule is set with explicit type [var/s: uint]","ruleId":"explicit-types","filePath":"Benchmarks/Study_SamplesSet/333e470cc9be93c1ebc907fb9413426c.sol"},{"line":324,"column":59,"severity":"Warning","message":"Rule is set with explicit type [var/s: uint]","ruleId":"explicit-types","filePath":"Benchmarks/Study_SamplesSet/333e470cc9be93c1ebc907fb9413426c.sol"},{"line":325,"column":7,"severity":"Warning","message":"Provide an error message for require","ruleId":"reason-string","fix":null,"filePath":"Benchmarks/Study_SamplesSet/333e470cc9be93c1ebc907fb9413426c.sol"},{"line":325,"column":7,"severity":"Warning","message":"Use Custom Errors instead of require statements","ruleId":"custom-errors","fix":null,"filePath":"Benchmarks/Study_SamplesSet/333e470cc9be93c1ebc907fb9413426c.sol"},{"line":326,"column":7,"severity":"Warning","message":"Provide an error message for require","ruleId":"reason-string","fix":null,"filePath":"Benchmarks/Study_SamplesSet/333e470cc9be93c1ebc907fb9413426c.sol"},{"line":326,"column":7,"severity":"Warning","message":"Use Custom Errors instead of require statements","ruleId":"custom-errors","fix":null,"filePath":"Benchmarks/Study_SamplesSet/333e470cc9be93c1ebc907fb9413426c.sol"},{"line":332,"column":26,"severity":"Warning","message":"Visibility modifier must be first in list of modifiers","ruleId":"visibility-modifier-order","fix":null,"filePath":"Benchmarks/Study_SamplesSet/333e470cc9be93c1ebc907fb9413426c.sol"},{"line":332,"column":42,"severity":"Warning","message":"Rule is set with explicit type [var/s: uint]","ruleId":"explicit-types","filePath":"Benchmarks/Study_SamplesSet/333e470cc9be93c1ebc907fb9413426c.sol"},{"line":333,"column":5,"severity":"Warning","message":"Provide an error message for require","ruleId":"reason-string","fix":null,"filePath":"Benchmarks/Study_SamplesSet/333e470cc9be93c1ebc907fb9413426c.sol"},{"line":333,"column":5,"severity":"Warning","message":"Use Custom Errors instead of require statements","ruleId":"custom-errors","fix":null,"filePath":"Benchmarks/Study_SamplesSet/333e470cc9be93c1ebc907fb9413426c.sol"},{"line":335,"column":5,"severity":"Warning","message":"Provide an error message for require","ruleId":"reason-string","fix":null,"filePath":"Benchmarks/Study_SamplesSet/333e470cc9be93c1ebc907fb9413426c.sol"},{"line":335,"column":5,"severity":"Warning","message":"Use Custom Errors instead of require statements","ruleId":"custom-errors","fix":null,"filePath":"Benchmarks/Study_SamplesSet/333e470cc9be93c1ebc907fb9413426c.sol"},{"line":336,"column":5,"severity":"Warning","message":"Provide an error message for require","ruleId":"reason-string","fix":null,"filePath":"Benchmarks/Study_SamplesSet/333e470cc9be93c1ebc907fb9413426c.sol"},{"line":336,"column":5,"severity":"Warning","message":"Use Custom Errors instead of require statements","ruleId":"custom-errors","fix":null,"filePath":"Benchmarks/Study_SamplesSet/333e470cc9be93c1ebc907fb9413426c.sol"},{"line":339,"column":5,"severity":"Error","message":"Explicitly mark all external contracts as trusted or untrusted","ruleId":"mark-callable-contracts","filePath":"Benchmarks/Study_SamplesSet/333e470cc9be93c1ebc907fb9413426c.sol"},{"line":343,"column":17,"severity":"Warning","message":"Rule is set with explicit type [var/s: uint]","ruleId":"explicit-types","filePath":"Benchmarks/Study_SamplesSet/333e470cc9be93c1ebc907fb9413426c.sol"},{"line":343,"column":46,"severity":"Warning","message":"Rule is set with explicit type [var/s: uint]","ruleId":"explicit-types","filePath":"Benchmarks/Study_SamplesSet/333e470cc9be93c1ebc907fb9413426c.sol"},{"line":344,"column":5,"severity":"Warning","message":"Provide an error message for require","ruleId":"reason-string","fix":null,"filePath":"Benchmarks/Study_SamplesSet/333e470cc9be93c1ebc907fb9413426c.sol"},{"line":344,"column":5,"severity":"Warning","message":"Use Custom Errors instead of require statements","ruleId":"custom-errors","fix":null,"filePath":"Benchmarks/Study_SamplesSet/333e470cc9be93c1ebc907fb9413426c.sol"},{"line":345,"column":5,"severity":"Warning","message":"Provide an error message for require","ruleId":"reason-string","fix":null,"filePath":"Benchmarks/Study_SamplesSet/333e470cc9be93c1ebc907fb9413426c.sol"},{"line":345,"column":5,"severity":"Warning","message":"Use Custom Errors instead of require statements","ruleId":"custom-errors","fix":null,"filePath":"Benchmarks/Study_SamplesSet/333e470cc9be93c1ebc907fb9413426c.sol"},{"line":350,"column":5,"severity":"Error","message":"Explicitly mark all external contracts as trusted or untrusted","ruleId":"mark-callable-contracts","filePath":"Benchmarks/Study_SamplesSet/333e470cc9be93c1ebc907fb9413426c.sol"},{"line":354,"column":48,"severity":"Warning","message":"Visibility modifier must be first in list of modifiers","ruleId":"visibility-modifier-order","fix":null,"filePath":"Benchmarks/Study_SamplesSet/333e470cc9be93c1ebc907fb9413426c.sol"},{"line":354,"column":25,"severity":"Warning","message":"Rule is set with explicit type [var/s: uint]","ruleId":"explicit-types","filePath":"Benchmarks/Study_SamplesSet/333e470cc9be93c1ebc907fb9413426c.sol"},{"line":358,"column":48,"severity":"Warning","message":"Visibility modifier must be first in list of modifiers","ruleId":"visibility-modifier-order","fix":null,"filePath":"Benchmarks/Study_SamplesSet/333e470cc9be93c1ebc907fb9413426c.sol"},{"line":358,"column":25,"severity":"Warning","message":"Rule is set with explicit type [var/s: uint]","ruleId":"explicit-types","filePath":"Benchmarks/Study_SamplesSet/333e470cc9be93c1ebc907fb9413426c.sol"},{"line":359,"column":5,"severity":"Warning","message":"Provide an error message for require","ruleId":"reason-string","fix":null,"filePath":"Benchmarks/Study_SamplesSet/333e470cc9be93c1ebc907fb9413426c.sol"},{"line":359,"column":5,"severity":"Warning","message":"Use Custom Errors instead of require statements","ruleId":"custom-errors","fix":null,"filePath":"Benchmarks/Study_SamplesSet/333e470cc9be93c1ebc907fb9413426c.sol"},{"line":362,"column":5,"severity":"Error","message":"Explicitly mark all external contracts as trusted or untrusted","ruleId":"mark-callable-contracts","filePath":"Benchmarks/Study_SamplesSet/333e470cc9be93c1ebc907fb9413426c.sol"},{"line":366,"column":19,"severity":"Error","message":"Explicitly mark all external contracts as trusted or untrusted","ruleId":"mark-callable-contracts","filePath":"Benchmarks/Study_SamplesSet/333e470cc9be93c1ebc907fb9413426c.sol"},{"line":367,"column":28,"severity":"Error","message":"Explicitly mark all external contracts as trusted or untrusted","ruleId":"mark-callable-contracts","filePath":"Benchmarks/Study_SamplesSet/333e470cc9be93c1ebc907fb9413426c.sol"},{"line":371,"column":22,"severity":"Warning","message":"Visibility modifier must be first in list of modifiers","ruleId":"visibility-modifier-order","fix":null,"filePath":"Benchmarks/Study_SamplesSet/333e470cc9be93c1ebc907fb9413426c.sol"},{"conclusion":"75 problem/s (17 error/s, 58 warning/s)"}]
