[{"line":1,"column":1,"severity":"Warning","message":"Found more than One contract per file. 2 contracts found!","ruleId":"one-contract-per-file","fix":null,"filePath":"Benchmarks/Study_SamplesSet/356a262e8667a67027b81a97c836aa86.sol"},{"line":1,"column":1,"severity":"Error","message":"Compiler version ^0.4.19 does not satisfy the ^0.8.0 semver requirement","ruleId":"compiler-version","fix":null,"filePath":"Benchmarks/Study_SamplesSet/356a262e8667a67027b81a97c836aa86.sol"},{"line":25,"column":5,"severity":"Warning","message":"Constant name must be in capitalized SNAKE_CASE","ruleId":"const-name-snakecase","fix":null,"filePath":"Benchmarks/Study_SamplesSet/356a262e8667a67027b81a97c836aa86.sol"},{"line":34,"column":7,"severity":"Warning","message":"Provide an error message for require","ruleId":"reason-string","fix":null,"filePath":"Benchmarks/Study_SamplesSet/356a262e8667a67027b81a97c836aa86.sol"},{"line":34,"column":7,"severity":"Warning","message":"Use Custom Errors instead of require statements","ruleId":"custom-errors","fix":null,"filePath":"Benchmarks/Study_SamplesSet/356a262e8667a67027b81a97c836aa86.sol"},{"line":35,"column":7,"severity":"Warning","message":"Provide an error message for require","ruleId":"reason-string","fix":null,"filePath":"Benchmarks/Study_SamplesSet/356a262e8667a67027b81a97c836aa86.sol"},{"line":35,"column":7,"severity":"Warning","message":"Use Custom Errors instead of require statements","ruleId":"custom-errors","fix":null,"filePath":"Benchmarks/Study_SamplesSet/356a262e8667a67027b81a97c836aa86.sol"},{"line":45,"column":9,"severity":"Warning","message":"Provide an error message for require","ruleId":"reason-string","fix":null,"filePath":"Benchmarks/Study_SamplesSet/356a262e8667a67027b81a97c836aa86.sol"},{"line":45,"column":9,"severity":"Warning","message":"Use Custom Errors instead of require statements","ruleId":"custom-errors","fix":null,"filePath":"Benchmarks/Study_SamplesSet/356a262e8667a67027b81a97c836aa86.sol"},{"conclusion":"9 problem/s (1 error/s, 8 warning/s)"}]
