[{"line":1,"column":1,"severity":"Error","message":"Compiler version 0.6.2 does not satisfy the ^0.8.0 semver requirement","ruleId":"compiler-version","fix":null,"filePath":"Benchmarks/Study_SamplesSet/362ebb645a4a9974a6fc143867e8ed3e.sol"},{"line":4,"column":1,"severity":"Warning","message":"Contract, Structs and Enums should be in CamelCase","ruleId":"contract-name-camelcase","filePath":"Benchmarks/Study_SamplesSet/362ebb645a4a9974a6fc143867e8ed3e.sol"},{"line":19,"column":9,"severity":"Warning","message":"Provide an error message for require","ruleId":"reason-string","fix":null,"filePath":"Benchmarks/Study_SamplesSet/362ebb645a4a9974a6fc143867e8ed3e.sol"},{"line":19,"column":9,"severity":"Warning","message":"Use Custom Errors instead of require statements","ruleId":"custom-errors","fix":null,"filePath":"Benchmarks/Study_SamplesSet/362ebb645a4a9974a6fc143867e8ed3e.sol"},{"line":28,"column":9,"severity":"Warning","message":"Provide an error message for require","ruleId":"reason-string","fix":null,"filePath":"Benchmarks/Study_SamplesSet/362ebb645a4a9974a6fc143867e8ed3e.sol"},{"line":28,"column":9,"severity":"Warning","message":"Use Custom Errors instead of require statements","ruleId":"custom-errors","fix":null,"filePath":"Benchmarks/Study_SamplesSet/362ebb645a4a9974a6fc143867e8ed3e.sol"},{"line":33,"column":9,"severity":"Warning","message":"Provide an error message for require","ruleId":"reason-string","fix":null,"filePath":"Benchmarks/Study_SamplesSet/362ebb645a4a9974a6fc143867e8ed3e.sol"},{"line":33,"column":9,"severity":"Warning","message":"Use Custom Errors instead of require statements","ruleId":"custom-errors","fix":null,"filePath":"Benchmarks/Study_SamplesSet/362ebb645a4a9974a6fc143867e8ed3e.sol"},{"conclusion":"8 problem/s (1 error/s, 7 warning/s)"}]
