[{"line":1,"column":1,"severity":"Warning","message":"Found more than One contract per file. 3 contracts found!","ruleId":"one-contract-per-file","fix":null,"filePath":"Benchmarks/Study_SamplesSet/3a7f00abaf61b3dd5d128f609434afe2.sol"},{"line":1,"column":1,"severity":"Error","message":"Compiler version ^0.4.16 does not satisfy the ^0.8.0 semver requirement","ruleId":"compiler-version","fix":null,"filePath":"Benchmarks/Study_SamplesSet/3a7f00abaf61b3dd5d128f609434afe2.sol"},{"line":41,"column":1,"severity":"Warning","message":"Contract, Structs and Enums should be in CamelCase","ruleId":"contract-name-camelcase","filePath":"Benchmarks/Study_SamplesSet/3a7f00abaf61b3dd5d128f609434afe2.sol"},{"line":41,"column":18,"severity":"Error","message":"Explicitly mark visibility in function","ruleId":"func-visibility","fix":null,"filePath":"Benchmarks/Study_SamplesSet/3a7f00abaf61b3dd5d128f609434afe2.sol"},{"line":41,"column":54,"severity":"Warning","message":"Rule is set with explicit type [var/s: uint]","ruleId":"explicit-types","filePath":"Benchmarks/Study_SamplesSet/3a7f00abaf61b3dd5d128f609434afe2.sol"},{"line":41,"column":66,"severity":"Warning","message":"Code contains empty blocks","ruleId":"no-empty-blocks","fix":null,"filePath":"Benchmarks/Study_SamplesSet/3a7f00abaf61b3dd5d128f609434afe2.sol"},{"line":50,"column":3,"severity":"Error","message":"Explicitly mark visibility of state","ruleId":"state-visibility","fix":null,"filePath":"Benchmarks/Study_SamplesSet/3a7f00abaf61b3dd5d128f609434afe2.sol"},{"line":52,"column":3,"severity":"Error","message":"Explicitly mark visibility of state","ruleId":"state-visibility","fix":null,"filePath":"Benchmarks/Study_SamplesSet/3a7f00abaf61b3dd5d128f609434afe2.sol"},{"line":72,"column":3,"severity":"Error","message":"Explicitly mark visibility in function (Set ignoreConstructors to true if using solidity >=0.7.0)","ruleId":"func-visibility","fix":null,"filePath":"Benchmarks/Study_SamplesSet/3a7f00abaf61b3dd5d128f609434afe2.sol"},{"line":83,"column":3,"severity":"Error","message":"Explicitly mark visibility in function","ruleId":"func-visibility","fix":null,"filePath":"Benchmarks/Study_SamplesSet/3a7f00abaf61b3dd5d128f609434afe2.sol"},{"line":89,"column":3,"severity":"Error","message":"Explicitly mark visibility in function","ruleId":"func-visibility","fix":null,"filePath":"Benchmarks/Study_SamplesSet/3a7f00abaf61b3dd5d128f609434afe2.sol"},{"line":90,"column":5,"severity":"Warning","message":"Provide an error message for require","ruleId":"reason-string","fix":null,"filePath":"Benchmarks/Study_SamplesSet/3a7f00abaf61b3dd5d128f609434afe2.sol"},{"line":90,"column":5,"severity":"Warning","message":"Use Custom Errors instead of require statements","ruleId":"custom-errors","fix":null,"filePath":"Benchmarks/Study_SamplesSet/3a7f00abaf61b3dd5d128f609434afe2.sol"},{"line":91,"column":5,"severity":"Warning","message":"Provide an error message for require","ruleId":"reason-string","fix":null,"filePath":"Benchmarks/Study_SamplesSet/3a7f00abaf61b3dd5d128f609434afe2.sol"},{"line":91,"column":5,"severity":"Warning","message":"Use Custom Errors instead of require statements","ruleId":"custom-errors","fix":null,"filePath":"Benchmarks/Study_SamplesSet/3a7f00abaf61b3dd5d128f609434afe2.sol"},{"line":94,"column":32,"severity":"Error","message":"\"throw\" is deprecated, avoid to use it","ruleId":"avoid-throw","filePath":"Benchmarks/Study_SamplesSet/3a7f00abaf61b3dd5d128f609434afe2.sol"},{"line":103,"column":5,"severity":"Error","message":"Explicitly mark all external contracts as trusted or untrusted","ruleId":"mark-callable-contracts","filePath":"Benchmarks/Study_SamplesSet/3a7f00abaf61b3dd5d128f609434afe2.sol"},{"line":112,"column":7,"severity":"Error","message":"\"throw\" is deprecated, avoid to use it","ruleId":"avoid-throw","filePath":"Benchmarks/Study_SamplesSet/3a7f00abaf61b3dd5d128f609434afe2.sol"},{"line":118,"column":25,"severity":"Error","message":"Avoid making time-based decisions in your business logic","ruleId":"not-rely-on-time","fix":null,"filePath":"Benchmarks/Study_SamplesSet/3a7f00abaf61b3dd5d128f609434afe2.sol"},{"line":118,"column":45,"severity":"Error","message":"Avoid making time-based decisions in your business logic","ruleId":"not-rely-on-time","fix":null,"filePath":"Benchmarks/Study_SamplesSet/3a7f00abaf61b3dd5d128f609434afe2.sol"},{"line":125,"column":12,"severity":"Error","message":"Avoid making time-based decisions in your business logic","ruleId":"not-rely-on-time","fix":null,"filePath":"Benchmarks/Study_SamplesSet/3a7f00abaf61b3dd5d128f609434afe2.sol"},{"line":128,"column":3,"severity":"Error","message":"Explicitly mark visibility in function","ruleId":"func-visibility","fix":null,"filePath":"Benchmarks/Study_SamplesSet/3a7f00abaf61b3dd5d128f609434afe2.sol"},{"line":129,"column":28,"severity":"Error","message":"\"throw\" is deprecated, avoid to use it","ruleId":"avoid-throw","filePath":"Benchmarks/Study_SamplesSet/3a7f00abaf61b3dd5d128f609434afe2.sol"},{"conclusion":"23 problem/s (15 error/s, 8 warning/s)"}]
