[{"line":1,"column":1,"severity":"Error","message":"Compiler version ^0.4.18 does not satisfy the ^0.8.0 semver requirement","ruleId":"compiler-version","fix":null,"filePath":"Benchmarks/Study_SamplesSet/3bd2152950e854c0c1b6d7ce9cacf43d.sol"},{"line":5,"column":5,"severity":"Warning","message":"Rule is set with explicit type [var/s: uint]","ruleId":"explicit-types","filePath":"Benchmarks/Study_SamplesSet/3bd2152950e854c0c1b6d7ce9cacf43d.sol"},{"line":6,"column":5,"severity":"Error","message":"Explicitly mark visibility of state","ruleId":"state-visibility","fix":null,"filePath":"Benchmarks/Study_SamplesSet/3bd2152950e854c0c1b6d7ce9cacf43d.sol"},{"line":8,"column":5,"severity":"Warning","message":"Rule is set with explicit type [var/s: uint]","ruleId":"explicit-types","filePath":"Benchmarks/Study_SamplesSet/3bd2152950e854c0c1b6d7ce9cacf43d.sol"},{"line":9,"column":5,"severity":"Warning","message":"Rule is set with explicit type [var/s: uint]","ruleId":"explicit-types","filePath":"Benchmarks/Study_SamplesSet/3bd2152950e854c0c1b6d7ce9cacf43d.sol"},{"line":10,"column":5,"severity":"Warning","message":"Rule is set with explicit type [var/s: uint]","ruleId":"explicit-types","filePath":"Benchmarks/Study_SamplesSet/3bd2152950e854c0c1b6d7ce9cacf43d.sol"},{"line":14,"column":20,"severity":"Error","message":"Avoid making time-based decisions in your business logic","ruleId":"not-rely-on-time","fix":null,"filePath":"Benchmarks/Study_SamplesSet/3bd2152950e854c0c1b6d7ce9cacf43d.sol"},{"line":19,"column":5,"severity":"Warning","message":"Function name must be in mixedCase","ruleId":"func-name-mixedcase","fix":null,"filePath":"Benchmarks/Study_SamplesSet/3bd2152950e854c0c1b6d7ce9cacf43d.sol"},{"line":21,"column":9,"severity":"Warning","message":"Provide an error message for require","ruleId":"reason-string","fix":null,"filePath":"Benchmarks/Study_SamplesSet/3bd2152950e854c0c1b6d7ce9cacf43d.sol"},{"line":21,"column":9,"severity":"Warning","message":"Use Custom Errors instead of require statements","ruleId":"custom-errors","fix":null,"filePath":"Benchmarks/Study_SamplesSet/3bd2152950e854c0c1b6d7ce9cacf43d.sol"},{"line":23,"column":13,"severity":"Error","message":"Avoid making time-based decisions in your business logic","ruleId":"not-rely-on-time","fix":null,"filePath":"Benchmarks/Study_SamplesSet/3bd2152950e854c0c1b6d7ce9cacf43d.sol"},{"line":24,"column":13,"severity":"Warning","message":"Provide an error message for revert","ruleId":"reason-string","fix":null,"filePath":"Benchmarks/Study_SamplesSet/3bd2152950e854c0c1b6d7ce9cacf43d.sol"},{"line":24,"column":13,"severity":"Warning","message":"Use Custom Errors instead of revert statements","ruleId":"custom-errors","fix":null,"filePath":"Benchmarks/Study_SamplesSet/3bd2152950e854c0c1b6d7ce9cacf43d.sol"},{"line":30,"column":20,"severity":"Error","message":"Avoid making time-based decisions in your business logic","ruleId":"not-rely-on-time","fix":null,"filePath":"Benchmarks/Study_SamplesSet/3bd2152950e854c0c1b6d7ce9cacf43d.sol"},{"line":35,"column":5,"severity":"Warning","message":"Function name must be in mixedCase","ruleId":"func-name-mixedcase","fix":null,"filePath":"Benchmarks/Study_SamplesSet/3bd2152950e854c0c1b6d7ce9cacf43d.sol"},{"line":36,"column":9,"severity":"Warning","message":"Provide an error message for require","ruleId":"reason-string","fix":null,"filePath":"Benchmarks/Study_SamplesSet/3bd2152950e854c0c1b6d7ce9cacf43d.sol"},{"line":36,"column":9,"severity":"Warning","message":"Use Custom Errors instead of require statements","ruleId":"custom-errors","fix":null,"filePath":"Benchmarks/Study_SamplesSet/3bd2152950e854c0c1b6d7ce9cacf43d.sol"},{"line":37,"column":9,"severity":"Warning","message":"Provide an error message for require","ruleId":"reason-string","fix":null,"filePath":"Benchmarks/Study_SamplesSet/3bd2152950e854c0c1b6d7ce9cacf43d.sol"},{"line":37,"column":9,"severity":"Warning","message":"Use Custom Errors instead of require statements","ruleId":"custom-errors","fix":null,"filePath":"Benchmarks/Study_SamplesSet/3bd2152950e854c0c1b6d7ce9cacf43d.sol"},{"line":37,"column":17,"severity":"Error","message":"Avoid making time-based decisions in your business logic","ruleId":"not-rely-on-time","fix":null,"filePath":"Benchmarks/Study_SamplesSet/3bd2152950e854c0c1b6d7ce9cacf43d.sol"},{"line":38,"column":9,"severity":"Warning","message":"Rule is set with explicit type [var/s: uint]","ruleId":"explicit-types","filePath":"Benchmarks/Study_SamplesSet/3bd2152950e854c0c1b6d7ce9cacf43d.sol"},{"line":43,"column":5,"severity":"Warning","message":"Function name must be in mixedCase","ruleId":"func-name-mixedcase","fix":null,"filePath":"Benchmarks/Study_SamplesSet/3bd2152950e854c0c1b6d7ce9cacf43d.sol"},{"line":44,"column":9,"severity":"Warning","message":"Rule is set with explicit type [var/s: uint]","ruleId":"explicit-types","filePath":"Benchmarks/Study_SamplesSet/3bd2152950e854c0c1b6d7ce9cacf43d.sol"},{"conclusion":"23 problem/s (6 error/s, 17 warning/s)"}]
