[{"line":1,"column":1,"severity":"Warning","message":"Found more than One contract per file. 3 contracts found!","ruleId":"one-contract-per-file","fix":null,"filePath":"Benchmarks/Study_SamplesSet/3d21a1483fd84a0e9f51e721fa2622fb.sol"},{"line":1,"column":1,"severity":"Error","message":"Compiler version ^0.4.18 does not satisfy the ^0.8.0 semver requirement","ruleId":"compiler-version","fix":null,"filePath":"Benchmarks/Study_SamplesSet/3d21a1483fd84a0e9f51e721fa2622fb.sol"},{"line":37,"column":5,"severity":"Warning","message":"Constant name must be in capitalized SNAKE_CASE","ruleId":"const-name-snakecase","fix":null,"filePath":"Benchmarks/Study_SamplesSet/3d21a1483fd84a0e9f51e721fa2622fb.sol"},{"line":39,"column":5,"severity":"Warning","message":"Constant name must be in capitalized SNAKE_CASE","ruleId":"const-name-snakecase","fix":null,"filePath":"Benchmarks/Study_SamplesSet/3d21a1483fd84a0e9f51e721fa2622fb.sol"},{"line":40,"column":5,"severity":"Warning","message":"Constant name must be in capitalized SNAKE_CASE","ruleId":"const-name-snakecase","fix":null,"filePath":"Benchmarks/Study_SamplesSet/3d21a1483fd84a0e9f51e721fa2622fb.sol"},{"line":83,"column":9,"severity":"Warning","message":"Provide an error message for require","ruleId":"reason-string","fix":null,"filePath":"Benchmarks/Study_SamplesSet/3d21a1483fd84a0e9f51e721fa2622fb.sol"},{"line":83,"column":9,"severity":"Warning","message":"Use Custom Errors instead of require statements","ruleId":"custom-errors","fix":null,"filePath":"Benchmarks/Study_SamplesSet/3d21a1483fd84a0e9f51e721fa2622fb.sol"},{"line":92,"column":9,"severity":"Warning","message":"Provide an error message for require","ruleId":"reason-string","fix":null,"filePath":"Benchmarks/Study_SamplesSet/3d21a1483fd84a0e9f51e721fa2622fb.sol"},{"line":92,"column":9,"severity":"Warning","message":"Use Custom Errors instead of require statements","ruleId":"custom-errors","fix":null,"filePath":"Benchmarks/Study_SamplesSet/3d21a1483fd84a0e9f51e721fa2622fb.sol"},{"line":100,"column":9,"severity":"Warning","message":"Provide an error message for require","ruleId":"reason-string","fix":null,"filePath":"Benchmarks/Study_SamplesSet/3d21a1483fd84a0e9f51e721fa2622fb.sol"},{"line":100,"column":9,"severity":"Warning","message":"Use Custom Errors instead of require statements","ruleId":"custom-errors","fix":null,"filePath":"Benchmarks/Study_SamplesSet/3d21a1483fd84a0e9f51e721fa2622fb.sol"},{"line":111,"column":9,"severity":"Warning","message":"Provide an error message for require","ruleId":"reason-string","fix":null,"filePath":"Benchmarks/Study_SamplesSet/3d21a1483fd84a0e9f51e721fa2622fb.sol"},{"line":111,"column":9,"severity":"Warning","message":"Use Custom Errors instead of require statements","ruleId":"custom-errors","fix":null,"filePath":"Benchmarks/Study_SamplesSet/3d21a1483fd84a0e9f51e721fa2622fb.sol"},{"line":120,"column":9,"severity":"Warning","message":"Provide an error message for require","ruleId":"reason-string","fix":null,"filePath":"Benchmarks/Study_SamplesSet/3d21a1483fd84a0e9f51e721fa2622fb.sol"},{"line":120,"column":9,"severity":"Warning","message":"Use Custom Errors instead of require statements","ruleId":"custom-errors","fix":null,"filePath":"Benchmarks/Study_SamplesSet/3d21a1483fd84a0e9f51e721fa2622fb.sol"},{"line":139,"column":9,"severity":"Warning","message":"Provide an error message for require","ruleId":"reason-string","fix":null,"filePath":"Benchmarks/Study_SamplesSet/3d21a1483fd84a0e9f51e721fa2622fb.sol"},{"line":139,"column":9,"severity":"Warning","message":"Use Custom Errors instead of require statements","ruleId":"custom-errors","fix":null,"filePath":"Benchmarks/Study_SamplesSet/3d21a1483fd84a0e9f51e721fa2622fb.sol"},{"line":154,"column":9,"severity":"Error","message":"Explicitly mark all external contracts as trusted or untrusted","ruleId":"mark-callable-contracts","filePath":"Benchmarks/Study_SamplesSet/3d21a1483fd84a0e9f51e721fa2622fb.sol"},{"line":164,"column":9,"severity":"Error","message":"Explicitly mark all external contracts as trusted or untrusted","ruleId":"mark-callable-contracts","filePath":"Benchmarks/Study_SamplesSet/3d21a1483fd84a0e9f51e721fa2622fb.sol"},{"line":178,"column":9,"severity":"Warning","message":"Visibility modifier must be first in list of modifiers","ruleId":"visibility-modifier-order","fix":null,"filePath":"Benchmarks/Study_SamplesSet/3d21a1483fd84a0e9f51e721fa2622fb.sol"},{"line":184,"column":9,"severity":"Warning","message":"Visibility modifier must be first in list of modifiers","ruleId":"visibility-modifier-order","fix":null,"filePath":"Benchmarks/Study_SamplesSet/3d21a1483fd84a0e9f51e721fa2622fb.sol"},{"line":215,"column":9,"severity":"Warning","message":"Visibility modifier must be first in list of modifiers","ruleId":"visibility-modifier-order","fix":null,"filePath":"Benchmarks/Study_SamplesSet/3d21a1483fd84a0e9f51e721fa2622fb.sol"},{"line":216,"column":9,"severity":"Warning","message":"Provide an error message for require","ruleId":"reason-string","fix":null,"filePath":"Benchmarks/Study_SamplesSet/3d21a1483fd84a0e9f51e721fa2622fb.sol"},{"line":216,"column":9,"severity":"Warning","message":"Use Custom Errors instead of require statements","ruleId":"custom-errors","fix":null,"filePath":"Benchmarks/Study_SamplesSet/3d21a1483fd84a0e9f51e721fa2622fb.sol"},{"line":258,"column":9,"severity":"Warning","message":"Visibility modifier must be first in list of modifiers","ruleId":"visibility-modifier-order","fix":null,"filePath":"Benchmarks/Study_SamplesSet/3d21a1483fd84a0e9f51e721fa2622fb.sol"},{"line":268,"column":9,"severity":"Warning","message":"Visibility modifier must be first in list of modifiers","ruleId":"visibility-modifier-order","fix":null,"filePath":"Benchmarks/Study_SamplesSet/3d21a1483fd84a0e9f51e721fa2622fb.sol"},{"line":291,"column":13,"severity":"Error","message":"Explicitly mark all external contracts as trusted or untrusted","ruleId":"mark-callable-contracts","filePath":"Benchmarks/Study_SamplesSet/3d21a1483fd84a0e9f51e721fa2622fb.sol"},{"line":319,"column":13,"severity":"Error","message":"Explicitly mark all external contracts as trusted or untrusted","ruleId":"mark-callable-contracts","filePath":"Benchmarks/Study_SamplesSet/3d21a1483fd84a0e9f51e721fa2622fb.sol"},{"line":333,"column":9,"severity":"Error","message":"Explicitly mark all external contracts as trusted or untrusted","ruleId":"mark-callable-contracts","filePath":"Benchmarks/Study_SamplesSet/3d21a1483fd84a0e9f51e721fa2622fb.sol"},{"line":348,"column":9,"severity":"Warning","message":"Visibility modifier must be first in list of modifiers","ruleId":"visibility-modifier-order","fix":null,"filePath":"Benchmarks/Study_SamplesSet/3d21a1483fd84a0e9f51e721fa2622fb.sol"},{"line":350,"column":16,"severity":"Error","message":"Check result of \"send\" call","ruleId":"check-send-result","fix":null,"filePath":"Benchmarks/Study_SamplesSet/3d21a1483fd84a0e9f51e721fa2622fb.sol"},{"line":358,"column":5,"severity":"Warning","message":"Rule is set with explicit type [var/s: uint]","ruleId":"explicit-types","filePath":"Benchmarks/Study_SamplesSet/3d21a1483fd84a0e9f51e721fa2622fb.sol"},{"line":360,"column":48,"severity":"Warning","message":"Rule is set with explicit type [var/s: uint]","ruleId":"explicit-types","filePath":"Benchmarks/Study_SamplesSet/3d21a1483fd84a0e9f51e721fa2622fb.sol"},{"line":361,"column":46,"severity":"Warning","message":"Rule is set with explicit type [var/s: uint]","ruleId":"explicit-types","filePath":"Benchmarks/Study_SamplesSet/3d21a1483fd84a0e9f51e721fa2622fb.sol"},{"line":362,"column":22,"severity":"Warning","message":"Rule is set with explicit type [var/s: uint]","ruleId":"explicit-types","filePath":"Benchmarks/Study_SamplesSet/3d21a1483fd84a0e9f51e721fa2622fb.sol"},{"line":363,"column":21,"severity":"Warning","message":"Rule is set with explicit type [var/s: uint]","ruleId":"explicit-types","filePath":"Benchmarks/Study_SamplesSet/3d21a1483fd84a0e9f51e721fa2622fb.sol"},{"line":364,"column":28,"severity":"Warning","message":"Rule is set with explicit type [var/s: uint]","ruleId":"explicit-types","filePath":"Benchmarks/Study_SamplesSet/3d21a1483fd84a0e9f51e721fa2622fb.sol"},{"line":365,"column":43,"severity":"Warning","message":"Rule is set with explicit type [var/s: uint]","ruleId":"explicit-types","filePath":"Benchmarks/Study_SamplesSet/3d21a1483fd84a0e9f51e721fa2622fb.sol"},{"line":368,"column":29,"severity":"Warning","message":"Rule is set with explicit type [var/s: uint]","ruleId":"explicit-types","filePath":"Benchmarks/Study_SamplesSet/3d21a1483fd84a0e9f51e721fa2622fb.sol"},{"line":371,"column":5,"severity":"Warning","message":"Rule is set with explicit type [var/s: uint]","ruleId":"explicit-types","filePath":"Benchmarks/Study_SamplesSet/3d21a1483fd84a0e9f51e721fa2622fb.sol"},{"line":372,"column":5,"severity":"Warning","message":"Rule is set with explicit type [var/s: uint]","ruleId":"explicit-types","filePath":"Benchmarks/Study_SamplesSet/3d21a1483fd84a0e9f51e721fa2622fb.sol"},{"line":375,"column":5,"severity":"Warning","message":"Rule is set with explicit type [var/s: uint]","ruleId":"explicit-types","filePath":"Benchmarks/Study_SamplesSet/3d21a1483fd84a0e9f51e721fa2622fb.sol"},{"line":376,"column":5,"severity":"Warning","message":"Rule is set with explicit type [var/s: uint]","ruleId":"explicit-types","filePath":"Benchmarks/Study_SamplesSet/3d21a1483fd84a0e9f51e721fa2622fb.sol"},{"line":377,"column":5,"severity":"Error","message":"Explicitly mark visibility of state","ruleId":"state-visibility","fix":null,"filePath":"Benchmarks/Study_SamplesSet/3d21a1483fd84a0e9f51e721fa2622fb.sol"},{"line":381,"column":9,"severity":"Warning","message":"Rule is set with explicit type [var/s: uint]","ruleId":"explicit-types","filePath":"Benchmarks/Study_SamplesSet/3d21a1483fd84a0e9f51e721fa2622fb.sol"},{"line":388,"column":13,"severity":"Warning","message":"Provide an error message for revert","ruleId":"reason-string","fix":null,"filePath":"Benchmarks/Study_SamplesSet/3d21a1483fd84a0e9f51e721fa2622fb.sol"},{"line":388,"column":13,"severity":"Warning","message":"Use Custom Errors instead of revert statements","ruleId":"custom-errors","fix":null,"filePath":"Benchmarks/Study_SamplesSet/3d21a1483fd84a0e9f51e721fa2622fb.sol"},{"line":394,"column":13,"severity":"Warning","message":"Provide an error message for revert","ruleId":"reason-string","fix":null,"filePath":"Benchmarks/Study_SamplesSet/3d21a1483fd84a0e9f51e721fa2622fb.sol"},{"line":394,"column":13,"severity":"Warning","message":"Use Custom Errors instead of revert statements","ruleId":"custom-errors","fix":null,"filePath":"Benchmarks/Study_SamplesSet/3d21a1483fd84a0e9f51e721fa2622fb.sol"},{"line":400,"column":13,"severity":"Warning","message":"Provide an error message for revert","ruleId":"reason-string","fix":null,"filePath":"Benchmarks/Study_SamplesSet/3d21a1483fd84a0e9f51e721fa2622fb.sol"},{"line":400,"column":13,"severity":"Warning","message":"Use Custom Errors instead of revert statements","ruleId":"custom-errors","fix":null,"filePath":"Benchmarks/Study_SamplesSet/3d21a1483fd84a0e9f51e721fa2622fb.sol"},{"line":404,"column":32,"severity":"Warning","message":"Rule is set with explicit type [var/s: uint]","ruleId":"explicit-types","filePath":"Benchmarks/Study_SamplesSet/3d21a1483fd84a0e9f51e721fa2622fb.sol"},{"line":406,"column":13,"severity":"Warning","message":"Provide an error message for revert","ruleId":"reason-string","fix":null,"filePath":"Benchmarks/Study_SamplesSet/3d21a1483fd84a0e9f51e721fa2622fb.sol"},{"line":406,"column":13,"severity":"Warning","message":"Use Custom Errors instead of revert statements","ruleId":"custom-errors","fix":null,"filePath":"Benchmarks/Study_SamplesSet/3d21a1483fd84a0e9f51e721fa2622fb.sol"},{"line":410,"column":24,"severity":"Warning","message":"Rule is set with explicit type [var/s: uint]","ruleId":"explicit-types","filePath":"Benchmarks/Study_SamplesSet/3d21a1483fd84a0e9f51e721fa2622fb.sol"},{"line":412,"column":13,"severity":"Warning","message":"Provide an error message for revert","ruleId":"reason-string","fix":null,"filePath":"Benchmarks/Study_SamplesSet/3d21a1483fd84a0e9f51e721fa2622fb.sol"},{"line":412,"column":13,"severity":"Warning","message":"Use Custom Errors instead of revert statements","ruleId":"custom-errors","fix":null,"filePath":"Benchmarks/Study_SamplesSet/3d21a1483fd84a0e9f51e721fa2622fb.sol"},{"line":416,"column":27,"severity":"Warning","message":"Rule is set with explicit type [var/s: uint]","ruleId":"explicit-types","filePath":"Benchmarks/Study_SamplesSet/3d21a1483fd84a0e9f51e721fa2622fb.sol"},{"line":418,"column":13,"severity":"Warning","message":"Provide an error message for revert","ruleId":"reason-string","fix":null,"filePath":"Benchmarks/Study_SamplesSet/3d21a1483fd84a0e9f51e721fa2622fb.sol"},{"line":418,"column":13,"severity":"Warning","message":"Use Custom Errors instead of revert statements","ruleId":"custom-errors","fix":null,"filePath":"Benchmarks/Study_SamplesSet/3d21a1483fd84a0e9f51e721fa2622fb.sol"},{"line":422,"column":26,"severity":"Warning","message":"Rule is set with explicit type [var/s: uint]","ruleId":"explicit-types","filePath":"Benchmarks/Study_SamplesSet/3d21a1483fd84a0e9f51e721fa2622fb.sol"},{"line":424,"column":13,"severity":"Warning","message":"Provide an error message for revert","ruleId":"reason-string","fix":null,"filePath":"Benchmarks/Study_SamplesSet/3d21a1483fd84a0e9f51e721fa2622fb.sol"},{"line":424,"column":13,"severity":"Warning","message":"Use Custom Errors instead of revert statements","ruleId":"custom-errors","fix":null,"filePath":"Benchmarks/Study_SamplesSet/3d21a1483fd84a0e9f51e721fa2622fb.sol"},{"line":430,"column":13,"severity":"Warning","message":"Provide an error message for revert","ruleId":"reason-string","fix":null,"filePath":"Benchmarks/Study_SamplesSet/3d21a1483fd84a0e9f51e721fa2622fb.sol"},{"line":430,"column":13,"severity":"Warning","message":"Use Custom Errors instead of revert statements","ruleId":"custom-errors","fix":null,"filePath":"Benchmarks/Study_SamplesSet/3d21a1483fd84a0e9f51e721fa2622fb.sol"},{"line":434,"column":31,"severity":"Warning","message":"Rule is set with explicit type [var/s: uint]","ruleId":"explicit-types","filePath":"Benchmarks/Study_SamplesSet/3d21a1483fd84a0e9f51e721fa2622fb.sol"},{"line":434,"column":48,"severity":"Warning","message":"Rule is set with explicit type [var/s: uint]","ruleId":"explicit-types","filePath":"Benchmarks/Study_SamplesSet/3d21a1483fd84a0e9f51e721fa2622fb.sol"},{"line":439,"column":13,"severity":"Warning","message":"Provide an error message for revert","ruleId":"reason-string","fix":null,"filePath":"Benchmarks/Study_SamplesSet/3d21a1483fd84a0e9f51e721fa2622fb.sol"},{"line":439,"column":13,"severity":"Warning","message":"Use Custom Errors instead of revert statements","ruleId":"custom-errors","fix":null,"filePath":"Benchmarks/Study_SamplesSet/3d21a1483fd84a0e9f51e721fa2622fb.sol"},{"line":444,"column":5,"severity":"Error","message":"Explicitly mark visibility in function","ruleId":"func-visibility","fix":null,"filePath":"Benchmarks/Study_SamplesSet/3d21a1483fd84a0e9f51e721fa2622fb.sol"},{"line":448,"column":13,"severity":"Error","message":"Explicitly mark all external contracts as trusted or untrusted","ruleId":"mark-callable-contracts","filePath":"Benchmarks/Study_SamplesSet/3d21a1483fd84a0e9f51e721fa2622fb.sol"},{"line":457,"column":48,"severity":"Warning","message":"Rule is set with explicit type [var/s: uint]","ruleId":"explicit-types","filePath":"Benchmarks/Study_SamplesSet/3d21a1483fd84a0e9f51e721fa2622fb.sol"},{"line":461,"column":14,"severity":"Warning","message":"Rule is set with explicit type [var/s: uint]","ruleId":"explicit-types","filePath":"Benchmarks/Study_SamplesSet/3d21a1483fd84a0e9f51e721fa2622fb.sol"},{"line":463,"column":17,"severity":"Warning","message":"Provide an error message for revert","ruleId":"reason-string","fix":null,"filePath":"Benchmarks/Study_SamplesSet/3d21a1483fd84a0e9f51e721fa2622fb.sol"},{"line":463,"column":17,"severity":"Warning","message":"Use Custom Errors instead of revert statements","ruleId":"custom-errors","fix":null,"filePath":"Benchmarks/Study_SamplesSet/3d21a1483fd84a0e9f51e721fa2622fb.sol"},{"line":481,"column":9,"severity":"Error","message":"Explicitly mark all external contracts as trusted or untrusted","ruleId":"mark-callable-contracts","filePath":"Benchmarks/Study_SamplesSet/3d21a1483fd84a0e9f51e721fa2622fb.sol"},{"line":492,"column":14,"severity":"Warning","message":"Rule is set with explicit type [var/s: uint]","ruleId":"explicit-types","filePath":"Benchmarks/Study_SamplesSet/3d21a1483fd84a0e9f51e721fa2622fb.sol"},{"line":500,"column":9,"severity":"Error","message":"Explicitly mark all external contracts as trusted or untrusted","ruleId":"mark-callable-contracts","filePath":"Benchmarks/Study_SamplesSet/3d21a1483fd84a0e9f51e721fa2622fb.sol"},{"line":512,"column":14,"severity":"Warning","message":"Rule is set with explicit type [var/s: uint]","ruleId":"explicit-types","filePath":"Benchmarks/Study_SamplesSet/3d21a1483fd84a0e9f51e721fa2622fb.sol"},{"line":519,"column":9,"severity":"Error","message":"Explicitly mark all external contracts as trusted or untrusted","ruleId":"mark-callable-contracts","filePath":"Benchmarks/Study_SamplesSet/3d21a1483fd84a0e9f51e721fa2622fb.sol"},{"line":520,"column":9,"severity":"Error","message":"Explicitly mark all external contracts as trusted or untrusted","ruleId":"mark-callable-contracts","filePath":"Benchmarks/Study_SamplesSet/3d21a1483fd84a0e9f51e721fa2622fb.sol"},{"line":525,"column":32,"severity":"Warning","message":"Rule is set with explicit type [var/s: uint]","ruleId":"explicit-types","filePath":"Benchmarks/Study_SamplesSet/3d21a1483fd84a0e9f51e721fa2622fb.sol"},{"line":531,"column":9,"severity":"Error","message":"Explicitly mark all external contracts as trusted or untrusted","ruleId":"mark-callable-contracts","filePath":"Benchmarks/Study_SamplesSet/3d21a1483fd84a0e9f51e721fa2622fb.sol"},{"line":539,"column":53,"severity":"Warning","message":"Rule is set with explicit type [var/s: uint]","ruleId":"explicit-types","filePath":"Benchmarks/Study_SamplesSet/3d21a1483fd84a0e9f51e721fa2622fb.sol"},{"line":541,"column":18,"severity":"Warning","message":"Rule is set with explicit type [var/s: uint]","ruleId":"explicit-types","filePath":"Benchmarks/Study_SamplesSet/3d21a1483fd84a0e9f51e721fa2622fb.sol"},{"line":549,"column":33,"severity":"Warning","message":"Rule is set with explicit type [var/s: uint]","ruleId":"explicit-types","filePath":"Benchmarks/Study_SamplesSet/3d21a1483fd84a0e9f51e721fa2622fb.sol"},{"line":556,"column":9,"severity":"Error","message":"Explicitly mark all external contracts as trusted or untrusted","ruleId":"mark-callable-contracts","filePath":"Benchmarks/Study_SamplesSet/3d21a1483fd84a0e9f51e721fa2622fb.sol"},{"line":562,"column":33,"severity":"Warning","message":"Rule is set with explicit type [var/s: uint]","ruleId":"explicit-types","filePath":"Benchmarks/Study_SamplesSet/3d21a1483fd84a0e9f51e721fa2622fb.sol"},{"line":569,"column":9,"severity":"Error","message":"Explicitly mark all external contracts as trusted or untrusted","ruleId":"mark-callable-contracts","filePath":"Benchmarks/Study_SamplesSet/3d21a1483fd84a0e9f51e721fa2622fb.sol"},{"line":574,"column":33,"severity":"Warning","message":"Rule is set with explicit type [var/s: uint]","ruleId":"explicit-types","filePath":"Benchmarks/Study_SamplesSet/3d21a1483fd84a0e9f51e721fa2622fb.sol"},{"line":581,"column":17,"severity":"Error","message":"Avoid to use low level calls.","ruleId":"avoid-low-level-calls","fix":null,"filePath":"Benchmarks/Study_SamplesSet/3d21a1483fd84a0e9f51e721fa2622fb.sol"},{"line":581,"column":17,"severity":"Error","message":"Avoid to use \".call.value()()\"","ruleId":"avoid-call-value","fix":null,"filePath":"Benchmarks/Study_SamplesSet/3d21a1483fd84a0e9f51e721fa2622fb.sol"},{"line":582,"column":17,"severity":"Error","message":"Explicitly mark all external contracts as trusted or untrusted","ruleId":"mark-callable-contracts","filePath":"Benchmarks/Study_SamplesSet/3d21a1483fd84a0e9f51e721fa2622fb.sol"},{"line":584,"column":17,"severity":"Error","message":"Explicitly mark all external contracts as trusted or untrusted","ruleId":"mark-callable-contracts","filePath":"Benchmarks/Study_SamplesSet/3d21a1483fd84a0e9f51e721fa2622fb.sol"},{"line":593,"column":26,"severity":"Warning","message":"Rule is set with explicit type [var/s: uint]","ruleId":"explicit-types","filePath":"Benchmarks/Study_SamplesSet/3d21a1483fd84a0e9f51e721fa2622fb.sol"},{"line":598,"column":9,"severity":"Warning","message":"Rule is set with explicit type [var/s: uint]","ruleId":"explicit-types","filePath":"Benchmarks/Study_SamplesSet/3d21a1483fd84a0e9f51e721fa2622fb.sol"},{"line":599,"column":14,"severity":"Warning","message":"Rule is set with explicit type [var/s: uint]","ruleId":"explicit-types","filePath":"Benchmarks/Study_SamplesSet/3d21a1483fd84a0e9f51e721fa2622fb.sol"},{"line":615,"column":50,"severity":"Warning","message":"Rule is set with explicit type [var/s: uint]","ruleId":"explicit-types","filePath":"Benchmarks/Study_SamplesSet/3d21a1483fd84a0e9f51e721fa2622fb.sol"},{"line":618,"column":18,"severity":"Warning","message":"Rule is set with explicit type [var/s: uint]","ruleId":"explicit-types","filePath":"Benchmarks/Study_SamplesSet/3d21a1483fd84a0e9f51e721fa2622fb.sol"},{"line":621,"column":39,"severity":"Error","message":"Explicitly mark all external contracts as trusted or untrusted","ruleId":"mark-callable-contracts","filePath":"Benchmarks/Study_SamplesSet/3d21a1483fd84a0e9f51e721fa2622fb.sol"},{"line":628,"column":9,"severity":"Error","message":"Explicitly mark all external contracts as trusted or untrusted","ruleId":"mark-callable-contracts","filePath":"Benchmarks/Study_SamplesSet/3d21a1483fd84a0e9f51e721fa2622fb.sol"},{"line":637,"column":35,"severity":"Warning","message":"Rule is set with explicit type [var/s: uint]","ruleId":"explicit-types","filePath":"Benchmarks/Study_SamplesSet/3d21a1483fd84a0e9f51e721fa2622fb.sol"},{"line":640,"column":18,"severity":"Warning","message":"Rule is set with explicit type [var/s: uint]","ruleId":"explicit-types","filePath":"Benchmarks/Study_SamplesSet/3d21a1483fd84a0e9f51e721fa2622fb.sol"},{"line":642,"column":14,"severity":"Warning","message":"Rule is set with explicit type [var/s: uint]","ruleId":"explicit-types","filePath":"Benchmarks/Study_SamplesSet/3d21a1483fd84a0e9f51e721fa2622fb.sol"},{"line":654,"column":18,"severity":"Warning","message":"Rule is set with explicit type [var/s: uint]","ruleId":"explicit-types","filePath":"Benchmarks/Study_SamplesSet/3d21a1483fd84a0e9f51e721fa2622fb.sol"},{"line":656,"column":14,"severity":"Warning","message":"Rule is set with explicit type [var/s: uint]","ruleId":"explicit-types","filePath":"Benchmarks/Study_SamplesSet/3d21a1483fd84a0e9f51e721fa2622fb.sol"},{"line":675,"column":31,"severity":"Warning","message":"Rule is set with explicit type [var/s: uint]","ruleId":"explicit-types","filePath":"Benchmarks/Study_SamplesSet/3d21a1483fd84a0e9f51e721fa2622fb.sol"},{"line":681,"column":9,"severity":"Warning","message":"Rule is set with explicit type [var/s: uint]","ruleId":"explicit-types","filePath":"Benchmarks/Study_SamplesSet/3d21a1483fd84a0e9f51e721fa2622fb.sol"},{"line":682,"column":9,"severity":"Warning","message":"Rule is set with explicit type [var/s: uint]","ruleId":"explicit-types","filePath":"Benchmarks/Study_SamplesSet/3d21a1483fd84a0e9f51e721fa2622fb.sol"},{"line":699,"column":32,"severity":"Warning","message":"Rule is set with explicit type [var/s: uint]","ruleId":"explicit-types","filePath":"Benchmarks/Study_SamplesSet/3d21a1483fd84a0e9f51e721fa2622fb.sol"},{"line":699,"column":43,"severity":"Warning","message":"Rule is set with explicit type [var/s: uint]","ruleId":"explicit-types","filePath":"Benchmarks/Study_SamplesSet/3d21a1483fd84a0e9f51e721fa2622fb.sol"},{"line":702,"column":18,"severity":"Warning","message":"Rule is set with explicit type [var/s: uint]","ruleId":"explicit-types","filePath":"Benchmarks/Study_SamplesSet/3d21a1483fd84a0e9f51e721fa2622fb.sol"},{"line":704,"column":44,"severity":"Warning","message":"Rule is set with explicit type [var/s: uint]","ruleId":"explicit-types","filePath":"Benchmarks/Study_SamplesSet/3d21a1483fd84a0e9f51e721fa2622fb.sol"},{"line":704,"column":9,"severity":"Warning","message":"Rule is set with explicit type [var/s: uint]","ruleId":"explicit-types","filePath":"Benchmarks/Study_SamplesSet/3d21a1483fd84a0e9f51e721fa2622fb.sol"},{"line":705,"column":9,"severity":"Warning","message":"Rule is set with explicit type [var/s: uint]","ruleId":"explicit-types","filePath":"Benchmarks/Study_SamplesSet/3d21a1483fd84a0e9f51e721fa2622fb.sol"},{"line":706,"column":9,"severity":"Warning","message":"Rule is set with explicit type [var/s: uint]","ruleId":"explicit-types","filePath":"Benchmarks/Study_SamplesSet/3d21a1483fd84a0e9f51e721fa2622fb.sol"},{"line":714,"column":9,"severity":"Warning","message":"Rule is set with explicit type [var/s: uint]","ruleId":"explicit-types","filePath":"Benchmarks/Study_SamplesSet/3d21a1483fd84a0e9f51e721fa2622fb.sol"},{"line":724,"column":9,"severity":"Warning","message":"Provide an error message for require","ruleId":"reason-string","fix":null,"filePath":"Benchmarks/Study_SamplesSet/3d21a1483fd84a0e9f51e721fa2622fb.sol"},{"line":724,"column":9,"severity":"Warning","message":"Use Custom Errors instead of require statements","ruleId":"custom-errors","fix":null,"filePath":"Benchmarks/Study_SamplesSet/3d21a1483fd84a0e9f51e721fa2622fb.sol"},{"line":725,"column":9,"severity":"Error","message":"Explicitly mark all external contracts as trusted or untrusted","ruleId":"mark-callable-contracts","filePath":"Benchmarks/Study_SamplesSet/3d21a1483fd84a0e9f51e721fa2622fb.sol"},{"conclusion":"120 problem/s (24 error/s, 96 warning/s)"}]
