[{"line":1,"column":1,"severity":"Warning","message":"Found more than One contract per file. 9 contracts found!","ruleId":"one-contract-per-file","fix":null,"filePath":"Benchmarks/Study_SamplesSet/3e986d35c9248a39a73a9b3fd13e8972.sol"},{"line":1,"column":1,"severity":"Error","message":"Compiler version ^0.4.15 does not satisfy the ^0.8.0 semver requirement","ruleId":"compiler-version","fix":null,"filePath":"Benchmarks/Study_SamplesSet/3e986d35c9248a39a73a9b3fd13e8972.sol"},{"line":4,"column":3,"severity":"Warning","message":"Rule is set with explicit type [var/s: uint]","ruleId":"explicit-types","filePath":"Benchmarks/Study_SamplesSet/3e986d35c9248a39a73a9b3fd13e8972.sol"},{"line":5,"column":3,"severity":"Error","message":"Explicitly mark visibility in function","ruleId":"func-visibility","fix":null,"filePath":"Benchmarks/Study_SamplesSet/3e986d35c9248a39a73a9b3fd13e8972.sol"},{"line":5,"column":53,"severity":"Warning","message":"Rule is set with explicit type [var/s: uint]","ruleId":"explicit-types","filePath":"Benchmarks/Study_SamplesSet/3e986d35c9248a39a73a9b3fd13e8972.sol"},{"line":6,"column":3,"severity":"Error","message":"Explicitly mark visibility in function","ruleId":"func-visibility","fix":null,"filePath":"Benchmarks/Study_SamplesSet/3e986d35c9248a39a73a9b3fd13e8972.sol"},{"line":6,"column":72,"severity":"Warning","message":"Rule is set with explicit type [var/s: uint]","ruleId":"explicit-types","filePath":"Benchmarks/Study_SamplesSet/3e986d35c9248a39a73a9b3fd13e8972.sol"},{"line":8,"column":3,"severity":"Error","message":"Explicitly mark visibility in function","ruleId":"func-visibility","fix":null,"filePath":"Benchmarks/Study_SamplesSet/3e986d35c9248a39a73a9b3fd13e8972.sol"},{"line":8,"column":33,"severity":"Warning","message":"Rule is set with explicit type [var/s: uint]","ruleId":"explicit-types","filePath":"Benchmarks/Study_SamplesSet/3e986d35c9248a39a73a9b3fd13e8972.sol"},{"line":9,"column":3,"severity":"Error","message":"Explicitly mark visibility in function","ruleId":"func-visibility","fix":null,"filePath":"Benchmarks/Study_SamplesSet/3e986d35c9248a39a73a9b3fd13e8972.sol"},{"line":9,"column":51,"severity":"Warning","message":"Rule is set with explicit type [var/s: uint]","ruleId":"explicit-types","filePath":"Benchmarks/Study_SamplesSet/3e986d35c9248a39a73a9b3fd13e8972.sol"},{"line":10,"column":3,"severity":"Error","message":"Explicitly mark visibility in function","ruleId":"func-visibility","fix":null,"filePath":"Benchmarks/Study_SamplesSet/3e986d35c9248a39a73a9b3fd13e8972.sol"},{"line":10,"column":37,"severity":"Warning","message":"Rule is set with explicit type [var/s: uint]","ruleId":"explicit-types","filePath":"Benchmarks/Study_SamplesSet/3e986d35c9248a39a73a9b3fd13e8972.sol"},{"line":11,"column":60,"severity":"Warning","message":"Rule is set with explicit type [var/s: uint]","ruleId":"explicit-types","filePath":"Benchmarks/Study_SamplesSet/3e986d35c9248a39a73a9b3fd13e8972.sol"},{"line":12,"column":66,"severity":"Warning","message":"Rule is set with explicit type [var/s: uint]","ruleId":"explicit-types","filePath":"Benchmarks/Study_SamplesSet/3e986d35c9248a39a73a9b3fd13e8972.sol"},{"line":16,"column":49,"severity":"Warning","message":"Visibility modifier must be first in list of modifiers","ruleId":"visibility-modifier-order","fix":null,"filePath":"Benchmarks/Study_SamplesSet/3e986d35c9248a39a73a9b3fd13e8972.sol"},{"line":20,"column":49,"severity":"Warning","message":"Visibility modifier must be first in list of modifiers","ruleId":"visibility-modifier-order","fix":null,"filePath":"Benchmarks/Study_SamplesSet/3e986d35c9248a39a73a9b3fd13e8972.sol"},{"line":24,"column":49,"severity":"Warning","message":"Visibility modifier must be first in list of modifiers","ruleId":"visibility-modifier-order","fix":null,"filePath":"Benchmarks/Study_SamplesSet/3e986d35c9248a39a73a9b3fd13e8972.sol"},{"line":28,"column":49,"severity":"Warning","message":"Visibility modifier must be first in list of modifiers","ruleId":"visibility-modifier-order","fix":null,"filePath":"Benchmarks/Study_SamplesSet/3e986d35c9248a39a73a9b3fd13e8972.sol"},{"line":32,"column":49,"severity":"Warning","message":"Visibility modifier must be first in list of modifiers","ruleId":"visibility-modifier-order","fix":null,"filePath":"Benchmarks/Study_SamplesSet/3e986d35c9248a39a73a9b3fd13e8972.sol"},{"line":35,"column":49,"severity":"Warning","message":"Visibility modifier must be first in list of modifiers","ruleId":"visibility-modifier-order","fix":null,"filePath":"Benchmarks/Study_SamplesSet/3e986d35c9248a39a73a9b3fd13e8972.sol"},{"line":83,"column":9,"severity":"Error","message":"Explicitly mark visibility of state","ruleId":"state-visibility","fix":null,"filePath":"Benchmarks/Study_SamplesSet/3e986d35c9248a39a73a9b3fd13e8972.sol"},{"line":83,"column":9,"severity":"Warning","message":"Rule is set with explicit type [var/s: uint]","ruleId":"explicit-types","filePath":"Benchmarks/Study_SamplesSet/3e986d35c9248a39a73a9b3fd13e8972.sol"},{"line":84,"column":9,"severity":"Error","message":"Explicitly mark visibility of state","ruleId":"state-visibility","fix":null,"filePath":"Benchmarks/Study_SamplesSet/3e986d35c9248a39a73a9b3fd13e8972.sol"},{"line":84,"column":9,"severity":"Warning","message":"Rule is set with explicit type [var/s: uint]","ruleId":"explicit-types","filePath":"Benchmarks/Study_SamplesSet/3e986d35c9248a39a73a9b3fd13e8972.sol"},{"line":85,"column":9,"severity":"Error","message":"Explicitly mark visibility of state","ruleId":"state-visibility","fix":null,"filePath":"Benchmarks/Study_SamplesSet/3e986d35c9248a39a73a9b3fd13e8972.sol"},{"line":85,"column":9,"severity":"Warning","message":"Rule is set with explicit type [var/s: uint]","ruleId":"explicit-types","filePath":"Benchmarks/Study_SamplesSet/3e986d35c9248a39a73a9b3fd13e8972.sol"},{"line":87,"column":9,"severity":"Error","message":"Explicitly mark visibility of state","ruleId":"state-visibility","fix":null,"filePath":"Benchmarks/Study_SamplesSet/3e986d35c9248a39a73a9b3fd13e8972.sol"},{"line":87,"column":9,"severity":"Warning","message":"Rule is set with explicit type [var/s: uint]","ruleId":"explicit-types","filePath":"Benchmarks/Study_SamplesSet/3e986d35c9248a39a73a9b3fd13e8972.sol"},{"line":88,"column":9,"severity":"Error","message":"Explicitly mark visibility of state","ruleId":"state-visibility","fix":null,"filePath":"Benchmarks/Study_SamplesSet/3e986d35c9248a39a73a9b3fd13e8972.sol"},{"line":88,"column":9,"severity":"Warning","message":"Rule is set with explicit type [var/s: uint]","ruleId":"explicit-types","filePath":"Benchmarks/Study_SamplesSet/3e986d35c9248a39a73a9b3fd13e8972.sol"},{"line":90,"column":9,"severity":"Error","message":"Explicitly mark visibility of state","ruleId":"state-visibility","fix":null,"filePath":"Benchmarks/Study_SamplesSet/3e986d35c9248a39a73a9b3fd13e8972.sol"},{"line":92,"column":9,"severity":"Error","message":"Explicitly mark visibility in function","ruleId":"func-visibility","fix":null,"filePath":"Benchmarks/Study_SamplesSet/3e986d35c9248a39a73a9b3fd13e8972.sol"},{"line":105,"column":9,"severity":"Error","message":"Explicitly mark visibility in function","ruleId":"func-visibility","fix":null,"filePath":"Benchmarks/Study_SamplesSet/3e986d35c9248a39a73a9b3fd13e8972.sol"},{"line":105,"column":34,"severity":"Warning","message":"Rule is set with explicit type [var/s: uint]","ruleId":"explicit-types","filePath":"Benchmarks/Study_SamplesSet/3e986d35c9248a39a73a9b3fd13e8972.sol"},{"line":105,"column":63,"severity":"Warning","message":"Rule is set with explicit type [var/s: uint]","ruleId":"explicit-types","filePath":"Benchmarks/Study_SamplesSet/3e986d35c9248a39a73a9b3fd13e8972.sol"},{"line":110,"column":9,"severity":"Error","message":"Explicitly mark visibility in function","ruleId":"func-visibility","fix":null,"filePath":"Benchmarks/Study_SamplesSet/3e986d35c9248a39a73a9b3fd13e8972.sol"},{"line":125,"column":33,"severity":"Warning","message":"Rule is set with explicit type [var/s: uint]","ruleId":"explicit-types","filePath":"Benchmarks/Study_SamplesSet/3e986d35c9248a39a73a9b3fd13e8972.sol"},{"line":126,"column":17,"severity":"Warning","message":"Rule is set with explicit type [var/s: uint]","ruleId":"explicit-types","filePath":"Benchmarks/Study_SamplesSet/3e986d35c9248a39a73a9b3fd13e8972.sol"},{"line":127,"column":17,"severity":"Warning","message":"Rule is set with explicit type [var/s: uint]","ruleId":"explicit-types","filePath":"Benchmarks/Study_SamplesSet/3e986d35c9248a39a73a9b3fd13e8972.sol"},{"line":132,"column":66,"severity":"Error","message":"Explicitly mark all external contracts as trusted or untrusted","ruleId":"mark-callable-contracts","filePath":"Benchmarks/Study_SamplesSet/3e986d35c9248a39a73a9b3fd13e8972.sol"},{"line":134,"column":40,"severity":"Error","message":"Explicitly mark all external contracts as trusted or untrusted","ruleId":"mark-callable-contracts","filePath":"Benchmarks/Study_SamplesSet/3e986d35c9248a39a73a9b3fd13e8972.sol"},{"line":135,"column":40,"severity":"Error","message":"Explicitly mark all external contracts as trusted or untrusted","ruleId":"mark-callable-contracts","filePath":"Benchmarks/Study_SamplesSet/3e986d35c9248a39a73a9b3fd13e8972.sol"},{"line":135,"column":69,"severity":"Error","message":"Explicitly mark all external contracts as trusted or untrusted","ruleId":"mark-callable-contracts","filePath":"Benchmarks/Study_SamplesSet/3e986d35c9248a39a73a9b3fd13e8972.sol"},{"line":138,"column":17,"severity":"Warning","message":"Rule is set with explicit type [var/s: uint]","ruleId":"explicit-types","filePath":"Benchmarks/Study_SamplesSet/3e986d35c9248a39a73a9b3fd13e8972.sol"},{"line":140,"column":42,"severity":"Error","message":"Explicitly mark all external contracts as trusted or untrusted","ruleId":"mark-callable-contracts","filePath":"Benchmarks/Study_SamplesSet/3e986d35c9248a39a73a9b3fd13e8972.sol"},{"line":154,"column":48,"severity":"Error","message":"Explicitly mark all external contracts as trusted or untrusted","ruleId":"mark-callable-contracts","filePath":"Benchmarks/Study_SamplesSet/3e986d35c9248a39a73a9b3fd13e8972.sol"},{"line":161,"column":9,"severity":"Error","message":"Explicitly mark visibility in function","ruleId":"func-visibility","fix":null,"filePath":"Benchmarks/Study_SamplesSet/3e986d35c9248a39a73a9b3fd13e8972.sol"},{"line":161,"column":26,"severity":"Warning","message":"Rule is set with explicit type [var/s: uint]","ruleId":"explicit-types","filePath":"Benchmarks/Study_SamplesSet/3e986d35c9248a39a73a9b3fd13e8972.sol"},{"line":162,"column":17,"severity":"Warning","message":"Rule is set with explicit type [var/s: uint]","ruleId":"explicit-types","filePath":"Benchmarks/Study_SamplesSet/3e986d35c9248a39a73a9b3fd13e8972.sol"},{"line":164,"column":17,"severity":"Warning","message":"Rule is set with explicit type [var/s: uint]","ruleId":"explicit-types","filePath":"Benchmarks/Study_SamplesSet/3e986d35c9248a39a73a9b3fd13e8972.sol"},{"line":167,"column":31,"severity":"Error","message":"Explicitly mark all external contracts as trusted or untrusted","ruleId":"mark-callable-contracts","filePath":"Benchmarks/Study_SamplesSet/3e986d35c9248a39a73a9b3fd13e8972.sol"},{"line":167,"column":57,"severity":"Error","message":"Explicitly mark all external contracts as trusted or untrusted","ruleId":"mark-callable-contracts","filePath":"Benchmarks/Study_SamplesSet/3e986d35c9248a39a73a9b3fd13e8972.sol"},{"line":168,"column":72,"severity":"Error","message":"Explicitly mark all external contracts as trusted or untrusted","ruleId":"mark-callable-contracts","filePath":"Benchmarks/Study_SamplesSet/3e986d35c9248a39a73a9b3fd13e8972.sol"},{"line":170,"column":40,"severity":"Error","message":"Explicitly mark all external contracts as trusted or untrusted","ruleId":"mark-callable-contracts","filePath":"Benchmarks/Study_SamplesSet/3e986d35c9248a39a73a9b3fd13e8972.sol"},{"line":171,"column":40,"severity":"Error","message":"Explicitly mark all external contracts as trusted or untrusted","ruleId":"mark-callable-contracts","filePath":"Benchmarks/Study_SamplesSet/3e986d35c9248a39a73a9b3fd13e8972.sol"},{"line":171,"column":66,"severity":"Error","message":"Explicitly mark all external contracts as trusted or untrusted","ruleId":"mark-callable-contracts","filePath":"Benchmarks/Study_SamplesSet/3e986d35c9248a39a73a9b3fd13e8972.sol"},{"line":175,"column":56,"severity":"Error","message":"Explicitly mark all external contracts as trusted or untrusted","ruleId":"mark-callable-contracts","filePath":"Benchmarks/Study_SamplesSet/3e986d35c9248a39a73a9b3fd13e8972.sol"},{"line":178,"column":56,"severity":"Error","message":"Explicitly mark all external contracts as trusted or untrusted","ruleId":"mark-callable-contracts","filePath":"Benchmarks/Study_SamplesSet/3e986d35c9248a39a73a9b3fd13e8972.sol"},{"line":185,"column":9,"severity":"Error","message":"Explicitly mark visibility in function","ruleId":"func-visibility","fix":null,"filePath":"Benchmarks/Study_SamplesSet/3e986d35c9248a39a73a9b3fd13e8972.sol"},{"line":185,"column":27,"severity":"Warning","message":"Rule is set with explicit type [var/s: uint]","ruleId":"explicit-types","filePath":"Benchmarks/Study_SamplesSet/3e986d35c9248a39a73a9b3fd13e8972.sol"},{"line":189,"column":9,"severity":"Error","message":"Explicitly mark visibility in function","ruleId":"func-visibility","fix":null,"filePath":"Benchmarks/Study_SamplesSet/3e986d35c9248a39a73a9b3fd13e8972.sol"},{"line":189,"column":25,"severity":"Warning","message":"Rule is set with explicit type [var/s: uint]","ruleId":"explicit-types","filePath":"Benchmarks/Study_SamplesSet/3e986d35c9248a39a73a9b3fd13e8972.sol"},{"line":193,"column":9,"severity":"Error","message":"Explicitly mark visibility in function","ruleId":"func-visibility","fix":null,"filePath":"Benchmarks/Study_SamplesSet/3e986d35c9248a39a73a9b3fd13e8972.sol"},{"line":193,"column":26,"severity":"Warning","message":"Rule is set with explicit type [var/s: uint]","ruleId":"explicit-types","filePath":"Benchmarks/Study_SamplesSet/3e986d35c9248a39a73a9b3fd13e8972.sol"},{"line":201,"column":3,"severity":"Error","message":"Explicitly mark visibility of state","ruleId":"state-visibility","fix":null,"filePath":"Benchmarks/Study_SamplesSet/3e986d35c9248a39a73a9b3fd13e8972.sol"},{"line":201,"column":3,"severity":"Warning","message":"Rule is set with explicit type [var/s: uint]","ruleId":"explicit-types","filePath":"Benchmarks/Study_SamplesSet/3e986d35c9248a39a73a9b3fd13e8972.sol"},{"line":204,"column":3,"severity":"Error","message":"Explicitly mark visibility of state","ruleId":"state-visibility","fix":null,"filePath":"Benchmarks/Study_SamplesSet/3e986d35c9248a39a73a9b3fd13e8972.sol"},{"line":204,"column":3,"severity":"Warning","message":"Rule is set with explicit type [var/s: uint]","ruleId":"explicit-types","filePath":"Benchmarks/Study_SamplesSet/3e986d35c9248a39a73a9b3fd13e8972.sol"},{"line":207,"column":3,"severity":"Error","message":"Explicitly mark visibility in function","ruleId":"func-visibility","fix":null,"filePath":"Benchmarks/Study_SamplesSet/3e986d35c9248a39a73a9b3fd13e8972.sol"},{"line":207,"column":56,"severity":"Warning","message":"Rule is set with explicit type [var/s: uint]","ruleId":"explicit-types","filePath":"Benchmarks/Study_SamplesSet/3e986d35c9248a39a73a9b3fd13e8972.sol"},{"line":211,"column":3,"severity":"Error","message":"Explicitly mark visibility in function","ruleId":"func-visibility","fix":null,"filePath":"Benchmarks/Study_SamplesSet/3e986d35c9248a39a73a9b3fd13e8972.sol"},{"line":211,"column":38,"severity":"Warning","message":"Rule is set with explicit type [var/s: uint]","ruleId":"explicit-types","filePath":"Benchmarks/Study_SamplesSet/3e986d35c9248a39a73a9b3fd13e8972.sol"},{"line":217,"column":64,"severity":"Error","message":"\"throw\" is deprecated, avoid to use it","ruleId":"avoid-throw","filePath":"Benchmarks/Study_SamplesSet/3e986d35c9248a39a73a9b3fd13e8972.sol"},{"line":220,"column":5,"severity":"Error","message":"Explicitly mark all external contracts as trusted or untrusted","ruleId":"mark-callable-contracts","filePath":"Benchmarks/Study_SamplesSet/3e986d35c9248a39a73a9b3fd13e8972.sol"},{"line":224,"column":3,"severity":"Error","message":"Explicitly mark visibility in function","ruleId":"func-visibility","fix":null,"filePath":"Benchmarks/Study_SamplesSet/3e986d35c9248a39a73a9b3fd13e8972.sol"},{"line":224,"column":74,"severity":"Warning","message":"Rule is set with explicit type [var/s: uint]","ruleId":"explicit-types","filePath":"Benchmarks/Study_SamplesSet/3e986d35c9248a39a73a9b3fd13e8972.sol"},{"line":235,"column":9,"severity":"Warning","message":"Provide an error message for require","ruleId":"reason-string","fix":null,"filePath":"Benchmarks/Study_SamplesSet/3e986d35c9248a39a73a9b3fd13e8972.sol"},{"line":235,"column":9,"severity":"Warning","message":"Use Custom Errors instead of require statements","ruleId":"custom-errors","fix":null,"filePath":"Benchmarks/Study_SamplesSet/3e986d35c9248a39a73a9b3fd13e8972.sol"},{"line":240,"column":9,"severity":"Warning","message":"Provide an error message for require","ruleId":"reason-string","fix":null,"filePath":"Benchmarks/Study_SamplesSet/3e986d35c9248a39a73a9b3fd13e8972.sol"},{"line":240,"column":9,"severity":"Warning","message":"Use Custom Errors instead of require statements","ruleId":"custom-errors","fix":null,"filePath":"Benchmarks/Study_SamplesSet/3e986d35c9248a39a73a9b3fd13e8972.sol"},{"line":244,"column":5,"severity":"Error","message":"Explicitly mark visibility in function","ruleId":"func-visibility","fix":null,"filePath":"Benchmarks/Study_SamplesSet/3e986d35c9248a39a73a9b3fd13e8972.sol"},{"line":245,"column":9,"severity":"Warning","message":"Provide an error message for require","ruleId":"reason-string","fix":null,"filePath":"Benchmarks/Study_SamplesSet/3e986d35c9248a39a73a9b3fd13e8972.sol"},{"line":245,"column":9,"severity":"Warning","message":"Use Custom Errors instead of require statements","ruleId":"custom-errors","fix":null,"filePath":"Benchmarks/Study_SamplesSet/3e986d35c9248a39a73a9b3fd13e8972.sol"},{"line":249,"column":5,"severity":"Error","message":"Explicitly mark visibility in function","ruleId":"func-visibility","fix":null,"filePath":"Benchmarks/Study_SamplesSet/3e986d35c9248a39a73a9b3fd13e8972.sol"},{"line":250,"column":9,"severity":"Warning","message":"Provide an error message for require","ruleId":"reason-string","fix":null,"filePath":"Benchmarks/Study_SamplesSet/3e986d35c9248a39a73a9b3fd13e8972.sol"},{"line":250,"column":9,"severity":"Warning","message":"Use Custom Errors instead of require statements","ruleId":"custom-errors","fix":null,"filePath":"Benchmarks/Study_SamplesSet/3e986d35c9248a39a73a9b3fd13e8972.sol"},{"line":258,"column":9,"severity":"Warning","message":"Rule is set with explicit type [var/s: uint]","ruleId":"explicit-types","filePath":"Benchmarks/Study_SamplesSet/3e986d35c9248a39a73a9b3fd13e8972.sol"},{"line":260,"column":9,"severity":"Warning","message":"Rule is set with explicit type [var/s: uint]","ruleId":"explicit-types","filePath":"Benchmarks/Study_SamplesSet/3e986d35c9248a39a73a9b3fd13e8972.sol"},{"line":261,"column":9,"severity":"Warning","message":"Rule is set with explicit type [var/s: uint]","ruleId":"explicit-types","filePath":"Benchmarks/Study_SamplesSet/3e986d35c9248a39a73a9b3fd13e8972.sol"},{"line":262,"column":9,"severity":"Warning","message":"Rule is set with explicit type [var/s: uint]","ruleId":"explicit-types","filePath":"Benchmarks/Study_SamplesSet/3e986d35c9248a39a73a9b3fd13e8972.sol"},{"line":263,"column":9,"severity":"Warning","message":"Rule is set with explicit type [var/s: uint]","ruleId":"explicit-types","filePath":"Benchmarks/Study_SamplesSet/3e986d35c9248a39a73a9b3fd13e8972.sol"},{"line":264,"column":9,"severity":"Warning","message":"Rule is set with explicit type [var/s: uint]","ruleId":"explicit-types","filePath":"Benchmarks/Study_SamplesSet/3e986d35c9248a39a73a9b3fd13e8972.sol"},{"line":266,"column":9,"severity":"Warning","message":"Rule is set with explicit type [var/s: uint]","ruleId":"explicit-types","filePath":"Benchmarks/Study_SamplesSet/3e986d35c9248a39a73a9b3fd13e8972.sol"},{"line":267,"column":9,"severity":"Warning","message":"Rule is set with explicit type [var/s: uint]","ruleId":"explicit-types","filePath":"Benchmarks/Study_SamplesSet/3e986d35c9248a39a73a9b3fd13e8972.sol"},{"line":268,"column":9,"severity":"Warning","message":"Rule is set with explicit type [var/s: uint]","ruleId":"explicit-types","filePath":"Benchmarks/Study_SamplesSet/3e986d35c9248a39a73a9b3fd13e8972.sol"},{"line":269,"column":9,"severity":"Warning","message":"Rule is set with explicit type [var/s: uint]","ruleId":"explicit-types","filePath":"Benchmarks/Study_SamplesSet/3e986d35c9248a39a73a9b3fd13e8972.sol"},{"line":270,"column":9,"severity":"Warning","message":"Rule is set with explicit type [var/s: uint]","ruleId":"explicit-types","filePath":"Benchmarks/Study_SamplesSet/3e986d35c9248a39a73a9b3fd13e8972.sol"},{"line":272,"column":9,"severity":"Warning","message":"Rule is set with explicit type [var/s: uint]","ruleId":"explicit-types","filePath":"Benchmarks/Study_SamplesSet/3e986d35c9248a39a73a9b3fd13e8972.sol"},{"line":273,"column":9,"severity":"Warning","message":"Rule is set with explicit type [var/s: uint]","ruleId":"explicit-types","filePath":"Benchmarks/Study_SamplesSet/3e986d35c9248a39a73a9b3fd13e8972.sol"},{"line":276,"column":5,"severity":"Warning","message":"Rule is set with explicit type [var/s: uint]","ruleId":"explicit-types","filePath":"Benchmarks/Study_SamplesSet/3e986d35c9248a39a73a9b3fd13e8972.sol"},{"line":277,"column":5,"severity":"Warning","message":"Rule is set with explicit type [var/s: uint]","ruleId":"explicit-types","filePath":"Benchmarks/Study_SamplesSet/3e986d35c9248a39a73a9b3fd13e8972.sol"},{"line":278,"column":5,"severity":"Warning","message":"Rule is set with explicit type [var/s: uint]","ruleId":"explicit-types","filePath":"Benchmarks/Study_SamplesSet/3e986d35c9248a39a73a9b3fd13e8972.sol"},{"line":280,"column":25,"severity":"Warning","message":"Rule is set with explicit type [var/s: uint]","ruleId":"explicit-types","filePath":"Benchmarks/Study_SamplesSet/3e986d35c9248a39a73a9b3fd13e8972.sol"},{"line":280,"column":41,"severity":"Warning","message":"Rule is set with explicit type [var/s: uint]","ruleId":"explicit-types","filePath":"Benchmarks/Study_SamplesSet/3e986d35c9248a39a73a9b3fd13e8972.sol"},{"line":280,"column":55,"severity":"Warning","message":"Rule is set with explicit type [var/s: uint]","ruleId":"explicit-types","filePath":"Benchmarks/Study_SamplesSet/3e986d35c9248a39a73a9b3fd13e8972.sol"},{"line":280,"column":71,"severity":"Warning","message":"Rule is set with explicit type [var/s: uint]","ruleId":"explicit-types","filePath":"Benchmarks/Study_SamplesSet/3e986d35c9248a39a73a9b3fd13e8972.sol"},{"line":283,"column":9,"severity":"Warning","message":"Rule is set with explicit type [var/s: uint]","ruleId":"explicit-types","filePath":"Benchmarks/Study_SamplesSet/3e986d35c9248a39a73a9b3fd13e8972.sol"},{"line":284,"column":9,"severity":"Warning","message":"Rule is set with explicit type [var/s: uint]","ruleId":"explicit-types","filePath":"Benchmarks/Study_SamplesSet/3e986d35c9248a39a73a9b3fd13e8972.sol"},{"line":288,"column":9,"severity":"Warning","message":"Rule is set with explicit type [var/s: uint]","ruleId":"explicit-types","filePath":"Benchmarks/Study_SamplesSet/3e986d35c9248a39a73a9b3fd13e8972.sol"},{"line":289,"column":9,"severity":"Warning","message":"Rule is set with explicit type [var/s: uint]","ruleId":"explicit-types","filePath":"Benchmarks/Study_SamplesSet/3e986d35c9248a39a73a9b3fd13e8972.sol"},{"line":290,"column":9,"severity":"Warning","message":"Rule is set with explicit type [var/s: uint]","ruleId":"explicit-types","filePath":"Benchmarks/Study_SamplesSet/3e986d35c9248a39a73a9b3fd13e8972.sol"},{"line":291,"column":9,"severity":"Warning","message":"Rule is set with explicit type [var/s: uint]","ruleId":"explicit-types","filePath":"Benchmarks/Study_SamplesSet/3e986d35c9248a39a73a9b3fd13e8972.sol"},{"line":292,"column":9,"severity":"Warning","message":"Rule is set with explicit type [var/s: uint]","ruleId":"explicit-types","filePath":"Benchmarks/Study_SamplesSet/3e986d35c9248a39a73a9b3fd13e8972.sol"},{"line":297,"column":9,"severity":"Warning","message":"Rule is set with explicit type [var/s: uint]","ruleId":"explicit-types","filePath":"Benchmarks/Study_SamplesSet/3e986d35c9248a39a73a9b3fd13e8972.sol"},{"line":298,"column":9,"severity":"Warning","message":"Rule is set with explicit type [var/s: uint]","ruleId":"explicit-types","filePath":"Benchmarks/Study_SamplesSet/3e986d35c9248a39a73a9b3fd13e8972.sol"},{"line":299,"column":9,"severity":"Warning","message":"Rule is set with explicit type [var/s: uint]","ruleId":"explicit-types","filePath":"Benchmarks/Study_SamplesSet/3e986d35c9248a39a73a9b3fd13e8972.sol"},{"line":300,"column":9,"severity":"Warning","message":"Rule is set with explicit type [var/s: uint]","ruleId":"explicit-types","filePath":"Benchmarks/Study_SamplesSet/3e986d35c9248a39a73a9b3fd13e8972.sol"},{"line":301,"column":9,"severity":"Warning","message":"Rule is set with explicit type [var/s: uint]","ruleId":"explicit-types","filePath":"Benchmarks/Study_SamplesSet/3e986d35c9248a39a73a9b3fd13e8972.sol"},{"line":302,"column":9,"severity":"Warning","message":"Rule is set with explicit type [var/s: uint]","ruleId":"explicit-types","filePath":"Benchmarks/Study_SamplesSet/3e986d35c9248a39a73a9b3fd13e8972.sol"},{"line":305,"column":5,"severity":"Warning","message":"Rule is set with explicit type [var/s: uint]","ruleId":"explicit-types","filePath":"Benchmarks/Study_SamplesSet/3e986d35c9248a39a73a9b3fd13e8972.sol"},{"line":305,"column":5,"severity":"Warning","message":"Rule is set with explicit type [var/s: uint]","ruleId":"explicit-types","filePath":"Benchmarks/Study_SamplesSet/3e986d35c9248a39a73a9b3fd13e8972.sol"},{"line":307,"column":5,"severity":"Error","message":"Explicitly mark visibility in function","ruleId":"func-visibility","fix":null,"filePath":"Benchmarks/Study_SamplesSet/3e986d35c9248a39a73a9b3fd13e8972.sol"},{"line":307,"column":23,"severity":"Warning","message":"Rule is set with explicit type [var/s: uint]","ruleId":"explicit-types","filePath":"Benchmarks/Study_SamplesSet/3e986d35c9248a39a73a9b3fd13e8972.sol"},{"line":307,"column":39,"severity":"Warning","message":"Rule is set with explicit type [var/s: uint]","ruleId":"explicit-types","filePath":"Benchmarks/Study_SamplesSet/3e986d35c9248a39a73a9b3fd13e8972.sol"},{"line":307,"column":53,"severity":"Warning","message":"Rule is set with explicit type [var/s: uint]","ruleId":"explicit-types","filePath":"Benchmarks/Study_SamplesSet/3e986d35c9248a39a73a9b3fd13e8972.sol"},{"line":307,"column":67,"severity":"Warning","message":"Rule is set with explicit type [var/s: uint]","ruleId":"explicit-types","filePath":"Benchmarks/Study_SamplesSet/3e986d35c9248a39a73a9b3fd13e8972.sol"},{"line":307,"column":81,"severity":"Warning","message":"Rule is set with explicit type [var/s: uint]","ruleId":"explicit-types","filePath":"Benchmarks/Study_SamplesSet/3e986d35c9248a39a73a9b3fd13e8972.sol"},{"line":308,"column":15,"severity":"Warning","message":"Rule is set with explicit type [var/s: uint]","ruleId":"explicit-types","filePath":"Benchmarks/Study_SamplesSet/3e986d35c9248a39a73a9b3fd13e8972.sol"},{"line":308,"column":30,"severity":"Warning","message":"Rule is set with explicit type [var/s: uint]","ruleId":"explicit-types","filePath":"Benchmarks/Study_SamplesSet/3e986d35c9248a39a73a9b3fd13e8972.sol"},{"line":308,"column":43,"severity":"Warning","message":"Rule is set with explicit type [var/s: uint]","ruleId":"explicit-types","filePath":"Benchmarks/Study_SamplesSet/3e986d35c9248a39a73a9b3fd13e8972.sol"},{"line":308,"column":55,"severity":"Warning","message":"Rule is set with explicit type [var/s: uint]","ruleId":"explicit-types","filePath":"Benchmarks/Study_SamplesSet/3e986d35c9248a39a73a9b3fd13e8972.sol"},{"line":308,"column":66,"severity":"Warning","message":"Rule is set with explicit type [var/s: uint]","ruleId":"explicit-types","filePath":"Benchmarks/Study_SamplesSet/3e986d35c9248a39a73a9b3fd13e8972.sol"},{"line":308,"column":77,"severity":"Warning","message":"Rule is set with explicit type [var/s: uint]","ruleId":"explicit-types","filePath":"Benchmarks/Study_SamplesSet/3e986d35c9248a39a73a9b3fd13e8972.sol"},{"line":308,"column":88,"severity":"Warning","message":"Rule is set with explicit type [var/s: uint]","ruleId":"explicit-types","filePath":"Benchmarks/Study_SamplesSet/3e986d35c9248a39a73a9b3fd13e8972.sol"},{"line":326,"column":5,"severity":"Error","message":"Explicitly mark visibility in function","ruleId":"func-visibility","fix":null,"filePath":"Benchmarks/Study_SamplesSet/3e986d35c9248a39a73a9b3fd13e8972.sol"},{"line":326,"column":28,"severity":"Warning","message":"Rule is set with explicit type [var/s: uint]","ruleId":"explicit-types","filePath":"Benchmarks/Study_SamplesSet/3e986d35c9248a39a73a9b3fd13e8972.sol"},{"line":326,"column":44,"severity":"Warning","message":"Rule is set with explicit type [var/s: uint]","ruleId":"explicit-types","filePath":"Benchmarks/Study_SamplesSet/3e986d35c9248a39a73a9b3fd13e8972.sol"},{"line":326,"column":58,"severity":"Warning","message":"Rule is set with explicit type [var/s: uint]","ruleId":"explicit-types","filePath":"Benchmarks/Study_SamplesSet/3e986d35c9248a39a73a9b3fd13e8972.sol"},{"line":326,"column":74,"severity":"Warning","message":"Rule is set with explicit type [var/s: uint]","ruleId":"explicit-types","filePath":"Benchmarks/Study_SamplesSet/3e986d35c9248a39a73a9b3fd13e8972.sol"},{"line":333,"column":9,"severity":"Error","message":"Explicitly mark all external contracts as trusted or untrusted","ruleId":"mark-callable-contracts","filePath":"Benchmarks/Study_SamplesSet/3e986d35c9248a39a73a9b3fd13e8972.sol"},{"line":336,"column":5,"severity":"Error","message":"Explicitly mark visibility in function","ruleId":"func-visibility","fix":null,"filePath":"Benchmarks/Study_SamplesSet/3e986d35c9248a39a73a9b3fd13e8972.sol"},{"line":336,"column":38,"severity":"Warning","message":"Rule is set with explicit type [var/s: uint]","ruleId":"explicit-types","filePath":"Benchmarks/Study_SamplesSet/3e986d35c9248a39a73a9b3fd13e8972.sol"},{"line":336,"column":73,"severity":"Warning","message":"Rule is set with explicit type [var/s: uint]","ruleId":"explicit-types","filePath":"Benchmarks/Study_SamplesSet/3e986d35c9248a39a73a9b3fd13e8972.sol"},{"line":337,"column":12,"severity":"Error","message":"Avoid making time-based decisions in your business logic","ruleId":"not-rely-on-time","fix":null,"filePath":"Benchmarks/Study_SamplesSet/3e986d35c9248a39a73a9b3fd13e8972.sol"},{"line":337,"column":30,"severity":"Error","message":"Avoid making time-based decisions in your business logic","ruleId":"not-rely-on-time","fix":null,"filePath":"Benchmarks/Study_SamplesSet/3e986d35c9248a39a73a9b3fd13e8972.sol"},{"line":340,"column":18,"severity":"Error","message":"Avoid making time-based decisions in your business logic","ruleId":"not-rely-on-time","fix":null,"filePath":"Benchmarks/Study_SamplesSet/3e986d35c9248a39a73a9b3fd13e8972.sol"},{"line":340,"column":35,"severity":"Error","message":"Avoid making time-based decisions in your business logic","ruleId":"not-rely-on-time","fix":null,"filePath":"Benchmarks/Study_SamplesSet/3e986d35c9248a39a73a9b3fd13e8972.sol"},{"line":343,"column":18,"severity":"Error","message":"Avoid making time-based decisions in your business logic","ruleId":"not-rely-on-time","fix":null,"filePath":"Benchmarks/Study_SamplesSet/3e986d35c9248a39a73a9b3fd13e8972.sol"},{"line":343,"column":39,"severity":"Error","message":"Avoid making time-based decisions in your business logic","ruleId":"not-rely-on-time","fix":null,"filePath":"Benchmarks/Study_SamplesSet/3e986d35c9248a39a73a9b3fd13e8972.sol"},{"line":348,"column":13,"severity":"Warning","message":"Provide an error message for require","ruleId":"reason-string","fix":null,"filePath":"Benchmarks/Study_SamplesSet/3e986d35c9248a39a73a9b3fd13e8972.sol"},{"line":348,"column":13,"severity":"Warning","message":"Use Custom Errors instead of require statements","ruleId":"custom-errors","fix":null,"filePath":"Benchmarks/Study_SamplesSet/3e986d35c9248a39a73a9b3fd13e8972.sol"},{"line":349,"column":18,"severity":"Error","message":"Avoid making time-based decisions in your business logic","ruleId":"not-rely-on-time","fix":null,"filePath":"Benchmarks/Study_SamplesSet/3e986d35c9248a39a73a9b3fd13e8972.sol"},{"line":349,"column":39,"severity":"Error","message":"Avoid making time-based decisions in your business logic","ruleId":"not-rely-on-time","fix":null,"filePath":"Benchmarks/Study_SamplesSet/3e986d35c9248a39a73a9b3fd13e8972.sol"},{"line":352,"column":18,"severity":"Error","message":"Avoid making time-based decisions in your business logic","ruleId":"not-rely-on-time","fix":null,"filePath":"Benchmarks/Study_SamplesSet/3e986d35c9248a39a73a9b3fd13e8972.sol"},{"line":352,"column":39,"severity":"Error","message":"Avoid making time-based decisions in your business logic","ruleId":"not-rely-on-time","fix":null,"filePath":"Benchmarks/Study_SamplesSet/3e986d35c9248a39a73a9b3fd13e8972.sol"},{"line":357,"column":13,"severity":"Warning","message":"Provide an error message for require","ruleId":"reason-string","fix":null,"filePath":"Benchmarks/Study_SamplesSet/3e986d35c9248a39a73a9b3fd13e8972.sol"},{"line":357,"column":13,"severity":"Warning","message":"Use Custom Errors instead of require statements","ruleId":"custom-errors","fix":null,"filePath":"Benchmarks/Study_SamplesSet/3e986d35c9248a39a73a9b3fd13e8972.sol"},{"line":358,"column":18,"severity":"Error","message":"Avoid making time-based decisions in your business logic","ruleId":"not-rely-on-time","fix":null,"filePath":"Benchmarks/Study_SamplesSet/3e986d35c9248a39a73a9b3fd13e8972.sol"},{"line":358,"column":36,"severity":"Error","message":"Avoid making time-based decisions in your business logic","ruleId":"not-rely-on-time","fix":null,"filePath":"Benchmarks/Study_SamplesSet/3e986d35c9248a39a73a9b3fd13e8972.sol"},{"line":363,"column":17,"severity":"Warning","message":"Provide an error message for require","ruleId":"reason-string","fix":null,"filePath":"Benchmarks/Study_SamplesSet/3e986d35c9248a39a73a9b3fd13e8972.sol"},{"line":363,"column":17,"severity":"Warning","message":"Use Custom Errors instead of require statements","ruleId":"custom-errors","fix":null,"filePath":"Benchmarks/Study_SamplesSet/3e986d35c9248a39a73a9b3fd13e8972.sol"},{"line":369,"column":13,"severity":"Error","message":"\"throw\" is deprecated, avoid to use it","ruleId":"avoid-throw","filePath":"Benchmarks/Study_SamplesSet/3e986d35c9248a39a73a9b3fd13e8972.sol"},{"line":374,"column":5,"severity":"Error","message":"Explicitly mark visibility in function","ruleId":"func-visibility","fix":null,"filePath":"Benchmarks/Study_SamplesSet/3e986d35c9248a39a73a9b3fd13e8972.sol"},{"line":374,"column":58,"severity":"Warning","message":"Rule is set with explicit type [var/s: uint]","ruleId":"explicit-types","filePath":"Benchmarks/Study_SamplesSet/3e986d35c9248a39a73a9b3fd13e8972.sol"},{"line":375,"column":12,"severity":"Error","message":"Avoid making time-based decisions in your business logic","ruleId":"not-rely-on-time","fix":null,"filePath":"Benchmarks/Study_SamplesSet/3e986d35c9248a39a73a9b3fd13e8972.sol"},{"line":379,"column":12,"severity":"Error","message":"Avoid making time-based decisions in your business logic","ruleId":"not-rely-on-time","fix":null,"filePath":"Benchmarks/Study_SamplesSet/3e986d35c9248a39a73a9b3fd13e8972.sol"},{"line":383,"column":12,"severity":"Error","message":"Avoid making time-based decisions in your business logic","ruleId":"not-rely-on-time","fix":null,"filePath":"Benchmarks/Study_SamplesSet/3e986d35c9248a39a73a9b3fd13e8972.sol"},{"line":387,"column":12,"severity":"Error","message":"Avoid making time-based decisions in your business logic","ruleId":"not-rely-on-time","fix":null,"filePath":"Benchmarks/Study_SamplesSet/3e986d35c9248a39a73a9b3fd13e8972.sol"},{"line":395,"column":5,"severity":"Warning","message":"Rule is set with explicit type [var/s: uint]","ruleId":"explicit-types","filePath":"Benchmarks/Study_SamplesSet/3e986d35c9248a39a73a9b3fd13e8972.sol"},{"line":395,"column":5,"severity":"Warning","message":"Rule is set with explicit type [var/s: uint]","ruleId":"explicit-types","filePath":"Benchmarks/Study_SamplesSet/3e986d35c9248a39a73a9b3fd13e8972.sol"},{"line":396,"column":5,"severity":"Warning","message":"Rule is set with explicit type [var/s: uint]","ruleId":"explicit-types","filePath":"Benchmarks/Study_SamplesSet/3e986d35c9248a39a73a9b3fd13e8972.sol"},{"line":396,"column":5,"severity":"Warning","message":"Rule is set with explicit type [var/s: uint]","ruleId":"explicit-types","filePath":"Benchmarks/Study_SamplesSet/3e986d35c9248a39a73a9b3fd13e8972.sol"},{"line":397,"column":5,"severity":"Warning","message":"Rule is set with explicit type [var/s: uint]","ruleId":"explicit-types","filePath":"Benchmarks/Study_SamplesSet/3e986d35c9248a39a73a9b3fd13e8972.sol"},{"line":397,"column":5,"severity":"Warning","message":"Rule is set with explicit type [var/s: uint]","ruleId":"explicit-types","filePath":"Benchmarks/Study_SamplesSet/3e986d35c9248a39a73a9b3fd13e8972.sol"},{"line":398,"column":5,"severity":"Warning","message":"Rule is set with explicit type [var/s: uint]","ruleId":"explicit-types","filePath":"Benchmarks/Study_SamplesSet/3e986d35c9248a39a73a9b3fd13e8972.sol"},{"line":398,"column":5,"severity":"Warning","message":"Rule is set with explicit type [var/s: uint]","ruleId":"explicit-types","filePath":"Benchmarks/Study_SamplesSet/3e986d35c9248a39a73a9b3fd13e8972.sol"},{"line":399,"column":5,"severity":"Warning","message":"Rule is set with explicit type [var/s: uint]","ruleId":"explicit-types","filePath":"Benchmarks/Study_SamplesSet/3e986d35c9248a39a73a9b3fd13e8972.sol"},{"line":399,"column":5,"severity":"Warning","message":"Rule is set with explicit type [var/s: uint]","ruleId":"explicit-types","filePath":"Benchmarks/Study_SamplesSet/3e986d35c9248a39a73a9b3fd13e8972.sol"},{"line":401,"column":5,"severity":"Warning","message":"Rule is set with explicit type [var/s: uint]","ruleId":"explicit-types","filePath":"Benchmarks/Study_SamplesSet/3e986d35c9248a39a73a9b3fd13e8972.sol"},{"line":402,"column":5,"severity":"Warning","message":"Rule is set with explicit type [var/s: uint]","ruleId":"explicit-types","filePath":"Benchmarks/Study_SamplesSet/3e986d35c9248a39a73a9b3fd13e8972.sol"},{"line":402,"column":5,"severity":"Warning","message":"Rule is set with explicit type [var/s: uint]","ruleId":"explicit-types","filePath":"Benchmarks/Study_SamplesSet/3e986d35c9248a39a73a9b3fd13e8972.sol"},{"line":402,"column":5,"severity":"Warning","message":"Rule is set with explicit type [var/s: uint]","ruleId":"explicit-types","filePath":"Benchmarks/Study_SamplesSet/3e986d35c9248a39a73a9b3fd13e8972.sol"},{"line":404,"column":27,"severity":"Warning","message":"Rule is set with explicit type [var/s: uint]","ruleId":"explicit-types","filePath":"Benchmarks/Study_SamplesSet/3e986d35c9248a39a73a9b3fd13e8972.sol"},{"line":404,"column":41,"severity":"Warning","message":"Rule is set with explicit type [var/s: uint]","ruleId":"explicit-types","filePath":"Benchmarks/Study_SamplesSet/3e986d35c9248a39a73a9b3fd13e8972.sol"},{"line":404,"column":66,"severity":"Warning","message":"Rule is set with explicit type [var/s: uint]","ruleId":"explicit-types","filePath":"Benchmarks/Study_SamplesSet/3e986d35c9248a39a73a9b3fd13e8972.sol"},{"line":404,"column":88,"severity":"Warning","message":"Rule is set with explicit type [var/s: uint]","ruleId":"explicit-types","filePath":"Benchmarks/Study_SamplesSet/3e986d35c9248a39a73a9b3fd13e8972.sol"},{"line":404,"column":105,"severity":"Warning","message":"Rule is set with explicit type [var/s: uint]","ruleId":"explicit-types","filePath":"Benchmarks/Study_SamplesSet/3e986d35c9248a39a73a9b3fd13e8972.sol"},{"line":404,"column":120,"severity":"Warning","message":"Rule is set with explicit type [var/s: uint]","ruleId":"explicit-types","filePath":"Benchmarks/Study_SamplesSet/3e986d35c9248a39a73a9b3fd13e8972.sol"},{"line":405,"column":34,"severity":"Warning","message":"Rule is set with explicit type [var/s: uint]","ruleId":"explicit-types","filePath":"Benchmarks/Study_SamplesSet/3e986d35c9248a39a73a9b3fd13e8972.sol"},{"line":405,"column":47,"severity":"Warning","message":"Rule is set with explicit type [var/s: uint]","ruleId":"explicit-types","filePath":"Benchmarks/Study_SamplesSet/3e986d35c9248a39a73a9b3fd13e8972.sol"},{"line":405,"column":60,"severity":"Warning","message":"Rule is set with explicit type [var/s: uint]","ruleId":"explicit-types","filePath":"Benchmarks/Study_SamplesSet/3e986d35c9248a39a73a9b3fd13e8972.sol"},{"line":405,"column":78,"severity":"Warning","message":"Rule is set with explicit type [var/s: uint]","ruleId":"explicit-types","filePath":"Benchmarks/Study_SamplesSet/3e986d35c9248a39a73a9b3fd13e8972.sol"},{"line":407,"column":5,"severity":"Error","message":"Explicitly mark visibility in function","ruleId":"func-visibility","fix":null,"filePath":"Benchmarks/Study_SamplesSet/3e986d35c9248a39a73a9b3fd13e8972.sol"},{"line":407,"column":27,"severity":"Warning","message":"Rule is set with explicit type [var/s: uint]","ruleId":"explicit-types","filePath":"Benchmarks/Study_SamplesSet/3e986d35c9248a39a73a9b3fd13e8972.sol"},{"line":407,"column":41,"severity":"Warning","message":"Rule is set with explicit type [var/s: uint]","ruleId":"explicit-types","filePath":"Benchmarks/Study_SamplesSet/3e986d35c9248a39a73a9b3fd13e8972.sol"},{"line":407,"column":66,"severity":"Warning","message":"Rule is set with explicit type [var/s: uint]","ruleId":"explicit-types","filePath":"Benchmarks/Study_SamplesSet/3e986d35c9248a39a73a9b3fd13e8972.sol"},{"line":407,"column":88,"severity":"Warning","message":"Rule is set with explicit type [var/s: uint]","ruleId":"explicit-types","filePath":"Benchmarks/Study_SamplesSet/3e986d35c9248a39a73a9b3fd13e8972.sol"},{"line":407,"column":105,"severity":"Warning","message":"Rule is set with explicit type [var/s: uint]","ruleId":"explicit-types","filePath":"Benchmarks/Study_SamplesSet/3e986d35c9248a39a73a9b3fd13e8972.sol"},{"line":407,"column":120,"severity":"Warning","message":"Rule is set with explicit type [var/s: uint]","ruleId":"explicit-types","filePath":"Benchmarks/Study_SamplesSet/3e986d35c9248a39a73a9b3fd13e8972.sol"},{"line":408,"column":9,"severity":"Warning","message":"Provide an error message for require","ruleId":"reason-string","fix":null,"filePath":"Benchmarks/Study_SamplesSet/3e986d35c9248a39a73a9b3fd13e8972.sol"},{"line":408,"column":9,"severity":"Warning","message":"Use Custom Errors instead of require statements","ruleId":"custom-errors","fix":null,"filePath":"Benchmarks/Study_SamplesSet/3e986d35c9248a39a73a9b3fd13e8972.sol"},{"line":409,"column":9,"severity":"Warning","message":"Provide an error message for require","ruleId":"reason-string","fix":null,"filePath":"Benchmarks/Study_SamplesSet/3e986d35c9248a39a73a9b3fd13e8972.sol"},{"line":409,"column":9,"severity":"Warning","message":"Use Custom Errors instead of require statements","ruleId":"custom-errors","fix":null,"filePath":"Benchmarks/Study_SamplesSet/3e986d35c9248a39a73a9b3fd13e8972.sol"},{"line":417,"column":9,"severity":"Error","message":"Explicitly mark all external contracts as trusted or untrusted","ruleId":"mark-callable-contracts","filePath":"Benchmarks/Study_SamplesSet/3e986d35c9248a39a73a9b3fd13e8972.sol"},{"line":420,"column":6,"severity":"Error","message":"Explicitly mark visibility in function","ruleId":"func-visibility","fix":null,"filePath":"Benchmarks/Study_SamplesSet/3e986d35c9248a39a73a9b3fd13e8972.sol"},{"line":420,"column":36,"severity":"Warning","message":"Rule is set with explicit type [var/s: uint]","ruleId":"explicit-types","filePath":"Benchmarks/Study_SamplesSet/3e986d35c9248a39a73a9b3fd13e8972.sol"},{"line":420,"column":50,"severity":"Warning","message":"Rule is set with explicit type [var/s: uint]","ruleId":"explicit-types","filePath":"Benchmarks/Study_SamplesSet/3e986d35c9248a39a73a9b3fd13e8972.sol"},{"line":420,"column":63,"severity":"Warning","message":"Rule is set with explicit type [var/s: uint]","ruleId":"explicit-types","filePath":"Benchmarks/Study_SamplesSet/3e986d35c9248a39a73a9b3fd13e8972.sol"},{"line":420,"column":100,"severity":"Warning","message":"Rule is set with explicit type [var/s: uint]","ruleId":"explicit-types","filePath":"Benchmarks/Study_SamplesSet/3e986d35c9248a39a73a9b3fd13e8972.sol"},{"line":420,"column":118,"severity":"Warning","message":"Rule is set with explicit type [var/s: uint]","ruleId":"explicit-types","filePath":"Benchmarks/Study_SamplesSet/3e986d35c9248a39a73a9b3fd13e8972.sol"},{"line":421,"column":9,"severity":"Warning","message":"Provide an error message for require","ruleId":"reason-string","fix":null,"filePath":"Benchmarks/Study_SamplesSet/3e986d35c9248a39a73a9b3fd13e8972.sol"},{"line":421,"column":9,"severity":"Warning","message":"Use Custom Errors instead of require statements","ruleId":"custom-errors","fix":null,"filePath":"Benchmarks/Study_SamplesSet/3e986d35c9248a39a73a9b3fd13e8972.sol"},{"line":421,"column":17,"severity":"Error","message":"Avoid making time-based decisions in your business logic","ruleId":"not-rely-on-time","fix":null,"filePath":"Benchmarks/Study_SamplesSet/3e986d35c9248a39a73a9b3fd13e8972.sol"},{"line":421,"column":44,"severity":"Error","message":"Avoid making time-based decisions in your business logic","ruleId":"not-rely-on-time","fix":null,"filePath":"Benchmarks/Study_SamplesSet/3e986d35c9248a39a73a9b3fd13e8972.sol"},{"line":422,"column":9,"severity":"Warning","message":"Provide an error message for require","ruleId":"reason-string","fix":null,"filePath":"Benchmarks/Study_SamplesSet/3e986d35c9248a39a73a9b3fd13e8972.sol"},{"line":422,"column":9,"severity":"Warning","message":"Use Custom Errors instead of require statements","ruleId":"custom-errors","fix":null,"filePath":"Benchmarks/Study_SamplesSet/3e986d35c9248a39a73a9b3fd13e8972.sol"},{"line":423,"column":9,"severity":"Warning","message":"Provide an error message for require","ruleId":"reason-string","fix":null,"filePath":"Benchmarks/Study_SamplesSet/3e986d35c9248a39a73a9b3fd13e8972.sol"},{"line":423,"column":9,"severity":"Warning","message":"Use Custom Errors instead of require statements","ruleId":"custom-errors","fix":null,"filePath":"Benchmarks/Study_SamplesSet/3e986d35c9248a39a73a9b3fd13e8972.sol"},{"line":424,"column":9,"severity":"Warning","message":"Provide an error message for require","ruleId":"reason-string","fix":null,"filePath":"Benchmarks/Study_SamplesSet/3e986d35c9248a39a73a9b3fd13e8972.sol"},{"line":424,"column":9,"severity":"Warning","message":"Use Custom Errors instead of require statements","ruleId":"custom-errors","fix":null,"filePath":"Benchmarks/Study_SamplesSet/3e986d35c9248a39a73a9b3fd13e8972.sol"},{"line":426,"column":9,"severity":"Warning","message":"Rule is set with explicit type [var/s: uint]","ruleId":"explicit-types","filePath":"Benchmarks/Study_SamplesSet/3e986d35c9248a39a73a9b3fd13e8972.sol"},{"line":433,"column":9,"severity":"Error","message":"Explicitly mark all external contracts as trusted or untrusted","ruleId":"mark-callable-contracts","filePath":"Benchmarks/Study_SamplesSet/3e986d35c9248a39a73a9b3fd13e8972.sol"},{"line":443,"column":9,"severity":"Warning","message":"Rule is set with explicit type [var/s: uint]","ruleId":"explicit-types","filePath":"Benchmarks/Study_SamplesSet/3e986d35c9248a39a73a9b3fd13e8972.sol"},{"line":444,"column":9,"severity":"Warning","message":"Rule is set with explicit type [var/s: uint]","ruleId":"explicit-types","filePath":"Benchmarks/Study_SamplesSet/3e986d35c9248a39a73a9b3fd13e8972.sol"},{"line":448,"column":9,"severity":"Warning","message":"Rule is set with explicit type [var/s: uint]","ruleId":"explicit-types","filePath":"Benchmarks/Study_SamplesSet/3e986d35c9248a39a73a9b3fd13e8972.sol"},{"line":449,"column":9,"severity":"Warning","message":"Rule is set with explicit type [var/s: uint]","ruleId":"explicit-types","filePath":"Benchmarks/Study_SamplesSet/3e986d35c9248a39a73a9b3fd13e8972.sol"},{"line":450,"column":9,"severity":"Warning","message":"Rule is set with explicit type [var/s: uint]","ruleId":"explicit-types","filePath":"Benchmarks/Study_SamplesSet/3e986d35c9248a39a73a9b3fd13e8972.sol"},{"line":451,"column":9,"severity":"Warning","message":"Rule is set with explicit type [var/s: uint]","ruleId":"explicit-types","filePath":"Benchmarks/Study_SamplesSet/3e986d35c9248a39a73a9b3fd13e8972.sol"},{"line":459,"column":9,"severity":"Warning","message":"Rule is set with explicit type [var/s: uint]","ruleId":"explicit-types","filePath":"Benchmarks/Study_SamplesSet/3e986d35c9248a39a73a9b3fd13e8972.sol"},{"line":460,"column":9,"severity":"Warning","message":"Rule is set with explicit type [var/s: uint]","ruleId":"explicit-types","filePath":"Benchmarks/Study_SamplesSet/3e986d35c9248a39a73a9b3fd13e8972.sol"},{"line":461,"column":9,"severity":"Warning","message":"Rule is set with explicit type [var/s: uint]","ruleId":"explicit-types","filePath":"Benchmarks/Study_SamplesSet/3e986d35c9248a39a73a9b3fd13e8972.sol"},{"line":462,"column":9,"severity":"Warning","message":"Rule is set with explicit type [var/s: uint]","ruleId":"explicit-types","filePath":"Benchmarks/Study_SamplesSet/3e986d35c9248a39a73a9b3fd13e8972.sol"},{"line":468,"column":9,"severity":"Warning","message":"Rule is set with explicit type [var/s: uint]","ruleId":"explicit-types","filePath":"Benchmarks/Study_SamplesSet/3e986d35c9248a39a73a9b3fd13e8972.sol"},{"line":469,"column":9,"severity":"Warning","message":"Rule is set with explicit type [var/s: uint]","ruleId":"explicit-types","filePath":"Benchmarks/Study_SamplesSet/3e986d35c9248a39a73a9b3fd13e8972.sol"},{"line":470,"column":9,"severity":"Warning","message":"Rule is set with explicit type [var/s: uint]","ruleId":"explicit-types","filePath":"Benchmarks/Study_SamplesSet/3e986d35c9248a39a73a9b3fd13e8972.sol"},{"line":472,"column":9,"severity":"Warning","message":"Rule is set with explicit type [var/s: uint]","ruleId":"explicit-types","filePath":"Benchmarks/Study_SamplesSet/3e986d35c9248a39a73a9b3fd13e8972.sol"},{"line":473,"column":9,"severity":"Warning","message":"Rule is set with explicit type [var/s: uint]","ruleId":"explicit-types","filePath":"Benchmarks/Study_SamplesSet/3e986d35c9248a39a73a9b3fd13e8972.sol"},{"line":478,"column":9,"severity":"Warning","message":"Rule is set with explicit type [var/s: uint]","ruleId":"explicit-types","filePath":"Benchmarks/Study_SamplesSet/3e986d35c9248a39a73a9b3fd13e8972.sol"},{"line":480,"column":9,"severity":"Warning","message":"Rule is set with explicit type [var/s: uint]","ruleId":"explicit-types","filePath":"Benchmarks/Study_SamplesSet/3e986d35c9248a39a73a9b3fd13e8972.sol"},{"line":481,"column":9,"severity":"Warning","message":"Rule is set with explicit type [var/s: uint]","ruleId":"explicit-types","filePath":"Benchmarks/Study_SamplesSet/3e986d35c9248a39a73a9b3fd13e8972.sol"},{"line":482,"column":9,"severity":"Warning","message":"Rule is set with explicit type [var/s: uint]","ruleId":"explicit-types","filePath":"Benchmarks/Study_SamplesSet/3e986d35c9248a39a73a9b3fd13e8972.sol"},{"line":483,"column":9,"severity":"Warning","message":"Rule is set with explicit type [var/s: uint]","ruleId":"explicit-types","filePath":"Benchmarks/Study_SamplesSet/3e986d35c9248a39a73a9b3fd13e8972.sol"},{"line":485,"column":9,"severity":"Warning","message":"Rule is set with explicit type [var/s: uint]","ruleId":"explicit-types","filePath":"Benchmarks/Study_SamplesSet/3e986d35c9248a39a73a9b3fd13e8972.sol"},{"line":486,"column":9,"severity":"Warning","message":"Rule is set with explicit type [var/s: uint]","ruleId":"explicit-types","filePath":"Benchmarks/Study_SamplesSet/3e986d35c9248a39a73a9b3fd13e8972.sol"},{"line":487,"column":9,"severity":"Warning","message":"Rule is set with explicit type [var/s: uint]","ruleId":"explicit-types","filePath":"Benchmarks/Study_SamplesSet/3e986d35c9248a39a73a9b3fd13e8972.sol"},{"line":489,"column":9,"severity":"Warning","message":"Rule is set with explicit type [var/s: uint]","ruleId":"explicit-types","filePath":"Benchmarks/Study_SamplesSet/3e986d35c9248a39a73a9b3fd13e8972.sol"},{"line":495,"column":9,"severity":"Warning","message":"Rule is set with explicit type [var/s: uint]","ruleId":"explicit-types","filePath":"Benchmarks/Study_SamplesSet/3e986d35c9248a39a73a9b3fd13e8972.sol"},{"line":495,"column":9,"severity":"Warning","message":"Variable name must be in mixedCase","ruleId":"var-name-mixedcase","fix":null,"filePath":"Benchmarks/Study_SamplesSet/3e986d35c9248a39a73a9b3fd13e8972.sol"},{"line":496,"column":9,"severity":"Warning","message":"Rule is set with explicit type [var/s: uint]","ruleId":"explicit-types","filePath":"Benchmarks/Study_SamplesSet/3e986d35c9248a39a73a9b3fd13e8972.sol"},{"line":496,"column":9,"severity":"Warning","message":"Variable name must be in mixedCase","ruleId":"var-name-mixedcase","fix":null,"filePath":"Benchmarks/Study_SamplesSet/3e986d35c9248a39a73a9b3fd13e8972.sol"},{"line":497,"column":9,"severity":"Warning","message":"Rule is set with explicit type [var/s: uint]","ruleId":"explicit-types","filePath":"Benchmarks/Study_SamplesSet/3e986d35c9248a39a73a9b3fd13e8972.sol"},{"line":497,"column":9,"severity":"Warning","message":"Variable name must be in mixedCase","ruleId":"var-name-mixedcase","fix":null,"filePath":"Benchmarks/Study_SamplesSet/3e986d35c9248a39a73a9b3fd13e8972.sol"},{"line":507,"column":27,"severity":"Warning","message":"Rule is set with explicit type [var/s: uint]","ruleId":"explicit-types","filePath":"Benchmarks/Study_SamplesSet/3e986d35c9248a39a73a9b3fd13e8972.sol"},{"line":507,"column":38,"severity":"Warning","message":"Rule is set with explicit type [var/s: uint]","ruleId":"explicit-types","filePath":"Benchmarks/Study_SamplesSet/3e986d35c9248a39a73a9b3fd13e8972.sol"},{"line":507,"column":72,"severity":"Warning","message":"Rule is set with explicit type [var/s: uint]","ruleId":"explicit-types","filePath":"Benchmarks/Study_SamplesSet/3e986d35c9248a39a73a9b3fd13e8972.sol"},{"line":507,"column":85,"severity":"Warning","message":"Rule is set with explicit type [var/s: uint]","ruleId":"explicit-types","filePath":"Benchmarks/Study_SamplesSet/3e986d35c9248a39a73a9b3fd13e8972.sol"},{"line":507,"column":100,"severity":"Warning","message":"Rule is set with explicit type [var/s: uint]","ruleId":"explicit-types","filePath":"Benchmarks/Study_SamplesSet/3e986d35c9248a39a73a9b3fd13e8972.sol"},{"line":509,"column":5,"severity":"Error","message":"Explicitly mark visibility in function","ruleId":"func-visibility","fix":null,"filePath":"Benchmarks/Study_SamplesSet/3e986d35c9248a39a73a9b3fd13e8972.sol"},{"line":510,"column":33,"severity":"Warning","message":"Rule is set with explicit type [var/s: uint]","ruleId":"explicit-types","filePath":"Benchmarks/Study_SamplesSet/3e986d35c9248a39a73a9b3fd13e8972.sol"},{"line":510,"column":52,"severity":"Warning","message":"Rule is set with explicit type [var/s: uint]","ruleId":"explicit-types","filePath":"Benchmarks/Study_SamplesSet/3e986d35c9248a39a73a9b3fd13e8972.sol"},{"line":511,"column":15,"severity":"Warning","message":"Rule is set with explicit type [var/s: uint]","ruleId":"explicit-types","filePath":"Benchmarks/Study_SamplesSet/3e986d35c9248a39a73a9b3fd13e8972.sol"},{"line":511,"column":43,"severity":"Warning","message":"Rule is set with explicit type [var/s: uint]","ruleId":"explicit-types","filePath":"Benchmarks/Study_SamplesSet/3e986d35c9248a39a73a9b3fd13e8972.sol"},{"line":511,"column":71,"severity":"Warning","message":"Rule is set with explicit type [var/s: uint]","ruleId":"explicit-types","filePath":"Benchmarks/Study_SamplesSet/3e986d35c9248a39a73a9b3fd13e8972.sol"},{"line":512,"column":15,"severity":"Warning","message":"Rule is set with explicit type [var/s: uint]","ruleId":"explicit-types","filePath":"Benchmarks/Study_SamplesSet/3e986d35c9248a39a73a9b3fd13e8972.sol"},{"line":512,"column":48,"severity":"Warning","message":"Rule is set with explicit type [var/s: uint]","ruleId":"explicit-types","filePath":"Benchmarks/Study_SamplesSet/3e986d35c9248a39a73a9b3fd13e8972.sol"},{"line":512,"column":82,"severity":"Warning","message":"Rule is set with explicit type [var/s: uint]","ruleId":"explicit-types","filePath":"Benchmarks/Study_SamplesSet/3e986d35c9248a39a73a9b3fd13e8972.sol"},{"line":512,"column":115,"severity":"Warning","message":"Rule is set with explicit type [var/s: uint]","ruleId":"explicit-types","filePath":"Benchmarks/Study_SamplesSet/3e986d35c9248a39a73a9b3fd13e8972.sol"},{"line":527,"column":5,"severity":"Error","message":"Explicitly mark visibility in function","ruleId":"func-visibility","fix":null,"filePath":"Benchmarks/Study_SamplesSet/3e986d35c9248a39a73a9b3fd13e8972.sol"},{"line":527,"column":31,"severity":"Warning","message":"Rule is set with explicit type [var/s: uint]","ruleId":"explicit-types","filePath":"Benchmarks/Study_SamplesSet/3e986d35c9248a39a73a9b3fd13e8972.sol"},{"line":527,"column":31,"severity":"Warning","message":"Variable name must be in mixedCase","ruleId":"var-name-mixedcase","fix":null,"filePath":"Benchmarks/Study_SamplesSet/3e986d35c9248a39a73a9b3fd13e8972.sol"},{"line":527,"column":52,"severity":"Warning","message":"Rule is set with explicit type [var/s: uint]","ruleId":"explicit-types","filePath":"Benchmarks/Study_SamplesSet/3e986d35c9248a39a73a9b3fd13e8972.sol"},{"line":527,"column":52,"severity":"Warning","message":"Variable name must be in mixedCase","ruleId":"var-name-mixedcase","fix":null,"filePath":"Benchmarks/Study_SamplesSet/3e986d35c9248a39a73a9b3fd13e8972.sol"},{"line":527,"column":73,"severity":"Warning","message":"Rule is set with explicit type [var/s: uint]","ruleId":"explicit-types","filePath":"Benchmarks/Study_SamplesSet/3e986d35c9248a39a73a9b3fd13e8972.sol"},{"line":527,"column":73,"severity":"Warning","message":"Variable name must be in mixedCase","ruleId":"var-name-mixedcase","fix":null,"filePath":"Benchmarks/Study_SamplesSet/3e986d35c9248a39a73a9b3fd13e8972.sol"},{"line":535,"column":9,"severity":"Warning","message":"Provide an error message for require","ruleId":"reason-string","fix":null,"filePath":"Benchmarks/Study_SamplesSet/3e986d35c9248a39a73a9b3fd13e8972.sol"},{"line":535,"column":9,"severity":"Warning","message":"Use Custom Errors instead of require statements","ruleId":"custom-errors","fix":null,"filePath":"Benchmarks/Study_SamplesSet/3e986d35c9248a39a73a9b3fd13e8972.sol"},{"line":535,"column":17,"severity":"Error","message":"Avoid making time-based decisions in your business logic","ruleId":"not-rely-on-time","fix":null,"filePath":"Benchmarks/Study_SamplesSet/3e986d35c9248a39a73a9b3fd13e8972.sol"},{"line":535,"column":38,"severity":"Error","message":"Avoid making time-based decisions in your business logic","ruleId":"not-rely-on-time","fix":null,"filePath":"Benchmarks/Study_SamplesSet/3e986d35c9248a39a73a9b3fd13e8972.sol"},{"line":544,"column":5,"severity":"Error","message":"Explicitly mark visibility in function","ruleId":"func-visibility","fix":null,"filePath":"Benchmarks/Study_SamplesSet/3e986d35c9248a39a73a9b3fd13e8972.sol"},{"line":544,"column":38,"severity":"Warning","message":"Rule is set with explicit type [var/s: uint]","ruleId":"explicit-types","filePath":"Benchmarks/Study_SamplesSet/3e986d35c9248a39a73a9b3fd13e8972.sol"},{"line":546,"column":13,"severity":"Error","message":"Explicitly mark all external contracts as trusted or untrusted","ruleId":"mark-callable-contracts","filePath":"Benchmarks/Study_SamplesSet/3e986d35c9248a39a73a9b3fd13e8972.sol"},{"line":548,"column":13,"severity":"Error","message":"Explicitly mark all external contracts as trusted or untrusted","ruleId":"mark-callable-contracts","filePath":"Benchmarks/Study_SamplesSet/3e986d35c9248a39a73a9b3fd13e8972.sol"},{"line":552,"column":5,"severity":"Error","message":"Explicitly mark visibility in function","ruleId":"func-visibility","fix":null,"filePath":"Benchmarks/Study_SamplesSet/3e986d35c9248a39a73a9b3fd13e8972.sol"},{"line":552,"column":45,"severity":"Warning","message":"Rule is set with explicit type [var/s: uint]","ruleId":"explicit-types","filePath":"Benchmarks/Study_SamplesSet/3e986d35c9248a39a73a9b3fd13e8972.sol"},{"line":554,"column":13,"severity":"Error","message":"Explicitly mark all external contracts as trusted or untrusted","ruleId":"mark-callable-contracts","filePath":"Benchmarks/Study_SamplesSet/3e986d35c9248a39a73a9b3fd13e8972.sol"},{"line":556,"column":13,"severity":"Error","message":"Explicitly mark all external contracts as trusted or untrusted","ruleId":"mark-callable-contracts","filePath":"Benchmarks/Study_SamplesSet/3e986d35c9248a39a73a9b3fd13e8972.sol"},{"line":561,"column":5,"severity":"Warning","message":"Function name must be in mixedCase","ruleId":"func-name-mixedcase","fix":null,"filePath":"Benchmarks/Study_SamplesSet/3e986d35c9248a39a73a9b3fd13e8972.sol"},{"line":561,"column":47,"severity":"Warning","message":"Rule is set with explicit type [var/s: uint]","ruleId":"explicit-types","filePath":"Benchmarks/Study_SamplesSet/3e986d35c9248a39a73a9b3fd13e8972.sol"},{"line":572,"column":27,"severity":"Error","message":"Explicitly mark all external contracts as trusted or untrusted","ruleId":"mark-callable-contracts","filePath":"Benchmarks/Study_SamplesSet/3e986d35c9248a39a73a9b3fd13e8972.sol"},{"line":579,"column":5,"severity":"Warning","message":"Function name must be in mixedCase","ruleId":"func-name-mixedcase","fix":null,"filePath":"Benchmarks/Study_SamplesSet/3e986d35c9248a39a73a9b3fd13e8972.sol"},{"line":579,"column":47,"severity":"Warning","message":"Rule is set with explicit type [var/s: uint]","ruleId":"explicit-types","filePath":"Benchmarks/Study_SamplesSet/3e986d35c9248a39a73a9b3fd13e8972.sol"},{"line":580,"column":9,"severity":"Warning","message":"Provide an error message for require","ruleId":"reason-string","fix":null,"filePath":"Benchmarks/Study_SamplesSet/3e986d35c9248a39a73a9b3fd13e8972.sol"},{"line":580,"column":9,"severity":"Warning","message":"Use Custom Errors instead of require statements","ruleId":"custom-errors","fix":null,"filePath":"Benchmarks/Study_SamplesSet/3e986d35c9248a39a73a9b3fd13e8972.sol"},{"line":580,"column":42,"severity":"Error","message":"Explicitly mark all external contracts as trusted or untrusted","ruleId":"mark-callable-contracts","filePath":"Benchmarks/Study_SamplesSet/3e986d35c9248a39a73a9b3fd13e8972.sol"},{"line":587,"column":27,"severity":"Error","message":"Explicitly mark all external contracts as trusted or untrusted","ruleId":"mark-callable-contracts","filePath":"Benchmarks/Study_SamplesSet/3e986d35c9248a39a73a9b3fd13e8972.sol"},{"line":590,"column":60,"severity":"Warning","message":"Rule is set with explicit type [var/s: uint]","ruleId":"explicit-types","filePath":"Benchmarks/Study_SamplesSet/3e986d35c9248a39a73a9b3fd13e8972.sol"},{"line":590,"column":66,"severity":"Warning","message":"Rule is set with explicit type [var/s: uint]","ruleId":"explicit-types","filePath":"Benchmarks/Study_SamplesSet/3e986d35c9248a39a73a9b3fd13e8972.sol"},{"line":590,"column":72,"severity":"Warning","message":"Rule is set with explicit type [var/s: uint]","ruleId":"explicit-types","filePath":"Benchmarks/Study_SamplesSet/3e986d35c9248a39a73a9b3fd13e8972.sol"},{"line":591,"column":9,"severity":"Warning","message":"Rule is set with explicit type [var/s: uint]","ruleId":"explicit-types","filePath":"Benchmarks/Study_SamplesSet/3e986d35c9248a39a73a9b3fd13e8972.sol"},{"line":592,"column":9,"severity":"Warning","message":"Rule is set with explicit type [var/s: uint]","ruleId":"explicit-types","filePath":"Benchmarks/Study_SamplesSet/3e986d35c9248a39a73a9b3fd13e8972.sol"},{"line":593,"column":9,"severity":"Warning","message":"Rule is set with explicit type [var/s: uint]","ruleId":"explicit-types","filePath":"Benchmarks/Study_SamplesSet/3e986d35c9248a39a73a9b3fd13e8972.sol"},{"line":594,"column":9,"severity":"Warning","message":"Rule is set with explicit type [var/s: uint]","ruleId":"explicit-types","filePath":"Benchmarks/Study_SamplesSet/3e986d35c9248a39a73a9b3fd13e8972.sol"},{"line":596,"column":29,"severity":"Error","message":"Avoid making time-based decisions in your business logic","ruleId":"not-rely-on-time","fix":null,"filePath":"Benchmarks/Study_SamplesSet/3e986d35c9248a39a73a9b3fd13e8972.sol"},{"line":598,"column":24,"severity":"Error","message":"Avoid making time-based decisions in your business logic","ruleId":"not-rely-on-time","fix":null,"filePath":"Benchmarks/Study_SamplesSet/3e986d35c9248a39a73a9b3fd13e8972.sol"},{"line":602,"column":29,"severity":"Error","message":"Avoid making time-based decisions in your business logic","ruleId":"not-rely-on-time","fix":null,"filePath":"Benchmarks/Study_SamplesSet/3e986d35c9248a39a73a9b3fd13e8972.sol"},{"line":604,"column":25,"severity":"Error","message":"Avoid making time-based decisions in your business logic","ruleId":"not-rely-on-time","fix":null,"filePath":"Benchmarks/Study_SamplesSet/3e986d35c9248a39a73a9b3fd13e8972.sol"},{"line":608,"column":29,"severity":"Error","message":"Avoid making time-based decisions in your business logic","ruleId":"not-rely-on-time","fix":null,"filePath":"Benchmarks/Study_SamplesSet/3e986d35c9248a39a73a9b3fd13e8972.sol"},{"line":612,"column":29,"severity":"Error","message":"Avoid making time-based decisions in your business logic","ruleId":"not-rely-on-time","fix":null,"filePath":"Benchmarks/Study_SamplesSet/3e986d35c9248a39a73a9b3fd13e8972.sol"},{"line":612,"column":36,"severity":"Error","message":"Avoid making time-based decisions in your business logic","ruleId":"not-rely-on-time","fix":null,"filePath":"Benchmarks/Study_SamplesSet/3e986d35c9248a39a73a9b3fd13e8972.sol"},{"line":614,"column":24,"severity":"Error","message":"Avoid making time-based decisions in your business logic","ruleId":"not-rely-on-time","fix":null,"filePath":"Benchmarks/Study_SamplesSet/3e986d35c9248a39a73a9b3fd13e8972.sol"},{"line":618,"column":25,"severity":"Error","message":"Avoid making time-based decisions in your business logic","ruleId":"not-rely-on-time","fix":null,"filePath":"Benchmarks/Study_SamplesSet/3e986d35c9248a39a73a9b3fd13e8972.sol"},{"line":639,"column":5,"severity":"Error","message":"Explicitly mark visibility in function","ruleId":"func-visibility","fix":null,"filePath":"Benchmarks/Study_SamplesSet/3e986d35c9248a39a73a9b3fd13e8972.sol"},{"line":639,"column":27,"severity":"Warning","message":"Rule is set with explicit type [var/s: uint]","ruleId":"explicit-types","filePath":"Benchmarks/Study_SamplesSet/3e986d35c9248a39a73a9b3fd13e8972.sol"},{"line":640,"column":9,"severity":"Warning","message":"Rule is set with explicit type [var/s: uint]","ruleId":"explicit-types","filePath":"Benchmarks/Study_SamplesSet/3e986d35c9248a39a73a9b3fd13e8972.sol"},{"line":641,"column":9,"severity":"Warning","message":"Rule is set with explicit type [var/s: uint]","ruleId":"explicit-types","filePath":"Benchmarks/Study_SamplesSet/3e986d35c9248a39a73a9b3fd13e8972.sol"},{"line":643,"column":9,"severity":"Warning","message":"Rule is set with explicit type [var/s: uint]","ruleId":"explicit-types","filePath":"Benchmarks/Study_SamplesSet/3e986d35c9248a39a73a9b3fd13e8972.sol"},{"line":695,"column":13,"severity":"Error","message":"Explicitly mark all external contracts as trusted or untrusted","ruleId":"mark-callable-contracts","filePath":"Benchmarks/Study_SamplesSet/3e986d35c9248a39a73a9b3fd13e8972.sol"},{"line":707,"column":5,"severity":"Error","message":"Explicitly mark visibility in function","ruleId":"func-visibility","fix":null,"filePath":"Benchmarks/Study_SamplesSet/3e986d35c9248a39a73a9b3fd13e8972.sol"},{"line":707,"column":58,"severity":"Warning","message":"Rule is set with explicit type [var/s: uint]","ruleId":"explicit-types","filePath":"Benchmarks/Study_SamplesSet/3e986d35c9248a39a73a9b3fd13e8972.sol"},{"line":707,"column":73,"severity":"Warning","message":"Rule is set with explicit type [var/s: uint]","ruleId":"explicit-types","filePath":"Benchmarks/Study_SamplesSet/3e986d35c9248a39a73a9b3fd13e8972.sol"},{"line":723,"column":5,"severity":"Warning","message":"Function name must be in mixedCase","ruleId":"func-name-mixedcase","fix":null,"filePath":"Benchmarks/Study_SamplesSet/3e986d35c9248a39a73a9b3fd13e8972.sol"},{"line":723,"column":47,"severity":"Warning","message":"Rule is set with explicit type [var/s: uint]","ruleId":"explicit-types","filePath":"Benchmarks/Study_SamplesSet/3e986d35c9248a39a73a9b3fd13e8972.sol"},{"line":735,"column":9,"severity":"Error","message":"Explicitly mark all external contracts as trusted or untrusted","ruleId":"mark-callable-contracts","filePath":"Benchmarks/Study_SamplesSet/3e986d35c9248a39a73a9b3fd13e8972.sol"},{"line":743,"column":5,"severity":"Warning","message":"Function name must be in mixedCase","ruleId":"func-name-mixedcase","fix":null,"filePath":"Benchmarks/Study_SamplesSet/3e986d35c9248a39a73a9b3fd13e8972.sol"},{"line":743,"column":47,"severity":"Warning","message":"Rule is set with explicit type [var/s: uint]","ruleId":"explicit-types","filePath":"Benchmarks/Study_SamplesSet/3e986d35c9248a39a73a9b3fd13e8972.sol"},{"line":744,"column":9,"severity":"Warning","message":"Provide an error message for require","ruleId":"reason-string","fix":null,"filePath":"Benchmarks/Study_SamplesSet/3e986d35c9248a39a73a9b3fd13e8972.sol"},{"line":744,"column":9,"severity":"Warning","message":"Use Custom Errors instead of require statements","ruleId":"custom-errors","fix":null,"filePath":"Benchmarks/Study_SamplesSet/3e986d35c9248a39a73a9b3fd13e8972.sol"},{"line":744,"column":42,"severity":"Error","message":"Explicitly mark all external contracts as trusted or untrusted","ruleId":"mark-callable-contracts","filePath":"Benchmarks/Study_SamplesSet/3e986d35c9248a39a73a9b3fd13e8972.sol"},{"line":752,"column":9,"severity":"Error","message":"Explicitly mark all external contracts as trusted or untrusted","ruleId":"mark-callable-contracts","filePath":"Benchmarks/Study_SamplesSet/3e986d35c9248a39a73a9b3fd13e8972.sol"},{"line":755,"column":5,"severity":"Warning","message":"Function name must be in mixedCase","ruleId":"func-name-mixedcase","fix":null,"filePath":"Benchmarks/Study_SamplesSet/3e986d35c9248a39a73a9b3fd13e8972.sol"},{"line":755,"column":51,"severity":"Warning","message":"Rule is set with explicit type [var/s: uint]","ruleId":"explicit-types","filePath":"Benchmarks/Study_SamplesSet/3e986d35c9248a39a73a9b3fd13e8972.sol"},{"line":755,"column":67,"severity":"Warning","message":"Rule is set with explicit type [var/s: uint]","ruleId":"explicit-types","filePath":"Benchmarks/Study_SamplesSet/3e986d35c9248a39a73a9b3fd13e8972.sol"},{"line":760,"column":27,"severity":"Error","message":"Explicitly mark all external contracts as trusted or untrusted","ruleId":"mark-callable-contracts","filePath":"Benchmarks/Study_SamplesSet/3e986d35c9248a39a73a9b3fd13e8972.sol"},{"line":765,"column":5,"severity":"Error","message":"Explicitly mark visibility in function","ruleId":"func-visibility","fix":null,"filePath":"Benchmarks/Study_SamplesSet/3e986d35c9248a39a73a9b3fd13e8972.sol"},{"line":765,"column":28,"severity":"Warning","message":"Rule is set with explicit type [var/s: uint]","ruleId":"explicit-types","filePath":"Benchmarks/Study_SamplesSet/3e986d35c9248a39a73a9b3fd13e8972.sol"},{"line":765,"column":58,"severity":"Warning","message":"Rule is set with explicit type [var/s: uint]","ruleId":"explicit-types","filePath":"Benchmarks/Study_SamplesSet/3e986d35c9248a39a73a9b3fd13e8972.sol"},{"line":766,"column":9,"severity":"Warning","message":"Provide an error message for require","ruleId":"reason-string","fix":null,"filePath":"Benchmarks/Study_SamplesSet/3e986d35c9248a39a73a9b3fd13e8972.sol"},{"line":766,"column":9,"severity":"Warning","message":"Use Custom Errors instead of require statements","ruleId":"custom-errors","fix":null,"filePath":"Benchmarks/Study_SamplesSet/3e986d35c9248a39a73a9b3fd13e8972.sol"},{"line":773,"column":5,"severity":"Error","message":"Explicitly mark visibility in function","ruleId":"func-visibility","fix":null,"filePath":"Benchmarks/Study_SamplesSet/3e986d35c9248a39a73a9b3fd13e8972.sol"},{"line":773,"column":55,"severity":"Warning","message":"Rule is set with explicit type [var/s: uint]","ruleId":"explicit-types","filePath":"Benchmarks/Study_SamplesSet/3e986d35c9248a39a73a9b3fd13e8972.sol"},{"line":778,"column":5,"severity":"Error","message":"Explicitly mark visibility in function","ruleId":"func-visibility","fix":null,"filePath":"Benchmarks/Study_SamplesSet/3e986d35c9248a39a73a9b3fd13e8972.sol"},{"line":778,"column":34,"severity":"Warning","message":"Rule is set with explicit type [var/s: uint]","ruleId":"explicit-types","filePath":"Benchmarks/Study_SamplesSet/3e986d35c9248a39a73a9b3fd13e8972.sol"},{"line":778,"column":45,"severity":"Warning","message":"Rule is set with explicit type [var/s: uint]","ruleId":"explicit-types","filePath":"Benchmarks/Study_SamplesSet/3e986d35c9248a39a73a9b3fd13e8972.sol"},{"line":778,"column":57,"severity":"Warning","message":"Rule is set with explicit type [var/s: uint]","ruleId":"explicit-types","filePath":"Benchmarks/Study_SamplesSet/3e986d35c9248a39a73a9b3fd13e8972.sol"},{"line":778,"column":68,"severity":"Warning","message":"Rule is set with explicit type [var/s: uint]","ruleId":"explicit-types","filePath":"Benchmarks/Study_SamplesSet/3e986d35c9248a39a73a9b3fd13e8972.sol"},{"line":794,"column":5,"severity":"Error","message":"Explicitly mark visibility of state","ruleId":"state-visibility","fix":null,"filePath":"Benchmarks/Study_SamplesSet/3e986d35c9248a39a73a9b3fd13e8972.sol"},{"line":795,"column":5,"severity":"Error","message":"Explicitly mark visibility of state","ruleId":"state-visibility","fix":null,"filePath":"Benchmarks/Study_SamplesSet/3e986d35c9248a39a73a9b3fd13e8972.sol"},{"line":796,"column":5,"severity":"Error","message":"Explicitly mark visibility of state","ruleId":"state-visibility","fix":null,"filePath":"Benchmarks/Study_SamplesSet/3e986d35c9248a39a73a9b3fd13e8972.sol"},{"line":798,"column":5,"severity":"Warning","message":"Rule is set with explicit type [var/s: uint]","ruleId":"explicit-types","filePath":"Benchmarks/Study_SamplesSet/3e986d35c9248a39a73a9b3fd13e8972.sol"},{"line":800,"column":5,"severity":"Warning","message":"Rule is set with explicit type [var/s: uint]","ruleId":"explicit-types","filePath":"Benchmarks/Study_SamplesSet/3e986d35c9248a39a73a9b3fd13e8972.sol"},{"line":801,"column":5,"severity":"Warning","message":"Rule is set with explicit type [var/s: uint]","ruleId":"explicit-types","filePath":"Benchmarks/Study_SamplesSet/3e986d35c9248a39a73a9b3fd13e8972.sol"},{"line":803,"column":55,"severity":"Warning","message":"Rule is set with explicit type [var/s: uint]","ruleId":"explicit-types","filePath":"Benchmarks/Study_SamplesSet/3e986d35c9248a39a73a9b3fd13e8972.sol"},{"line":806,"column":9,"severity":"Warning","message":"Provide an error message for require","ruleId":"reason-string","fix":null,"filePath":"Benchmarks/Study_SamplesSet/3e986d35c9248a39a73a9b3fd13e8972.sol"},{"line":806,"column":9,"severity":"Warning","message":"Use Custom Errors instead of require statements","ruleId":"custom-errors","fix":null,"filePath":"Benchmarks/Study_SamplesSet/3e986d35c9248a39a73a9b3fd13e8972.sol"},{"line":806,"column":51,"severity":"Error","message":"Avoid making time-based decisions in your business logic","ruleId":"not-rely-on-time","fix":null,"filePath":"Benchmarks/Study_SamplesSet/3e986d35c9248a39a73a9b3fd13e8972.sol"},{"line":810,"column":5,"severity":"Error","message":"Explicitly mark visibility in function","ruleId":"func-visibility","fix":null,"filePath":"Benchmarks/Study_SamplesSet/3e986d35c9248a39a73a9b3fd13e8972.sol"},{"line":810,"column":36,"severity":"Warning","message":"Rule is set with explicit type [var/s: uint]","ruleId":"explicit-types","filePath":"Benchmarks/Study_SamplesSet/3e986d35c9248a39a73a9b3fd13e8972.sol"},{"line":813,"column":9,"severity":"Error","message":"Explicitly mark all external contracts as trusted or untrusted","ruleId":"mark-callable-contracts","filePath":"Benchmarks/Study_SamplesSet/3e986d35c9248a39a73a9b3fd13e8972.sol"},{"line":817,"column":5,"severity":"Error","message":"Explicitly mark visibility in function","ruleId":"func-visibility","fix":null,"filePath":"Benchmarks/Study_SamplesSet/3e986d35c9248a39a73a9b3fd13e8972.sol"},{"line":817,"column":55,"severity":"Warning","message":"Rule is set with explicit type [var/s: uint]","ruleId":"explicit-types","filePath":"Benchmarks/Study_SamplesSet/3e986d35c9248a39a73a9b3fd13e8972.sol"},{"line":818,"column":9,"severity":"Warning","message":"Rule is set with explicit type [var/s: uint]","ruleId":"explicit-types","filePath":"Benchmarks/Study_SamplesSet/3e986d35c9248a39a73a9b3fd13e8972.sol"},{"line":823,"column":9,"severity":"Error","message":"Explicitly mark all external contracts as trusted or untrusted","ruleId":"mark-callable-contracts","filePath":"Benchmarks/Study_SamplesSet/3e986d35c9248a39a73a9b3fd13e8972.sol"},{"line":828,"column":5,"severity":"Error","message":"Explicitly mark visibility in function (Set ignoreConstructors to true if using solidity >=0.7.0)","ruleId":"func-visibility","fix":null,"filePath":"Benchmarks/Study_SamplesSet/3e986d35c9248a39a73a9b3fd13e8972.sol"},{"line":833,"column":18,"severity":"Error","message":"Explicitly mark all external contracts as trusted or untrusted","ruleId":"mark-callable-contracts","filePath":"Benchmarks/Study_SamplesSet/3e986d35c9248a39a73a9b3fd13e8972.sol"},{"line":835,"column":5,"severity":"Error","message":"Explicitly mark visibility in function","ruleId":"func-visibility","fix":null,"filePath":"Benchmarks/Study_SamplesSet/3e986d35c9248a39a73a9b3fd13e8972.sol"},{"line":835,"column":5,"severity":"Error","message":"Fallback function must be simple","ruleId":"no-complex-fallback","fix":null,"filePath":"Benchmarks/Study_SamplesSet/3e986d35c9248a39a73a9b3fd13e8972.sol"},{"line":837,"column":13,"severity":"Error","message":"\"throw\" is deprecated, avoid to use it","ruleId":"avoid-throw","filePath":"Benchmarks/Study_SamplesSet/3e986d35c9248a39a73a9b3fd13e8972.sol"},{"line":841,"column":13,"severity":"Error","message":"Explicitly mark all external contracts as trusted or untrusted","ruleId":"mark-callable-contracts","filePath":"Benchmarks/Study_SamplesSet/3e986d35c9248a39a73a9b3fd13e8972.sol"},{"line":844,"column":13,"severity":"Error","message":"Explicitly mark all external contracts as trusted or untrusted","ruleId":"mark-callable-contracts","filePath":"Benchmarks/Study_SamplesSet/3e986d35c9248a39a73a9b3fd13e8972.sol"},{"line":847,"column":13,"severity":"Error","message":"\"throw\" is deprecated, avoid to use it","ruleId":"avoid-throw","filePath":"Benchmarks/Study_SamplesSet/3e986d35c9248a39a73a9b3fd13e8972.sol"},{"line":851,"column":5,"severity":"Error","message":"Explicitly mark visibility in function","ruleId":"func-visibility","fix":null,"filePath":"Benchmarks/Study_SamplesSet/3e986d35c9248a39a73a9b3fd13e8972.sol"},{"line":851,"column":87,"severity":"Warning","message":"Rule is set with explicit type [var/s: uint]","ruleId":"explicit-types","filePath":"Benchmarks/Study_SamplesSet/3e986d35c9248a39a73a9b3fd13e8972.sol"},{"line":851,"column":100,"severity":"Warning","message":"Rule is set with explicit type [var/s: uint]","ruleId":"explicit-types","filePath":"Benchmarks/Study_SamplesSet/3e986d35c9248a39a73a9b3fd13e8972.sol"},{"line":852,"column":21,"severity":"Error","message":"Explicitly mark all external contracts as trusted or untrusted","ruleId":"mark-callable-contracts","filePath":"Benchmarks/Study_SamplesSet/3e986d35c9248a39a73a9b3fd13e8972.sol"},{"line":853,"column":17,"severity":"Error","message":"Explicitly mark all external contracts as trusted or untrusted","ruleId":"mark-callable-contracts","filePath":"Benchmarks/Study_SamplesSet/3e986d35c9248a39a73a9b3fd13e8972.sol"},{"line":854,"column":18,"severity":"Error","message":"Explicitly mark all external contracts as trusted or untrusted","ruleId":"mark-callable-contracts","filePath":"Benchmarks/Study_SamplesSet/3e986d35c9248a39a73a9b3fd13e8972.sol"},{"line":861,"column":5,"severity":"Warning","message":"Function name must be in mixedCase","ruleId":"func-name-mixedcase","fix":null,"filePath":"Benchmarks/Study_SamplesSet/3e986d35c9248a39a73a9b3fd13e8972.sol"},{"line":861,"column":5,"severity":"Error","message":"Explicitly mark visibility in function","ruleId":"func-visibility","fix":null,"filePath":"Benchmarks/Study_SamplesSet/3e986d35c9248a39a73a9b3fd13e8972.sol"},{"line":866,"column":5,"severity":"Warning","message":"Function name must be in mixedCase","ruleId":"func-name-mixedcase","fix":null,"filePath":"Benchmarks/Study_SamplesSet/3e986d35c9248a39a73a9b3fd13e8972.sol"},{"line":866,"column":5,"severity":"Error","message":"Explicitly mark visibility in function","ruleId":"func-visibility","fix":null,"filePath":"Benchmarks/Study_SamplesSet/3e986d35c9248a39a73a9b3fd13e8972.sol"},{"line":866,"column":24,"severity":"Warning","message":"Rule is set with explicit type [var/s: uint]","ruleId":"explicit-types","filePath":"Benchmarks/Study_SamplesSet/3e986d35c9248a39a73a9b3fd13e8972.sol"},{"line":866,"column":37,"severity":"Warning","message":"Rule is set with explicit type [var/s: uint]","ruleId":"explicit-types","filePath":"Benchmarks/Study_SamplesSet/3e986d35c9248a39a73a9b3fd13e8972.sol"},{"line":867,"column":9,"severity":"Warning","message":"Rule is set with explicit type [var/s: uint]","ruleId":"explicit-types","filePath":"Benchmarks/Study_SamplesSet/3e986d35c9248a39a73a9b3fd13e8972.sol"},{"line":868,"column":9,"severity":"Warning","message":"Rule is set with explicit type [var/s: uint]","ruleId":"explicit-types","filePath":"Benchmarks/Study_SamplesSet/3e986d35c9248a39a73a9b3fd13e8972.sol"},{"line":877,"column":5,"severity":"Error","message":"Explicitly mark visibility in function","ruleId":"func-visibility","fix":null,"filePath":"Benchmarks/Study_SamplesSet/3e986d35c9248a39a73a9b3fd13e8972.sol"},{"line":877,"column":27,"severity":"Warning","message":"Rule is set with explicit type [var/s: uint]","ruleId":"explicit-types","filePath":"Benchmarks/Study_SamplesSet/3e986d35c9248a39a73a9b3fd13e8972.sol"},{"line":877,"column":40,"severity":"Warning","message":"Rule is set with explicit type [var/s: uint]","ruleId":"explicit-types","filePath":"Benchmarks/Study_SamplesSet/3e986d35c9248a39a73a9b3fd13e8972.sol"},{"line":877,"column":64,"severity":"Warning","message":"Rule is set with explicit type [var/s: uint]","ruleId":"explicit-types","filePath":"Benchmarks/Study_SamplesSet/3e986d35c9248a39a73a9b3fd13e8972.sol"},{"line":877,"column":85,"severity":"Warning","message":"Rule is set with explicit type [var/s: uint]","ruleId":"explicit-types","filePath":"Benchmarks/Study_SamplesSet/3e986d35c9248a39a73a9b3fd13e8972.sol"},{"line":877,"column":101,"severity":"Warning","message":"Rule is set with explicit type [var/s: uint]","ruleId":"explicit-types","filePath":"Benchmarks/Study_SamplesSet/3e986d35c9248a39a73a9b3fd13e8972.sol"},{"line":877,"column":115,"severity":"Warning","message":"Rule is set with explicit type [var/s: uint]","ruleId":"explicit-types","filePath":"Benchmarks/Study_SamplesSet/3e986d35c9248a39a73a9b3fd13e8972.sol"},{"line":881,"column":31,"severity":"Warning","message":"Rule is set with explicit type [var/s: uint]","ruleId":"explicit-types","filePath":"Benchmarks/Study_SamplesSet/3e986d35c9248a39a73a9b3fd13e8972.sol"},{"line":886,"column":17,"severity":"Error","message":"Explicitly mark all external contracts as trusted or untrusted","ruleId":"mark-callable-contracts","filePath":"Benchmarks/Study_SamplesSet/3e986d35c9248a39a73a9b3fd13e8972.sol"},{"line":887,"column":17,"severity":"Error","message":"Explicitly mark all external contracts as trusted or untrusted","ruleId":"mark-callable-contracts","filePath":"Benchmarks/Study_SamplesSet/3e986d35c9248a39a73a9b3fd13e8972.sol"},{"line":891,"column":17,"severity":"Error","message":"Explicitly mark all external contracts as trusted or untrusted","ruleId":"mark-callable-contracts","filePath":"Benchmarks/Study_SamplesSet/3e986d35c9248a39a73a9b3fd13e8972.sol"},{"line":892,"column":17,"severity":"Error","message":"Explicitly mark all external contracts as trusted or untrusted","ruleId":"mark-callable-contracts","filePath":"Benchmarks/Study_SamplesSet/3e986d35c9248a39a73a9b3fd13e8972.sol"},{"line":897,"column":42,"severity":"Warning","message":"Rule is set with explicit type [var/s: uint]","ruleId":"explicit-types","filePath":"Benchmarks/Study_SamplesSet/3e986d35c9248a39a73a9b3fd13e8972.sol"},{"line":900,"column":13,"severity":"Error","message":"Explicitly mark all external contracts as trusted or untrusted","ruleId":"mark-callable-contracts","filePath":"Benchmarks/Study_SamplesSet/3e986d35c9248a39a73a9b3fd13e8972.sol"},{"line":905,"column":5,"severity":"Warning","message":"Function name must be in mixedCase","ruleId":"func-name-mixedcase","fix":null,"filePath":"Benchmarks/Study_SamplesSet/3e986d35c9248a39a73a9b3fd13e8972.sol"},{"line":905,"column":5,"severity":"Error","message":"Explicitly mark visibility in function","ruleId":"func-visibility","fix":null,"filePath":"Benchmarks/Study_SamplesSet/3e986d35c9248a39a73a9b3fd13e8972.sol"},{"line":905,"column":35,"severity":"Warning","message":"Rule is set with explicit type [var/s: uint]","ruleId":"explicit-types","filePath":"Benchmarks/Study_SamplesSet/3e986d35c9248a39a73a9b3fd13e8972.sol"},{"line":906,"column":9,"severity":"Warning","message":"Provide an error message for require","ruleId":"reason-string","fix":null,"filePath":"Benchmarks/Study_SamplesSet/3e986d35c9248a39a73a9b3fd13e8972.sol"},{"line":906,"column":9,"severity":"Warning","message":"Use Custom Errors instead of require statements","ruleId":"custom-errors","fix":null,"filePath":"Benchmarks/Study_SamplesSet/3e986d35c9248a39a73a9b3fd13e8972.sol"},{"line":906,"column":27,"severity":"Error","message":"Explicitly mark all external contracts as trusted or untrusted","ruleId":"mark-callable-contracts","filePath":"Benchmarks/Study_SamplesSet/3e986d35c9248a39a73a9b3fd13e8972.sol"},{"line":907,"column":9,"severity":"Warning","message":"Provide an error message for require","ruleId":"reason-string","fix":null,"filePath":"Benchmarks/Study_SamplesSet/3e986d35c9248a39a73a9b3fd13e8972.sol"},{"line":907,"column":9,"severity":"Warning","message":"Use Custom Errors instead of require statements","ruleId":"custom-errors","fix":null,"filePath":"Benchmarks/Study_SamplesSet/3e986d35c9248a39a73a9b3fd13e8972.sol"},{"line":908,"column":9,"severity":"Warning","message":"Provide an error message for require","ruleId":"reason-string","fix":null,"filePath":"Benchmarks/Study_SamplesSet/3e986d35c9248a39a73a9b3fd13e8972.sol"},{"line":908,"column":9,"severity":"Warning","message":"Use Custom Errors instead of require statements","ruleId":"custom-errors","fix":null,"filePath":"Benchmarks/Study_SamplesSet/3e986d35c9248a39a73a9b3fd13e8972.sol"},{"line":917,"column":5,"severity":"Warning","message":"Function name must be in mixedCase","ruleId":"func-name-mixedcase","fix":null,"filePath":"Benchmarks/Study_SamplesSet/3e986d35c9248a39a73a9b3fd13e8972.sol"},{"line":917,"column":5,"severity":"Error","message":"Explicitly mark visibility in function","ruleId":"func-visibility","fix":null,"filePath":"Benchmarks/Study_SamplesSet/3e986d35c9248a39a73a9b3fd13e8972.sol"},{"line":918,"column":9,"severity":"Warning","message":"Rule is set with explicit type [var/s: uint]","ruleId":"explicit-types","filePath":"Benchmarks/Study_SamplesSet/3e986d35c9248a39a73a9b3fd13e8972.sol"},{"line":919,"column":9,"severity":"Warning","message":"Rule is set with explicit type [var/s: uint]","ruleId":"explicit-types","filePath":"Benchmarks/Study_SamplesSet/3e986d35c9248a39a73a9b3fd13e8972.sol"},{"line":925,"column":5,"severity":"Error","message":"Explicitly mark visibility in function","ruleId":"func-visibility","fix":null,"filePath":"Benchmarks/Study_SamplesSet/3e986d35c9248a39a73a9b3fd13e8972.sol"},{"line":925,"column":27,"severity":"Warning","message":"Rule is set with explicit type [var/s: uint]","ruleId":"explicit-types","filePath":"Benchmarks/Study_SamplesSet/3e986d35c9248a39a73a9b3fd13e8972.sol"},{"line":929,"column":5,"severity":"Error","message":"Explicitly mark visibility in function","ruleId":"func-visibility","fix":null,"filePath":"Benchmarks/Study_SamplesSet/3e986d35c9248a39a73a9b3fd13e8972.sol"},{"line":929,"column":19,"severity":"Warning","message":"Rule is set with explicit type [var/s: uint]","ruleId":"explicit-types","filePath":"Benchmarks/Study_SamplesSet/3e986d35c9248a39a73a9b3fd13e8972.sol"},{"line":934,"column":5,"severity":"Error","message":"Explicitly mark visibility in function","ruleId":"func-visibility","fix":null,"filePath":"Benchmarks/Study_SamplesSet/3e986d35c9248a39a73a9b3fd13e8972.sol"},{"line":934,"column":19,"severity":"Warning","message":"Rule is set with explicit type [var/s: uint]","ruleId":"explicit-types","filePath":"Benchmarks/Study_SamplesSet/3e986d35c9248a39a73a9b3fd13e8972.sol"},{"line":942,"column":5,"severity":"Error","message":"Explicitly mark visibility in function","ruleId":"func-visibility","fix":null,"filePath":"Benchmarks/Study_SamplesSet/3e986d35c9248a39a73a9b3fd13e8972.sol"},{"line":942,"column":28,"severity":"Warning","message":"Rule is set with explicit type [var/s: uint]","ruleId":"explicit-types","filePath":"Benchmarks/Study_SamplesSet/3e986d35c9248a39a73a9b3fd13e8972.sol"},{"line":946,"column":5,"severity":"Error","message":"Explicitly mark visibility in function","ruleId":"func-visibility","fix":null,"filePath":"Benchmarks/Study_SamplesSet/3e986d35c9248a39a73a9b3fd13e8972.sol"},{"line":950,"column":5,"severity":"Error","message":"Explicitly mark visibility in function","ruleId":"func-visibility","fix":null,"filePath":"Benchmarks/Study_SamplesSet/3e986d35c9248a39a73a9b3fd13e8972.sol"},{"line":950,"column":34,"severity":"Warning","message":"Rule is set with explicit type [var/s: uint]","ruleId":"explicit-types","filePath":"Benchmarks/Study_SamplesSet/3e986d35c9248a39a73a9b3fd13e8972.sol"},{"line":950,"column":45,"severity":"Warning","message":"Rule is set with explicit type [var/s: uint]","ruleId":"explicit-types","filePath":"Benchmarks/Study_SamplesSet/3e986d35c9248a39a73a9b3fd13e8972.sol"},{"line":950,"column":57,"severity":"Warning","message":"Rule is set with explicit type [var/s: uint]","ruleId":"explicit-types","filePath":"Benchmarks/Study_SamplesSet/3e986d35c9248a39a73a9b3fd13e8972.sol"},{"line":950,"column":68,"severity":"Warning","message":"Rule is set with explicit type [var/s: uint]","ruleId":"explicit-types","filePath":"Benchmarks/Study_SamplesSet/3e986d35c9248a39a73a9b3fd13e8972.sol"},{"conclusion":"427 problem/s (139 error/s, 288 warning/s)"}]
