[{"line":1,"column":1,"severity":"Warning","message":"Found more than One contract per file. 8 contracts found!","ruleId":"one-contract-per-file","fix":null,"filePath":"Benchmarks/Study_SamplesSet/3ff8bddb0d558c6504fb5717f227861d.sol"},{"line":1,"column":1,"severity":"Error","message":"Compiler version ^0.4.13 does not satisfy the ^0.8.0 semver requirement","ruleId":"compiler-version","fix":null,"filePath":"Benchmarks/Study_SamplesSet/3ff8bddb0d558c6504fb5717f227861d.sol"},{"line":4,"column":16,"severity":"Warning","message":"Rule is set with explicit type [var/s: uint]","ruleId":"explicit-types","filePath":"Benchmarks/Study_SamplesSet/3ff8bddb0d558c6504fb5717f227861d.sol"},{"line":4,"column":24,"severity":"Warning","message":"Rule is set with explicit type [var/s: uint]","ruleId":"explicit-types","filePath":"Benchmarks/Study_SamplesSet/3ff8bddb0d558c6504fb5717f227861d.sol"},{"line":4,"column":50,"severity":"Warning","message":"Rule is set with explicit type [var/s: uint]","ruleId":"explicit-types","filePath":"Benchmarks/Study_SamplesSet/3ff8bddb0d558c6504fb5717f227861d.sol"},{"line":5,"column":5,"severity":"Warning","message":"Rule is set with explicit type [var/s: uint]","ruleId":"explicit-types","filePath":"Benchmarks/Study_SamplesSet/3ff8bddb0d558c6504fb5717f227861d.sol"},{"line":9,"column":16,"severity":"Warning","message":"Rule is set with explicit type [var/s: uint]","ruleId":"explicit-types","filePath":"Benchmarks/Study_SamplesSet/3ff8bddb0d558c6504fb5717f227861d.sol"},{"line":9,"column":24,"severity":"Warning","message":"Rule is set with explicit type [var/s: uint]","ruleId":"explicit-types","filePath":"Benchmarks/Study_SamplesSet/3ff8bddb0d558c6504fb5717f227861d.sol"},{"line":9,"column":50,"severity":"Warning","message":"Rule is set with explicit type [var/s: uint]","ruleId":"explicit-types","filePath":"Benchmarks/Study_SamplesSet/3ff8bddb0d558c6504fb5717f227861d.sol"},{"line":11,"column":5,"severity":"Warning","message":"Rule is set with explicit type [var/s: uint]","ruleId":"explicit-types","filePath":"Benchmarks/Study_SamplesSet/3ff8bddb0d558c6504fb5717f227861d.sol"},{"line":15,"column":16,"severity":"Warning","message":"Rule is set with explicit type [var/s: uint]","ruleId":"explicit-types","filePath":"Benchmarks/Study_SamplesSet/3ff8bddb0d558c6504fb5717f227861d.sol"},{"line":15,"column":24,"severity":"Warning","message":"Rule is set with explicit type [var/s: uint]","ruleId":"explicit-types","filePath":"Benchmarks/Study_SamplesSet/3ff8bddb0d558c6504fb5717f227861d.sol"},{"line":15,"column":50,"severity":"Warning","message":"Rule is set with explicit type [var/s: uint]","ruleId":"explicit-types","filePath":"Benchmarks/Study_SamplesSet/3ff8bddb0d558c6504fb5717f227861d.sol"},{"line":19,"column":16,"severity":"Warning","message":"Rule is set with explicit type [var/s: uint]","ruleId":"explicit-types","filePath":"Benchmarks/Study_SamplesSet/3ff8bddb0d558c6504fb5717f227861d.sol"},{"line":19,"column":24,"severity":"Warning","message":"Rule is set with explicit type [var/s: uint]","ruleId":"explicit-types","filePath":"Benchmarks/Study_SamplesSet/3ff8bddb0d558c6504fb5717f227861d.sol"},{"line":19,"column":50,"severity":"Warning","message":"Rule is set with explicit type [var/s: uint]","ruleId":"explicit-types","filePath":"Benchmarks/Study_SamplesSet/3ff8bddb0d558c6504fb5717f227861d.sol"},{"line":20,"column":5,"severity":"Warning","message":"Rule is set with explicit type [var/s: uint]","ruleId":"explicit-types","filePath":"Benchmarks/Study_SamplesSet/3ff8bddb0d558c6504fb5717f227861d.sol"},{"line":38,"column":7,"severity":"Error","message":"\"throw\" is deprecated, avoid to use it","ruleId":"avoid-throw","filePath":"Benchmarks/Study_SamplesSet/3ff8bddb0d558c6504fb5717f227861d.sol"},{"line":45,"column":5,"severity":"Error","message":"Explicitly mark visibility in function (Set ignoreConstructors to true if using solidity >=0.7.0)","ruleId":"func-visibility","fix":null,"filePath":"Benchmarks/Study_SamplesSet/3ff8bddb0d558c6504fb5717f227861d.sol"},{"line":49,"column":34,"severity":"Error","message":"\"throw\" is deprecated, avoid to use it","ruleId":"avoid-throw","filePath":"Benchmarks/Study_SamplesSet/3ff8bddb0d558c6504fb5717f227861d.sol"},{"line":52,"column":5,"severity":"Error","message":"Explicitly mark visibility in function","ruleId":"func-visibility","fix":null,"filePath":"Benchmarks/Study_SamplesSet/3ff8bddb0d558c6504fb5717f227861d.sol"},{"line":60,"column":3,"severity":"Warning","message":"Rule is set with explicit type [var/s: uint]","ruleId":"explicit-types","filePath":"Benchmarks/Study_SamplesSet/3ff8bddb0d558c6504fb5717f227861d.sol"},{"line":61,"column":3,"severity":"Error","message":"Explicitly mark visibility in function","ruleId":"func-visibility","fix":null,"filePath":"Benchmarks/Study_SamplesSet/3ff8bddb0d558c6504fb5717f227861d.sol"},{"line":61,"column":53,"severity":"Warning","message":"Rule is set with explicit type [var/s: uint]","ruleId":"explicit-types","filePath":"Benchmarks/Study_SamplesSet/3ff8bddb0d558c6504fb5717f227861d.sol"},{"line":62,"column":3,"severity":"Error","message":"Explicitly mark visibility in function","ruleId":"func-visibility","fix":null,"filePath":"Benchmarks/Study_SamplesSet/3ff8bddb0d558c6504fb5717f227861d.sol"},{"line":62,"column":33,"severity":"Warning","message":"Rule is set with explicit type [var/s: uint]","ruleId":"explicit-types","filePath":"Benchmarks/Study_SamplesSet/3ff8bddb0d558c6504fb5717f227861d.sol"},{"line":63,"column":60,"severity":"Warning","message":"Rule is set with explicit type [var/s: uint]","ruleId":"explicit-types","filePath":"Benchmarks/Study_SamplesSet/3ff8bddb0d558c6504fb5717f227861d.sol"},{"line":66,"column":3,"severity":"Error","message":"Explicitly mark visibility in function","ruleId":"func-visibility","fix":null,"filePath":"Benchmarks/Study_SamplesSet/3ff8bddb0d558c6504fb5717f227861d.sol"},{"line":66,"column":72,"severity":"Warning","message":"Rule is set with explicit type [var/s: uint]","ruleId":"explicit-types","filePath":"Benchmarks/Study_SamplesSet/3ff8bddb0d558c6504fb5717f227861d.sol"},{"line":67,"column":3,"severity":"Error","message":"Explicitly mark visibility in function","ruleId":"func-visibility","fix":null,"filePath":"Benchmarks/Study_SamplesSet/3ff8bddb0d558c6504fb5717f227861d.sol"},{"line":67,"column":51,"severity":"Warning","message":"Rule is set with explicit type [var/s: uint]","ruleId":"explicit-types","filePath":"Benchmarks/Study_SamplesSet/3ff8bddb0d558c6504fb5717f227861d.sol"},{"line":68,"column":3,"severity":"Error","message":"Explicitly mark visibility in function","ruleId":"func-visibility","fix":null,"filePath":"Benchmarks/Study_SamplesSet/3ff8bddb0d558c6504fb5717f227861d.sol"},{"line":68,"column":37,"severity":"Warning","message":"Rule is set with explicit type [var/s: uint]","ruleId":"explicit-types","filePath":"Benchmarks/Study_SamplesSet/3ff8bddb0d558c6504fb5717f227861d.sol"},{"line":69,"column":66,"severity":"Warning","message":"Rule is set with explicit type [var/s: uint]","ruleId":"explicit-types","filePath":"Benchmarks/Study_SamplesSet/3ff8bddb0d558c6504fb5717f227861d.sol"},{"line":72,"column":1,"severity":"Warning","message":"Contract, Structs and Enums should be in CamelCase","ruleId":"contract-name-camelcase","filePath":"Benchmarks/Study_SamplesSet/3ff8bddb0d558c6504fb5717f227861d.sol"},{"line":76,"column":3,"severity":"Error","message":"Explicitly mark visibility of state","ruleId":"state-visibility","fix":null,"filePath":"Benchmarks/Study_SamplesSet/3ff8bddb0d558c6504fb5717f227861d.sol"},{"line":76,"column":3,"severity":"Warning","message":"Rule is set with explicit type [var/s: uint]","ruleId":"explicit-types","filePath":"Benchmarks/Study_SamplesSet/3ff8bddb0d558c6504fb5717f227861d.sol"},{"line":79,"column":28,"severity":"Warning","message":"Rule is set with explicit type [var/s: uint]","ruleId":"explicit-types","filePath":"Benchmarks/Study_SamplesSet/3ff8bddb0d558c6504fb5717f227861d.sol"},{"line":81,"column":8,"severity":"Error","message":"\"throw\" is deprecated, avoid to use it","ruleId":"avoid-throw","filePath":"Benchmarks/Study_SamplesSet/3ff8bddb0d558c6504fb5717f227861d.sol"},{"line":85,"column":3,"severity":"Error","message":"Explicitly mark visibility in function","ruleId":"func-visibility","fix":null,"filePath":"Benchmarks/Study_SamplesSet/3ff8bddb0d558c6504fb5717f227861d.sol"},{"line":85,"column":34,"severity":"Warning","message":"Rule is set with explicit type [var/s: uint]","ruleId":"explicit-types","filePath":"Benchmarks/Study_SamplesSet/3ff8bddb0d558c6504fb5717f227861d.sol"},{"line":88,"column":5,"severity":"Error","message":"Explicitly mark all external contracts as trusted or untrusted","ruleId":"mark-callable-contracts","filePath":"Benchmarks/Study_SamplesSet/3ff8bddb0d558c6504fb5717f227861d.sol"},{"line":90,"column":3,"severity":"Error","message":"Explicitly mark visibility in function","ruleId":"func-visibility","fix":null,"filePath":"Benchmarks/Study_SamplesSet/3ff8bddb0d558c6504fb5717f227861d.sol"},{"line":90,"column":56,"severity":"Warning","message":"Rule is set with explicit type [var/s: uint]","ruleId":"explicit-types","filePath":"Benchmarks/Study_SamplesSet/3ff8bddb0d558c6504fb5717f227861d.sol"},{"line":96,"column":3,"severity":"Error","message":"Explicitly mark visibility of state","ruleId":"state-visibility","fix":null,"filePath":"Benchmarks/Study_SamplesSet/3ff8bddb0d558c6504fb5717f227861d.sol"},{"line":96,"column":3,"severity":"Warning","message":"Rule is set with explicit type [var/s: uint]","ruleId":"explicit-types","filePath":"Benchmarks/Study_SamplesSet/3ff8bddb0d558c6504fb5717f227861d.sol"},{"line":97,"column":3,"severity":"Error","message":"Explicitly mark visibility in function","ruleId":"func-visibility","fix":null,"filePath":"Benchmarks/Study_SamplesSet/3ff8bddb0d558c6504fb5717f227861d.sol"},{"line":97,"column":53,"severity":"Warning","message":"Rule is set with explicit type [var/s: uint]","ruleId":"explicit-types","filePath":"Benchmarks/Study_SamplesSet/3ff8bddb0d558c6504fb5717f227861d.sol"},{"line":104,"column":5,"severity":"Error","message":"Explicitly mark all external contracts as trusted or untrusted","ruleId":"mark-callable-contracts","filePath":"Benchmarks/Study_SamplesSet/3ff8bddb0d558c6504fb5717f227861d.sol"},{"line":106,"column":3,"severity":"Error","message":"Explicitly mark visibility in function","ruleId":"func-visibility","fix":null,"filePath":"Benchmarks/Study_SamplesSet/3ff8bddb0d558c6504fb5717f227861d.sol"},{"line":106,"column":38,"severity":"Warning","message":"Rule is set with explicit type [var/s: uint]","ruleId":"explicit-types","filePath":"Benchmarks/Study_SamplesSet/3ff8bddb0d558c6504fb5717f227861d.sol"},{"line":111,"column":64,"severity":"Error","message":"\"throw\" is deprecated, avoid to use it","ruleId":"avoid-throw","filePath":"Benchmarks/Study_SamplesSet/3ff8bddb0d558c6504fb5717f227861d.sol"},{"line":113,"column":5,"severity":"Error","message":"Explicitly mark all external contracts as trusted or untrusted","ruleId":"mark-callable-contracts","filePath":"Benchmarks/Study_SamplesSet/3ff8bddb0d558c6504fb5717f227861d.sol"},{"line":115,"column":3,"severity":"Error","message":"Explicitly mark visibility in function","ruleId":"func-visibility","fix":null,"filePath":"Benchmarks/Study_SamplesSet/3ff8bddb0d558c6504fb5717f227861d.sol"},{"line":115,"column":74,"severity":"Warning","message":"Rule is set with explicit type [var/s: uint]","ruleId":"explicit-types","filePath":"Benchmarks/Study_SamplesSet/3ff8bddb0d558c6504fb5717f227861d.sol"},{"line":121,"column":3,"severity":"Warning","message":"Constant name must be in capitalized SNAKE_CASE","ruleId":"const-name-snakecase","fix":null,"filePath":"Benchmarks/Study_SamplesSet/3ff8bddb0d558c6504fb5717f227861d.sol"},{"line":122,"column":3,"severity":"Warning","message":"Constant name must be in capitalized SNAKE_CASE","ruleId":"const-name-snakecase","fix":null,"filePath":"Benchmarks/Study_SamplesSet/3ff8bddb0d558c6504fb5717f227861d.sol"},{"line":123,"column":3,"severity":"Warning","message":"Rule is set with explicit type [var/s: uint]","ruleId":"explicit-types","filePath":"Benchmarks/Study_SamplesSet/3ff8bddb0d558c6504fb5717f227861d.sol"},{"line":123,"column":3,"severity":"Warning","message":"Constant name must be in capitalized SNAKE_CASE","ruleId":"const-name-snakecase","fix":null,"filePath":"Benchmarks/Study_SamplesSet/3ff8bddb0d558c6504fb5717f227861d.sol"},{"line":125,"column":5,"severity":"Error","message":"Explicitly mark visibility of state","ruleId":"state-visibility","fix":null,"filePath":"Benchmarks/Study_SamplesSet/3ff8bddb0d558c6504fb5717f227861d.sol"},{"line":125,"column":5,"severity":"Warning","message":"Rule is set with explicit type [var/s: uint]","ruleId":"explicit-types","filePath":"Benchmarks/Study_SamplesSet/3ff8bddb0d558c6504fb5717f227861d.sol"},{"line":128,"column":3,"severity":"Warning","message":"Function name must be in mixedCase","ruleId":"func-name-mixedcase","fix":null,"filePath":"Benchmarks/Study_SamplesSet/3ff8bddb0d558c6504fb5717f227861d.sol"},{"line":128,"column":3,"severity":"Error","message":"Explicitly mark visibility in function","ruleId":"func-visibility","fix":null,"filePath":"Benchmarks/Study_SamplesSet/3ff8bddb0d558c6504fb5717f227861d.sol"},{"line":136,"column":4,"severity":"Error","message":"Explicitly mark visibility in function (Set ignoreConstructors to true if using solidity >=0.7.0)","ruleId":"func-visibility","fix":null,"filePath":"Benchmarks/Study_SamplesSet/3ff8bddb0d558c6504fb5717f227861d.sol"},{"line":137,"column":3,"severity":"Error","message":"Explicitly mark visibility of state","ruleId":"state-visibility","fix":null,"filePath":"Benchmarks/Study_SamplesSet/3ff8bddb0d558c6504fb5717f227861d.sol"},{"line":137,"column":3,"severity":"Warning","message":"Rule is set with explicit type [var/s: uint]","ruleId":"explicit-types","filePath":"Benchmarks/Study_SamplesSet/3ff8bddb0d558c6504fb5717f227861d.sol"},{"line":139,"column":3,"severity":"Error","message":"Explicitly mark visibility in function","ruleId":"func-visibility","fix":null,"filePath":"Benchmarks/Study_SamplesSet/3ff8bddb0d558c6504fb5717f227861d.sol"},{"line":140,"column":45,"severity":"Error","message":"\"throw\" is deprecated, avoid to use it","ruleId":"avoid-throw","filePath":"Benchmarks/Study_SamplesSet/3ff8bddb0d558c6504fb5717f227861d.sol"},{"line":141,"column":55,"severity":"Error","message":"\"throw\" is deprecated, avoid to use it","ruleId":"avoid-throw","filePath":"Benchmarks/Study_SamplesSet/3ff8bddb0d558c6504fb5717f227861d.sol"},{"line":144,"column":9,"severity":"Error","message":"Explicitly mark all external contracts as trusted or untrusted","ruleId":"mark-callable-contracts","filePath":"Benchmarks/Study_SamplesSet/3ff8bddb0d558c6504fb5717f227861d.sol"},{"line":148,"column":3,"severity":"Error","message":"Explicitly mark visibility in function","ruleId":"func-visibility","fix":null,"filePath":"Benchmarks/Study_SamplesSet/3ff8bddb0d558c6504fb5717f227861d.sol"},{"line":148,"column":53,"severity":"Warning","message":"Rule is set with explicit type [var/s: uint]","ruleId":"explicit-types","filePath":"Benchmarks/Study_SamplesSet/3ff8bddb0d558c6504fb5717f227861d.sol"},{"line":155,"column":5,"severity":"Error","message":"Explicitly mark all external contracts as trusted or untrusted","ruleId":"mark-callable-contracts","filePath":"Benchmarks/Study_SamplesSet/3ff8bddb0d558c6504fb5717f227861d.sol"},{"line":157,"column":3,"severity":"Error","message":"Explicitly mark visibility in function","ruleId":"func-visibility","fix":null,"filePath":"Benchmarks/Study_SamplesSet/3ff8bddb0d558c6504fb5717f227861d.sol"},{"line":157,"column":38,"severity":"Warning","message":"Rule is set with explicit type [var/s: uint]","ruleId":"explicit-types","filePath":"Benchmarks/Study_SamplesSet/3ff8bddb0d558c6504fb5717f227861d.sol"},{"line":159,"column":64,"severity":"Error","message":"\"throw\" is deprecated, avoid to use it","ruleId":"avoid-throw","filePath":"Benchmarks/Study_SamplesSet/3ff8bddb0d558c6504fb5717f227861d.sol"},{"line":161,"column":5,"severity":"Error","message":"Explicitly mark all external contracts as trusted or untrusted","ruleId":"mark-callable-contracts","filePath":"Benchmarks/Study_SamplesSet/3ff8bddb0d558c6504fb5717f227861d.sol"},{"line":163,"column":4,"severity":"Error","message":"Explicitly mark visibility in function","ruleId":"func-visibility","fix":null,"filePath":"Benchmarks/Study_SamplesSet/3ff8bddb0d558c6504fb5717f227861d.sol"},{"line":166,"column":9,"severity":"Error","message":"Explicitly mark all external contracts as trusted or untrusted","ruleId":"mark-callable-contracts","filePath":"Benchmarks/Study_SamplesSet/3ff8bddb0d558c6504fb5717f227861d.sol"},{"line":167,"column":9,"severity":"Error","message":"Explicitly mark all external contracts as trusted or untrusted","ruleId":"mark-callable-contracts","filePath":"Benchmarks/Study_SamplesSet/3ff8bddb0d558c6504fb5717f227861d.sol"},{"line":169,"column":3,"severity":"Error","message":"Explicitly mark visibility in function","ruleId":"func-visibility","fix":null,"filePath":"Benchmarks/Study_SamplesSet/3ff8bddb0d558c6504fb5717f227861d.sol"},{"line":169,"column":74,"severity":"Warning","message":"Rule is set with explicit type [var/s: uint]","ruleId":"explicit-types","filePath":"Benchmarks/Study_SamplesSet/3ff8bddb0d558c6504fb5717f227861d.sol"},{"conclusion":"82 problem/s (39 error/s, 43 warning/s)"}]
