[{"line":1,"column":1,"severity":"Warning","message":"Found more than One contract per file. 4 contracts found!","ruleId":"one-contract-per-file","fix":null,"filePath":"Benchmarks/Study_SamplesSet/3ff8903e6ad64c9037055c561e51a7c3.sol"},{"line":1,"column":1,"severity":"Error","message":"Compiler version ^0.4.8 does not satisfy the ^0.8.0 semver requirement","ruleId":"compiler-version","fix":null,"filePath":"Benchmarks/Study_SamplesSet/3ff8903e6ad64c9037055c561e51a7c3.sol"},{"line":22,"column":1,"severity":"Error","message":"\"throw\" is deprecated, avoid to use it","ruleId":"avoid-throw","filePath":"Benchmarks/Study_SamplesSet/3ff8903e6ad64c9037055c561e51a7c3.sol"},{"line":23,"column":15,"severity":"Warning","message":"Code contains empty blocks","ruleId":"no-empty-blocks","fix":null,"filePath":"Benchmarks/Study_SamplesSet/3ff8903e6ad64c9037055c561e51a7c3.sol"},{"line":86,"column":5,"severity":"Error","message":"Explicitly mark visibility in function","ruleId":"func-visibility","fix":null,"filePath":"Benchmarks/Study_SamplesSet/3ff8903e6ad64c9037055c561e51a7c3.sol"},{"line":87,"column":5,"severity":"Error","message":"Explicitly mark visibility in function","ruleId":"func-visibility","fix":null,"filePath":"Benchmarks/Study_SamplesSet/3ff8903e6ad64c9037055c561e51a7c3.sol"},{"line":88,"column":5,"severity":"Error","message":"Explicitly mark visibility in function","ruleId":"func-visibility","fix":null,"filePath":"Benchmarks/Study_SamplesSet/3ff8903e6ad64c9037055c561e51a7c3.sol"},{"line":89,"column":5,"severity":"Error","message":"Explicitly mark visibility in function","ruleId":"func-visibility","fix":null,"filePath":"Benchmarks/Study_SamplesSet/3ff8903e6ad64c9037055c561e51a7c3.sol"},{"line":90,"column":5,"severity":"Error","message":"Explicitly mark visibility in function","ruleId":"func-visibility","fix":null,"filePath":"Benchmarks/Study_SamplesSet/3ff8903e6ad64c9037055c561e51a7c3.sol"},{"line":104,"column":5,"severity":"Error","message":"Explicitly mark visibility in function","ruleId":"func-visibility","fix":null,"filePath":"Benchmarks/Study_SamplesSet/3ff8903e6ad64c9037055c561e51a7c3.sol"},{"line":117,"column":1,"severity":"Error","message":"Explicitly mark all external contracts as trusted or untrusted","ruleId":"mark-callable-contracts","filePath":"Benchmarks/Study_SamplesSet/3ff8903e6ad64c9037055c561e51a7c3.sol"},{"line":128,"column":5,"severity":"Error","message":"Explicitly mark visibility in function","ruleId":"func-visibility","fix":null,"filePath":"Benchmarks/Study_SamplesSet/3ff8903e6ad64c9037055c561e51a7c3.sol"},{"line":144,"column":1,"severity":"Error","message":"Explicitly mark all external contracts as trusted or untrusted","ruleId":"mark-callable-contracts","filePath":"Benchmarks/Study_SamplesSet/3ff8903e6ad64c9037055c561e51a7c3.sol"},{"line":155,"column":5,"severity":"Error","message":"Explicitly mark visibility in function","ruleId":"func-visibility","fix":null,"filePath":"Benchmarks/Study_SamplesSet/3ff8903e6ad64c9037055c561e51a7c3.sol"},{"line":162,"column":5,"severity":"Error","message":"Explicitly mark visibility in function","ruleId":"func-visibility","fix":null,"filePath":"Benchmarks/Study_SamplesSet/3ff8903e6ad64c9037055c561e51a7c3.sol"},{"line":169,"column":1,"severity":"Error","message":"Explicitly mark all external contracts as trusted or untrusted","ruleId":"mark-callable-contracts","filePath":"Benchmarks/Study_SamplesSet/3ff8903e6ad64c9037055c561e51a7c3.sol"},{"line":175,"column":5,"severity":"Error","message":"Explicitly mark visibility in function","ruleId":"func-visibility","fix":null,"filePath":"Benchmarks/Study_SamplesSet/3ff8903e6ad64c9037055c561e51a7c3.sol"},{"line":182,"column":5,"severity":"Error","message":"Explicitly mark visibility of state","ruleId":"state-visibility","fix":null,"filePath":"Benchmarks/Study_SamplesSet/3ff8903e6ad64c9037055c561e51a7c3.sol"},{"line":183,"column":5,"severity":"Error","message":"Explicitly mark visibility of state","ruleId":"state-visibility","fix":null,"filePath":"Benchmarks/Study_SamplesSet/3ff8903e6ad64c9037055c561e51a7c3.sol"},{"line":198,"column":5,"severity":"Warning","message":"Constant name must be in capitalized SNAKE_CASE","ruleId":"const-name-snakecase","fix":null,"filePath":"Benchmarks/Study_SamplesSet/3ff8903e6ad64c9037055c561e51a7c3.sol"},{"line":199,"column":5,"severity":"Warning","message":"Constant name must be in capitalized SNAKE_CASE","ruleId":"const-name-snakecase","fix":null,"filePath":"Benchmarks/Study_SamplesSet/3ff8903e6ad64c9037055c561e51a7c3.sol"},{"line":200,"column":5,"severity":"Warning","message":"Constant name must be in capitalized SNAKE_CASE","ruleId":"const-name-snakecase","fix":null,"filePath":"Benchmarks/Study_SamplesSet/3ff8903e6ad64c9037055c561e51a7c3.sol"},{"line":210,"column":5,"severity":"Error","message":"Explicitly mark visibility in function (Set ignoreConstructors to true if using solidity >=0.7.0)","ruleId":"func-visibility","fix":null,"filePath":"Benchmarks/Study_SamplesSet/3ff8903e6ad64c9037055c561e51a7c3.sol"},{"line":217,"column":35,"severity":"Error","message":"Explicitly mark all external contracts as trusted or untrusted","ruleId":"mark-callable-contracts","filePath":"Benchmarks/Study_SamplesSet/3ff8903e6ad64c9037055c561e51a7c3.sol"},{"line":220,"column":1,"severity":"Error","message":"Explicitly mark all external contracts as trusted or untrusted","ruleId":"mark-callable-contracts","filePath":"Benchmarks/Study_SamplesSet/3ff8903e6ad64c9037055c561e51a7c3.sol"},{"line":220,"column":38,"severity":"Error","message":"Explicitly mark all external contracts as trusted or untrusted","ruleId":"mark-callable-contracts","filePath":"Benchmarks/Study_SamplesSet/3ff8903e6ad64c9037055c561e51a7c3.sol"},{"line":223,"column":25,"severity":"Warning","message":"Visibility modifier must be first in list of modifiers","ruleId":"visibility-modifier-order","fix":null,"filePath":"Benchmarks/Study_SamplesSet/3ff8903e6ad64c9037055c561e51a7c3.sol"},{"line":228,"column":1,"severity":"Warning","message":"Provide an error message for require","ruleId":"reason-string","fix":null,"filePath":"Benchmarks/Study_SamplesSet/3ff8903e6ad64c9037055c561e51a7c3.sol"},{"line":228,"column":1,"severity":"Warning","message":"Use Custom Errors instead of require statements","ruleId":"custom-errors","fix":null,"filePath":"Benchmarks/Study_SamplesSet/3ff8903e6ad64c9037055c561e51a7c3.sol"},{"conclusion":"29 problem/s (21 error/s, 8 warning/s)"}]
