[{"line":1,"column":1,"severity":"Warning","message":"Found more than One contract per file. 6 contracts found!","ruleId":"one-contract-per-file","fix":null,"filePath":"Benchmarks/Study_SamplesSet/40434c4be919ee95b9e4352bde2a5a42.sol"},{"line":1,"column":1,"severity":"Error","message":"Compiler version ^0.4.11 does not satisfy the ^0.8.0 semver requirement","ruleId":"compiler-version","fix":null,"filePath":"Benchmarks/Study_SamplesSet/40434c4be919ee95b9e4352bde2a5a42.sol"},{"line":17,"column":3,"severity":"Error","message":"Explicitly mark visibility in function (Set ignoreConstructors to true if using solidity >=0.7.0)","ruleId":"func-visibility","fix":null,"filePath":"Benchmarks/Study_SamplesSet/40434c4be919ee95b9e4352bde2a5a42.sol"},{"line":26,"column":5,"severity":"Warning","message":"Provide an error message for require","ruleId":"reason-string","fix":null,"filePath":"Benchmarks/Study_SamplesSet/40434c4be919ee95b9e4352bde2a5a42.sol"},{"line":26,"column":5,"severity":"Warning","message":"Use Custom Errors instead of require statements","ruleId":"custom-errors","fix":null,"filePath":"Benchmarks/Study_SamplesSet/40434c4be919ee95b9e4352bde2a5a42.sol"},{"line":35,"column":3,"severity":"Error","message":"Explicitly mark visibility in function","ruleId":"func-visibility","fix":null,"filePath":"Benchmarks/Study_SamplesSet/40434c4be919ee95b9e4352bde2a5a42.sol"},{"line":106,"column":5,"severity":"Error","message":"Explicitly mark visibility of state","ruleId":"state-visibility","fix":null,"filePath":"Benchmarks/Study_SamplesSet/40434c4be919ee95b9e4352bde2a5a42.sol"},{"line":144,"column":9,"severity":"Warning","message":"Provide an error message for require","ruleId":"reason-string","fix":null,"filePath":"Benchmarks/Study_SamplesSet/40434c4be919ee95b9e4352bde2a5a42.sol"},{"line":144,"column":9,"severity":"Warning","message":"Use Custom Errors instead of require statements","ruleId":"custom-errors","fix":null,"filePath":"Benchmarks/Study_SamplesSet/40434c4be919ee95b9e4352bde2a5a42.sol"},{"line":148,"column":9,"severity":"Error","message":"Explicitly mark all external contracts as trusted or untrusted","ruleId":"mark-callable-contracts","filePath":"Benchmarks/Study_SamplesSet/40434c4be919ee95b9e4352bde2a5a42.sol"},{"line":160,"column":9,"severity":"Error","message":"Explicitly mark all external contracts as trusted or untrusted","ruleId":"mark-callable-contracts","filePath":"Benchmarks/Study_SamplesSet/40434c4be919ee95b9e4352bde2a5a42.sol"},{"line":176,"column":9,"severity":"Warning","message":"Provide an error message for require","ruleId":"reason-string","fix":null,"filePath":"Benchmarks/Study_SamplesSet/40434c4be919ee95b9e4352bde2a5a42.sol"},{"line":176,"column":9,"severity":"Warning","message":"Use Custom Errors instead of require statements","ruleId":"custom-errors","fix":null,"filePath":"Benchmarks/Study_SamplesSet/40434c4be919ee95b9e4352bde2a5a42.sol"},{"line":180,"column":9,"severity":"Warning","message":"Provide an error message for require","ruleId":"reason-string","fix":null,"filePath":"Benchmarks/Study_SamplesSet/40434c4be919ee95b9e4352bde2a5a42.sol"},{"line":180,"column":9,"severity":"Warning","message":"Use Custom Errors instead of require statements","ruleId":"custom-errors","fix":null,"filePath":"Benchmarks/Study_SamplesSet/40434c4be919ee95b9e4352bde2a5a42.sol"},{"line":221,"column":9,"severity":"Error","message":"Explicitly mark all external contracts as trusted or untrusted","ruleId":"mark-callable-contracts","filePath":"Benchmarks/Study_SamplesSet/40434c4be919ee95b9e4352bde2a5a42.sol"},{"line":252,"column":13,"severity":"Error","message":"Avoid making time-based decisions in your business logic","ruleId":"not-rely-on-time","fix":null,"filePath":"Benchmarks/Study_SamplesSet/40434c4be919ee95b9e4352bde2a5a42.sol"},{"line":253,"column":29,"severity":"Error","message":"Avoid making time-based decisions in your business logic","ruleId":"not-rely-on-time","fix":null,"filePath":"Benchmarks/Study_SamplesSet/40434c4be919ee95b9e4352bde2a5a42.sol"},{"line":339,"column":5,"severity":"Warning","message":"Provide an error message for require","ruleId":"reason-string","fix":null,"filePath":"Benchmarks/Study_SamplesSet/40434c4be919ee95b9e4352bde2a5a42.sol"},{"line":339,"column":5,"severity":"Warning","message":"Use Custom Errors instead of require statements","ruleId":"custom-errors","fix":null,"filePath":"Benchmarks/Study_SamplesSet/40434c4be919ee95b9e4352bde2a5a42.sol"},{"line":347,"column":5,"severity":"Warning","message":"Provide an error message for require","ruleId":"reason-string","fix":null,"filePath":"Benchmarks/Study_SamplesSet/40434c4be919ee95b9e4352bde2a5a42.sol"},{"line":347,"column":5,"severity":"Warning","message":"Use Custom Errors instead of require statements","ruleId":"custom-errors","fix":null,"filePath":"Benchmarks/Study_SamplesSet/40434c4be919ee95b9e4352bde2a5a42.sol"},{"line":354,"column":3,"severity":"Error","message":"Explicitly mark visibility in function","ruleId":"func-visibility","fix":null,"filePath":"Benchmarks/Study_SamplesSet/40434c4be919ee95b9e4352bde2a5a42.sol"},{"line":356,"column":5,"severity":"Error","message":"Explicitly mark all external contracts as trusted or untrusted","ruleId":"mark-callable-contracts","filePath":"Benchmarks/Study_SamplesSet/40434c4be919ee95b9e4352bde2a5a42.sol"},{"line":363,"column":3,"severity":"Error","message":"Explicitly mark visibility in function","ruleId":"func-visibility","fix":null,"filePath":"Benchmarks/Study_SamplesSet/40434c4be919ee95b9e4352bde2a5a42.sol"},{"line":365,"column":5,"severity":"Error","message":"Explicitly mark all external contracts as trusted or untrusted","ruleId":"mark-callable-contracts","filePath":"Benchmarks/Study_SamplesSet/40434c4be919ee95b9e4352bde2a5a42.sol"},{"line":378,"column":5,"severity":"Error","message":"Explicitly mark visibility of state","ruleId":"state-visibility","fix":null,"filePath":"Benchmarks/Study_SamplesSet/40434c4be919ee95b9e4352bde2a5a42.sol"},{"line":378,"column":5,"severity":"Warning","message":"Constant name must be in capitalized SNAKE_CASE","ruleId":"const-name-snakecase","fix":null,"filePath":"Benchmarks/Study_SamplesSet/40434c4be919ee95b9e4352bde2a5a42.sol"},{"line":387,"column":9,"severity":"Warning","message":"Provide an error message for require","ruleId":"reason-string","fix":null,"filePath":"Benchmarks/Study_SamplesSet/40434c4be919ee95b9e4352bde2a5a42.sol"},{"line":387,"column":9,"severity":"Warning","message":"Use Custom Errors instead of require statements","ruleId":"custom-errors","fix":null,"filePath":"Benchmarks/Study_SamplesSet/40434c4be919ee95b9e4352bde2a5a42.sol"},{"line":391,"column":9,"severity":"Warning","message":"Provide an error message for require","ruleId":"reason-string","fix":null,"filePath":"Benchmarks/Study_SamplesSet/40434c4be919ee95b9e4352bde2a5a42.sol"},{"line":391,"column":9,"severity":"Warning","message":"Use Custom Errors instead of require statements","ruleId":"custom-errors","fix":null,"filePath":"Benchmarks/Study_SamplesSet/40434c4be919ee95b9e4352bde2a5a42.sol"},{"line":391,"column":53,"severity":"Error","message":"Explicitly mark all external contracts as trusted or untrusted","ruleId":"mark-callable-contracts","filePath":"Benchmarks/Study_SamplesSet/40434c4be919ee95b9e4352bde2a5a42.sol"},{"line":402,"column":9,"severity":"Warning","message":"Provide an error message for require","ruleId":"reason-string","fix":null,"filePath":"Benchmarks/Study_SamplesSet/40434c4be919ee95b9e4352bde2a5a42.sol"},{"line":402,"column":9,"severity":"Warning","message":"Use Custom Errors instead of require statements","ruleId":"custom-errors","fix":null,"filePath":"Benchmarks/Study_SamplesSet/40434c4be919ee95b9e4352bde2a5a42.sol"},{"line":407,"column":20,"severity":"Error","message":"Check result of \"send\" call","ruleId":"check-send-result","fix":null,"filePath":"Benchmarks/Study_SamplesSet/40434c4be919ee95b9e4352bde2a5a42.sol"},{"line":407,"column":9,"severity":"Warning","message":"Variable \"res\" is unused","ruleId":"no-unused-vars","fix":null,"filePath":"Benchmarks/Study_SamplesSet/40434c4be919ee95b9e4352bde2a5a42.sol"},{"line":429,"column":9,"severity":"Warning","message":"Provide an error message for require","ruleId":"reason-string","fix":null,"filePath":"Benchmarks/Study_SamplesSet/40434c4be919ee95b9e4352bde2a5a42.sol"},{"line":429,"column":9,"severity":"Warning","message":"Use Custom Errors instead of require statements","ruleId":"custom-errors","fix":null,"filePath":"Benchmarks/Study_SamplesSet/40434c4be919ee95b9e4352bde2a5a42.sol"},{"line":430,"column":9,"severity":"Warning","message":"Provide an error message for require","ruleId":"reason-string","fix":null,"filePath":"Benchmarks/Study_SamplesSet/40434c4be919ee95b9e4352bde2a5a42.sol"},{"line":430,"column":9,"severity":"Warning","message":"Use Custom Errors instead of require statements","ruleId":"custom-errors","fix":null,"filePath":"Benchmarks/Study_SamplesSet/40434c4be919ee95b9e4352bde2a5a42.sol"},{"line":431,"column":9,"severity":"Warning","message":"Provide an error message for require","ruleId":"reason-string","fix":null,"filePath":"Benchmarks/Study_SamplesSet/40434c4be919ee95b9e4352bde2a5a42.sol"},{"line":431,"column":9,"severity":"Warning","message":"Use Custom Errors instead of require statements","ruleId":"custom-errors","fix":null,"filePath":"Benchmarks/Study_SamplesSet/40434c4be919ee95b9e4352bde2a5a42.sol"},{"line":433,"column":9,"severity":"Warning","message":"Provide an error message for require","ruleId":"reason-string","fix":null,"filePath":"Benchmarks/Study_SamplesSet/40434c4be919ee95b9e4352bde2a5a42.sol"},{"line":433,"column":9,"severity":"Warning","message":"Use Custom Errors instead of require statements","ruleId":"custom-errors","fix":null,"filePath":"Benchmarks/Study_SamplesSet/40434c4be919ee95b9e4352bde2a5a42.sol"},{"line":440,"column":20,"severity":"Error","message":"Avoid making time-based decisions in your business logic","ruleId":"not-rely-on-time","fix":null,"filePath":"Benchmarks/Study_SamplesSet/40434c4be919ee95b9e4352bde2a5a42.sol"},{"line":467,"column":9,"severity":"Warning","message":"Provide an error message for require","ruleId":"reason-string","fix":null,"filePath":"Benchmarks/Study_SamplesSet/40434c4be919ee95b9e4352bde2a5a42.sol"},{"line":467,"column":9,"severity":"Warning","message":"Use Custom Errors instead of require statements","ruleId":"custom-errors","fix":null,"filePath":"Benchmarks/Study_SamplesSet/40434c4be919ee95b9e4352bde2a5a42.sol"},{"line":469,"column":9,"severity":"Warning","message":"Provide an error message for require","ruleId":"reason-string","fix":null,"filePath":"Benchmarks/Study_SamplesSet/40434c4be919ee95b9e4352bde2a5a42.sol"},{"line":469,"column":9,"severity":"Warning","message":"Use Custom Errors instead of require statements","ruleId":"custom-errors","fix":null,"filePath":"Benchmarks/Study_SamplesSet/40434c4be919ee95b9e4352bde2a5a42.sol"},{"line":480,"column":9,"severity":"Warning","message":"Visibility modifier must be first in list of modifiers","ruleId":"visibility-modifier-order","fix":null,"filePath":"Benchmarks/Study_SamplesSet/40434c4be919ee95b9e4352bde2a5a42.sol"},{"line":483,"column":9,"severity":"Warning","message":"Provide an error message for require","ruleId":"reason-string","fix":null,"filePath":"Benchmarks/Study_SamplesSet/40434c4be919ee95b9e4352bde2a5a42.sol"},{"line":483,"column":9,"severity":"Warning","message":"Use Custom Errors instead of require statements","ruleId":"custom-errors","fix":null,"filePath":"Benchmarks/Study_SamplesSet/40434c4be919ee95b9e4352bde2a5a42.sol"},{"line":501,"column":9,"severity":"Warning","message":"Provide an error message for require","ruleId":"reason-string","fix":null,"filePath":"Benchmarks/Study_SamplesSet/40434c4be919ee95b9e4352bde2a5a42.sol"},{"line":501,"column":9,"severity":"Warning","message":"Use Custom Errors instead of require statements","ruleId":"custom-errors","fix":null,"filePath":"Benchmarks/Study_SamplesSet/40434c4be919ee95b9e4352bde2a5a42.sol"},{"line":519,"column":9,"severity":"Warning","message":"Provide an error message for require","ruleId":"reason-string","fix":null,"filePath":"Benchmarks/Study_SamplesSet/40434c4be919ee95b9e4352bde2a5a42.sol"},{"line":519,"column":9,"severity":"Warning","message":"Use Custom Errors instead of require statements","ruleId":"custom-errors","fix":null,"filePath":"Benchmarks/Study_SamplesSet/40434c4be919ee95b9e4352bde2a5a42.sol"},{"line":559,"column":9,"severity":"Warning","message":"Provide an error message for require","ruleId":"reason-string","fix":null,"filePath":"Benchmarks/Study_SamplesSet/40434c4be919ee95b9e4352bde2a5a42.sol"},{"line":559,"column":9,"severity":"Warning","message":"Use Custom Errors instead of require statements","ruleId":"custom-errors","fix":null,"filePath":"Benchmarks/Study_SamplesSet/40434c4be919ee95b9e4352bde2a5a42.sol"},{"line":560,"column":9,"severity":"Warning","message":"Provide an error message for require","ruleId":"reason-string","fix":null,"filePath":"Benchmarks/Study_SamplesSet/40434c4be919ee95b9e4352bde2a5a42.sol"},{"line":560,"column":9,"severity":"Warning","message":"Use Custom Errors instead of require statements","ruleId":"custom-errors","fix":null,"filePath":"Benchmarks/Study_SamplesSet/40434c4be919ee95b9e4352bde2a5a42.sol"},{"line":561,"column":9,"severity":"Warning","message":"Provide an error message for require","ruleId":"reason-string","fix":null,"filePath":"Benchmarks/Study_SamplesSet/40434c4be919ee95b9e4352bde2a5a42.sol"},{"line":561,"column":9,"severity":"Warning","message":"Use Custom Errors instead of require statements","ruleId":"custom-errors","fix":null,"filePath":"Benchmarks/Study_SamplesSet/40434c4be919ee95b9e4352bde2a5a42.sol"},{"line":563,"column":9,"severity":"Warning","message":"Provide an error message for require","ruleId":"reason-string","fix":null,"filePath":"Benchmarks/Study_SamplesSet/40434c4be919ee95b9e4352bde2a5a42.sol"},{"line":563,"column":9,"severity":"Warning","message":"Use Custom Errors instead of require statements","ruleId":"custom-errors","fix":null,"filePath":"Benchmarks/Study_SamplesSet/40434c4be919ee95b9e4352bde2a5a42.sol"},{"line":570,"column":20,"severity":"Error","message":"Avoid making time-based decisions in your business logic","ruleId":"not-rely-on-time","fix":null,"filePath":"Benchmarks/Study_SamplesSet/40434c4be919ee95b9e4352bde2a5a42.sol"},{"conclusion":"66 problem/s (18 error/s, 48 warning/s)"}]
