[{"line":5,"column":1,"severity":"Warning","message":"Found more than One contract per file. 4 contracts found!","ruleId":"one-contract-per-file","fix":null,"filePath":"Benchmarks/Study_SamplesSet/420f1e83aba46adbdbb54457e2063152.sol"},{"line":5,"column":1,"severity":"Error","message":"Compiler version ^0.5.0 does not satisfy the ^0.8.0 semver requirement","ruleId":"compiler-version","fix":null,"filePath":"Benchmarks/Study_SamplesSet/420f1e83aba46adbdbb54457e2063152.sol"},{"line":32,"column":9,"severity":"Warning","message":"Use Custom Errors instead of require statements","ruleId":"custom-errors","fix":null,"filePath":"Benchmarks/Study_SamplesSet/420f1e83aba46adbdbb54457e2063152.sol"},{"line":47,"column":9,"severity":"Warning","message":"Use Custom Errors instead of require statements","ruleId":"custom-errors","fix":null,"filePath":"Benchmarks/Study_SamplesSet/420f1e83aba46adbdbb54457e2063152.sol"},{"line":71,"column":9,"severity":"Warning","message":"Error message for require is too long: 33 counted / 32 allowed","ruleId":"reason-string","fix":null,"filePath":"Benchmarks/Study_SamplesSet/420f1e83aba46adbdbb54457e2063152.sol"},{"line":71,"column":9,"severity":"Warning","message":"Use Custom Errors instead of require statements","ruleId":"custom-errors","fix":null,"filePath":"Benchmarks/Study_SamplesSet/420f1e83aba46adbdbb54457e2063152.sol"},{"line":89,"column":9,"severity":"Warning","message":"Use Custom Errors instead of require statements","ruleId":"custom-errors","fix":null,"filePath":"Benchmarks/Study_SamplesSet/420f1e83aba46adbdbb54457e2063152.sol"},{"line":108,"column":9,"severity":"Warning","message":"Use Custom Errors instead of require statements","ruleId":"custom-errors","fix":null,"filePath":"Benchmarks/Study_SamplesSet/420f1e83aba46adbdbb54457e2063152.sol"},{"line":216,"column":3,"severity":"Warning","message":"Rule is set with explicit type [var/s: uint]","ruleId":"explicit-types","filePath":"Benchmarks/Study_SamplesSet/420f1e83aba46adbdbb54457e2063152.sol"},{"line":216,"column":3,"severity":"Warning","message":"Variable name must be in mixedCase","ruleId":"var-name-mixedcase","fix":null,"filePath":"Benchmarks/Study_SamplesSet/420f1e83aba46adbdbb54457e2063152.sol"},{"line":218,"column":1,"severity":"Warning","message":"Function name must be in mixedCase","ruleId":"func-name-mixedcase","fix":null,"filePath":"Benchmarks/Study_SamplesSet/420f1e83aba46adbdbb54457e2063152.sol"},{"line":218,"column":35,"severity":"Warning","message":"Rule is set with explicit type [var/s: uint]","ruleId":"explicit-types","filePath":"Benchmarks/Study_SamplesSet/420f1e83aba46adbdbb54457e2063152.sol"},{"line":221,"column":1,"severity":"Warning","message":"Function name must be in mixedCase","ruleId":"func-name-mixedcase","fix":null,"filePath":"Benchmarks/Study_SamplesSet/420f1e83aba46adbdbb54457e2063152.sol"},{"line":222,"column":9,"severity":"Warning","message":"Provide an error message for require","ruleId":"reason-string","fix":null,"filePath":"Benchmarks/Study_SamplesSet/420f1e83aba46adbdbb54457e2063152.sol"},{"line":222,"column":9,"severity":"Warning","message":"Use Custom Errors instead of require statements","ruleId":"custom-errors","fix":null,"filePath":"Benchmarks/Study_SamplesSet/420f1e83aba46adbdbb54457e2063152.sol"},{"line":222,"column":17,"severity":"Error","message":"Avoid making time-based decisions in your business logic","ruleId":"not-rely-on-time","fix":null,"filePath":"Benchmarks/Study_SamplesSet/420f1e83aba46adbdbb54457e2063152.sol"},{"line":223,"column":9,"severity":"Warning","message":"Rule is set with explicit type [var/s: uint]","ruleId":"explicit-types","filePath":"Benchmarks/Study_SamplesSet/420f1e83aba46adbdbb54457e2063152.sol"},{"line":223,"column":9,"severity":"Warning","message":"Variable name must be in mixedCase","ruleId":"var-name-mixedcase","fix":null,"filePath":"Benchmarks/Study_SamplesSet/420f1e83aba46adbdbb54457e2063152.sol"},{"line":228,"column":3,"severity":"Warning","message":"Rule is set with explicit type [var/s: uint]","ruleId":"explicit-types","filePath":"Benchmarks/Study_SamplesSet/420f1e83aba46adbdbb54457e2063152.sol"},{"line":228,"column":3,"severity":"Warning","message":"Variable name must be in mixedCase","ruleId":"var-name-mixedcase","fix":null,"filePath":"Benchmarks/Study_SamplesSet/420f1e83aba46adbdbb54457e2063152.sol"},{"line":230,"column":1,"severity":"Warning","message":"Function name must be in mixedCase","ruleId":"func-name-mixedcase","fix":null,"filePath":"Benchmarks/Study_SamplesSet/420f1e83aba46adbdbb54457e2063152.sol"},{"line":230,"column":35,"severity":"Warning","message":"Rule is set with explicit type [var/s: uint]","ruleId":"explicit-types","filePath":"Benchmarks/Study_SamplesSet/420f1e83aba46adbdbb54457e2063152.sol"},{"line":233,"column":1,"severity":"Warning","message":"Function name must be in mixedCase","ruleId":"func-name-mixedcase","fix":null,"filePath":"Benchmarks/Study_SamplesSet/420f1e83aba46adbdbb54457e2063152.sol"},{"line":234,"column":9,"severity":"Warning","message":"Provide an error message for require","ruleId":"reason-string","fix":null,"filePath":"Benchmarks/Study_SamplesSet/420f1e83aba46adbdbb54457e2063152.sol"},{"line":234,"column":9,"severity":"Warning","message":"Use Custom Errors instead of require statements","ruleId":"custom-errors","fix":null,"filePath":"Benchmarks/Study_SamplesSet/420f1e83aba46adbdbb54457e2063152.sol"},{"line":234,"column":17,"severity":"Error","message":"Avoid making time-based decisions in your business logic","ruleId":"not-rely-on-time","fix":null,"filePath":"Benchmarks/Study_SamplesSet/420f1e83aba46adbdbb54457e2063152.sol"},{"line":235,"column":9,"severity":"Warning","message":"Rule is set with explicit type [var/s: uint]","ruleId":"explicit-types","filePath":"Benchmarks/Study_SamplesSet/420f1e83aba46adbdbb54457e2063152.sol"},{"line":235,"column":9,"severity":"Warning","message":"Variable name must be in mixedCase","ruleId":"var-name-mixedcase","fix":null,"filePath":"Benchmarks/Study_SamplesSet/420f1e83aba46adbdbb54457e2063152.sol"},{"line":240,"column":3,"severity":"Warning","message":"Function name must be in mixedCase","ruleId":"func-name-mixedcase","fix":null,"filePath":"Benchmarks/Study_SamplesSet/420f1e83aba46adbdbb54457e2063152.sol"},{"line":252,"column":1,"severity":"Error","message":"Explicitly mark visibility of state","ruleId":"state-visibility","fix":null,"filePath":"Benchmarks/Study_SamplesSet/420f1e83aba46adbdbb54457e2063152.sol"},{"line":252,"column":1,"severity":"Warning","message":"Rule is set with explicit type [var/s: uint]","ruleId":"explicit-types","filePath":"Benchmarks/Study_SamplesSet/420f1e83aba46adbdbb54457e2063152.sol"},{"line":252,"column":1,"severity":"Warning","message":"Variable name must be in mixedCase","ruleId":"var-name-mixedcase","fix":null,"filePath":"Benchmarks/Study_SamplesSet/420f1e83aba46adbdbb54457e2063152.sol"},{"line":254,"column":1,"severity":"Warning","message":"Function name must be in mixedCase","ruleId":"func-name-mixedcase","fix":null,"filePath":"Benchmarks/Study_SamplesSet/420f1e83aba46adbdbb54457e2063152.sol"},{"line":254,"column":40,"severity":"Warning","message":"Rule is set with explicit type [var/s: uint]","ruleId":"explicit-types","filePath":"Benchmarks/Study_SamplesSet/420f1e83aba46adbdbb54457e2063152.sol"},{"line":255,"column":5,"severity":"Warning","message":"Provide an error message for require","ruleId":"reason-string","fix":null,"filePath":"Benchmarks/Study_SamplesSet/420f1e83aba46adbdbb54457e2063152.sol"},{"line":255,"column":5,"severity":"Warning","message":"Use Custom Errors instead of require statements","ruleId":"custom-errors","fix":null,"filePath":"Benchmarks/Study_SamplesSet/420f1e83aba46adbdbb54457e2063152.sol"},{"line":267,"column":1,"severity":"Warning","message":"Function name must be in mixedCase","ruleId":"func-name-mixedcase","fix":null,"filePath":"Benchmarks/Study_SamplesSet/420f1e83aba46adbdbb54457e2063152.sol"},{"line":267,"column":22,"severity":"Warning","message":"Variable name must be in mixedCase","ruleId":"var-name-mixedcase","fix":null,"filePath":"Benchmarks/Study_SamplesSet/420f1e83aba46adbdbb54457e2063152.sol"},{"line":284,"column":1,"severity":"Warning","message":"Function name must be in mixedCase","ruleId":"func-name-mixedcase","fix":null,"filePath":"Benchmarks/Study_SamplesSet/420f1e83aba46adbdbb54457e2063152.sol"},{"line":284,"column":22,"severity":"Warning","message":"Variable name must be in mixedCase","ruleId":"var-name-mixedcase","fix":null,"filePath":"Benchmarks/Study_SamplesSet/420f1e83aba46adbdbb54457e2063152.sol"},{"line":295,"column":1,"severity":"Error","message":"Explicitly mark visibility of state","ruleId":"state-visibility","fix":null,"filePath":"Benchmarks/Study_SamplesSet/420f1e83aba46adbdbb54457e2063152.sol"},{"line":295,"column":1,"severity":"Warning","message":"Rule is set with explicit type [var/s: uint]","ruleId":"explicit-types","filePath":"Benchmarks/Study_SamplesSet/420f1e83aba46adbdbb54457e2063152.sol"},{"line":295,"column":1,"severity":"Warning","message":"Variable name must be in mixedCase","ruleId":"var-name-mixedcase","fix":null,"filePath":"Benchmarks/Study_SamplesSet/420f1e83aba46adbdbb54457e2063152.sol"},{"line":297,"column":1,"severity":"Warning","message":"Function name must be in mixedCase","ruleId":"func-name-mixedcase","fix":null,"filePath":"Benchmarks/Study_SamplesSet/420f1e83aba46adbdbb54457e2063152.sol"},{"line":297,"column":40,"severity":"Warning","message":"Rule is set with explicit type [var/s: uint]","ruleId":"explicit-types","filePath":"Benchmarks/Study_SamplesSet/420f1e83aba46adbdbb54457e2063152.sol"},{"line":298,"column":5,"severity":"Warning","message":"Provide an error message for require","ruleId":"reason-string","fix":null,"filePath":"Benchmarks/Study_SamplesSet/420f1e83aba46adbdbb54457e2063152.sol"},{"line":298,"column":5,"severity":"Warning","message":"Use Custom Errors instead of require statements","ruleId":"custom-errors","fix":null,"filePath":"Benchmarks/Study_SamplesSet/420f1e83aba46adbdbb54457e2063152.sol"},{"line":315,"column":1,"severity":"Warning","message":"Function name must be in mixedCase","ruleId":"func-name-mixedcase","fix":null,"filePath":"Benchmarks/Study_SamplesSet/420f1e83aba46adbdbb54457e2063152.sol"},{"line":315,"column":21,"severity":"Warning","message":"Variable name must be in mixedCase","ruleId":"var-name-mixedcase","fix":null,"filePath":"Benchmarks/Study_SamplesSet/420f1e83aba46adbdbb54457e2063152.sol"},{"line":337,"column":1,"severity":"Warning","message":"Function name must be in mixedCase","ruleId":"func-name-mixedcase","fix":null,"filePath":"Benchmarks/Study_SamplesSet/420f1e83aba46adbdbb54457e2063152.sol"},{"line":358,"column":1,"severity":"Warning","message":"Function name must be in mixedCase","ruleId":"func-name-mixedcase","fix":null,"filePath":"Benchmarks/Study_SamplesSet/420f1e83aba46adbdbb54457e2063152.sol"},{"line":381,"column":1,"severity":"Error","message":"Explicitly mark visibility of state","ruleId":"state-visibility","fix":null,"filePath":"Benchmarks/Study_SamplesSet/420f1e83aba46adbdbb54457e2063152.sol"},{"line":381,"column":1,"severity":"Warning","message":"Rule is set with explicit type [var/s: uint]","ruleId":"explicit-types","filePath":"Benchmarks/Study_SamplesSet/420f1e83aba46adbdbb54457e2063152.sol"},{"line":381,"column":1,"severity":"Warning","message":"Variable name must be in mixedCase","ruleId":"var-name-mixedcase","fix":null,"filePath":"Benchmarks/Study_SamplesSet/420f1e83aba46adbdbb54457e2063152.sol"},{"line":383,"column":1,"severity":"Warning","message":"Function name must be in mixedCase","ruleId":"func-name-mixedcase","fix":null,"filePath":"Benchmarks/Study_SamplesSet/420f1e83aba46adbdbb54457e2063152.sol"},{"line":383,"column":40,"severity":"Warning","message":"Rule is set with explicit type [var/s: uint]","ruleId":"explicit-types","filePath":"Benchmarks/Study_SamplesSet/420f1e83aba46adbdbb54457e2063152.sol"},{"line":384,"column":5,"severity":"Warning","message":"Provide an error message for require","ruleId":"reason-string","fix":null,"filePath":"Benchmarks/Study_SamplesSet/420f1e83aba46adbdbb54457e2063152.sol"},{"line":384,"column":5,"severity":"Warning","message":"Use Custom Errors instead of require statements","ruleId":"custom-errors","fix":null,"filePath":"Benchmarks/Study_SamplesSet/420f1e83aba46adbdbb54457e2063152.sol"},{"line":405,"column":9,"severity":"Warning","message":"Error message for require is too long: 37 counted / 32 allowed","ruleId":"reason-string","fix":null,"filePath":"Benchmarks/Study_SamplesSet/420f1e83aba46adbdbb54457e2063152.sol"},{"line":405,"column":9,"severity":"Warning","message":"Use Custom Errors instead of require statements","ruleId":"custom-errors","fix":null,"filePath":"Benchmarks/Study_SamplesSet/420f1e83aba46adbdbb54457e2063152.sol"},{"line":406,"column":9,"severity":"Warning","message":"Error message for require is too long: 35 counted / 32 allowed","ruleId":"reason-string","fix":null,"filePath":"Benchmarks/Study_SamplesSet/420f1e83aba46adbdbb54457e2063152.sol"},{"line":406,"column":9,"severity":"Warning","message":"Use Custom Errors instead of require statements","ruleId":"custom-errors","fix":null,"filePath":"Benchmarks/Study_SamplesSet/420f1e83aba46adbdbb54457e2063152.sol"},{"line":412,"column":1,"severity":"Error","message":"Explicitly mark visibility of state","ruleId":"state-visibility","fix":null,"filePath":"Benchmarks/Study_SamplesSet/420f1e83aba46adbdbb54457e2063152.sol"},{"line":412,"column":1,"severity":"Warning","message":"Rule is set with explicit type [var/s: uint]","ruleId":"explicit-types","filePath":"Benchmarks/Study_SamplesSet/420f1e83aba46adbdbb54457e2063152.sol"},{"line":412,"column":1,"severity":"Warning","message":"Variable name must be in mixedCase","ruleId":"var-name-mixedcase","fix":null,"filePath":"Benchmarks/Study_SamplesSet/420f1e83aba46adbdbb54457e2063152.sol"},{"line":414,"column":1,"severity":"Warning","message":"Function name must be in mixedCase","ruleId":"func-name-mixedcase","fix":null,"filePath":"Benchmarks/Study_SamplesSet/420f1e83aba46adbdbb54457e2063152.sol"},{"line":414,"column":40,"severity":"Warning","message":"Rule is set with explicit type [var/s: uint]","ruleId":"explicit-types","filePath":"Benchmarks/Study_SamplesSet/420f1e83aba46adbdbb54457e2063152.sol"},{"line":415,"column":5,"severity":"Warning","message":"Provide an error message for require","ruleId":"reason-string","fix":null,"filePath":"Benchmarks/Study_SamplesSet/420f1e83aba46adbdbb54457e2063152.sol"},{"line":415,"column":5,"severity":"Warning","message":"Use Custom Errors instead of require statements","ruleId":"custom-errors","fix":null,"filePath":"Benchmarks/Study_SamplesSet/420f1e83aba46adbdbb54457e2063152.sol"},{"line":431,"column":9,"severity":"Warning","message":"Use Custom Errors instead of require statements","ruleId":"custom-errors","fix":null,"filePath":"Benchmarks/Study_SamplesSet/420f1e83aba46adbdbb54457e2063152.sol"},{"line":437,"column":1,"severity":"Warning","message":"Function name must be in mixedCase","ruleId":"func-name-mixedcase","fix":null,"filePath":"Benchmarks/Study_SamplesSet/420f1e83aba46adbdbb54457e2063152.sol"},{"line":437,"column":21,"severity":"Warning","message":"Variable name must be in mixedCase","ruleId":"var-name-mixedcase","fix":null,"filePath":"Benchmarks/Study_SamplesSet/420f1e83aba46adbdbb54457e2063152.sol"},{"line":454,"column":9,"severity":"Warning","message":"Error message for require is too long: 33 counted / 32 allowed","ruleId":"reason-string","fix":null,"filePath":"Benchmarks/Study_SamplesSet/420f1e83aba46adbdbb54457e2063152.sol"},{"line":454,"column":9,"severity":"Warning","message":"Use Custom Errors instead of require statements","ruleId":"custom-errors","fix":null,"filePath":"Benchmarks/Study_SamplesSet/420f1e83aba46adbdbb54457e2063152.sol"},{"line":460,"column":1,"severity":"Warning","message":"Function name must be in mixedCase","ruleId":"func-name-mixedcase","fix":null,"filePath":"Benchmarks/Study_SamplesSet/420f1e83aba46adbdbb54457e2063152.sol"},{"line":479,"column":9,"severity":"Warning","message":"Error message for require is too long: 36 counted / 32 allowed","ruleId":"reason-string","fix":null,"filePath":"Benchmarks/Study_SamplesSet/420f1e83aba46adbdbb54457e2063152.sol"},{"line":479,"column":9,"severity":"Warning","message":"Use Custom Errors instead of require statements","ruleId":"custom-errors","fix":null,"filePath":"Benchmarks/Study_SamplesSet/420f1e83aba46adbdbb54457e2063152.sol"},{"line":480,"column":9,"severity":"Warning","message":"Error message for require is too long: 34 counted / 32 allowed","ruleId":"reason-string","fix":null,"filePath":"Benchmarks/Study_SamplesSet/420f1e83aba46adbdbb54457e2063152.sol"},{"line":480,"column":9,"severity":"Warning","message":"Use Custom Errors instead of require statements","ruleId":"custom-errors","fix":null,"filePath":"Benchmarks/Study_SamplesSet/420f1e83aba46adbdbb54457e2063152.sol"},{"line":485,"column":1,"severity":"Warning","message":"Function name must be in mixedCase","ruleId":"func-name-mixedcase","fix":null,"filePath":"Benchmarks/Study_SamplesSet/420f1e83aba46adbdbb54457e2063152.sol"},{"line":485,"column":22,"severity":"Warning","message":"Variable name must be in mixedCase","ruleId":"var-name-mixedcase","fix":null,"filePath":"Benchmarks/Study_SamplesSet/420f1e83aba46adbdbb54457e2063152.sol"},{"line":500,"column":1,"severity":"Warning","message":"Function name must be in mixedCase","ruleId":"func-name-mixedcase","fix":null,"filePath":"Benchmarks/Study_SamplesSet/420f1e83aba46adbdbb54457e2063152.sol"},{"line":510,"column":3,"severity":"Warning","message":"Rule is set with explicit type [var/s: uint]","ruleId":"explicit-types","filePath":"Benchmarks/Study_SamplesSet/420f1e83aba46adbdbb54457e2063152.sol"},{"line":510,"column":3,"severity":"Warning","message":"Variable name must be in mixedCase","ruleId":"var-name-mixedcase","fix":null,"filePath":"Benchmarks/Study_SamplesSet/420f1e83aba46adbdbb54457e2063152.sol"},{"line":512,"column":1,"severity":"Warning","message":"Function name must be in mixedCase","ruleId":"func-name-mixedcase","fix":null,"filePath":"Benchmarks/Study_SamplesSet/420f1e83aba46adbdbb54457e2063152.sol"},{"line":512,"column":34,"severity":"Warning","message":"Rule is set with explicit type [var/s: uint]","ruleId":"explicit-types","filePath":"Benchmarks/Study_SamplesSet/420f1e83aba46adbdbb54457e2063152.sol"},{"line":515,"column":1,"severity":"Warning","message":"Function name must be in mixedCase","ruleId":"func-name-mixedcase","fix":null,"filePath":"Benchmarks/Study_SamplesSet/420f1e83aba46adbdbb54457e2063152.sol"},{"line":516,"column":9,"severity":"Warning","message":"Provide an error message for require","ruleId":"reason-string","fix":null,"filePath":"Benchmarks/Study_SamplesSet/420f1e83aba46adbdbb54457e2063152.sol"},{"line":516,"column":9,"severity":"Warning","message":"Use Custom Errors instead of require statements","ruleId":"custom-errors","fix":null,"filePath":"Benchmarks/Study_SamplesSet/420f1e83aba46adbdbb54457e2063152.sol"},{"line":516,"column":17,"severity":"Error","message":"Avoid making time-based decisions in your business logic","ruleId":"not-rely-on-time","fix":null,"filePath":"Benchmarks/Study_SamplesSet/420f1e83aba46adbdbb54457e2063152.sol"},{"line":517,"column":9,"severity":"Warning","message":"Rule is set with explicit type [var/s: uint]","ruleId":"explicit-types","filePath":"Benchmarks/Study_SamplesSet/420f1e83aba46adbdbb54457e2063152.sol"},{"line":517,"column":9,"severity":"Warning","message":"Variable name must be in mixedCase","ruleId":"var-name-mixedcase","fix":null,"filePath":"Benchmarks/Study_SamplesSet/420f1e83aba46adbdbb54457e2063152.sol"},{"line":521,"column":3,"severity":"Warning","message":"Rule is set with explicit type [var/s: uint]","ruleId":"explicit-types","filePath":"Benchmarks/Study_SamplesSet/420f1e83aba46adbdbb54457e2063152.sol"},{"line":521,"column":3,"severity":"Warning","message":"Variable name must be in mixedCase","ruleId":"var-name-mixedcase","fix":null,"filePath":"Benchmarks/Study_SamplesSet/420f1e83aba46adbdbb54457e2063152.sol"},{"line":523,"column":1,"severity":"Warning","message":"Function name must be in mixedCase","ruleId":"func-name-mixedcase","fix":null,"filePath":"Benchmarks/Study_SamplesSet/420f1e83aba46adbdbb54457e2063152.sol"},{"line":523,"column":35,"severity":"Warning","message":"Rule is set with explicit type [var/s: uint]","ruleId":"explicit-types","filePath":"Benchmarks/Study_SamplesSet/420f1e83aba46adbdbb54457e2063152.sol"},{"line":526,"column":1,"severity":"Warning","message":"Function name must be in mixedCase","ruleId":"func-name-mixedcase","fix":null,"filePath":"Benchmarks/Study_SamplesSet/420f1e83aba46adbdbb54457e2063152.sol"},{"line":527,"column":9,"severity":"Warning","message":"Provide an error message for require","ruleId":"reason-string","fix":null,"filePath":"Benchmarks/Study_SamplesSet/420f1e83aba46adbdbb54457e2063152.sol"},{"line":527,"column":9,"severity":"Warning","message":"Use Custom Errors instead of require statements","ruleId":"custom-errors","fix":null,"filePath":"Benchmarks/Study_SamplesSet/420f1e83aba46adbdbb54457e2063152.sol"},{"line":527,"column":17,"severity":"Error","message":"Avoid making time-based decisions in your business logic","ruleId":"not-rely-on-time","fix":null,"filePath":"Benchmarks/Study_SamplesSet/420f1e83aba46adbdbb54457e2063152.sol"},{"line":528,"column":9,"severity":"Warning","message":"Rule is set with explicit type [var/s: uint]","ruleId":"explicit-types","filePath":"Benchmarks/Study_SamplesSet/420f1e83aba46adbdbb54457e2063152.sol"},{"line":528,"column":9,"severity":"Warning","message":"Variable name must be in mixedCase","ruleId":"var-name-mixedcase","fix":null,"filePath":"Benchmarks/Study_SamplesSet/420f1e83aba46adbdbb54457e2063152.sol"},{"line":532,"column":3,"severity":"Warning","message":"Function name must be in mixedCase","ruleId":"func-name-mixedcase","fix":null,"filePath":"Benchmarks/Study_SamplesSet/420f1e83aba46adbdbb54457e2063152.sol"},{"line":548,"column":1,"severity":"Warning","message":"Function name must be in mixedCase","ruleId":"func-name-mixedcase","fix":null,"filePath":"Benchmarks/Study_SamplesSet/420f1e83aba46adbdbb54457e2063152.sol"},{"line":548,"column":22,"severity":"Warning","message":"Variable name must be in mixedCase","ruleId":"var-name-mixedcase","fix":null,"filePath":"Benchmarks/Study_SamplesSet/420f1e83aba46adbdbb54457e2063152.sol"},{"line":559,"column":1,"severity":"Warning","message":"Rule is set with explicit type [var/s: uint]","ruleId":"explicit-types","filePath":"Benchmarks/Study_SamplesSet/420f1e83aba46adbdbb54457e2063152.sol"},{"line":559,"column":1,"severity":"Warning","message":"Variable name must be in mixedCase","ruleId":"var-name-mixedcase","fix":null,"filePath":"Benchmarks/Study_SamplesSet/420f1e83aba46adbdbb54457e2063152.sol"},{"line":561,"column":1,"severity":"Warning","message":"Function name must be in mixedCase","ruleId":"func-name-mixedcase","fix":null,"filePath":"Benchmarks/Study_SamplesSet/420f1e83aba46adbdbb54457e2063152.sol"},{"line":561,"column":35,"severity":"Warning","message":"Rule is set with explicit type [var/s: uint]","ruleId":"explicit-types","filePath":"Benchmarks/Study_SamplesSet/420f1e83aba46adbdbb54457e2063152.sol"},{"line":564,"column":1,"severity":"Warning","message":"Function name must be in mixedCase","ruleId":"func-name-mixedcase","fix":null,"filePath":"Benchmarks/Study_SamplesSet/420f1e83aba46adbdbb54457e2063152.sol"},{"line":565,"column":9,"severity":"Warning","message":"Provide an error message for require","ruleId":"reason-string","fix":null,"filePath":"Benchmarks/Study_SamplesSet/420f1e83aba46adbdbb54457e2063152.sol"},{"line":565,"column":9,"severity":"Warning","message":"Use Custom Errors instead of require statements","ruleId":"custom-errors","fix":null,"filePath":"Benchmarks/Study_SamplesSet/420f1e83aba46adbdbb54457e2063152.sol"},{"line":565,"column":17,"severity":"Error","message":"Avoid making time-based decisions in your business logic","ruleId":"not-rely-on-time","fix":null,"filePath":"Benchmarks/Study_SamplesSet/420f1e83aba46adbdbb54457e2063152.sol"},{"line":566,"column":9,"severity":"Warning","message":"Rule is set with explicit type [var/s: uint]","ruleId":"explicit-types","filePath":"Benchmarks/Study_SamplesSet/420f1e83aba46adbdbb54457e2063152.sol"},{"line":566,"column":9,"severity":"Warning","message":"Variable name must be in mixedCase","ruleId":"var-name-mixedcase","fix":null,"filePath":"Benchmarks/Study_SamplesSet/420f1e83aba46adbdbb54457e2063152.sol"},{"line":577,"column":1,"severity":"Warning","message":"Function name must be in mixedCase","ruleId":"func-name-mixedcase","fix":null,"filePath":"Benchmarks/Study_SamplesSet/420f1e83aba46adbdbb54457e2063152.sol"},{"line":597,"column":1,"severity":"Warning","message":"Function name must be in mixedCase","ruleId":"func-name-mixedcase","fix":null,"filePath":"Benchmarks/Study_SamplesSet/420f1e83aba46adbdbb54457e2063152.sol"},{"line":604,"column":63,"severity":"Warning","message":"Visibility modifier must be first in list of modifiers","ruleId":"visibility-modifier-order","fix":null,"filePath":"Benchmarks/Study_SamplesSet/420f1e83aba46adbdbb54457e2063152.sol"},{"line":607,"column":1,"severity":"Warning","message":"Rule is set with explicit type [var/s: uint]","ruleId":"explicit-types","filePath":"Benchmarks/Study_SamplesSet/420f1e83aba46adbdbb54457e2063152.sol"},{"line":607,"column":1,"severity":"Warning","message":"Variable name must be in mixedCase","ruleId":"var-name-mixedcase","fix":null,"filePath":"Benchmarks/Study_SamplesSet/420f1e83aba46adbdbb54457e2063152.sol"},{"line":609,"column":1,"severity":"Warning","message":"Function name must be in mixedCase","ruleId":"func-name-mixedcase","fix":null,"filePath":"Benchmarks/Study_SamplesSet/420f1e83aba46adbdbb54457e2063152.sol"},{"line":609,"column":35,"severity":"Warning","message":"Rule is set with explicit type [var/s: uint]","ruleId":"explicit-types","filePath":"Benchmarks/Study_SamplesSet/420f1e83aba46adbdbb54457e2063152.sol"},{"line":612,"column":1,"severity":"Warning","message":"Function name must be in mixedCase","ruleId":"func-name-mixedcase","fix":null,"filePath":"Benchmarks/Study_SamplesSet/420f1e83aba46adbdbb54457e2063152.sol"},{"line":613,"column":9,"severity":"Warning","message":"Provide an error message for require","ruleId":"reason-string","fix":null,"filePath":"Benchmarks/Study_SamplesSet/420f1e83aba46adbdbb54457e2063152.sol"},{"line":613,"column":9,"severity":"Warning","message":"Use Custom Errors instead of require statements","ruleId":"custom-errors","fix":null,"filePath":"Benchmarks/Study_SamplesSet/420f1e83aba46adbdbb54457e2063152.sol"},{"line":613,"column":17,"severity":"Error","message":"Avoid making time-based decisions in your business logic","ruleId":"not-rely-on-time","fix":null,"filePath":"Benchmarks/Study_SamplesSet/420f1e83aba46adbdbb54457e2063152.sol"},{"line":614,"column":9,"severity":"Warning","message":"Rule is set with explicit type [var/s: uint]","ruleId":"explicit-types","filePath":"Benchmarks/Study_SamplesSet/420f1e83aba46adbdbb54457e2063152.sol"},{"line":614,"column":9,"severity":"Warning","message":"Variable name must be in mixedCase","ruleId":"var-name-mixedcase","fix":null,"filePath":"Benchmarks/Study_SamplesSet/420f1e83aba46adbdbb54457e2063152.sol"},{"conclusion":"128 problem/s (11 error/s, 117 warning/s)"}]
