[{"line":5,"column":1,"severity":"Warning","message":"Found more than One contract per file. 4 contracts found!","ruleId":"one-contract-per-file","fix":null,"filePath":"Benchmarks/Study_SamplesSet/43b3a5495b7c935c55cc97f0d62111b5.sol"},{"line":5,"column":1,"severity":"Error","message":"Compiler version ^0.5.11 does not satisfy the ^0.8.0 semver requirement","ruleId":"compiler-version","fix":null,"filePath":"Benchmarks/Study_SamplesSet/43b3a5495b7c935c55cc97f0d62111b5.sol"},{"line":8,"column":3,"severity":"Error","message":"Explicitly mark visibility of state","ruleId":"state-visibility","fix":null,"filePath":"Benchmarks/Study_SamplesSet/43b3a5495b7c935c55cc97f0d62111b5.sol"},{"line":8,"column":3,"severity":"Warning","message":"Variable name must be in mixedCase","ruleId":"var-name-mixedcase","fix":null,"filePath":"Benchmarks/Study_SamplesSet/43b3a5495b7c935c55cc97f0d62111b5.sol"},{"line":9,"column":1,"severity":"Error","message":"Explicitly mark visibility of state","ruleId":"state-visibility","fix":null,"filePath":"Benchmarks/Study_SamplesSet/43b3a5495b7c935c55cc97f0d62111b5.sol"},{"line":9,"column":1,"severity":"Warning","message":"Variable name must be in mixedCase","ruleId":"var-name-mixedcase","fix":null,"filePath":"Benchmarks/Study_SamplesSet/43b3a5495b7c935c55cc97f0d62111b5.sol"},{"line":10,"column":1,"severity":"Error","message":"Explicitly mark visibility of state","ruleId":"state-visibility","fix":null,"filePath":"Benchmarks/Study_SamplesSet/43b3a5495b7c935c55cc97f0d62111b5.sol"},{"line":10,"column":1,"severity":"Warning","message":"Variable name must be in mixedCase","ruleId":"var-name-mixedcase","fix":null,"filePath":"Benchmarks/Study_SamplesSet/43b3a5495b7c935c55cc97f0d62111b5.sol"},{"line":11,"column":1,"severity":"Warning","message":"Function name must be in mixedCase","ruleId":"func-name-mixedcase","fix":null,"filePath":"Benchmarks/Study_SamplesSet/43b3a5495b7c935c55cc97f0d62111b5.sol"},{"line":12,"column":9,"severity":"Warning","message":"Provide an error message for require","ruleId":"reason-string","fix":null,"filePath":"Benchmarks/Study_SamplesSet/43b3a5495b7c935c55cc97f0d62111b5.sol"},{"line":12,"column":9,"severity":"Warning","message":"Use Custom Errors instead of require statements","ruleId":"custom-errors","fix":null,"filePath":"Benchmarks/Study_SamplesSet/43b3a5495b7c935c55cc97f0d62111b5.sol"},{"line":14,"column":9,"severity":"Warning","message":"Provide an error message for require","ruleId":"reason-string","fix":null,"filePath":"Benchmarks/Study_SamplesSet/43b3a5495b7c935c55cc97f0d62111b5.sol"},{"line":14,"column":9,"severity":"Warning","message":"Use Custom Errors instead of require statements","ruleId":"custom-errors","fix":null,"filePath":"Benchmarks/Study_SamplesSet/43b3a5495b7c935c55cc97f0d62111b5.sol"},{"line":16,"column":9,"severity":"Error","message":"Possible reentrancy vulnerabilities. Avoid state changes after transfer.","ruleId":"reentrancy","fix":null,"filePath":"Benchmarks/Study_SamplesSet/43b3a5495b7c935c55cc97f0d62111b5.sol"},{"line":19,"column":5,"severity":"Warning","message":"Function name must be in mixedCase","ruleId":"func-name-mixedcase","fix":null,"filePath":"Benchmarks/Study_SamplesSet/43b3a5495b7c935c55cc97f0d62111b5.sol"},{"line":20,"column":9,"severity":"Warning","message":"Provide an error message for require","ruleId":"reason-string","fix":null,"filePath":"Benchmarks/Study_SamplesSet/43b3a5495b7c935c55cc97f0d62111b5.sol"},{"line":20,"column":9,"severity":"Warning","message":"Use Custom Errors instead of require statements","ruleId":"custom-errors","fix":null,"filePath":"Benchmarks/Study_SamplesSet/43b3a5495b7c935c55cc97f0d62111b5.sol"},{"line":21,"column":9,"severity":"Warning","message":"Provide an error message for require","ruleId":"reason-string","fix":null,"filePath":"Benchmarks/Study_SamplesSet/43b3a5495b7c935c55cc97f0d62111b5.sol"},{"line":21,"column":9,"severity":"Warning","message":"Use Custom Errors instead of require statements","ruleId":"custom-errors","fix":null,"filePath":"Benchmarks/Study_SamplesSet/43b3a5495b7c935c55cc97f0d62111b5.sol"},{"line":24,"column":9,"severity":"Error","message":"Possible reentrancy vulnerabilities. Avoid state changes after transfer.","ruleId":"reentrancy","fix":null,"filePath":"Benchmarks/Study_SamplesSet/43b3a5495b7c935c55cc97f0d62111b5.sol"},{"line":27,"column":3,"severity":"Error","message":"Explicitly mark visibility of state","ruleId":"state-visibility","fix":null,"filePath":"Benchmarks/Study_SamplesSet/43b3a5495b7c935c55cc97f0d62111b5.sol"},{"line":27,"column":3,"severity":"Warning","message":"Variable name must be in mixedCase","ruleId":"var-name-mixedcase","fix":null,"filePath":"Benchmarks/Study_SamplesSet/43b3a5495b7c935c55cc97f0d62111b5.sol"},{"line":28,"column":1,"severity":"Warning","message":"Function name must be in mixedCase","ruleId":"func-name-mixedcase","fix":null,"filePath":"Benchmarks/Study_SamplesSet/43b3a5495b7c935c55cc97f0d62111b5.sol"},{"line":30,"column":65,"severity":"Error","message":"Use double quotes for string literals","ruleId":"quotes","filePath":"Benchmarks/Study_SamplesSet/43b3a5495b7c935c55cc97f0d62111b5.sol"},{"line":36,"column":1,"severity":"Warning","message":"Function name must be in mixedCase","ruleId":"func-name-mixedcase","fix":null,"filePath":"Benchmarks/Study_SamplesSet/43b3a5495b7c935c55cc97f0d62111b5.sol"},{"line":36,"column":36,"severity":"Warning","message":"Visibility modifier must be first in list of modifiers","ruleId":"visibility-modifier-order","fix":null,"filePath":"Benchmarks/Study_SamplesSet/43b3a5495b7c935c55cc97f0d62111b5.sol"},{"line":42,"column":3,"severity":"Error","message":"Explicitly mark visibility of state","ruleId":"state-visibility","fix":null,"filePath":"Benchmarks/Study_SamplesSet/43b3a5495b7c935c55cc97f0d62111b5.sol"},{"line":42,"column":3,"severity":"Warning","message":"Variable name must be in mixedCase","ruleId":"var-name-mixedcase","fix":null,"filePath":"Benchmarks/Study_SamplesSet/43b3a5495b7c935c55cc97f0d62111b5.sol"},{"line":43,"column":1,"severity":"Warning","message":"Function name must be in mixedCase","ruleId":"func-name-mixedcase","fix":null,"filePath":"Benchmarks/Study_SamplesSet/43b3a5495b7c935c55cc97f0d62111b5.sol"},{"line":45,"column":65,"severity":"Error","message":"Use double quotes for string literals","ruleId":"quotes","filePath":"Benchmarks/Study_SamplesSet/43b3a5495b7c935c55cc97f0d62111b5.sol"},{"line":51,"column":1,"severity":"Warning","message":"Function name must be in mixedCase","ruleId":"func-name-mixedcase","fix":null,"filePath":"Benchmarks/Study_SamplesSet/43b3a5495b7c935c55cc97f0d62111b5.sol"},{"line":51,"column":36,"severity":"Warning","message":"Visibility modifier must be first in list of modifiers","ruleId":"visibility-modifier-order","fix":null,"filePath":"Benchmarks/Study_SamplesSet/43b3a5495b7c935c55cc97f0d62111b5.sol"},{"line":60,"column":1,"severity":"Error","message":"Explicitly mark visibility of state","ruleId":"state-visibility","fix":null,"filePath":"Benchmarks/Study_SamplesSet/43b3a5495b7c935c55cc97f0d62111b5.sol"},{"line":60,"column":1,"severity":"Warning","message":"Variable name must be in mixedCase","ruleId":"var-name-mixedcase","fix":null,"filePath":"Benchmarks/Study_SamplesSet/43b3a5495b7c935c55cc97f0d62111b5.sol"},{"line":61,"column":1,"severity":"Error","message":"Explicitly mark visibility of state","ruleId":"state-visibility","fix":null,"filePath":"Benchmarks/Study_SamplesSet/43b3a5495b7c935c55cc97f0d62111b5.sol"},{"line":61,"column":1,"severity":"Warning","message":"Variable name must be in mixedCase","ruleId":"var-name-mixedcase","fix":null,"filePath":"Benchmarks/Study_SamplesSet/43b3a5495b7c935c55cc97f0d62111b5.sol"},{"line":62,"column":1,"severity":"Error","message":"Explicitly mark visibility of state","ruleId":"state-visibility","fix":null,"filePath":"Benchmarks/Study_SamplesSet/43b3a5495b7c935c55cc97f0d62111b5.sol"},{"line":62,"column":1,"severity":"Warning","message":"Variable name must be in mixedCase","ruleId":"var-name-mixedcase","fix":null,"filePath":"Benchmarks/Study_SamplesSet/43b3a5495b7c935c55cc97f0d62111b5.sol"},{"line":63,"column":1,"severity":"Warning","message":"Function name must be in mixedCase","ruleId":"func-name-mixedcase","fix":null,"filePath":"Benchmarks/Study_SamplesSet/43b3a5495b7c935c55cc97f0d62111b5.sol"},{"line":64,"column":9,"severity":"Warning","message":"Provide an error message for require","ruleId":"reason-string","fix":null,"filePath":"Benchmarks/Study_SamplesSet/43b3a5495b7c935c55cc97f0d62111b5.sol"},{"line":64,"column":9,"severity":"Warning","message":"Use Custom Errors instead of require statements","ruleId":"custom-errors","fix":null,"filePath":"Benchmarks/Study_SamplesSet/43b3a5495b7c935c55cc97f0d62111b5.sol"},{"line":66,"column":9,"severity":"Warning","message":"Provide an error message for require","ruleId":"reason-string","fix":null,"filePath":"Benchmarks/Study_SamplesSet/43b3a5495b7c935c55cc97f0d62111b5.sol"},{"line":66,"column":9,"severity":"Warning","message":"Use Custom Errors instead of require statements","ruleId":"custom-errors","fix":null,"filePath":"Benchmarks/Study_SamplesSet/43b3a5495b7c935c55cc97f0d62111b5.sol"},{"line":68,"column":9,"severity":"Error","message":"Possible reentrancy vulnerabilities. Avoid state changes after transfer.","ruleId":"reentrancy","fix":null,"filePath":"Benchmarks/Study_SamplesSet/43b3a5495b7c935c55cc97f0d62111b5.sol"},{"line":71,"column":5,"severity":"Warning","message":"Function name must be in mixedCase","ruleId":"func-name-mixedcase","fix":null,"filePath":"Benchmarks/Study_SamplesSet/43b3a5495b7c935c55cc97f0d62111b5.sol"},{"line":72,"column":9,"severity":"Warning","message":"Provide an error message for require","ruleId":"reason-string","fix":null,"filePath":"Benchmarks/Study_SamplesSet/43b3a5495b7c935c55cc97f0d62111b5.sol"},{"line":72,"column":9,"severity":"Warning","message":"Use Custom Errors instead of require statements","ruleId":"custom-errors","fix":null,"filePath":"Benchmarks/Study_SamplesSet/43b3a5495b7c935c55cc97f0d62111b5.sol"},{"line":73,"column":9,"severity":"Warning","message":"Provide an error message for require","ruleId":"reason-string","fix":null,"filePath":"Benchmarks/Study_SamplesSet/43b3a5495b7c935c55cc97f0d62111b5.sol"},{"line":73,"column":9,"severity":"Warning","message":"Use Custom Errors instead of require statements","ruleId":"custom-errors","fix":null,"filePath":"Benchmarks/Study_SamplesSet/43b3a5495b7c935c55cc97f0d62111b5.sol"},{"line":76,"column":9,"severity":"Error","message":"Possible reentrancy vulnerabilities. Avoid state changes after transfer.","ruleId":"reentrancy","fix":null,"filePath":"Benchmarks/Study_SamplesSet/43b3a5495b7c935c55cc97f0d62111b5.sol"},{"line":80,"column":9,"severity":"Warning","message":"Provide an error message for require","ruleId":"reason-string","fix":null,"filePath":"Benchmarks/Study_SamplesSet/43b3a5495b7c935c55cc97f0d62111b5.sol"},{"line":80,"column":9,"severity":"Warning","message":"Use Custom Errors instead of require statements","ruleId":"custom-errors","fix":null,"filePath":"Benchmarks/Study_SamplesSet/43b3a5495b7c935c55cc97f0d62111b5.sol"},{"line":87,"column":1,"severity":"Error","message":"Explicitly mark visibility of state","ruleId":"state-visibility","fix":null,"filePath":"Benchmarks/Study_SamplesSet/43b3a5495b7c935c55cc97f0d62111b5.sol"},{"line":87,"column":1,"severity":"Warning","message":"Variable name must be in mixedCase","ruleId":"var-name-mixedcase","fix":null,"filePath":"Benchmarks/Study_SamplesSet/43b3a5495b7c935c55cc97f0d62111b5.sol"},{"line":88,"column":1,"severity":"Error","message":"Explicitly mark visibility of state","ruleId":"state-visibility","fix":null,"filePath":"Benchmarks/Study_SamplesSet/43b3a5495b7c935c55cc97f0d62111b5.sol"},{"line":88,"column":1,"severity":"Warning","message":"Variable name must be in mixedCase","ruleId":"var-name-mixedcase","fix":null,"filePath":"Benchmarks/Study_SamplesSet/43b3a5495b7c935c55cc97f0d62111b5.sol"},{"line":89,"column":1,"severity":"Error","message":"Explicitly mark visibility of state","ruleId":"state-visibility","fix":null,"filePath":"Benchmarks/Study_SamplesSet/43b3a5495b7c935c55cc97f0d62111b5.sol"},{"line":89,"column":1,"severity":"Warning","message":"Variable name must be in mixedCase","ruleId":"var-name-mixedcase","fix":null,"filePath":"Benchmarks/Study_SamplesSet/43b3a5495b7c935c55cc97f0d62111b5.sol"},{"line":90,"column":1,"severity":"Warning","message":"Function name must be in mixedCase","ruleId":"func-name-mixedcase","fix":null,"filePath":"Benchmarks/Study_SamplesSet/43b3a5495b7c935c55cc97f0d62111b5.sol"},{"line":91,"column":9,"severity":"Warning","message":"Provide an error message for require","ruleId":"reason-string","fix":null,"filePath":"Benchmarks/Study_SamplesSet/43b3a5495b7c935c55cc97f0d62111b5.sol"},{"line":91,"column":9,"severity":"Warning","message":"Use Custom Errors instead of require statements","ruleId":"custom-errors","fix":null,"filePath":"Benchmarks/Study_SamplesSet/43b3a5495b7c935c55cc97f0d62111b5.sol"},{"line":93,"column":9,"severity":"Warning","message":"Provide an error message for require","ruleId":"reason-string","fix":null,"filePath":"Benchmarks/Study_SamplesSet/43b3a5495b7c935c55cc97f0d62111b5.sol"},{"line":93,"column":9,"severity":"Warning","message":"Use Custom Errors instead of require statements","ruleId":"custom-errors","fix":null,"filePath":"Benchmarks/Study_SamplesSet/43b3a5495b7c935c55cc97f0d62111b5.sol"},{"line":95,"column":9,"severity":"Error","message":"Possible reentrancy vulnerabilities. Avoid state changes after transfer.","ruleId":"reentrancy","fix":null,"filePath":"Benchmarks/Study_SamplesSet/43b3a5495b7c935c55cc97f0d62111b5.sol"},{"line":98,"column":5,"severity":"Warning","message":"Function name must be in mixedCase","ruleId":"func-name-mixedcase","fix":null,"filePath":"Benchmarks/Study_SamplesSet/43b3a5495b7c935c55cc97f0d62111b5.sol"},{"line":99,"column":9,"severity":"Warning","message":"Provide an error message for require","ruleId":"reason-string","fix":null,"filePath":"Benchmarks/Study_SamplesSet/43b3a5495b7c935c55cc97f0d62111b5.sol"},{"line":99,"column":9,"severity":"Warning","message":"Use Custom Errors instead of require statements","ruleId":"custom-errors","fix":null,"filePath":"Benchmarks/Study_SamplesSet/43b3a5495b7c935c55cc97f0d62111b5.sol"},{"line":100,"column":9,"severity":"Warning","message":"Provide an error message for require","ruleId":"reason-string","fix":null,"filePath":"Benchmarks/Study_SamplesSet/43b3a5495b7c935c55cc97f0d62111b5.sol"},{"line":100,"column":9,"severity":"Warning","message":"Use Custom Errors instead of require statements","ruleId":"custom-errors","fix":null,"filePath":"Benchmarks/Study_SamplesSet/43b3a5495b7c935c55cc97f0d62111b5.sol"},{"line":103,"column":9,"severity":"Error","message":"Possible reentrancy vulnerabilities. Avoid state changes after transfer.","ruleId":"reentrancy","fix":null,"filePath":"Benchmarks/Study_SamplesSet/43b3a5495b7c935c55cc97f0d62111b5.sol"},{"line":142,"column":1,"severity":"Error","message":"Explicitly mark visibility of state","ruleId":"state-visibility","fix":null,"filePath":"Benchmarks/Study_SamplesSet/43b3a5495b7c935c55cc97f0d62111b5.sol"},{"line":142,"column":1,"severity":"Warning","message":"Variable name must be in mixedCase","ruleId":"var-name-mixedcase","fix":null,"filePath":"Benchmarks/Study_SamplesSet/43b3a5495b7c935c55cc97f0d62111b5.sol"},{"line":143,"column":1,"severity":"Error","message":"Explicitly mark visibility of state","ruleId":"state-visibility","fix":null,"filePath":"Benchmarks/Study_SamplesSet/43b3a5495b7c935c55cc97f0d62111b5.sol"},{"line":143,"column":1,"severity":"Warning","message":"Variable name must be in mixedCase","ruleId":"var-name-mixedcase","fix":null,"filePath":"Benchmarks/Study_SamplesSet/43b3a5495b7c935c55cc97f0d62111b5.sol"},{"line":144,"column":1,"severity":"Error","message":"Explicitly mark visibility of state","ruleId":"state-visibility","fix":null,"filePath":"Benchmarks/Study_SamplesSet/43b3a5495b7c935c55cc97f0d62111b5.sol"},{"line":144,"column":1,"severity":"Warning","message":"Variable name must be in mixedCase","ruleId":"var-name-mixedcase","fix":null,"filePath":"Benchmarks/Study_SamplesSet/43b3a5495b7c935c55cc97f0d62111b5.sol"},{"line":145,"column":1,"severity":"Warning","message":"Function name must be in mixedCase","ruleId":"func-name-mixedcase","fix":null,"filePath":"Benchmarks/Study_SamplesSet/43b3a5495b7c935c55cc97f0d62111b5.sol"},{"line":146,"column":9,"severity":"Warning","message":"Provide an error message for require","ruleId":"reason-string","fix":null,"filePath":"Benchmarks/Study_SamplesSet/43b3a5495b7c935c55cc97f0d62111b5.sol"},{"line":146,"column":9,"severity":"Warning","message":"Use Custom Errors instead of require statements","ruleId":"custom-errors","fix":null,"filePath":"Benchmarks/Study_SamplesSet/43b3a5495b7c935c55cc97f0d62111b5.sol"},{"line":148,"column":9,"severity":"Warning","message":"Provide an error message for require","ruleId":"reason-string","fix":null,"filePath":"Benchmarks/Study_SamplesSet/43b3a5495b7c935c55cc97f0d62111b5.sol"},{"line":148,"column":9,"severity":"Warning","message":"Use Custom Errors instead of require statements","ruleId":"custom-errors","fix":null,"filePath":"Benchmarks/Study_SamplesSet/43b3a5495b7c935c55cc97f0d62111b5.sol"},{"line":150,"column":9,"severity":"Error","message":"Possible reentrancy vulnerabilities. Avoid state changes after transfer.","ruleId":"reentrancy","fix":null,"filePath":"Benchmarks/Study_SamplesSet/43b3a5495b7c935c55cc97f0d62111b5.sol"},{"line":153,"column":5,"severity":"Warning","message":"Function name must be in mixedCase","ruleId":"func-name-mixedcase","fix":null,"filePath":"Benchmarks/Study_SamplesSet/43b3a5495b7c935c55cc97f0d62111b5.sol"},{"line":154,"column":9,"severity":"Warning","message":"Provide an error message for require","ruleId":"reason-string","fix":null,"filePath":"Benchmarks/Study_SamplesSet/43b3a5495b7c935c55cc97f0d62111b5.sol"},{"line":154,"column":9,"severity":"Warning","message":"Use Custom Errors instead of require statements","ruleId":"custom-errors","fix":null,"filePath":"Benchmarks/Study_SamplesSet/43b3a5495b7c935c55cc97f0d62111b5.sol"},{"line":155,"column":9,"severity":"Warning","message":"Provide an error message for require","ruleId":"reason-string","fix":null,"filePath":"Benchmarks/Study_SamplesSet/43b3a5495b7c935c55cc97f0d62111b5.sol"},{"line":155,"column":9,"severity":"Warning","message":"Use Custom Errors instead of require statements","ruleId":"custom-errors","fix":null,"filePath":"Benchmarks/Study_SamplesSet/43b3a5495b7c935c55cc97f0d62111b5.sol"},{"line":158,"column":9,"severity":"Error","message":"Possible reentrancy vulnerabilities. Avoid state changes after transfer.","ruleId":"reentrancy","fix":null,"filePath":"Benchmarks/Study_SamplesSet/43b3a5495b7c935c55cc97f0d62111b5.sol"},{"line":161,"column":1,"severity":"Error","message":"Explicitly mark visibility of state","ruleId":"state-visibility","fix":null,"filePath":"Benchmarks/Study_SamplesSet/43b3a5495b7c935c55cc97f0d62111b5.sol"},{"line":161,"column":1,"severity":"Warning","message":"Variable name must be in mixedCase","ruleId":"var-name-mixedcase","fix":null,"filePath":"Benchmarks/Study_SamplesSet/43b3a5495b7c935c55cc97f0d62111b5.sol"},{"line":162,"column":1,"severity":"Warning","message":"Function name must be in mixedCase","ruleId":"func-name-mixedcase","fix":null,"filePath":"Benchmarks/Study_SamplesSet/43b3a5495b7c935c55cc97f0d62111b5.sol"},{"line":164,"column":65,"severity":"Error","message":"Use double quotes for string literals","ruleId":"quotes","filePath":"Benchmarks/Study_SamplesSet/43b3a5495b7c935c55cc97f0d62111b5.sol"},{"line":170,"column":1,"severity":"Warning","message":"Function name must be in mixedCase","ruleId":"func-name-mixedcase","fix":null,"filePath":"Benchmarks/Study_SamplesSet/43b3a5495b7c935c55cc97f0d62111b5.sol"},{"line":170,"column":35,"severity":"Warning","message":"Visibility modifier must be first in list of modifiers","ruleId":"visibility-modifier-order","fix":null,"filePath":"Benchmarks/Study_SamplesSet/43b3a5495b7c935c55cc97f0d62111b5.sol"},{"line":175,"column":1,"severity":"Error","message":"Explicitly mark visibility of state","ruleId":"state-visibility","fix":null,"filePath":"Benchmarks/Study_SamplesSet/43b3a5495b7c935c55cc97f0d62111b5.sol"},{"line":175,"column":1,"severity":"Warning","message":"Variable name must be in mixedCase","ruleId":"var-name-mixedcase","fix":null,"filePath":"Benchmarks/Study_SamplesSet/43b3a5495b7c935c55cc97f0d62111b5.sol"},{"line":176,"column":1,"severity":"Warning","message":"Function name must be in mixedCase","ruleId":"func-name-mixedcase","fix":null,"filePath":"Benchmarks/Study_SamplesSet/43b3a5495b7c935c55cc97f0d62111b5.sol"},{"line":178,"column":65,"severity":"Error","message":"Use double quotes for string literals","ruleId":"quotes","filePath":"Benchmarks/Study_SamplesSet/43b3a5495b7c935c55cc97f0d62111b5.sol"},{"line":184,"column":1,"severity":"Warning","message":"Function name must be in mixedCase","ruleId":"func-name-mixedcase","fix":null,"filePath":"Benchmarks/Study_SamplesSet/43b3a5495b7c935c55cc97f0d62111b5.sol"},{"line":184,"column":36,"severity":"Warning","message":"Visibility modifier must be first in list of modifiers","ruleId":"visibility-modifier-order","fix":null,"filePath":"Benchmarks/Study_SamplesSet/43b3a5495b7c935c55cc97f0d62111b5.sol"},{"line":190,"column":1,"severity":"Warning","message":"Contract has 38 states declarations but allowed no more than 15","ruleId":"max-states-count","fix":null,"filePath":"Benchmarks/Study_SamplesSet/43b3a5495b7c935c55cc97f0d62111b5.sol"},{"line":191,"column":3,"severity":"Error","message":"Explicitly mark visibility of state","ruleId":"state-visibility","fix":null,"filePath":"Benchmarks/Study_SamplesSet/43b3a5495b7c935c55cc97f0d62111b5.sol"},{"line":191,"column":3,"severity":"Warning","message":"Variable name must be in mixedCase","ruleId":"var-name-mixedcase","fix":null,"filePath":"Benchmarks/Study_SamplesSet/43b3a5495b7c935c55cc97f0d62111b5.sol"},{"line":192,"column":1,"severity":"Warning","message":"Function name must be in mixedCase","ruleId":"func-name-mixedcase","fix":null,"filePath":"Benchmarks/Study_SamplesSet/43b3a5495b7c935c55cc97f0d62111b5.sol"},{"line":194,"column":65,"severity":"Error","message":"Use double quotes for string literals","ruleId":"quotes","filePath":"Benchmarks/Study_SamplesSet/43b3a5495b7c935c55cc97f0d62111b5.sol"},{"line":200,"column":1,"severity":"Warning","message":"Function name must be in mixedCase","ruleId":"func-name-mixedcase","fix":null,"filePath":"Benchmarks/Study_SamplesSet/43b3a5495b7c935c55cc97f0d62111b5.sol"},{"line":200,"column":36,"severity":"Warning","message":"Visibility modifier must be first in list of modifiers","ruleId":"visibility-modifier-order","fix":null,"filePath":"Benchmarks/Study_SamplesSet/43b3a5495b7c935c55cc97f0d62111b5.sol"},{"line":205,"column":3,"severity":"Error","message":"Explicitly mark visibility of state","ruleId":"state-visibility","fix":null,"filePath":"Benchmarks/Study_SamplesSet/43b3a5495b7c935c55cc97f0d62111b5.sol"},{"line":205,"column":3,"severity":"Warning","message":"Variable name must be in mixedCase","ruleId":"var-name-mixedcase","fix":null,"filePath":"Benchmarks/Study_SamplesSet/43b3a5495b7c935c55cc97f0d62111b5.sol"},{"line":206,"column":1,"severity":"Warning","message":"Function name must be in mixedCase","ruleId":"func-name-mixedcase","fix":null,"filePath":"Benchmarks/Study_SamplesSet/43b3a5495b7c935c55cc97f0d62111b5.sol"},{"line":208,"column":65,"severity":"Error","message":"Use double quotes for string literals","ruleId":"quotes","filePath":"Benchmarks/Study_SamplesSet/43b3a5495b7c935c55cc97f0d62111b5.sol"},{"line":214,"column":1,"severity":"Warning","message":"Function name must be in mixedCase","ruleId":"func-name-mixedcase","fix":null,"filePath":"Benchmarks/Study_SamplesSet/43b3a5495b7c935c55cc97f0d62111b5.sol"},{"line":214,"column":35,"severity":"Warning","message":"Visibility modifier must be first in list of modifiers","ruleId":"visibility-modifier-order","fix":null,"filePath":"Benchmarks/Study_SamplesSet/43b3a5495b7c935c55cc97f0d62111b5.sol"},{"line":218,"column":3,"severity":"Error","message":"Explicitly mark visibility of state","ruleId":"state-visibility","fix":null,"filePath":"Benchmarks/Study_SamplesSet/43b3a5495b7c935c55cc97f0d62111b5.sol"},{"line":219,"column":3,"severity":"Error","message":"Explicitly mark visibility of state","ruleId":"state-visibility","fix":null,"filePath":"Benchmarks/Study_SamplesSet/43b3a5495b7c935c55cc97f0d62111b5.sol"},{"line":219,"column":3,"severity":"Warning","message":"Variable name must be in mixedCase","ruleId":"var-name-mixedcase","fix":null,"filePath":"Benchmarks/Study_SamplesSet/43b3a5495b7c935c55cc97f0d62111b5.sol"},{"line":220,"column":1,"severity":"Warning","message":"Function name must be in mixedCase","ruleId":"func-name-mixedcase","fix":null,"filePath":"Benchmarks/Study_SamplesSet/43b3a5495b7c935c55cc97f0d62111b5.sol"},{"line":222,"column":65,"severity":"Error","message":"Use double quotes for string literals","ruleId":"quotes","filePath":"Benchmarks/Study_SamplesSet/43b3a5495b7c935c55cc97f0d62111b5.sol"},{"line":228,"column":1,"severity":"Warning","message":"Function name must be in mixedCase","ruleId":"func-name-mixedcase","fix":null,"filePath":"Benchmarks/Study_SamplesSet/43b3a5495b7c935c55cc97f0d62111b5.sol"},{"line":228,"column":35,"severity":"Warning","message":"Visibility modifier must be first in list of modifiers","ruleId":"visibility-modifier-order","fix":null,"filePath":"Benchmarks/Study_SamplesSet/43b3a5495b7c935c55cc97f0d62111b5.sol"},{"line":233,"column":3,"severity":"Error","message":"Explicitly mark visibility of state","ruleId":"state-visibility","fix":null,"filePath":"Benchmarks/Study_SamplesSet/43b3a5495b7c935c55cc97f0d62111b5.sol"},{"line":233,"column":3,"severity":"Warning","message":"Variable name must be in mixedCase","ruleId":"var-name-mixedcase","fix":null,"filePath":"Benchmarks/Study_SamplesSet/43b3a5495b7c935c55cc97f0d62111b5.sol"},{"line":234,"column":1,"severity":"Warning","message":"Function name must be in mixedCase","ruleId":"func-name-mixedcase","fix":null,"filePath":"Benchmarks/Study_SamplesSet/43b3a5495b7c935c55cc97f0d62111b5.sol"},{"line":236,"column":65,"severity":"Error","message":"Use double quotes for string literals","ruleId":"quotes","filePath":"Benchmarks/Study_SamplesSet/43b3a5495b7c935c55cc97f0d62111b5.sol"},{"line":242,"column":1,"severity":"Warning","message":"Function name must be in mixedCase","ruleId":"func-name-mixedcase","fix":null,"filePath":"Benchmarks/Study_SamplesSet/43b3a5495b7c935c55cc97f0d62111b5.sol"},{"line":242,"column":36,"severity":"Warning","message":"Visibility modifier must be first in list of modifiers","ruleId":"visibility-modifier-order","fix":null,"filePath":"Benchmarks/Study_SamplesSet/43b3a5495b7c935c55cc97f0d62111b5.sol"},{"line":248,"column":3,"severity":"Error","message":"Explicitly mark visibility of state","ruleId":"state-visibility","fix":null,"filePath":"Benchmarks/Study_SamplesSet/43b3a5495b7c935c55cc97f0d62111b5.sol"},{"line":248,"column":3,"severity":"Warning","message":"Variable name must be in mixedCase","ruleId":"var-name-mixedcase","fix":null,"filePath":"Benchmarks/Study_SamplesSet/43b3a5495b7c935c55cc97f0d62111b5.sol"},{"line":249,"column":1,"severity":"Warning","message":"Function name must be in mixedCase","ruleId":"func-name-mixedcase","fix":null,"filePath":"Benchmarks/Study_SamplesSet/43b3a5495b7c935c55cc97f0d62111b5.sol"},{"line":251,"column":65,"severity":"Error","message":"Use double quotes for string literals","ruleId":"quotes","filePath":"Benchmarks/Study_SamplesSet/43b3a5495b7c935c55cc97f0d62111b5.sol"},{"line":257,"column":1,"severity":"Warning","message":"Function name must be in mixedCase","ruleId":"func-name-mixedcase","fix":null,"filePath":"Benchmarks/Study_SamplesSet/43b3a5495b7c935c55cc97f0d62111b5.sol"},{"line":257,"column":36,"severity":"Warning","message":"Visibility modifier must be first in list of modifiers","ruleId":"visibility-modifier-order","fix":null,"filePath":"Benchmarks/Study_SamplesSet/43b3a5495b7c935c55cc97f0d62111b5.sol"},{"line":262,"column":3,"severity":"Error","message":"Explicitly mark visibility of state","ruleId":"state-visibility","fix":null,"filePath":"Benchmarks/Study_SamplesSet/43b3a5495b7c935c55cc97f0d62111b5.sol"},{"line":262,"column":3,"severity":"Warning","message":"Variable name must be in mixedCase","ruleId":"var-name-mixedcase","fix":null,"filePath":"Benchmarks/Study_SamplesSet/43b3a5495b7c935c55cc97f0d62111b5.sol"},{"line":263,"column":1,"severity":"Error","message":"Explicitly mark visibility of state","ruleId":"state-visibility","fix":null,"filePath":"Benchmarks/Study_SamplesSet/43b3a5495b7c935c55cc97f0d62111b5.sol"},{"line":263,"column":1,"severity":"Warning","message":"Variable name must be in mixedCase","ruleId":"var-name-mixedcase","fix":null,"filePath":"Benchmarks/Study_SamplesSet/43b3a5495b7c935c55cc97f0d62111b5.sol"},{"line":264,"column":1,"severity":"Error","message":"Explicitly mark visibility of state","ruleId":"state-visibility","fix":null,"filePath":"Benchmarks/Study_SamplesSet/43b3a5495b7c935c55cc97f0d62111b5.sol"},{"line":264,"column":1,"severity":"Warning","message":"Variable name must be in mixedCase","ruleId":"var-name-mixedcase","fix":null,"filePath":"Benchmarks/Study_SamplesSet/43b3a5495b7c935c55cc97f0d62111b5.sol"},{"line":265,"column":1,"severity":"Warning","message":"Function name must be in mixedCase","ruleId":"func-name-mixedcase","fix":null,"filePath":"Benchmarks/Study_SamplesSet/43b3a5495b7c935c55cc97f0d62111b5.sol"},{"line":266,"column":9,"severity":"Warning","message":"Provide an error message for require","ruleId":"reason-string","fix":null,"filePath":"Benchmarks/Study_SamplesSet/43b3a5495b7c935c55cc97f0d62111b5.sol"},{"line":266,"column":9,"severity":"Warning","message":"Use Custom Errors instead of require statements","ruleId":"custom-errors","fix":null,"filePath":"Benchmarks/Study_SamplesSet/43b3a5495b7c935c55cc97f0d62111b5.sol"},{"line":268,"column":9,"severity":"Warning","message":"Provide an error message for require","ruleId":"reason-string","fix":null,"filePath":"Benchmarks/Study_SamplesSet/43b3a5495b7c935c55cc97f0d62111b5.sol"},{"line":268,"column":9,"severity":"Warning","message":"Use Custom Errors instead of require statements","ruleId":"custom-errors","fix":null,"filePath":"Benchmarks/Study_SamplesSet/43b3a5495b7c935c55cc97f0d62111b5.sol"},{"line":270,"column":9,"severity":"Error","message":"Possible reentrancy vulnerabilities. Avoid state changes after transfer.","ruleId":"reentrancy","fix":null,"filePath":"Benchmarks/Study_SamplesSet/43b3a5495b7c935c55cc97f0d62111b5.sol"},{"line":273,"column":5,"severity":"Warning","message":"Function name must be in mixedCase","ruleId":"func-name-mixedcase","fix":null,"filePath":"Benchmarks/Study_SamplesSet/43b3a5495b7c935c55cc97f0d62111b5.sol"},{"line":274,"column":9,"severity":"Warning","message":"Provide an error message for require","ruleId":"reason-string","fix":null,"filePath":"Benchmarks/Study_SamplesSet/43b3a5495b7c935c55cc97f0d62111b5.sol"},{"line":274,"column":9,"severity":"Warning","message":"Use Custom Errors instead of require statements","ruleId":"custom-errors","fix":null,"filePath":"Benchmarks/Study_SamplesSet/43b3a5495b7c935c55cc97f0d62111b5.sol"},{"line":275,"column":9,"severity":"Warning","message":"Provide an error message for require","ruleId":"reason-string","fix":null,"filePath":"Benchmarks/Study_SamplesSet/43b3a5495b7c935c55cc97f0d62111b5.sol"},{"line":275,"column":9,"severity":"Warning","message":"Use Custom Errors instead of require statements","ruleId":"custom-errors","fix":null,"filePath":"Benchmarks/Study_SamplesSet/43b3a5495b7c935c55cc97f0d62111b5.sol"},{"line":278,"column":9,"severity":"Error","message":"Possible reentrancy vulnerabilities. Avoid state changes after transfer.","ruleId":"reentrancy","fix":null,"filePath":"Benchmarks/Study_SamplesSet/43b3a5495b7c935c55cc97f0d62111b5.sol"},{"line":280,"column":3,"severity":"Warning","message":"Rule is set with explicit type [var/s: uint]","ruleId":"explicit-types","filePath":"Benchmarks/Study_SamplesSet/43b3a5495b7c935c55cc97f0d62111b5.sol"},{"line":281,"column":3,"severity":"Error","message":"Explicitly mark visibility of state","ruleId":"state-visibility","fix":null,"filePath":"Benchmarks/Study_SamplesSet/43b3a5495b7c935c55cc97f0d62111b5.sol"},{"line":281,"column":3,"severity":"Warning","message":"Variable name must be in mixedCase","ruleId":"var-name-mixedcase","fix":null,"filePath":"Benchmarks/Study_SamplesSet/43b3a5495b7c935c55cc97f0d62111b5.sol"},{"line":282,"column":1,"severity":"Warning","message":"Function name must be in mixedCase","ruleId":"func-name-mixedcase","fix":null,"filePath":"Benchmarks/Study_SamplesSet/43b3a5495b7c935c55cc97f0d62111b5.sol"},{"line":284,"column":65,"severity":"Error","message":"Use double quotes for string literals","ruleId":"quotes","filePath":"Benchmarks/Study_SamplesSet/43b3a5495b7c935c55cc97f0d62111b5.sol"},{"line":290,"column":1,"severity":"Warning","message":"Function name must be in mixedCase","ruleId":"func-name-mixedcase","fix":null,"filePath":"Benchmarks/Study_SamplesSet/43b3a5495b7c935c55cc97f0d62111b5.sol"},{"line":290,"column":36,"severity":"Warning","message":"Visibility modifier must be first in list of modifiers","ruleId":"visibility-modifier-order","fix":null,"filePath":"Benchmarks/Study_SamplesSet/43b3a5495b7c935c55cc97f0d62111b5.sol"},{"line":294,"column":3,"severity":"Warning","message":"Event name must be in CamelCase","ruleId":"event-name-camelcase","filePath":"Benchmarks/Study_SamplesSet/43b3a5495b7c935c55cc97f0d62111b5.sol"},{"line":295,"column":3,"severity":"Error","message":"Explicitly mark visibility of state","ruleId":"state-visibility","fix":null,"filePath":"Benchmarks/Study_SamplesSet/43b3a5495b7c935c55cc97f0d62111b5.sol"},{"line":295,"column":3,"severity":"Warning","message":"Variable name must be in mixedCase","ruleId":"var-name-mixedcase","fix":null,"filePath":"Benchmarks/Study_SamplesSet/43b3a5495b7c935c55cc97f0d62111b5.sol"},{"line":296,"column":1,"severity":"Warning","message":"Function name must be in mixedCase","ruleId":"func-name-mixedcase","fix":null,"filePath":"Benchmarks/Study_SamplesSet/43b3a5495b7c935c55cc97f0d62111b5.sol"},{"line":298,"column":65,"severity":"Error","message":"Use double quotes for string literals","ruleId":"quotes","filePath":"Benchmarks/Study_SamplesSet/43b3a5495b7c935c55cc97f0d62111b5.sol"},{"line":304,"column":1,"severity":"Warning","message":"Function name must be in mixedCase","ruleId":"func-name-mixedcase","fix":null,"filePath":"Benchmarks/Study_SamplesSet/43b3a5495b7c935c55cc97f0d62111b5.sol"},{"line":304,"column":36,"severity":"Warning","message":"Visibility modifier must be first in list of modifiers","ruleId":"visibility-modifier-order","fix":null,"filePath":"Benchmarks/Study_SamplesSet/43b3a5495b7c935c55cc97f0d62111b5.sol"},{"line":308,"column":3,"severity":"Warning","message":"Event name must be in CamelCase","ruleId":"event-name-camelcase","filePath":"Benchmarks/Study_SamplesSet/43b3a5495b7c935c55cc97f0d62111b5.sol"},{"line":310,"column":5,"severity":"Warning","message":"Contract, Structs and Enums should be in CamelCase","ruleId":"contract-name-camelcase","filePath":"Benchmarks/Study_SamplesSet/43b3a5495b7c935c55cc97f0d62111b5.sol"},{"line":315,"column":3,"severity":"Error","message":"Explicitly mark visibility of state","ruleId":"state-visibility","fix":null,"filePath":"Benchmarks/Study_SamplesSet/43b3a5495b7c935c55cc97f0d62111b5.sol"},{"line":315,"column":3,"severity":"Warning","message":"Variable name must be in mixedCase","ruleId":"var-name-mixedcase","fix":null,"filePath":"Benchmarks/Study_SamplesSet/43b3a5495b7c935c55cc97f0d62111b5.sol"},{"line":316,"column":1,"severity":"Error","message":"Explicitly mark visibility of state","ruleId":"state-visibility","fix":null,"filePath":"Benchmarks/Study_SamplesSet/43b3a5495b7c935c55cc97f0d62111b5.sol"},{"line":316,"column":1,"severity":"Warning","message":"Variable name must be in mixedCase","ruleId":"var-name-mixedcase","fix":null,"filePath":"Benchmarks/Study_SamplesSet/43b3a5495b7c935c55cc97f0d62111b5.sol"},{"line":317,"column":1,"severity":"Error","message":"Explicitly mark visibility of state","ruleId":"state-visibility","fix":null,"filePath":"Benchmarks/Study_SamplesSet/43b3a5495b7c935c55cc97f0d62111b5.sol"},{"line":317,"column":1,"severity":"Warning","message":"Variable name must be in mixedCase","ruleId":"var-name-mixedcase","fix":null,"filePath":"Benchmarks/Study_SamplesSet/43b3a5495b7c935c55cc97f0d62111b5.sol"},{"line":318,"column":1,"severity":"Warning","message":"Function name must be in mixedCase","ruleId":"func-name-mixedcase","fix":null,"filePath":"Benchmarks/Study_SamplesSet/43b3a5495b7c935c55cc97f0d62111b5.sol"},{"line":319,"column":9,"severity":"Warning","message":"Provide an error message for require","ruleId":"reason-string","fix":null,"filePath":"Benchmarks/Study_SamplesSet/43b3a5495b7c935c55cc97f0d62111b5.sol"},{"line":319,"column":9,"severity":"Warning","message":"Use Custom Errors instead of require statements","ruleId":"custom-errors","fix":null,"filePath":"Benchmarks/Study_SamplesSet/43b3a5495b7c935c55cc97f0d62111b5.sol"},{"line":321,"column":9,"severity":"Warning","message":"Provide an error message for require","ruleId":"reason-string","fix":null,"filePath":"Benchmarks/Study_SamplesSet/43b3a5495b7c935c55cc97f0d62111b5.sol"},{"line":321,"column":9,"severity":"Warning","message":"Use Custom Errors instead of require statements","ruleId":"custom-errors","fix":null,"filePath":"Benchmarks/Study_SamplesSet/43b3a5495b7c935c55cc97f0d62111b5.sol"},{"line":323,"column":9,"severity":"Error","message":"Possible reentrancy vulnerabilities. Avoid state changes after transfer.","ruleId":"reentrancy","fix":null,"filePath":"Benchmarks/Study_SamplesSet/43b3a5495b7c935c55cc97f0d62111b5.sol"},{"line":326,"column":5,"severity":"Warning","message":"Function name must be in mixedCase","ruleId":"func-name-mixedcase","fix":null,"filePath":"Benchmarks/Study_SamplesSet/43b3a5495b7c935c55cc97f0d62111b5.sol"},{"line":327,"column":9,"severity":"Warning","message":"Provide an error message for require","ruleId":"reason-string","fix":null,"filePath":"Benchmarks/Study_SamplesSet/43b3a5495b7c935c55cc97f0d62111b5.sol"},{"line":327,"column":9,"severity":"Warning","message":"Use Custom Errors instead of require statements","ruleId":"custom-errors","fix":null,"filePath":"Benchmarks/Study_SamplesSet/43b3a5495b7c935c55cc97f0d62111b5.sol"},{"line":328,"column":9,"severity":"Warning","message":"Provide an error message for require","ruleId":"reason-string","fix":null,"filePath":"Benchmarks/Study_SamplesSet/43b3a5495b7c935c55cc97f0d62111b5.sol"},{"line":328,"column":9,"severity":"Warning","message":"Use Custom Errors instead of require statements","ruleId":"custom-errors","fix":null,"filePath":"Benchmarks/Study_SamplesSet/43b3a5495b7c935c55cc97f0d62111b5.sol"},{"line":331,"column":9,"severity":"Error","message":"Possible reentrancy vulnerabilities. Avoid state changes after transfer.","ruleId":"reentrancy","fix":null,"filePath":"Benchmarks/Study_SamplesSet/43b3a5495b7c935c55cc97f0d62111b5.sol"},{"line":333,"column":3,"severity":"Error","message":"Explicitly mark visibility of state","ruleId":"state-visibility","fix":null,"filePath":"Benchmarks/Study_SamplesSet/43b3a5495b7c935c55cc97f0d62111b5.sol"},{"line":337,"column":17,"severity":"Error","message":"Explicitly mark all external contracts as trusted or untrusted","ruleId":"mark-callable-contracts","filePath":"Benchmarks/Study_SamplesSet/43b3a5495b7c935c55cc97f0d62111b5.sol"},{"line":339,"column":9,"severity":"Warning","message":"Rule is set with explicit type [var/s: uint]","ruleId":"explicit-types","filePath":"Benchmarks/Study_SamplesSet/43b3a5495b7c935c55cc97f0d62111b5.sol"},{"line":341,"column":1,"severity":"Error","message":"Explicitly mark visibility of state","ruleId":"state-visibility","fix":null,"filePath":"Benchmarks/Study_SamplesSet/43b3a5495b7c935c55cc97f0d62111b5.sol"},{"line":341,"column":1,"severity":"Warning","message":"Variable name must be in mixedCase","ruleId":"var-name-mixedcase","fix":null,"filePath":"Benchmarks/Study_SamplesSet/43b3a5495b7c935c55cc97f0d62111b5.sol"},{"line":342,"column":1,"severity":"Error","message":"Explicitly mark visibility of state","ruleId":"state-visibility","fix":null,"filePath":"Benchmarks/Study_SamplesSet/43b3a5495b7c935c55cc97f0d62111b5.sol"},{"line":342,"column":1,"severity":"Warning","message":"Variable name must be in mixedCase","ruleId":"var-name-mixedcase","fix":null,"filePath":"Benchmarks/Study_SamplesSet/43b3a5495b7c935c55cc97f0d62111b5.sol"},{"line":343,"column":1,"severity":"Error","message":"Explicitly mark visibility of state","ruleId":"state-visibility","fix":null,"filePath":"Benchmarks/Study_SamplesSet/43b3a5495b7c935c55cc97f0d62111b5.sol"},{"line":343,"column":1,"severity":"Warning","message":"Variable name must be in mixedCase","ruleId":"var-name-mixedcase","fix":null,"filePath":"Benchmarks/Study_SamplesSet/43b3a5495b7c935c55cc97f0d62111b5.sol"},{"line":344,"column":1,"severity":"Warning","message":"Function name must be in mixedCase","ruleId":"func-name-mixedcase","fix":null,"filePath":"Benchmarks/Study_SamplesSet/43b3a5495b7c935c55cc97f0d62111b5.sol"},{"line":345,"column":9,"severity":"Warning","message":"Provide an error message for require","ruleId":"reason-string","fix":null,"filePath":"Benchmarks/Study_SamplesSet/43b3a5495b7c935c55cc97f0d62111b5.sol"},{"line":345,"column":9,"severity":"Warning","message":"Use Custom Errors instead of require statements","ruleId":"custom-errors","fix":null,"filePath":"Benchmarks/Study_SamplesSet/43b3a5495b7c935c55cc97f0d62111b5.sol"},{"line":347,"column":9,"severity":"Warning","message":"Provide an error message for require","ruleId":"reason-string","fix":null,"filePath":"Benchmarks/Study_SamplesSet/43b3a5495b7c935c55cc97f0d62111b5.sol"},{"line":347,"column":9,"severity":"Warning","message":"Use Custom Errors instead of require statements","ruleId":"custom-errors","fix":null,"filePath":"Benchmarks/Study_SamplesSet/43b3a5495b7c935c55cc97f0d62111b5.sol"},{"line":349,"column":9,"severity":"Error","message":"Possible reentrancy vulnerabilities. Avoid state changes after transfer.","ruleId":"reentrancy","fix":null,"filePath":"Benchmarks/Study_SamplesSet/43b3a5495b7c935c55cc97f0d62111b5.sol"},{"line":352,"column":5,"severity":"Warning","message":"Function name must be in mixedCase","ruleId":"func-name-mixedcase","fix":null,"filePath":"Benchmarks/Study_SamplesSet/43b3a5495b7c935c55cc97f0d62111b5.sol"},{"line":353,"column":9,"severity":"Warning","message":"Provide an error message for require","ruleId":"reason-string","fix":null,"filePath":"Benchmarks/Study_SamplesSet/43b3a5495b7c935c55cc97f0d62111b5.sol"},{"line":353,"column":9,"severity":"Warning","message":"Use Custom Errors instead of require statements","ruleId":"custom-errors","fix":null,"filePath":"Benchmarks/Study_SamplesSet/43b3a5495b7c935c55cc97f0d62111b5.sol"},{"line":354,"column":9,"severity":"Warning","message":"Provide an error message for require","ruleId":"reason-string","fix":null,"filePath":"Benchmarks/Study_SamplesSet/43b3a5495b7c935c55cc97f0d62111b5.sol"},{"line":354,"column":9,"severity":"Warning","message":"Use Custom Errors instead of require statements","ruleId":"custom-errors","fix":null,"filePath":"Benchmarks/Study_SamplesSet/43b3a5495b7c935c55cc97f0d62111b5.sol"},{"line":357,"column":9,"severity":"Error","message":"Possible reentrancy vulnerabilities. Avoid state changes after transfer.","ruleId":"reentrancy","fix":null,"filePath":"Benchmarks/Study_SamplesSet/43b3a5495b7c935c55cc97f0d62111b5.sol"},{"line":361,"column":9,"severity":"Warning","message":"Provide an error message for require","ruleId":"reason-string","fix":null,"filePath":"Benchmarks/Study_SamplesSet/43b3a5495b7c935c55cc97f0d62111b5.sol"},{"line":361,"column":9,"severity":"Warning","message":"Use Custom Errors instead of require statements","ruleId":"custom-errors","fix":null,"filePath":"Benchmarks/Study_SamplesSet/43b3a5495b7c935c55cc97f0d62111b5.sol"},{"line":362,"column":9,"severity":"Warning","message":"Provide an error message for require","ruleId":"reason-string","fix":null,"filePath":"Benchmarks/Study_SamplesSet/43b3a5495b7c935c55cc97f0d62111b5.sol"},{"line":362,"column":9,"severity":"Warning","message":"Use Custom Errors instead of require statements","ruleId":"custom-errors","fix":null,"filePath":"Benchmarks/Study_SamplesSet/43b3a5495b7c935c55cc97f0d62111b5.sol"},{"line":363,"column":35,"severity":"Error","message":"Avoid making time-based decisions in your business logic","ruleId":"not-rely-on-time","fix":null,"filePath":"Benchmarks/Study_SamplesSet/43b3a5495b7c935c55cc97f0d62111b5.sol"},{"line":367,"column":1,"severity":"Error","message":"Explicitly mark visibility of state","ruleId":"state-visibility","fix":null,"filePath":"Benchmarks/Study_SamplesSet/43b3a5495b7c935c55cc97f0d62111b5.sol"},{"line":367,"column":1,"severity":"Warning","message":"Variable name must be in mixedCase","ruleId":"var-name-mixedcase","fix":null,"filePath":"Benchmarks/Study_SamplesSet/43b3a5495b7c935c55cc97f0d62111b5.sol"},{"line":368,"column":1,"severity":"Error","message":"Explicitly mark visibility of state","ruleId":"state-visibility","fix":null,"filePath":"Benchmarks/Study_SamplesSet/43b3a5495b7c935c55cc97f0d62111b5.sol"},{"line":368,"column":1,"severity":"Warning","message":"Variable name must be in mixedCase","ruleId":"var-name-mixedcase","fix":null,"filePath":"Benchmarks/Study_SamplesSet/43b3a5495b7c935c55cc97f0d62111b5.sol"},{"line":369,"column":1,"severity":"Error","message":"Explicitly mark visibility of state","ruleId":"state-visibility","fix":null,"filePath":"Benchmarks/Study_SamplesSet/43b3a5495b7c935c55cc97f0d62111b5.sol"},{"line":369,"column":1,"severity":"Warning","message":"Variable name must be in mixedCase","ruleId":"var-name-mixedcase","fix":null,"filePath":"Benchmarks/Study_SamplesSet/43b3a5495b7c935c55cc97f0d62111b5.sol"},{"line":370,"column":1,"severity":"Warning","message":"Function name must be in mixedCase","ruleId":"func-name-mixedcase","fix":null,"filePath":"Benchmarks/Study_SamplesSet/43b3a5495b7c935c55cc97f0d62111b5.sol"},{"line":371,"column":9,"severity":"Warning","message":"Provide an error message for require","ruleId":"reason-string","fix":null,"filePath":"Benchmarks/Study_SamplesSet/43b3a5495b7c935c55cc97f0d62111b5.sol"},{"line":371,"column":9,"severity":"Warning","message":"Use Custom Errors instead of require statements","ruleId":"custom-errors","fix":null,"filePath":"Benchmarks/Study_SamplesSet/43b3a5495b7c935c55cc97f0d62111b5.sol"},{"line":373,"column":9,"severity":"Warning","message":"Provide an error message for require","ruleId":"reason-string","fix":null,"filePath":"Benchmarks/Study_SamplesSet/43b3a5495b7c935c55cc97f0d62111b5.sol"},{"line":373,"column":9,"severity":"Warning","message":"Use Custom Errors instead of require statements","ruleId":"custom-errors","fix":null,"filePath":"Benchmarks/Study_SamplesSet/43b3a5495b7c935c55cc97f0d62111b5.sol"},{"line":375,"column":9,"severity":"Error","message":"Possible reentrancy vulnerabilities. Avoid state changes after transfer.","ruleId":"reentrancy","fix":null,"filePath":"Benchmarks/Study_SamplesSet/43b3a5495b7c935c55cc97f0d62111b5.sol"},{"line":378,"column":5,"severity":"Warning","message":"Function name must be in mixedCase","ruleId":"func-name-mixedcase","fix":null,"filePath":"Benchmarks/Study_SamplesSet/43b3a5495b7c935c55cc97f0d62111b5.sol"},{"line":379,"column":9,"severity":"Warning","message":"Provide an error message for require","ruleId":"reason-string","fix":null,"filePath":"Benchmarks/Study_SamplesSet/43b3a5495b7c935c55cc97f0d62111b5.sol"},{"line":379,"column":9,"severity":"Warning","message":"Use Custom Errors instead of require statements","ruleId":"custom-errors","fix":null,"filePath":"Benchmarks/Study_SamplesSet/43b3a5495b7c935c55cc97f0d62111b5.sol"},{"line":380,"column":9,"severity":"Warning","message":"Provide an error message for require","ruleId":"reason-string","fix":null,"filePath":"Benchmarks/Study_SamplesSet/43b3a5495b7c935c55cc97f0d62111b5.sol"},{"line":380,"column":9,"severity":"Warning","message":"Use Custom Errors instead of require statements","ruleId":"custom-errors","fix":null,"filePath":"Benchmarks/Study_SamplesSet/43b3a5495b7c935c55cc97f0d62111b5.sol"},{"line":383,"column":9,"severity":"Error","message":"Possible reentrancy vulnerabilities. Avoid state changes after transfer.","ruleId":"reentrancy","fix":null,"filePath":"Benchmarks/Study_SamplesSet/43b3a5495b7c935c55cc97f0d62111b5.sol"},{"line":387,"column":9,"severity":"Warning","message":"Provide an error message for require","ruleId":"reason-string","fix":null,"filePath":"Benchmarks/Study_SamplesSet/43b3a5495b7c935c55cc97f0d62111b5.sol"},{"line":387,"column":9,"severity":"Warning","message":"Use Custom Errors instead of require statements","ruleId":"custom-errors","fix":null,"filePath":"Benchmarks/Study_SamplesSet/43b3a5495b7c935c55cc97f0d62111b5.sol"},{"line":388,"column":9,"severity":"Warning","message":"Provide an error message for require","ruleId":"reason-string","fix":null,"filePath":"Benchmarks/Study_SamplesSet/43b3a5495b7c935c55cc97f0d62111b5.sol"},{"line":388,"column":9,"severity":"Warning","message":"Use Custom Errors instead of require statements","ruleId":"custom-errors","fix":null,"filePath":"Benchmarks/Study_SamplesSet/43b3a5495b7c935c55cc97f0d62111b5.sol"},{"line":389,"column":9,"severity":"Warning","message":"Provide an error message for require","ruleId":"reason-string","fix":null,"filePath":"Benchmarks/Study_SamplesSet/43b3a5495b7c935c55cc97f0d62111b5.sol"},{"line":389,"column":9,"severity":"Warning","message":"Use Custom Errors instead of require statements","ruleId":"custom-errors","fix":null,"filePath":"Benchmarks/Study_SamplesSet/43b3a5495b7c935c55cc97f0d62111b5.sol"},{"line":389,"column":56,"severity":"Error","message":"Avoid making time-based decisions in your business logic","ruleId":"not-rely-on-time","fix":null,"filePath":"Benchmarks/Study_SamplesSet/43b3a5495b7c935c55cc97f0d62111b5.sol"},{"line":390,"column":9,"severity":"Warning","message":"Provide an error message for require","ruleId":"reason-string","fix":null,"filePath":"Benchmarks/Study_SamplesSet/43b3a5495b7c935c55cc97f0d62111b5.sol"},{"line":390,"column":9,"severity":"Warning","message":"Use Custom Errors instead of require statements","ruleId":"custom-errors","fix":null,"filePath":"Benchmarks/Study_SamplesSet/43b3a5495b7c935c55cc97f0d62111b5.sol"},{"line":391,"column":9,"severity":"Warning","message":"Provide an error message for require","ruleId":"reason-string","fix":null,"filePath":"Benchmarks/Study_SamplesSet/43b3a5495b7c935c55cc97f0d62111b5.sol"},{"line":391,"column":9,"severity":"Warning","message":"Use Custom Errors instead of require statements","ruleId":"custom-errors","fix":null,"filePath":"Benchmarks/Study_SamplesSet/43b3a5495b7c935c55cc97f0d62111b5.sol"},{"line":393,"column":9,"severity":"Error","message":"Possible reentrancy vulnerabilities. Avoid state changes after transfer.","ruleId":"reentrancy","fix":null,"filePath":"Benchmarks/Study_SamplesSet/43b3a5495b7c935c55cc97f0d62111b5.sol"},{"line":394,"column":9,"severity":"Error","message":"Possible reentrancy vulnerabilities. Avoid state changes after transfer.","ruleId":"reentrancy","fix":null,"filePath":"Benchmarks/Study_SamplesSet/43b3a5495b7c935c55cc97f0d62111b5.sol"},{"line":396,"column":1,"severity":"Error","message":"Explicitly mark visibility of state","ruleId":"state-visibility","fix":null,"filePath":"Benchmarks/Study_SamplesSet/43b3a5495b7c935c55cc97f0d62111b5.sol"},{"line":396,"column":1,"severity":"Warning","message":"Variable name must be in mixedCase","ruleId":"var-name-mixedcase","fix":null,"filePath":"Benchmarks/Study_SamplesSet/43b3a5495b7c935c55cc97f0d62111b5.sol"},{"line":397,"column":1,"severity":"Error","message":"Explicitly mark visibility of state","ruleId":"state-visibility","fix":null,"filePath":"Benchmarks/Study_SamplesSet/43b3a5495b7c935c55cc97f0d62111b5.sol"},{"line":397,"column":1,"severity":"Warning","message":"Variable name must be in mixedCase","ruleId":"var-name-mixedcase","fix":null,"filePath":"Benchmarks/Study_SamplesSet/43b3a5495b7c935c55cc97f0d62111b5.sol"},{"line":398,"column":1,"severity":"Error","message":"Explicitly mark visibility of state","ruleId":"state-visibility","fix":null,"filePath":"Benchmarks/Study_SamplesSet/43b3a5495b7c935c55cc97f0d62111b5.sol"},{"line":398,"column":1,"severity":"Warning","message":"Variable name must be in mixedCase","ruleId":"var-name-mixedcase","fix":null,"filePath":"Benchmarks/Study_SamplesSet/43b3a5495b7c935c55cc97f0d62111b5.sol"},{"line":399,"column":1,"severity":"Warning","message":"Function name must be in mixedCase","ruleId":"func-name-mixedcase","fix":null,"filePath":"Benchmarks/Study_SamplesSet/43b3a5495b7c935c55cc97f0d62111b5.sol"},{"line":400,"column":9,"severity":"Warning","message":"Provide an error message for require","ruleId":"reason-string","fix":null,"filePath":"Benchmarks/Study_SamplesSet/43b3a5495b7c935c55cc97f0d62111b5.sol"},{"line":400,"column":9,"severity":"Warning","message":"Use Custom Errors instead of require statements","ruleId":"custom-errors","fix":null,"filePath":"Benchmarks/Study_SamplesSet/43b3a5495b7c935c55cc97f0d62111b5.sol"},{"line":402,"column":9,"severity":"Warning","message":"Provide an error message for require","ruleId":"reason-string","fix":null,"filePath":"Benchmarks/Study_SamplesSet/43b3a5495b7c935c55cc97f0d62111b5.sol"},{"line":402,"column":9,"severity":"Warning","message":"Use Custom Errors instead of require statements","ruleId":"custom-errors","fix":null,"filePath":"Benchmarks/Study_SamplesSet/43b3a5495b7c935c55cc97f0d62111b5.sol"},{"line":404,"column":9,"severity":"Error","message":"Possible reentrancy vulnerabilities. Avoid state changes after transfer.","ruleId":"reentrancy","fix":null,"filePath":"Benchmarks/Study_SamplesSet/43b3a5495b7c935c55cc97f0d62111b5.sol"},{"line":407,"column":5,"severity":"Warning","message":"Function name must be in mixedCase","ruleId":"func-name-mixedcase","fix":null,"filePath":"Benchmarks/Study_SamplesSet/43b3a5495b7c935c55cc97f0d62111b5.sol"},{"line":408,"column":9,"severity":"Warning","message":"Provide an error message for require","ruleId":"reason-string","fix":null,"filePath":"Benchmarks/Study_SamplesSet/43b3a5495b7c935c55cc97f0d62111b5.sol"},{"line":408,"column":9,"severity":"Warning","message":"Use Custom Errors instead of require statements","ruleId":"custom-errors","fix":null,"filePath":"Benchmarks/Study_SamplesSet/43b3a5495b7c935c55cc97f0d62111b5.sol"},{"line":409,"column":9,"severity":"Warning","message":"Provide an error message for require","ruleId":"reason-string","fix":null,"filePath":"Benchmarks/Study_SamplesSet/43b3a5495b7c935c55cc97f0d62111b5.sol"},{"line":409,"column":9,"severity":"Warning","message":"Use Custom Errors instead of require statements","ruleId":"custom-errors","fix":null,"filePath":"Benchmarks/Study_SamplesSet/43b3a5495b7c935c55cc97f0d62111b5.sol"},{"line":412,"column":9,"severity":"Error","message":"Possible reentrancy vulnerabilities. Avoid state changes after transfer.","ruleId":"reentrancy","fix":null,"filePath":"Benchmarks/Study_SamplesSet/43b3a5495b7c935c55cc97f0d62111b5.sol"},{"line":415,"column":32,"severity":"Warning","message":"Variable name must be in mixedCase","ruleId":"var-name-mixedcase","fix":null,"filePath":"Benchmarks/Study_SamplesSet/43b3a5495b7c935c55cc97f0d62111b5.sol"},{"line":416,"column":9,"severity":"Warning","message":"Rule is set with explicit type [var/s: uint]","ruleId":"explicit-types","filePath":"Benchmarks/Study_SamplesSet/43b3a5495b7c935c55cc97f0d62111b5.sol"},{"line":418,"column":1,"severity":"Error","message":"Explicitly mark visibility of state","ruleId":"state-visibility","fix":null,"filePath":"Benchmarks/Study_SamplesSet/43b3a5495b7c935c55cc97f0d62111b5.sol"},{"line":418,"column":1,"severity":"Warning","message":"Variable name must be in mixedCase","ruleId":"var-name-mixedcase","fix":null,"filePath":"Benchmarks/Study_SamplesSet/43b3a5495b7c935c55cc97f0d62111b5.sol"},{"line":419,"column":1,"severity":"Warning","message":"Function name must be in mixedCase","ruleId":"func-name-mixedcase","fix":null,"filePath":"Benchmarks/Study_SamplesSet/43b3a5495b7c935c55cc97f0d62111b5.sol"},{"line":421,"column":65,"severity":"Error","message":"Use double quotes for string literals","ruleId":"quotes","filePath":"Benchmarks/Study_SamplesSet/43b3a5495b7c935c55cc97f0d62111b5.sol"},{"line":427,"column":1,"severity":"Warning","message":"Function name must be in mixedCase","ruleId":"func-name-mixedcase","fix":null,"filePath":"Benchmarks/Study_SamplesSet/43b3a5495b7c935c55cc97f0d62111b5.sol"},{"line":427,"column":36,"severity":"Warning","message":"Visibility modifier must be first in list of modifiers","ruleId":"visibility-modifier-order","fix":null,"filePath":"Benchmarks/Study_SamplesSet/43b3a5495b7c935c55cc97f0d62111b5.sol"},{"line":435,"column":1,"severity":"Error","message":"Explicitly mark visibility of state","ruleId":"state-visibility","fix":null,"filePath":"Benchmarks/Study_SamplesSet/43b3a5495b7c935c55cc97f0d62111b5.sol"},{"line":435,"column":1,"severity":"Warning","message":"Variable name must be in mixedCase","ruleId":"var-name-mixedcase","fix":null,"filePath":"Benchmarks/Study_SamplesSet/43b3a5495b7c935c55cc97f0d62111b5.sol"},{"line":436,"column":1,"severity":"Error","message":"Explicitly mark visibility of state","ruleId":"state-visibility","fix":null,"filePath":"Benchmarks/Study_SamplesSet/43b3a5495b7c935c55cc97f0d62111b5.sol"},{"line":436,"column":1,"severity":"Warning","message":"Variable name must be in mixedCase","ruleId":"var-name-mixedcase","fix":null,"filePath":"Benchmarks/Study_SamplesSet/43b3a5495b7c935c55cc97f0d62111b5.sol"},{"line":437,"column":1,"severity":"Error","message":"Explicitly mark visibility of state","ruleId":"state-visibility","fix":null,"filePath":"Benchmarks/Study_SamplesSet/43b3a5495b7c935c55cc97f0d62111b5.sol"},{"line":437,"column":1,"severity":"Warning","message":"Variable name must be in mixedCase","ruleId":"var-name-mixedcase","fix":null,"filePath":"Benchmarks/Study_SamplesSet/43b3a5495b7c935c55cc97f0d62111b5.sol"},{"line":438,"column":1,"severity":"Warning","message":"Function name must be in mixedCase","ruleId":"func-name-mixedcase","fix":null,"filePath":"Benchmarks/Study_SamplesSet/43b3a5495b7c935c55cc97f0d62111b5.sol"},{"line":439,"column":9,"severity":"Warning","message":"Provide an error message for require","ruleId":"reason-string","fix":null,"filePath":"Benchmarks/Study_SamplesSet/43b3a5495b7c935c55cc97f0d62111b5.sol"},{"line":439,"column":9,"severity":"Warning","message":"Use Custom Errors instead of require statements","ruleId":"custom-errors","fix":null,"filePath":"Benchmarks/Study_SamplesSet/43b3a5495b7c935c55cc97f0d62111b5.sol"},{"line":441,"column":9,"severity":"Warning","message":"Provide an error message for require","ruleId":"reason-string","fix":null,"filePath":"Benchmarks/Study_SamplesSet/43b3a5495b7c935c55cc97f0d62111b5.sol"},{"line":441,"column":9,"severity":"Warning","message":"Use Custom Errors instead of require statements","ruleId":"custom-errors","fix":null,"filePath":"Benchmarks/Study_SamplesSet/43b3a5495b7c935c55cc97f0d62111b5.sol"},{"line":443,"column":9,"severity":"Error","message":"Possible reentrancy vulnerabilities. Avoid state changes after transfer.","ruleId":"reentrancy","fix":null,"filePath":"Benchmarks/Study_SamplesSet/43b3a5495b7c935c55cc97f0d62111b5.sol"},{"line":446,"column":5,"severity":"Warning","message":"Function name must be in mixedCase","ruleId":"func-name-mixedcase","fix":null,"filePath":"Benchmarks/Study_SamplesSet/43b3a5495b7c935c55cc97f0d62111b5.sol"},{"line":447,"column":9,"severity":"Warning","message":"Provide an error message for require","ruleId":"reason-string","fix":null,"filePath":"Benchmarks/Study_SamplesSet/43b3a5495b7c935c55cc97f0d62111b5.sol"},{"line":447,"column":9,"severity":"Warning","message":"Use Custom Errors instead of require statements","ruleId":"custom-errors","fix":null,"filePath":"Benchmarks/Study_SamplesSet/43b3a5495b7c935c55cc97f0d62111b5.sol"},{"line":448,"column":9,"severity":"Warning","message":"Provide an error message for require","ruleId":"reason-string","fix":null,"filePath":"Benchmarks/Study_SamplesSet/43b3a5495b7c935c55cc97f0d62111b5.sol"},{"line":448,"column":9,"severity":"Warning","message":"Use Custom Errors instead of require statements","ruleId":"custom-errors","fix":null,"filePath":"Benchmarks/Study_SamplesSet/43b3a5495b7c935c55cc97f0d62111b5.sol"},{"line":451,"column":9,"severity":"Error","message":"Possible reentrancy vulnerabilities. Avoid state changes after transfer.","ruleId":"reentrancy","fix":null,"filePath":"Benchmarks/Study_SamplesSet/43b3a5495b7c935c55cc97f0d62111b5.sol"},{"line":454,"column":38,"severity":"Warning","message":"Rule is set with explicit type [var/s: uint]","ruleId":"explicit-types","filePath":"Benchmarks/Study_SamplesSet/43b3a5495b7c935c55cc97f0d62111b5.sol"},{"line":458,"column":1,"severity":"Error","message":"Explicitly mark visibility of state","ruleId":"state-visibility","fix":null,"filePath":"Benchmarks/Study_SamplesSet/43b3a5495b7c935c55cc97f0d62111b5.sol"},{"line":458,"column":1,"severity":"Warning","message":"Variable name must be in mixedCase","ruleId":"var-name-mixedcase","fix":null,"filePath":"Benchmarks/Study_SamplesSet/43b3a5495b7c935c55cc97f0d62111b5.sol"},{"line":459,"column":1,"severity":"Warning","message":"Function name must be in mixedCase","ruleId":"func-name-mixedcase","fix":null,"filePath":"Benchmarks/Study_SamplesSet/43b3a5495b7c935c55cc97f0d62111b5.sol"},{"line":461,"column":65,"severity":"Error","message":"Use double quotes for string literals","ruleId":"quotes","filePath":"Benchmarks/Study_SamplesSet/43b3a5495b7c935c55cc97f0d62111b5.sol"},{"line":467,"column":1,"severity":"Warning","message":"Function name must be in mixedCase","ruleId":"func-name-mixedcase","fix":null,"filePath":"Benchmarks/Study_SamplesSet/43b3a5495b7c935c55cc97f0d62111b5.sol"},{"line":467,"column":36,"severity":"Warning","message":"Visibility modifier must be first in list of modifiers","ruleId":"visibility-modifier-order","fix":null,"filePath":"Benchmarks/Study_SamplesSet/43b3a5495b7c935c55cc97f0d62111b5.sol"},{"line":475,"column":1,"severity":"Error","message":"Explicitly mark visibility of state","ruleId":"state-visibility","fix":null,"filePath":"Benchmarks/Study_SamplesSet/43b3a5495b7c935c55cc97f0d62111b5.sol"},{"line":475,"column":1,"severity":"Warning","message":"Variable name must be in mixedCase","ruleId":"var-name-mixedcase","fix":null,"filePath":"Benchmarks/Study_SamplesSet/43b3a5495b7c935c55cc97f0d62111b5.sol"},{"line":476,"column":1,"severity":"Error","message":"Explicitly mark visibility of state","ruleId":"state-visibility","fix":null,"filePath":"Benchmarks/Study_SamplesSet/43b3a5495b7c935c55cc97f0d62111b5.sol"},{"line":476,"column":1,"severity":"Warning","message":"Variable name must be in mixedCase","ruleId":"var-name-mixedcase","fix":null,"filePath":"Benchmarks/Study_SamplesSet/43b3a5495b7c935c55cc97f0d62111b5.sol"},{"line":477,"column":1,"severity":"Error","message":"Explicitly mark visibility of state","ruleId":"state-visibility","fix":null,"filePath":"Benchmarks/Study_SamplesSet/43b3a5495b7c935c55cc97f0d62111b5.sol"},{"line":477,"column":1,"severity":"Warning","message":"Variable name must be in mixedCase","ruleId":"var-name-mixedcase","fix":null,"filePath":"Benchmarks/Study_SamplesSet/43b3a5495b7c935c55cc97f0d62111b5.sol"},{"line":478,"column":1,"severity":"Warning","message":"Function name must be in mixedCase","ruleId":"func-name-mixedcase","fix":null,"filePath":"Benchmarks/Study_SamplesSet/43b3a5495b7c935c55cc97f0d62111b5.sol"},{"line":479,"column":9,"severity":"Warning","message":"Provide an error message for require","ruleId":"reason-string","fix":null,"filePath":"Benchmarks/Study_SamplesSet/43b3a5495b7c935c55cc97f0d62111b5.sol"},{"line":479,"column":9,"severity":"Warning","message":"Use Custom Errors instead of require statements","ruleId":"custom-errors","fix":null,"filePath":"Benchmarks/Study_SamplesSet/43b3a5495b7c935c55cc97f0d62111b5.sol"},{"line":481,"column":9,"severity":"Warning","message":"Provide an error message for require","ruleId":"reason-string","fix":null,"filePath":"Benchmarks/Study_SamplesSet/43b3a5495b7c935c55cc97f0d62111b5.sol"},{"line":481,"column":9,"severity":"Warning","message":"Use Custom Errors instead of require statements","ruleId":"custom-errors","fix":null,"filePath":"Benchmarks/Study_SamplesSet/43b3a5495b7c935c55cc97f0d62111b5.sol"},{"line":483,"column":9,"severity":"Error","message":"Possible reentrancy vulnerabilities. Avoid state changes after transfer.","ruleId":"reentrancy","fix":null,"filePath":"Benchmarks/Study_SamplesSet/43b3a5495b7c935c55cc97f0d62111b5.sol"},{"line":486,"column":5,"severity":"Warning","message":"Function name must be in mixedCase","ruleId":"func-name-mixedcase","fix":null,"filePath":"Benchmarks/Study_SamplesSet/43b3a5495b7c935c55cc97f0d62111b5.sol"},{"line":487,"column":9,"severity":"Warning","message":"Provide an error message for require","ruleId":"reason-string","fix":null,"filePath":"Benchmarks/Study_SamplesSet/43b3a5495b7c935c55cc97f0d62111b5.sol"},{"line":487,"column":9,"severity":"Warning","message":"Use Custom Errors instead of require statements","ruleId":"custom-errors","fix":null,"filePath":"Benchmarks/Study_SamplesSet/43b3a5495b7c935c55cc97f0d62111b5.sol"},{"line":488,"column":9,"severity":"Warning","message":"Provide an error message for require","ruleId":"reason-string","fix":null,"filePath":"Benchmarks/Study_SamplesSet/43b3a5495b7c935c55cc97f0d62111b5.sol"},{"line":488,"column":9,"severity":"Warning","message":"Use Custom Errors instead of require statements","ruleId":"custom-errors","fix":null,"filePath":"Benchmarks/Study_SamplesSet/43b3a5495b7c935c55cc97f0d62111b5.sol"},{"line":491,"column":9,"severity":"Error","message":"Possible reentrancy vulnerabilities. Avoid state changes after transfer.","ruleId":"reentrancy","fix":null,"filePath":"Benchmarks/Study_SamplesSet/43b3a5495b7c935c55cc97f0d62111b5.sol"},{"line":499,"column":1,"severity":"Error","message":"Explicitly mark visibility of state","ruleId":"state-visibility","fix":null,"filePath":"Benchmarks/Study_SamplesSet/43b3a5495b7c935c55cc97f0d62111b5.sol"},{"line":499,"column":1,"severity":"Warning","message":"Variable name must be in mixedCase","ruleId":"var-name-mixedcase","fix":null,"filePath":"Benchmarks/Study_SamplesSet/43b3a5495b7c935c55cc97f0d62111b5.sol"},{"line":500,"column":1,"severity":"Warning","message":"Function name must be in mixedCase","ruleId":"func-name-mixedcase","fix":null,"filePath":"Benchmarks/Study_SamplesSet/43b3a5495b7c935c55cc97f0d62111b5.sol"},{"line":502,"column":65,"severity":"Error","message":"Use double quotes for string literals","ruleId":"quotes","filePath":"Benchmarks/Study_SamplesSet/43b3a5495b7c935c55cc97f0d62111b5.sol"},{"line":508,"column":1,"severity":"Warning","message":"Function name must be in mixedCase","ruleId":"func-name-mixedcase","fix":null,"filePath":"Benchmarks/Study_SamplesSet/43b3a5495b7c935c55cc97f0d62111b5.sol"},{"line":508,"column":36,"severity":"Warning","message":"Visibility modifier must be first in list of modifiers","ruleId":"visibility-modifier-order","fix":null,"filePath":"Benchmarks/Study_SamplesSet/43b3a5495b7c935c55cc97f0d62111b5.sol"},{"conclusion":"316 problem/s (91 error/s, 225 warning/s)"}]
