[{"line":1,"column":1,"severity":"Warning","message":"Found more than One contract per file. 14 contracts found!","ruleId":"one-contract-per-file","fix":null,"filePath":"Benchmarks/Study_SamplesSet/45c24011c68a85bea39d0e3760db60b1.sol"},{"line":1,"column":1,"severity":"Error","message":"Compiler version ^0.4.19 does not satisfy the ^0.8.0 semver requirement","ruleId":"compiler-version","fix":null,"filePath":"Benchmarks/Study_SamplesSet/45c24011c68a85bea39d0e3760db60b1.sol"},{"line":56,"column":5,"severity":"Warning","message":"Provide an error message for require","ruleId":"reason-string","fix":null,"filePath":"Benchmarks/Study_SamplesSet/45c24011c68a85bea39d0e3760db60b1.sol"},{"line":56,"column":5,"severity":"Warning","message":"Use Custom Errors instead of require statements","ruleId":"custom-errors","fix":null,"filePath":"Benchmarks/Study_SamplesSet/45c24011c68a85bea39d0e3760db60b1.sol"},{"line":64,"column":58,"severity":"Warning","message":"Visibility modifier must be first in list of modifiers","ruleId":"visibility-modifier-order","fix":null,"filePath":"Benchmarks/Study_SamplesSet/45c24011c68a85bea39d0e3760db60b1.sol"},{"line":65,"column":5,"severity":"Warning","message":"Provide an error message for require","ruleId":"reason-string","fix":null,"filePath":"Benchmarks/Study_SamplesSet/45c24011c68a85bea39d0e3760db60b1.sol"},{"line":65,"column":5,"severity":"Warning","message":"Use Custom Errors instead of require statements","ruleId":"custom-errors","fix":null,"filePath":"Benchmarks/Study_SamplesSet/45c24011c68a85bea39d0e3760db60b1.sol"},{"line":66,"column":5,"severity":"Error","message":"Explicitly mark all external contracts as trusted or untrusted","ruleId":"mark-callable-contracts","filePath":"Benchmarks/Study_SamplesSet/45c24011c68a85bea39d0e3760db60b1.sol"},{"line":94,"column":5,"severity":"Warning","message":"Provide an error message for require","ruleId":"reason-string","fix":null,"filePath":"Benchmarks/Study_SamplesSet/45c24011c68a85bea39d0e3760db60b1.sol"},{"line":94,"column":5,"severity":"Warning","message":"Use Custom Errors instead of require statements","ruleId":"custom-errors","fix":null,"filePath":"Benchmarks/Study_SamplesSet/45c24011c68a85bea39d0e3760db60b1.sol"},{"line":102,"column":83,"severity":"Warning","message":"Visibility modifier must be first in list of modifiers","ruleId":"visibility-modifier-order","fix":null,"filePath":"Benchmarks/Study_SamplesSet/45c24011c68a85bea39d0e3760db60b1.sol"},{"line":103,"column":5,"severity":"Error","message":"Explicitly mark all external contracts as trusted or untrusted","ruleId":"mark-callable-contracts","filePath":"Benchmarks/Study_SamplesSet/45c24011c68a85bea39d0e3760db60b1.sol"},{"line":140,"column":3,"severity":"Error","message":"Explicitly mark visibility of state","ruleId":"state-visibility","fix":null,"filePath":"Benchmarks/Study_SamplesSet/45c24011c68a85bea39d0e3760db60b1.sol"},{"line":149,"column":5,"severity":"Warning","message":"Provide an error message for require","ruleId":"reason-string","fix":null,"filePath":"Benchmarks/Study_SamplesSet/45c24011c68a85bea39d0e3760db60b1.sol"},{"line":149,"column":5,"severity":"Warning","message":"Use Custom Errors instead of require statements","ruleId":"custom-errors","fix":null,"filePath":"Benchmarks/Study_SamplesSet/45c24011c68a85bea39d0e3760db60b1.sol"},{"line":150,"column":5,"severity":"Warning","message":"Provide an error message for require","ruleId":"reason-string","fix":null,"filePath":"Benchmarks/Study_SamplesSet/45c24011c68a85bea39d0e3760db60b1.sol"},{"line":150,"column":5,"severity":"Warning","message":"Use Custom Errors instead of require statements","ruleId":"custom-errors","fix":null,"filePath":"Benchmarks/Study_SamplesSet/45c24011c68a85bea39d0e3760db60b1.sol"},{"line":151,"column":5,"severity":"Warning","message":"Provide an error message for require","ruleId":"reason-string","fix":null,"filePath":"Benchmarks/Study_SamplesSet/45c24011c68a85bea39d0e3760db60b1.sol"},{"line":151,"column":5,"severity":"Warning","message":"Use Custom Errors instead of require statements","ruleId":"custom-errors","fix":null,"filePath":"Benchmarks/Study_SamplesSet/45c24011c68a85bea39d0e3760db60b1.sol"},{"line":156,"column":5,"severity":"Error","message":"Explicitly mark all external contracts as trusted or untrusted","ruleId":"mark-callable-contracts","filePath":"Benchmarks/Study_SamplesSet/45c24011c68a85bea39d0e3760db60b1.sol"},{"line":183,"column":62,"severity":"Warning","message":"Variable name must be in mixedCase","ruleId":"var-name-mixedcase","fix":null,"filePath":"Benchmarks/Study_SamplesSet/45c24011c68a85bea39d0e3760db60b1.sol"},{"line":184,"column":3,"severity":"Warning","message":"Provide an error message for require","ruleId":"reason-string","fix":null,"filePath":"Benchmarks/Study_SamplesSet/45c24011c68a85bea39d0e3760db60b1.sol"},{"line":184,"column":3,"severity":"Warning","message":"Use Custom Errors instead of require statements","ruleId":"custom-errors","fix":null,"filePath":"Benchmarks/Study_SamplesSet/45c24011c68a85bea39d0e3760db60b1.sol"},{"line":185,"column":9,"severity":"Warning","message":"Provide an error message for require","ruleId":"reason-string","fix":null,"filePath":"Benchmarks/Study_SamplesSet/45c24011c68a85bea39d0e3760db60b1.sol"},{"line":185,"column":9,"severity":"Warning","message":"Use Custom Errors instead of require statements","ruleId":"custom-errors","fix":null,"filePath":"Benchmarks/Study_SamplesSet/45c24011c68a85bea39d0e3760db60b1.sol"},{"line":186,"column":3,"severity":"Warning","message":"Provide an error message for require","ruleId":"reason-string","fix":null,"filePath":"Benchmarks/Study_SamplesSet/45c24011c68a85bea39d0e3760db60b1.sol"},{"line":186,"column":3,"severity":"Warning","message":"Use Custom Errors instead of require statements","ruleId":"custom-errors","fix":null,"filePath":"Benchmarks/Study_SamplesSet/45c24011c68a85bea39d0e3760db60b1.sol"},{"line":191,"column":4,"severity":"Error","message":"Avoid to use low level calls.","ruleId":"avoid-low-level-calls","fix":null,"filePath":"Benchmarks/Study_SamplesSet/45c24011c68a85bea39d0e3760db60b1.sol"},{"line":191,"column":4,"severity":"Error","message":"Avoid to use \".call.value()()\"","ruleId":"avoid-call-value","fix":null,"filePath":"Benchmarks/Study_SamplesSet/45c24011c68a85bea39d0e3760db60b1.sol"},{"line":193,"column":3,"severity":"Error","message":"Explicitly mark all external contracts as trusted or untrusted","ruleId":"mark-callable-contracts","filePath":"Benchmarks/Study_SamplesSet/45c24011c68a85bea39d0e3760db60b1.sol"},{"line":203,"column":59,"severity":"Warning","message":"Variable name must be in mixedCase","ruleId":"var-name-mixedcase","fix":null,"filePath":"Benchmarks/Study_SamplesSet/45c24011c68a85bea39d0e3760db60b1.sol"},{"line":205,"column":3,"severity":"Error","message":"Avoid to use inline assembly. It is acceptable only in rare cases","ruleId":"no-inline-assembly","fix":null,"filePath":"Benchmarks/Study_SamplesSet/45c24011c68a85bea39d0e3760db60b1.sol"},{"line":233,"column":5,"severity":"Warning","message":"Provide an error message for require","ruleId":"reason-string","fix":null,"filePath":"Benchmarks/Study_SamplesSet/45c24011c68a85bea39d0e3760db60b1.sol"},{"line":233,"column":5,"severity":"Warning","message":"Use Custom Errors instead of require statements","ruleId":"custom-errors","fix":null,"filePath":"Benchmarks/Study_SamplesSet/45c24011c68a85bea39d0e3760db60b1.sol"},{"line":234,"column":5,"severity":"Warning","message":"Provide an error message for require","ruleId":"reason-string","fix":null,"filePath":"Benchmarks/Study_SamplesSet/45c24011c68a85bea39d0e3760db60b1.sol"},{"line":234,"column":5,"severity":"Warning","message":"Use Custom Errors instead of require statements","ruleId":"custom-errors","fix":null,"filePath":"Benchmarks/Study_SamplesSet/45c24011c68a85bea39d0e3760db60b1.sol"},{"line":235,"column":5,"severity":"Warning","message":"Provide an error message for require","ruleId":"reason-string","fix":null,"filePath":"Benchmarks/Study_SamplesSet/45c24011c68a85bea39d0e3760db60b1.sol"},{"line":235,"column":5,"severity":"Warning","message":"Use Custom Errors instead of require statements","ruleId":"custom-errors","fix":null,"filePath":"Benchmarks/Study_SamplesSet/45c24011c68a85bea39d0e3760db60b1.sol"},{"line":236,"column":5,"severity":"Warning","message":"Provide an error message for require","ruleId":"reason-string","fix":null,"filePath":"Benchmarks/Study_SamplesSet/45c24011c68a85bea39d0e3760db60b1.sol"},{"line":236,"column":5,"severity":"Warning","message":"Use Custom Errors instead of require statements","ruleId":"custom-errors","fix":null,"filePath":"Benchmarks/Study_SamplesSet/45c24011c68a85bea39d0e3760db60b1.sol"},{"line":241,"column":5,"severity":"Error","message":"Explicitly mark all external contracts as trusted or untrusted","ruleId":"mark-callable-contracts","filePath":"Benchmarks/Study_SamplesSet/45c24011c68a85bea39d0e3760db60b1.sol"},{"line":257,"column":5,"severity":"Error","message":"Explicitly mark all external contracts as trusted or untrusted","ruleId":"mark-callable-contracts","filePath":"Benchmarks/Study_SamplesSet/45c24011c68a85bea39d0e3760db60b1.sol"},{"line":277,"column":48,"severity":"Warning","message":"Rule is set with explicit type [var/s: uint]","ruleId":"explicit-types","filePath":"Benchmarks/Study_SamplesSet/45c24011c68a85bea39d0e3760db60b1.sol"},{"line":279,"column":5,"severity":"Error","message":"Explicitly mark all external contracts as trusted or untrusted","ruleId":"mark-callable-contracts","filePath":"Benchmarks/Study_SamplesSet/45c24011c68a85bea39d0e3760db60b1.sol"},{"line":283,"column":48,"severity":"Warning","message":"Rule is set with explicit type [var/s: uint]","ruleId":"explicit-types","filePath":"Benchmarks/Study_SamplesSet/45c24011c68a85bea39d0e3760db60b1.sol"},{"line":284,"column":5,"severity":"Warning","message":"Rule is set with explicit type [var/s: uint]","ruleId":"explicit-types","filePath":"Benchmarks/Study_SamplesSet/45c24011c68a85bea39d0e3760db60b1.sol"},{"line":290,"column":5,"severity":"Error","message":"Explicitly mark all external contracts as trusted or untrusted","ruleId":"mark-callable-contracts","filePath":"Benchmarks/Study_SamplesSet/45c24011c68a85bea39d0e3760db60b1.sol"},{"line":310,"column":2,"severity":"Warning","message":"Provide an error message for require","ruleId":"reason-string","fix":null,"filePath":"Benchmarks/Study_SamplesSet/45c24011c68a85bea39d0e3760db60b1.sol"},{"line":310,"column":2,"severity":"Warning","message":"Use Custom Errors instead of require statements","ruleId":"custom-errors","fix":null,"filePath":"Benchmarks/Study_SamplesSet/45c24011c68a85bea39d0e3760db60b1.sol"},{"line":317,"column":30,"severity":"Warning","message":"Visibility modifier must be first in list of modifiers","ruleId":"visibility-modifier-order","fix":null,"filePath":"Benchmarks/Study_SamplesSet/45c24011c68a85bea39d0e3760db60b1.sol"},{"line":319,"column":5,"severity":"Error","message":"Explicitly mark all external contracts as trusted or untrusted","ruleId":"mark-callable-contracts","filePath":"Benchmarks/Study_SamplesSet/45c24011c68a85bea39d0e3760db60b1.sol"},{"line":337,"column":63,"severity":"Warning","message":"Variable name must be in mixedCase","ruleId":"var-name-mixedcase","fix":null,"filePath":"Benchmarks/Study_SamplesSet/45c24011c68a85bea39d0e3760db60b1.sol"},{"line":349,"column":47,"severity":"Warning","message":"Rule is set with explicit type [var/s: uint]","ruleId":"explicit-types","filePath":"Benchmarks/Study_SamplesSet/45c24011c68a85bea39d0e3760db60b1.sol"},{"line":353,"column":47,"severity":"Warning","message":"Rule is set with explicit type [var/s: uint]","ruleId":"explicit-types","filePath":"Benchmarks/Study_SamplesSet/45c24011c68a85bea39d0e3760db60b1.sol"},{"line":362,"column":9,"severity":"Warning","message":"Provide an error message for require","ruleId":"reason-string","fix":null,"filePath":"Benchmarks/Study_SamplesSet/45c24011c68a85bea39d0e3760db60b1.sol"},{"line":362,"column":9,"severity":"Warning","message":"Use Custom Errors instead of require statements","ruleId":"custom-errors","fix":null,"filePath":"Benchmarks/Study_SamplesSet/45c24011c68a85bea39d0e3760db60b1.sol"},{"line":362,"column":17,"severity":"Error","message":"Avoid to use low level calls.","ruleId":"avoid-low-level-calls","fix":null,"filePath":"Benchmarks/Study_SamplesSet/45c24011c68a85bea39d0e3760db60b1.sol"},{"line":377,"column":9,"severity":"Warning","message":"Provide an error message for require","ruleId":"reason-string","fix":null,"filePath":"Benchmarks/Study_SamplesSet/45c24011c68a85bea39d0e3760db60b1.sol"},{"line":377,"column":9,"severity":"Warning","message":"Use Custom Errors instead of require statements","ruleId":"custom-errors","fix":null,"filePath":"Benchmarks/Study_SamplesSet/45c24011c68a85bea39d0e3760db60b1.sol"},{"line":378,"column":3,"severity":"Warning","message":"Provide an error message for require","ruleId":"reason-string","fix":null,"filePath":"Benchmarks/Study_SamplesSet/45c24011c68a85bea39d0e3760db60b1.sol"},{"line":378,"column":3,"severity":"Warning","message":"Use Custom Errors instead of require statements","ruleId":"custom-errors","fix":null,"filePath":"Benchmarks/Study_SamplesSet/45c24011c68a85bea39d0e3760db60b1.sol"},{"line":384,"column":9,"severity":"Error","message":"Explicitly mark all external contracts as trusted or untrusted","ruleId":"mark-callable-contracts","filePath":"Benchmarks/Study_SamplesSet/45c24011c68a85bea39d0e3760db60b1.sol"},{"line":402,"column":3,"severity":"Warning","message":"Provide an error message for require","ruleId":"reason-string","fix":null,"filePath":"Benchmarks/Study_SamplesSet/45c24011c68a85bea39d0e3760db60b1.sol"},{"line":402,"column":3,"severity":"Warning","message":"Use Custom Errors instead of require statements","ruleId":"custom-errors","fix":null,"filePath":"Benchmarks/Study_SamplesSet/45c24011c68a85bea39d0e3760db60b1.sol"},{"line":414,"column":73,"severity":"Warning","message":"Visibility modifier must be first in list of modifiers","ruleId":"visibility-modifier-order","fix":null,"filePath":"Benchmarks/Study_SamplesSet/45c24011c68a85bea39d0e3760db60b1.sol"},{"line":415,"column":30,"severity":"Error","message":"Avoid to use tx.origin","ruleId":"avoid-tx-origin","fix":null,"filePath":"Benchmarks/Study_SamplesSet/45c24011c68a85bea39d0e3760db60b1.sol"},{"line":422,"column":53,"severity":"Warning","message":"Visibility modifier must be first in list of modifiers","ruleId":"visibility-modifier-order","fix":null,"filePath":"Benchmarks/Study_SamplesSet/45c24011c68a85bea39d0e3760db60b1.sol"},{"line":423,"column":29,"severity":"Error","message":"Avoid to use tx.origin","ruleId":"avoid-tx-origin","fix":null,"filePath":"Benchmarks/Study_SamplesSet/45c24011c68a85bea39d0e3760db60b1.sol"},{"line":436,"column":5,"severity":"Warning","message":"Function name must be in mixedCase","ruleId":"func-name-mixedcase","fix":null,"filePath":"Benchmarks/Study_SamplesSet/45c24011c68a85bea39d0e3760db60b1.sol"},{"line":437,"column":9,"severity":"Warning","message":"Rule is set with explicit type [var/s: uint]","ruleId":"explicit-types","filePath":"Benchmarks/Study_SamplesSet/45c24011c68a85bea39d0e3760db60b1.sol"},{"conclusion":"70 problem/s (18 error/s, 52 warning/s)"}]
