[{"line":1,"column":1,"severity":"Error","message":"Compiler version ^0.4.2 does not satisfy the ^0.8.0 semver requirement","ruleId":"compiler-version","fix":null,"filePath":"Benchmarks/Study_SamplesSet/4bb10d38e29a22ccaf28dc1d22caf799.sol"},{"line":4,"column":5,"severity":"Error","message":"Explicitly mark visibility of state","ruleId":"state-visibility","fix":null,"filePath":"Benchmarks/Study_SamplesSet/4bb10d38e29a22ccaf28dc1d22caf799.sol"},{"line":5,"column":5,"severity":"Error","message":"Explicitly mark visibility of state","ruleId":"state-visibility","fix":null,"filePath":"Benchmarks/Study_SamplesSet/4bb10d38e29a22ccaf28dc1d22caf799.sol"},{"line":6,"column":5,"severity":"Error","message":"Explicitly mark visibility of state","ruleId":"state-visibility","fix":null,"filePath":"Benchmarks/Study_SamplesSet/4bb10d38e29a22ccaf28dc1d22caf799.sol"},{"line":13,"column":5,"severity":"Error","message":"Explicitly mark visibility in function (Set ignoreConstructors to true if using solidity >=0.7.0)","ruleId":"func-visibility","fix":null,"filePath":"Benchmarks/Study_SamplesSet/4bb10d38e29a22ccaf28dc1d22caf799.sol"},{"line":13,"column":45,"severity":"Warning","message":"Code contains empty blocks","ruleId":"no-empty-blocks","fix":null,"filePath":"Benchmarks/Study_SamplesSet/4bb10d38e29a22ccaf28dc1d22caf799.sol"},{"line":16,"column":5,"severity":"Error","message":"Explicitly mark visibility in function","ruleId":"func-visibility","fix":null,"filePath":"Benchmarks/Study_SamplesSet/4bb10d38e29a22ccaf28dc1d22caf799.sol"},{"line":16,"column":5,"severity":"Error","message":"Fallback function must be simple","ruleId":"no-complex-fallback","fix":null,"filePath":"Benchmarks/Study_SamplesSet/4bb10d38e29a22ccaf28dc1d22caf799.sol"},{"line":20,"column":13,"severity":"Error","message":"\"throw\" is deprecated, avoid to use it","ruleId":"avoid-throw","filePath":"Benchmarks/Study_SamplesSet/4bb10d38e29a22ccaf28dc1d22caf799.sol"},{"line":32,"column":9,"severity":"Error","message":"Explicitly mark all external contracts as trusted or untrusted","ruleId":"mark-callable-contracts","filePath":"Benchmarks/Study_SamplesSet/4bb10d38e29a22ccaf28dc1d22caf799.sol"},{"line":36,"column":5,"severity":"Error","message":"Explicitly mark visibility in function","ruleId":"func-visibility","fix":null,"filePath":"Benchmarks/Study_SamplesSet/4bb10d38e29a22ccaf28dc1d22caf799.sol"},{"line":39,"column":13,"severity":"Error","message":"\"throw\" is deprecated, avoid to use it","ruleId":"avoid-throw","filePath":"Benchmarks/Study_SamplesSet/4bb10d38e29a22ccaf28dc1d22caf799.sol"},{"line":44,"column":13,"severity":"Error","message":"\"throw\" is deprecated, avoid to use it","ruleId":"avoid-throw","filePath":"Benchmarks/Study_SamplesSet/4bb10d38e29a22ccaf28dc1d22caf799.sol"},{"line":49,"column":13,"severity":"Error","message":"\"throw\" is deprecated, avoid to use it","ruleId":"avoid-throw","filePath":"Benchmarks/Study_SamplesSet/4bb10d38e29a22ccaf28dc1d22caf799.sol"},{"line":54,"column":13,"severity":"Error","message":"\"throw\" is deprecated, avoid to use it","ruleId":"avoid-throw","filePath":"Benchmarks/Study_SamplesSet/4bb10d38e29a22ccaf28dc1d22caf799.sol"},{"line":58,"column":13,"severity":"Error","message":"\"throw\" is deprecated, avoid to use it","ruleId":"avoid-throw","filePath":"Benchmarks/Study_SamplesSet/4bb10d38e29a22ccaf28dc1d22caf799.sol"},{"line":63,"column":9,"severity":"Error","message":"Explicitly mark all external contracts as trusted or untrusted","ruleId":"mark-callable-contracts","filePath":"Benchmarks/Study_SamplesSet/4bb10d38e29a22ccaf28dc1d22caf799.sol"},{"line":67,"column":5,"severity":"Error","message":"Explicitly mark visibility in function","ruleId":"func-visibility","fix":null,"filePath":"Benchmarks/Study_SamplesSet/4bb10d38e29a22ccaf28dc1d22caf799.sol"},{"line":72,"column":5,"severity":"Error","message":"Explicitly mark visibility in function","ruleId":"func-visibility","fix":null,"filePath":"Benchmarks/Study_SamplesSet/4bb10d38e29a22ccaf28dc1d22caf799.sol"},{"line":75,"column":13,"severity":"Error","message":"\"throw\" is deprecated, avoid to use it","ruleId":"avoid-throw","filePath":"Benchmarks/Study_SamplesSet/4bb10d38e29a22ccaf28dc1d22caf799.sol"},{"line":80,"column":9,"severity":"Error","message":"Explicitly mark all external contracts as trusted or untrusted","ruleId":"mark-callable-contracts","filePath":"Benchmarks/Study_SamplesSet/4bb10d38e29a22ccaf28dc1d22caf799.sol"},{"line":84,"column":5,"severity":"Error","message":"Explicitly mark visibility in function","ruleId":"func-visibility","fix":null,"filePath":"Benchmarks/Study_SamplesSet/4bb10d38e29a22ccaf28dc1d22caf799.sol"},{"line":90,"column":5,"severity":"Error","message":"Explicitly mark visibility in function","ruleId":"func-visibility","fix":null,"filePath":"Benchmarks/Study_SamplesSet/4bb10d38e29a22ccaf28dc1d22caf799.sol"},{"line":93,"column":13,"severity":"Error","message":"\"throw\" is deprecated, avoid to use it","ruleId":"avoid-throw","filePath":"Benchmarks/Study_SamplesSet/4bb10d38e29a22ccaf28dc1d22caf799.sol"},{"line":98,"column":13,"severity":"Error","message":"\"throw\" is deprecated, avoid to use it","ruleId":"avoid-throw","filePath":"Benchmarks/Study_SamplesSet/4bb10d38e29a22ccaf28dc1d22caf799.sol"},{"line":107,"column":14,"severity":"Error","message":"Avoid to use low level calls.","ruleId":"avoid-low-level-calls","fix":null,"filePath":"Benchmarks/Study_SamplesSet/4bb10d38e29a22ccaf28dc1d22caf799.sol"},{"line":107,"column":14,"severity":"Error","message":"Avoid to use \".call.value()()\"","ruleId":"avoid-call-value","fix":null,"filePath":"Benchmarks/Study_SamplesSet/4bb10d38e29a22ccaf28dc1d22caf799.sol"},{"line":108,"column":13,"severity":"Error","message":"\"throw\" is deprecated, avoid to use it","ruleId":"avoid-throw","filePath":"Benchmarks/Study_SamplesSet/4bb10d38e29a22ccaf28dc1d22caf799.sol"},{"line":111,"column":9,"severity":"Error","message":"Explicitly mark all external contracts as trusted or untrusted","ruleId":"mark-callable-contracts","filePath":"Benchmarks/Study_SamplesSet/4bb10d38e29a22ccaf28dc1d22caf799.sol"},{"conclusion":"29 problem/s (28 error/s, 1 warning/s)"}]
