[{"line":1,"column":1,"severity":"Warning","message":"Found more than One contract per file. 4 contracts found!","ruleId":"one-contract-per-file","fix":null,"filePath":"Benchmarks/Study_SamplesSet/4c7eda457bb013264b3a749886513cbf.sol"},{"line":1,"column":1,"severity":"Error","message":"Compiler version ^0.4.15 does not satisfy the ^0.8.0 semver requirement","ruleId":"compiler-version","fix":null,"filePath":"Benchmarks/Study_SamplesSet/4c7eda457bb013264b3a749886513cbf.sol"},{"line":3,"column":1,"severity":"Warning","message":"Contract, Structs and Enums should be in CamelCase","ruleId":"contract-name-camelcase","filePath":"Benchmarks/Study_SamplesSet/4c7eda457bb013264b3a749886513cbf.sol"},{"line":15,"column":9,"severity":"Warning","message":"Provide an error message for require","ruleId":"reason-string","fix":null,"filePath":"Benchmarks/Study_SamplesSet/4c7eda457bb013264b3a749886513cbf.sol"},{"line":15,"column":9,"severity":"Warning","message":"Use Custom Errors instead of require statements","ruleId":"custom-errors","fix":null,"filePath":"Benchmarks/Study_SamplesSet/4c7eda457bb013264b3a749886513cbf.sol"},{"line":21,"column":65,"severity":"Warning","message":"Rule is set with explicit type [var/s: uint]","ruleId":"explicit-types","filePath":"Benchmarks/Study_SamplesSet/4c7eda457bb013264b3a749886513cbf.sol"},{"line":22,"column":36,"severity":"Warning","message":"Rule is set with explicit type [var/s: uint]","ruleId":"explicit-types","filePath":"Benchmarks/Study_SamplesSet/4c7eda457bb013264b3a749886513cbf.sol"},{"line":23,"column":55,"severity":"Warning","message":"Rule is set with explicit type [var/s: uint]","ruleId":"explicit-types","filePath":"Benchmarks/Study_SamplesSet/4c7eda457bb013264b3a749886513cbf.sol"},{"line":24,"column":40,"severity":"Warning","message":"Rule is set with explicit type [var/s: uint]","ruleId":"explicit-types","filePath":"Benchmarks/Study_SamplesSet/4c7eda457bb013264b3a749886513cbf.sol"},{"line":25,"column":83,"severity":"Warning","message":"Rule is set with explicit type [var/s: uint]","ruleId":"explicit-types","filePath":"Benchmarks/Study_SamplesSet/4c7eda457bb013264b3a749886513cbf.sol"},{"line":26,"column":64,"severity":"Warning","message":"Rule is set with explicit type [var/s: uint]","ruleId":"explicit-types","filePath":"Benchmarks/Study_SamplesSet/4c7eda457bb013264b3a749886513cbf.sol"},{"line":27,"column":70,"severity":"Warning","message":"Rule is set with explicit type [var/s: uint]","ruleId":"explicit-types","filePath":"Benchmarks/Study_SamplesSet/4c7eda457bb013264b3a749886513cbf.sol"},{"line":60,"column":5,"severity":"Error","message":"Fallback function must be simple","ruleId":"no-complex-fallback","fix":null,"filePath":"Benchmarks/Study_SamplesSet/4c7eda457bb013264b3a749886513cbf.sol"},{"line":65,"column":9,"severity":"Error","message":"Explicitly mark all external contracts as trusted or untrusted","ruleId":"mark-callable-contracts","filePath":"Benchmarks/Study_SamplesSet/4c7eda457bb013264b3a749886513cbf.sol"},{"line":71,"column":9,"severity":"Warning","message":"Provide an error message for require","ruleId":"reason-string","fix":null,"filePath":"Benchmarks/Study_SamplesSet/4c7eda457bb013264b3a749886513cbf.sol"},{"line":71,"column":9,"severity":"Warning","message":"Use Custom Errors instead of require statements","ruleId":"custom-errors","fix":null,"filePath":"Benchmarks/Study_SamplesSet/4c7eda457bb013264b3a749886513cbf.sol"},{"line":72,"column":16,"severity":"Error","message":"Check result of \"send\" call","ruleId":"check-send-result","fix":null,"filePath":"Benchmarks/Study_SamplesSet/4c7eda457bb013264b3a749886513cbf.sol"},{"line":84,"column":9,"severity":"Warning","message":"Rule is set with explicit type [var/s: uint]","ruleId":"explicit-types","filePath":"Benchmarks/Study_SamplesSet/4c7eda457bb013264b3a749886513cbf.sol"},{"line":85,"column":9,"severity":"Warning","message":"Provide an error message for require","ruleId":"reason-string","fix":null,"filePath":"Benchmarks/Study_SamplesSet/4c7eda457bb013264b3a749886513cbf.sol"},{"line":85,"column":9,"severity":"Warning","message":"Use Custom Errors instead of require statements","ruleId":"custom-errors","fix":null,"filePath":"Benchmarks/Study_SamplesSet/4c7eda457bb013264b3a749886513cbf.sol"},{"line":112,"column":14,"severity":"Warning","message":"Rule is set with explicit type [var/s: uint]","ruleId":"explicit-types","filePath":"Benchmarks/Study_SamplesSet/4c7eda457bb013264b3a749886513cbf.sol"},{"conclusion":"21 problem/s (4 error/s, 17 warning/s)"}]
