[{"line":5,"column":1,"severity":"Warning","message":"Found more than One contract per file. 2 contracts found!","ruleId":"one-contract-per-file","fix":null,"filePath":"Benchmarks/Study_SamplesSet/4c8c53c8c930fd9003b740e3546e3164.sol"},{"line":5,"column":1,"severity":"Error","message":"Compiler version ^0.4.0 does not satisfy the ^0.8.0 semver requirement","ruleId":"compiler-version","fix":null,"filePath":"Benchmarks/Study_SamplesSet/4c8c53c8c930fd9003b740e3546e3164.sol"},{"line":13,"column":2,"severity":"Error","message":"Explicitly mark visibility in function","ruleId":"func-visibility","fix":null,"filePath":"Benchmarks/Study_SamplesSet/4c8c53c8c930fd9003b740e3546e3164.sol"},{"line":13,"column":47,"severity":"Error","message":"Explicitly mark all external contracts as trusted or untrusted","ruleId":"mark-callable-contracts","filePath":"Benchmarks/Study_SamplesSet/4c8c53c8c930fd9003b740e3546e3164.sol"},{"line":30,"column":28,"severity":"Warning","message":"Rule is set with explicit type [var/s: uint]","ruleId":"explicit-types","filePath":"Benchmarks/Study_SamplesSet/4c8c53c8c930fd9003b740e3546e3164.sol"},{"line":32,"column":41,"severity":"Warning","message":"Rule is set with explicit type [var/s: uint]","ruleId":"explicit-types","filePath":"Benchmarks/Study_SamplesSet/4c8c53c8c930fd9003b740e3546e3164.sol"},{"line":33,"column":43,"severity":"Warning","message":"Rule is set with explicit type [var/s: uint]","ruleId":"explicit-types","filePath":"Benchmarks/Study_SamplesSet/4c8c53c8c930fd9003b740e3546e3164.sol"},{"line":34,"column":20,"severity":"Warning","message":"Rule is set with explicit type [var/s: uint]","ruleId":"explicit-types","filePath":"Benchmarks/Study_SamplesSet/4c8c53c8c930fd9003b740e3546e3164.sol"},{"line":35,"column":23,"severity":"Warning","message":"Rule is set with explicit type [var/s: uint]","ruleId":"explicit-types","filePath":"Benchmarks/Study_SamplesSet/4c8c53c8c930fd9003b740e3546e3164.sol"},{"line":37,"column":2,"severity":"Error","message":"Explicitly mark visibility in function","ruleId":"func-visibility","fix":null,"filePath":"Benchmarks/Study_SamplesSet/4c8c53c8c930fd9003b740e3546e3164.sol"},{"line":41,"column":2,"severity":"Error","message":"Explicitly mark visibility in function","ruleId":"func-visibility","fix":null,"filePath":"Benchmarks/Study_SamplesSet/4c8c53c8c930fd9003b740e3546e3164.sol"},{"line":42,"column":15,"severity":"Error","message":"Explicitly mark all external contracts as trusted or untrusted","ruleId":"mark-callable-contracts","filePath":"Benchmarks/Study_SamplesSet/4c8c53c8c930fd9003b740e3546e3164.sol"},{"line":45,"column":3,"severity":"Error","message":"Explicitly mark all external contracts as trusted or untrusted","ruleId":"mark-callable-contracts","filePath":"Benchmarks/Study_SamplesSet/4c8c53c8c930fd9003b740e3546e3164.sol"},{"line":49,"column":2,"severity":"Error","message":"Explicitly mark visibility in function","ruleId":"func-visibility","fix":null,"filePath":"Benchmarks/Study_SamplesSet/4c8c53c8c930fd9003b740e3546e3164.sol"},{"line":49,"column":22,"severity":"Warning","message":"Rule is set with explicit type [var/s: uint]","ruleId":"explicit-types","filePath":"Benchmarks/Study_SamplesSet/4c8c53c8c930fd9003b740e3546e3164.sol"},{"line":50,"column":3,"severity":"Error","message":"Explicitly mark all external contracts as trusted or untrusted","ruleId":"mark-callable-contracts","filePath":"Benchmarks/Study_SamplesSet/4c8c53c8c930fd9003b740e3546e3164.sol"},{"line":56,"column":2,"severity":"Error","message":"Explicitly mark visibility in function","ruleId":"func-visibility","fix":null,"filePath":"Benchmarks/Study_SamplesSet/4c8c53c8c930fd9003b740e3546e3164.sol"},{"line":56,"column":18,"severity":"Warning","message":"Rule is set with explicit type [var/s: uint]","ruleId":"explicit-types","filePath":"Benchmarks/Study_SamplesSet/4c8c53c8c930fd9003b740e3546e3164.sol"},{"line":60,"column":2,"severity":"Error","message":"Explicitly mark visibility in function","ruleId":"func-visibility","fix":null,"filePath":"Benchmarks/Study_SamplesSet/4c8c53c8c930fd9003b740e3546e3164.sol"},{"line":60,"column":42,"severity":"Warning","message":"Rule is set with explicit type [var/s: uint]","ruleId":"explicit-types","filePath":"Benchmarks/Study_SamplesSet/4c8c53c8c930fd9003b740e3546e3164.sol"},{"line":62,"column":2,"severity":"Error","message":"Explicitly mark visibility in function","ruleId":"func-visibility","fix":null,"filePath":"Benchmarks/Study_SamplesSet/4c8c53c8c930fd9003b740e3546e3164.sol"},{"line":62,"column":17,"severity":"Warning","message":"Rule is set with explicit type [var/s: uint]","ruleId":"explicit-types","filePath":"Benchmarks/Study_SamplesSet/4c8c53c8c930fd9003b740e3546e3164.sol"},{"line":69,"column":2,"severity":"Error","message":"Explicitly mark visibility in function","ruleId":"func-visibility","fix":null,"filePath":"Benchmarks/Study_SamplesSet/4c8c53c8c930fd9003b740e3546e3164.sol"},{"line":69,"column":56,"severity":"Warning","message":"Rule is set with explicit type [var/s: uint]","ruleId":"explicit-types","filePath":"Benchmarks/Study_SamplesSet/4c8c53c8c930fd9003b740e3546e3164.sol"},{"line":76,"column":2,"severity":"Error","message":"Explicitly mark visibility in function","ruleId":"func-visibility","fix":null,"filePath":"Benchmarks/Study_SamplesSet/4c8c53c8c930fd9003b740e3546e3164.sol"},{"line":76,"column":53,"severity":"Warning","message":"Rule is set with explicit type [var/s: uint]","ruleId":"explicit-types","filePath":"Benchmarks/Study_SamplesSet/4c8c53c8c930fd9003b740e3546e3164.sol"},{"line":83,"column":2,"severity":"Error","message":"Explicitly mark visibility in function","ruleId":"func-visibility","fix":null,"filePath":"Benchmarks/Study_SamplesSet/4c8c53c8c930fd9003b740e3546e3164.sol"},{"line":83,"column":16,"severity":"Warning","message":"Rule is set with explicit type [var/s: uint]","ruleId":"explicit-types","filePath":"Benchmarks/Study_SamplesSet/4c8c53c8c930fd9003b740e3546e3164.sol"},{"line":87,"column":2,"severity":"Error","message":"Explicitly mark visibility in function","ruleId":"func-visibility","fix":null,"filePath":"Benchmarks/Study_SamplesSet/4c8c53c8c930fd9003b740e3546e3164.sol"},{"line":87,"column":22,"severity":"Warning","message":"Rule is set with explicit type [var/s: uint]","ruleId":"explicit-types","filePath":"Benchmarks/Study_SamplesSet/4c8c53c8c930fd9003b740e3546e3164.sol"},{"line":92,"column":3,"severity":"Error","message":"Explicitly mark all external contracts as trusted or untrusted","ruleId":"mark-callable-contracts","filePath":"Benchmarks/Study_SamplesSet/4c8c53c8c930fd9003b740e3546e3164.sol"},{"line":95,"column":2,"severity":"Error","message":"Explicitly mark visibility in function","ruleId":"func-visibility","fix":null,"filePath":"Benchmarks/Study_SamplesSet/4c8c53c8c930fd9003b740e3546e3164.sol"},{"line":95,"column":19,"severity":"Warning","message":"Rule is set with explicit type [var/s: uint]","ruleId":"explicit-types","filePath":"Benchmarks/Study_SamplesSet/4c8c53c8c930fd9003b740e3546e3164.sol"},{"line":97,"column":3,"severity":"Error","message":"Explicitly mark all external contracts as trusted or untrusted","ruleId":"mark-callable-contracts","filePath":"Benchmarks/Study_SamplesSet/4c8c53c8c930fd9003b740e3546e3164.sol"},{"line":100,"column":2,"severity":"Error","message":"Explicitly mark visibility in function","ruleId":"func-visibility","fix":null,"filePath":"Benchmarks/Study_SamplesSet/4c8c53c8c930fd9003b740e3546e3164.sol"},{"line":102,"column":4,"severity":"Error","message":"\"throw\" is deprecated, avoid to use it","ruleId":"avoid-throw","filePath":"Benchmarks/Study_SamplesSet/4c8c53c8c930fd9003b740e3546e3164.sol"},{"line":105,"column":2,"severity":"Error","message":"Explicitly mark visibility of state","ruleId":"state-visibility","fix":null,"filePath":"Benchmarks/Study_SamplesSet/4c8c53c8c930fd9003b740e3546e3164.sol"},{"line":105,"column":2,"severity":"Warning","message":"Rule is set with explicit type [var/s: uint]","ruleId":"explicit-types","filePath":"Benchmarks/Study_SamplesSet/4c8c53c8c930fd9003b740e3546e3164.sol"},{"line":106,"column":2,"severity":"Error","message":"Explicitly mark visibility of state","ruleId":"state-visibility","fix":null,"filePath":"Benchmarks/Study_SamplesSet/4c8c53c8c930fd9003b740e3546e3164.sol"},{"line":106,"column":2,"severity":"Warning","message":"Rule is set with explicit type [var/s: uint]","ruleId":"explicit-types","filePath":"Benchmarks/Study_SamplesSet/4c8c53c8c930fd9003b740e3546e3164.sol"},{"line":107,"column":2,"severity":"Error","message":"Explicitly mark visibility of state","ruleId":"state-visibility","fix":null,"filePath":"Benchmarks/Study_SamplesSet/4c8c53c8c930fd9003b740e3546e3164.sol"},{"line":108,"column":2,"severity":"Warning","message":"Rule is set with explicit type [var/s: uint]","ruleId":"explicit-types","filePath":"Benchmarks/Study_SamplesSet/4c8c53c8c930fd9003b740e3546e3164.sol"},{"conclusion":"42 problem/s (24 error/s, 18 warning/s)"}]
