[{"line":1,"column":1,"severity":"Error","message":"Compiler version 0.4.4 does not satisfy the ^0.8.0 semver requirement","ruleId":"compiler-version","fix":null,"filePath":"Benchmarks/Study_SamplesSet/4d92062bdba141f799776a738f8edfba.sol"},{"line":5,"column":2,"severity":"Error","message":"Explicitly mark visibility of state","ruleId":"state-visibility","fix":null,"filePath":"Benchmarks/Study_SamplesSet/4d92062bdba141f799776a738f8edfba.sol"},{"line":7,"column":2,"severity":"Error","message":"Explicitly mark visibility in function","ruleId":"func-visibility","fix":null,"filePath":"Benchmarks/Study_SamplesSet/4d92062bdba141f799776a738f8edfba.sol"},{"line":13,"column":2,"severity":"Error","message":"Explicitly mark visibility in function","ruleId":"func-visibility","fix":null,"filePath":"Benchmarks/Study_SamplesSet/4d92062bdba141f799776a738f8edfba.sol"},{"line":17,"column":2,"severity":"Error","message":"Explicitly mark visibility in function","ruleId":"func-visibility","fix":null,"filePath":"Benchmarks/Study_SamplesSet/4d92062bdba141f799776a738f8edfba.sol"},{"conclusion":"5 problem/s (5 error/s)"}]
