[{"line":1,"column":1,"severity":"Warning","message":"Found more than One contract per file. 2 contracts found!","ruleId":"one-contract-per-file","fix":null,"filePath":"Benchmarks/Study_SamplesSet/4f9b5b5d60768a1736cf6cf25d77a0e6.sol"},{"line":1,"column":1,"severity":"Error","message":"Compiler version ^0.4.6 does not satisfy the ^0.8.0 semver requirement","ruleId":"compiler-version","fix":null,"filePath":"Benchmarks/Study_SamplesSet/4f9b5b5d60768a1736cf6cf25d77a0e6.sol"},{"line":3,"column":21,"severity":"Error","message":"Explicitly mark visibility in function","ruleId":"func-visibility","fix":null,"filePath":"Benchmarks/Study_SamplesSet/4f9b5b5d60768a1736cf6cf25d77a0e6.sol"},{"line":3,"column":95,"severity":"Warning","message":"Code contains empty blocks","ruleId":"no-empty-blocks","fix":null,"filePath":"Benchmarks/Study_SamplesSet/4f9b5b5d60768a1736cf6cf25d77a0e6.sol"},{"line":7,"column":3,"severity":"Error","message":"Explicitly mark visibility of state","ruleId":"state-visibility","fix":null,"filePath":"Benchmarks/Study_SamplesSet/4f9b5b5d60768a1736cf6cf25d77a0e6.sol"},{"line":8,"column":3,"severity":"Error","message":"Explicitly mark visibility in function","ruleId":"func-visibility","fix":null,"filePath":"Benchmarks/Study_SamplesSet/4f9b5b5d60768a1736cf6cf25d77a0e6.sol"},{"conclusion":"6 problem/s (4 error/s, 2 warning/s)"}]
