[{"line":1,"column":1,"severity":"Error","message":"Compiler version ^0.4.18 does not satisfy the ^0.8.0 semver requirement","ruleId":"compiler-version","fix":null,"filePath":"Benchmarks/Study_SamplesSet/532aba589ecbf1f9be5f332af38a0786.sol"},{"line":12,"column":2,"severity":"Error","message":"Explicitly mark visibility of state","ruleId":"state-visibility","fix":null,"filePath":"Benchmarks/Study_SamplesSet/532aba589ecbf1f9be5f332af38a0786.sol"},{"line":14,"column":2,"severity":"Error","message":"Explicitly mark visibility of state","ruleId":"state-visibility","fix":null,"filePath":"Benchmarks/Study_SamplesSet/532aba589ecbf1f9be5f332af38a0786.sol"},{"line":14,"column":2,"severity":"Warning","message":"Rule is set with explicit type [var/s: int]","ruleId":"explicit-types","filePath":"Benchmarks/Study_SamplesSet/532aba589ecbf1f9be5f332af38a0786.sol"},{"line":15,"column":2,"severity":"Error","message":"Explicitly mark visibility of state","ruleId":"state-visibility","fix":null,"filePath":"Benchmarks/Study_SamplesSet/532aba589ecbf1f9be5f332af38a0786.sol"},{"line":15,"column":2,"severity":"Warning","message":"Rule is set with explicit type [var/s: int]","ruleId":"explicit-types","filePath":"Benchmarks/Study_SamplesSet/532aba589ecbf1f9be5f332af38a0786.sol"},{"line":18,"column":2,"severity":"Error","message":"Explicitly mark visibility of state","ruleId":"state-visibility","fix":null,"filePath":"Benchmarks/Study_SamplesSet/532aba589ecbf1f9be5f332af38a0786.sol"},{"line":18,"column":2,"severity":"Warning","message":"Rule is set with explicit type [var/s: int]","ruleId":"explicit-types","filePath":"Benchmarks/Study_SamplesSet/532aba589ecbf1f9be5f332af38a0786.sol"},{"line":20,"column":2,"severity":"Warning","message":"Constant name must be in capitalized SNAKE_CASE","ruleId":"const-name-snakecase","fix":null,"filePath":"Benchmarks/Study_SamplesSet/532aba589ecbf1f9be5f332af38a0786.sol"},{"line":21,"column":2,"severity":"Warning","message":"Constant name must be in capitalized SNAKE_CASE","ruleId":"const-name-snakecase","fix":null,"filePath":"Benchmarks/Study_SamplesSet/532aba589ecbf1f9be5f332af38a0786.sol"},{"line":22,"column":2,"severity":"Warning","message":"Constant name must be in capitalized SNAKE_CASE","ruleId":"const-name-snakecase","fix":null,"filePath":"Benchmarks/Study_SamplesSet/532aba589ecbf1f9be5f332af38a0786.sol"},{"line":29,"column":2,"severity":"Error","message":"Explicitly mark visibility of state","ruleId":"state-visibility","fix":null,"filePath":"Benchmarks/Study_SamplesSet/532aba589ecbf1f9be5f332af38a0786.sol"},{"line":31,"column":2,"severity":"Error","message":"Explicitly mark visibility of state","ruleId":"state-visibility","fix":null,"filePath":"Benchmarks/Study_SamplesSet/532aba589ecbf1f9be5f332af38a0786.sol"},{"line":33,"column":2,"severity":"Error","message":"Explicitly mark visibility of state","ruleId":"state-visibility","fix":null,"filePath":"Benchmarks/Study_SamplesSet/532aba589ecbf1f9be5f332af38a0786.sol"},{"line":40,"column":33,"severity":"Warning","message":"Code contains empty blocks","ruleId":"no-empty-blocks","fix":null,"filePath":"Benchmarks/Study_SamplesSet/532aba589ecbf1f9be5f332af38a0786.sol"},{"line":49,"column":20,"severity":"Warning","message":"Rule is set with explicit type [var/s: uint]","ruleId":"explicit-types","filePath":"Benchmarks/Study_SamplesSet/532aba589ecbf1f9be5f332af38a0786.sol"},{"line":49,"column":20,"severity":"Warning","message":"Variable \"tokenCount\" is unused","ruleId":"no-unused-vars","fix":null,"filePath":"Benchmarks/Study_SamplesSet/532aba589ecbf1f9be5f332af38a0786.sol"},{"line":54,"column":46,"severity":"Error","message":"Explicitly mark all external contracts as trusted or untrusted","ruleId":"mark-callable-contracts","filePath":"Benchmarks/Study_SamplesSet/532aba589ecbf1f9be5f332af38a0786.sol"},{"line":55,"column":39,"severity":"Error","message":"Explicitly mark all external contracts as trusted or untrusted","ruleId":"mark-callable-contracts","filePath":"Benchmarks/Study_SamplesSet/532aba589ecbf1f9be5f332af38a0786.sol"},{"line":83,"column":47,"severity":"Warning","message":"Rule is set with explicit type [var/s: uint]","ruleId":"explicit-types","filePath":"Benchmarks/Study_SamplesSet/532aba589ecbf1f9be5f332af38a0786.sol"},{"line":87,"column":48,"severity":"Warning","message":"Rule is set with explicit type [var/s: uint]","ruleId":"explicit-types","filePath":"Benchmarks/Study_SamplesSet/532aba589ecbf1f9be5f332af38a0786.sol"},{"line":107,"column":4,"severity":"Warning","message":"Provide an error message for revert","ruleId":"reason-string","fix":null,"filePath":"Benchmarks/Study_SamplesSet/532aba589ecbf1f9be5f332af38a0786.sol"},{"line":107,"column":4,"severity":"Warning","message":"Use Custom Errors instead of revert statements","ruleId":"custom-errors","fix":null,"filePath":"Benchmarks/Study_SamplesSet/532aba589ecbf1f9be5f332af38a0786.sol"},{"line":117,"column":3,"severity":"Error","message":"Explicitly mark all external contracts as trusted or untrusted","ruleId":"mark-callable-contracts","filePath":"Benchmarks/Study_SamplesSet/532aba589ecbf1f9be5f332af38a0786.sol"},{"line":127,"column":13,"severity":"Warning","message":"Provide an error message for revert","ruleId":"reason-string","fix":null,"filePath":"Benchmarks/Study_SamplesSet/532aba589ecbf1f9be5f332af38a0786.sol"},{"line":127,"column":13,"severity":"Warning","message":"Use Custom Errors instead of revert statements","ruleId":"custom-errors","fix":null,"filePath":"Benchmarks/Study_SamplesSet/532aba589ecbf1f9be5f332af38a0786.sol"},{"line":137,"column":70,"severity":"Warning","message":"Provide an error message for revert","ruleId":"reason-string","fix":null,"filePath":"Benchmarks/Study_SamplesSet/532aba589ecbf1f9be5f332af38a0786.sol"},{"line":137,"column":70,"severity":"Warning","message":"Use Custom Errors instead of revert statements","ruleId":"custom-errors","fix":null,"filePath":"Benchmarks/Study_SamplesSet/532aba589ecbf1f9be5f332af38a0786.sol"},{"line":139,"column":9,"severity":"Error","message":"Explicitly mark all external contracts as trusted or untrusted","ruleId":"mark-callable-contracts","filePath":"Benchmarks/Study_SamplesSet/532aba589ecbf1f9be5f332af38a0786.sol"},{"line":148,"column":46,"severity":"Error","message":"Explicitly mark all external contracts as trusted or untrusted","ruleId":"mark-callable-contracts","filePath":"Benchmarks/Study_SamplesSet/532aba589ecbf1f9be5f332af38a0786.sol"},{"line":149,"column":39,"severity":"Error","message":"Explicitly mark all external contracts as trusted or untrusted","ruleId":"mark-callable-contracts","filePath":"Benchmarks/Study_SamplesSet/532aba589ecbf1f9be5f332af38a0786.sol"},{"line":163,"column":4,"severity":"Warning","message":"Provide an error message for revert","ruleId":"reason-string","fix":null,"filePath":"Benchmarks/Study_SamplesSet/532aba589ecbf1f9be5f332af38a0786.sol"},{"line":163,"column":4,"severity":"Warning","message":"Use Custom Errors instead of revert statements","ruleId":"custom-errors","fix":null,"filePath":"Benchmarks/Study_SamplesSet/532aba589ecbf1f9be5f332af38a0786.sol"},{"line":166,"column":13,"severity":"Warning","message":"Rule is set with explicit type [var/s: uint]","ruleId":"explicit-types","filePath":"Benchmarks/Study_SamplesSet/532aba589ecbf1f9be5f332af38a0786.sol"},{"line":177,"column":8,"severity":"Warning","message":"Rule is set with explicit type [var/s: uint]","ruleId":"explicit-types","filePath":"Benchmarks/Study_SamplesSet/532aba589ecbf1f9be5f332af38a0786.sol"},{"line":177,"column":8,"severity":"Warning","message":"Rule is set with explicit type [var/s: uint]","ruleId":"explicit-types","filePath":"Benchmarks/Study_SamplesSet/532aba589ecbf1f9be5f332af38a0786.sol"},{"line":219,"column":2,"severity":"Error","message":"Explicitly mark visibility of state","ruleId":"state-visibility","fix":null,"filePath":"Benchmarks/Study_SamplesSet/532aba589ecbf1f9be5f332af38a0786.sol"},{"line":219,"column":2,"severity":"Warning","message":"Constant name must be in capitalized SNAKE_CASE","ruleId":"const-name-snakecase","fix":null,"filePath":"Benchmarks/Study_SamplesSet/532aba589ecbf1f9be5f332af38a0786.sol"},{"line":220,"column":2,"severity":"Error","message":"Explicitly mark visibility of state","ruleId":"state-visibility","fix":null,"filePath":"Benchmarks/Study_SamplesSet/532aba589ecbf1f9be5f332af38a0786.sol"},{"line":220,"column":2,"severity":"Warning","message":"Constant name must be in capitalized SNAKE_CASE","ruleId":"const-name-snakecase","fix":null,"filePath":"Benchmarks/Study_SamplesSet/532aba589ecbf1f9be5f332af38a0786.sol"},{"line":221,"column":2,"severity":"Error","message":"Explicitly mark visibility of state","ruleId":"state-visibility","fix":null,"filePath":"Benchmarks/Study_SamplesSet/532aba589ecbf1f9be5f332af38a0786.sol"},{"line":221,"column":2,"severity":"Warning","message":"Constant name must be in capitalized SNAKE_CASE","ruleId":"const-name-snakecase","fix":null,"filePath":"Benchmarks/Study_SamplesSet/532aba589ecbf1f9be5f332af38a0786.sol"},{"line":222,"column":2,"severity":"Error","message":"Explicitly mark visibility of state","ruleId":"state-visibility","fix":null,"filePath":"Benchmarks/Study_SamplesSet/532aba589ecbf1f9be5f332af38a0786.sol"},{"line":222,"column":2,"severity":"Warning","message":"Constant name must be in capitalized SNAKE_CASE","ruleId":"const-name-snakecase","fix":null,"filePath":"Benchmarks/Study_SamplesSet/532aba589ecbf1f9be5f332af38a0786.sol"},{"line":223,"column":2,"severity":"Error","message":"Explicitly mark visibility of state","ruleId":"state-visibility","fix":null,"filePath":"Benchmarks/Study_SamplesSet/532aba589ecbf1f9be5f332af38a0786.sol"},{"line":223,"column":2,"severity":"Warning","message":"Constant name must be in capitalized SNAKE_CASE","ruleId":"const-name-snakecase","fix":null,"filePath":"Benchmarks/Study_SamplesSet/532aba589ecbf1f9be5f332af38a0786.sol"},{"line":224,"column":2,"severity":"Error","message":"Explicitly mark visibility of state","ruleId":"state-visibility","fix":null,"filePath":"Benchmarks/Study_SamplesSet/532aba589ecbf1f9be5f332af38a0786.sol"},{"line":224,"column":2,"severity":"Warning","message":"Constant name must be in capitalized SNAKE_CASE","ruleId":"const-name-snakecase","fix":null,"filePath":"Benchmarks/Study_SamplesSet/532aba589ecbf1f9be5f332af38a0786.sol"},{"line":225,"column":2,"severity":"Error","message":"Explicitly mark visibility of state","ruleId":"state-visibility","fix":null,"filePath":"Benchmarks/Study_SamplesSet/532aba589ecbf1f9be5f332af38a0786.sol"},{"line":225,"column":2,"severity":"Warning","message":"Constant name must be in capitalized SNAKE_CASE","ruleId":"const-name-snakecase","fix":null,"filePath":"Benchmarks/Study_SamplesSet/532aba589ecbf1f9be5f332af38a0786.sol"},{"line":226,"column":2,"severity":"Error","message":"Explicitly mark visibility of state","ruleId":"state-visibility","fix":null,"filePath":"Benchmarks/Study_SamplesSet/532aba589ecbf1f9be5f332af38a0786.sol"},{"line":226,"column":2,"severity":"Warning","message":"Constant name must be in capitalized SNAKE_CASE","ruleId":"const-name-snakecase","fix":null,"filePath":"Benchmarks/Study_SamplesSet/532aba589ecbf1f9be5f332af38a0786.sol"},{"line":227,"column":2,"severity":"Error","message":"Explicitly mark visibility of state","ruleId":"state-visibility","fix":null,"filePath":"Benchmarks/Study_SamplesSet/532aba589ecbf1f9be5f332af38a0786.sol"},{"line":227,"column":2,"severity":"Warning","message":"Constant name must be in capitalized SNAKE_CASE","ruleId":"const-name-snakecase","fix":null,"filePath":"Benchmarks/Study_SamplesSet/532aba589ecbf1f9be5f332af38a0786.sol"},{"line":228,"column":2,"severity":"Error","message":"Explicitly mark visibility of state","ruleId":"state-visibility","fix":null,"filePath":"Benchmarks/Study_SamplesSet/532aba589ecbf1f9be5f332af38a0786.sol"},{"line":228,"column":2,"severity":"Warning","message":"Constant name must be in capitalized SNAKE_CASE","ruleId":"const-name-snakecase","fix":null,"filePath":"Benchmarks/Study_SamplesSet/532aba589ecbf1f9be5f332af38a0786.sol"},{"line":229,"column":2,"severity":"Error","message":"Explicitly mark visibility of state","ruleId":"state-visibility","fix":null,"filePath":"Benchmarks/Study_SamplesSet/532aba589ecbf1f9be5f332af38a0786.sol"},{"line":229,"column":2,"severity":"Warning","message":"Constant name must be in capitalized SNAKE_CASE","ruleId":"const-name-snakecase","fix":null,"filePath":"Benchmarks/Study_SamplesSet/532aba589ecbf1f9be5f332af38a0786.sol"},{"line":251,"column":2,"severity":"Error","message":"Explicitly mark visibility of state","ruleId":"state-visibility","fix":null,"filePath":"Benchmarks/Study_SamplesSet/532aba589ecbf1f9be5f332af38a0786.sol"},{"line":251,"column":2,"severity":"Warning","message":"Constant name must be in capitalized SNAKE_CASE","ruleId":"const-name-snakecase","fix":null,"filePath":"Benchmarks/Study_SamplesSet/532aba589ecbf1f9be5f332af38a0786.sol"},{"line":252,"column":2,"severity":"Error","message":"Explicitly mark visibility of state","ruleId":"state-visibility","fix":null,"filePath":"Benchmarks/Study_SamplesSet/532aba589ecbf1f9be5f332af38a0786.sol"},{"line":252,"column":2,"severity":"Warning","message":"Constant name must be in capitalized SNAKE_CASE","ruleId":"const-name-snakecase","fix":null,"filePath":"Benchmarks/Study_SamplesSet/532aba589ecbf1f9be5f332af38a0786.sol"},{"line":253,"column":2,"severity":"Error","message":"Explicitly mark visibility of state","ruleId":"state-visibility","fix":null,"filePath":"Benchmarks/Study_SamplesSet/532aba589ecbf1f9be5f332af38a0786.sol"},{"line":253,"column":2,"severity":"Warning","message":"Constant name must be in capitalized SNAKE_CASE","ruleId":"const-name-snakecase","fix":null,"filePath":"Benchmarks/Study_SamplesSet/532aba589ecbf1f9be5f332af38a0786.sol"},{"line":254,"column":2,"severity":"Error","message":"Explicitly mark visibility of state","ruleId":"state-visibility","fix":null,"filePath":"Benchmarks/Study_SamplesSet/532aba589ecbf1f9be5f332af38a0786.sol"},{"line":254,"column":2,"severity":"Warning","message":"Constant name must be in capitalized SNAKE_CASE","ruleId":"const-name-snakecase","fix":null,"filePath":"Benchmarks/Study_SamplesSet/532aba589ecbf1f9be5f332af38a0786.sol"},{"line":262,"column":3,"severity":"Warning","message":"Variable name must be in mixedCase","ruleId":"var-name-mixedcase","fix":null,"filePath":"Benchmarks/Study_SamplesSet/532aba589ecbf1f9be5f332af38a0786.sol"},{"line":264,"column":22,"severity":"Error","message":"Explicitly mark all external contracts as trusted or untrusted","ruleId":"mark-callable-contracts","filePath":"Benchmarks/Study_SamplesSet/532aba589ecbf1f9be5f332af38a0786.sol"},{"line":264,"column":39,"severity":"Error","message":"Explicitly mark all external contracts as trusted or untrusted","ruleId":"mark-callable-contracts","filePath":"Benchmarks/Study_SamplesSet/532aba589ecbf1f9be5f332af38a0786.sol"},{"line":276,"column":22,"severity":"Warning","message":"Visibility modifier must be first in list of modifiers","ruleId":"visibility-modifier-order","fix":null,"filePath":"Benchmarks/Study_SamplesSet/532aba589ecbf1f9be5f332af38a0786.sol"},{"conclusion":"70 problem/s (31 error/s, 39 warning/s)"}]
