[{"line":1,"column":1,"severity":"Error","message":"Compiler version 0.4.26 does not satisfy the ^0.8.0 semver requirement","ruleId":"compiler-version","fix":null,"filePath":"Benchmarks/Study_SamplesSet/5436a080bd0e6bb074c165d6d7b8cba4.sol"},{"line":8,"column":5,"severity":"Error","message":"Explicitly mark visibility of state","ruleId":"state-visibility","fix":null,"filePath":"Benchmarks/Study_SamplesSet/5436a080bd0e6bb074c165d6d7b8cba4.sol"},{"line":9,"column":4,"severity":"Error","message":"Explicitly mark visibility of state","ruleId":"state-visibility","fix":null,"filePath":"Benchmarks/Study_SamplesSet/5436a080bd0e6bb074c165d6d7b8cba4.sol"},{"line":10,"column":4,"severity":"Error","message":"Explicitly mark visibility of state","ruleId":"state-visibility","fix":null,"filePath":"Benchmarks/Study_SamplesSet/5436a080bd0e6bb074c165d6d7b8cba4.sol"},{"line":15,"column":5,"severity":"Error","message":"Explicitly mark visibility in function (Set ignoreConstructors to true if using solidity >=0.7.0)","ruleId":"func-visibility","fix":null,"filePath":"Benchmarks/Study_SamplesSet/5436a080bd0e6bb074c165d6d7b8cba4.sol"},{"line":18,"column":18,"severity":"Error","message":"Use \"keccak256\" instead of deprecated \"sha3\"","ruleId":"avoid-sha3","filePath":"Benchmarks/Study_SamplesSet/5436a080bd0e6bb074c165d6d7b8cba4.sol"},{"line":20,"column":9,"severity":"Warning","message":"Variable \"a\" is unused","ruleId":"no-unused-vars","fix":null,"filePath":"Benchmarks/Study_SamplesSet/5436a080bd0e6bb074c165d6d7b8cba4.sol"},{"line":22,"column":19,"severity":"Error","message":"Do not rely on \"block.blockhash\". Miners can influence its value.","ruleId":"not-rely-on-block-hash","fix":null,"filePath":"Benchmarks/Study_SamplesSet/5436a080bd0e6bb074c165d6d7b8cba4.sol"},{"line":26,"column":5,"severity":"Error","message":"Explicitly mark visibility in function","ruleId":"func-visibility","fix":null,"filePath":"Benchmarks/Study_SamplesSet/5436a080bd0e6bb074c165d6d7b8cba4.sol"},{"line":30,"column":5,"severity":"Error","message":"Explicitly mark visibility in function","ruleId":"func-visibility","fix":null,"filePath":"Benchmarks/Study_SamplesSet/5436a080bd0e6bb074c165d6d7b8cba4.sol"},{"line":32,"column":12,"severity":"Error","message":"Avoid to use low level calls.","ruleId":"avoid-low-level-calls","fix":null,"filePath":"Benchmarks/Study_SamplesSet/5436a080bd0e6bb074c165d6d7b8cba4.sol"},{"line":33,"column":13,"severity":"Error","message":"\"throw\" is deprecated, avoid to use it","ruleId":"avoid-throw","filePath":"Benchmarks/Study_SamplesSet/5436a080bd0e6bb074c165d6d7b8cba4.sol"},{"line":37,"column":13,"severity":"Warning","message":"Provide an error message for require","ruleId":"reason-string","fix":null,"filePath":"Benchmarks/Study_SamplesSet/5436a080bd0e6bb074c165d6d7b8cba4.sol"},{"line":37,"column":13,"severity":"Warning","message":"Use Custom Errors instead of require statements","ruleId":"custom-errors","fix":null,"filePath":"Benchmarks/Study_SamplesSet/5436a080bd0e6bb074c165d6d7b8cba4.sol"},{"line":38,"column":13,"severity":"Error","message":"Use \"selfdestruct\" instead of deprecated \"suicide\"","ruleId":"avoid-suicide","filePath":"Benchmarks/Study_SamplesSet/5436a080bd0e6bb074c165d6d7b8cba4.sol"},{"line":42,"column":5,"severity":"Warning","message":"Fallback should be external and payable to accept native currency","ruleId":"payable-fallback","filePath":"Benchmarks/Study_SamplesSet/5436a080bd0e6bb074c165d6d7b8cba4.sol"},{"line":45,"column":13,"severity":"Error","message":"\"throw\" is deprecated, avoid to use it","ruleId":"avoid-throw","filePath":"Benchmarks/Study_SamplesSet/5436a080bd0e6bb074c165d6d7b8cba4.sol"},{"conclusion":"17 problem/s (13 error/s, 4 warning/s)"}]
