[{"line":7,"column":1,"severity":"Error","message":"Compiler version ^0.4.24 does not satisfy the ^0.8.0 semver requirement","ruleId":"compiler-version","fix":null,"filePath":"Benchmarks/Study_SamplesSet/54a416b397e2725d7b7982b42b4d930a.sol"},{"line":11,"column":3,"severity":"Error","message":"Explicitly mark visibility of state","ruleId":"state-visibility","fix":null,"filePath":"Benchmarks/Study_SamplesSet/54a416b397e2725d7b7982b42b4d930a.sol"},{"line":19,"column":5,"severity":"Warning","message":"Provide an error message for require","ruleId":"reason-string","fix":null,"filePath":"Benchmarks/Study_SamplesSet/54a416b397e2725d7b7982b42b4d930a.sol"},{"line":19,"column":5,"severity":"Warning","message":"Use Custom Errors instead of require statements","ruleId":"custom-errors","fix":null,"filePath":"Benchmarks/Study_SamplesSet/54a416b397e2725d7b7982b42b4d930a.sol"},{"line":19,"column":13,"severity":"Error","message":"Avoid to use low level calls.","ruleId":"avoid-low-level-calls","fix":null,"filePath":"Benchmarks/Study_SamplesSet/54a416b397e2725d7b7982b42b4d930a.sol"},{"conclusion":"5 problem/s (3 error/s, 2 warning/s)"}]
