[{"line":1,"column":1,"severity":"Warning","message":"Found more than One contract per file. 10 contracts found!","ruleId":"one-contract-per-file","fix":null,"filePath":"Benchmarks/Study_SamplesSet/5a876adca0f5ffcdd9dd7c3def02cee4.sol"},{"line":1,"column":1,"severity":"Error","message":"Compiler version ^0.4.18 does not satisfy the ^0.8.0 semver requirement","ruleId":"compiler-version","fix":null,"filePath":"Benchmarks/Study_SamplesSet/5a876adca0f5ffcdd9dd7c3def02cee4.sol"},{"line":46,"column":5,"severity":"Error","message":"Explicitly mark visibility of state","ruleId":"state-visibility","fix":null,"filePath":"Benchmarks/Study_SamplesSet/5a876adca0f5ffcdd9dd7c3def02cee4.sol"},{"line":51,"column":9,"severity":"Error","message":"Explicitly mark all external contracts as trusted or untrusted","ruleId":"mark-callable-contracts","filePath":"Benchmarks/Study_SamplesSet/5a876adca0f5ffcdd9dd7c3def02cee4.sol"},{"line":73,"column":5,"severity":"Error","message":"Explicitly mark visibility of state","ruleId":"state-visibility","fix":null,"filePath":"Benchmarks/Study_SamplesSet/5a876adca0f5ffcdd9dd7c3def02cee4.sol"},{"line":81,"column":9,"severity":"Error","message":"Explicitly mark all external contracts as trusted or untrusted","ruleId":"mark-callable-contracts","filePath":"Benchmarks/Study_SamplesSet/5a876adca0f5ffcdd9dd7c3def02cee4.sol"},{"line":87,"column":9,"severity":"Warning","message":"Provide an error message for require","ruleId":"reason-string","fix":null,"filePath":"Benchmarks/Study_SamplesSet/5a876adca0f5ffcdd9dd7c3def02cee4.sol"},{"line":87,"column":9,"severity":"Warning","message":"Use Custom Errors instead of require statements","ruleId":"custom-errors","fix":null,"filePath":"Benchmarks/Study_SamplesSet/5a876adca0f5ffcdd9dd7c3def02cee4.sol"},{"line":89,"column":9,"severity":"Error","message":"Explicitly mark all external contracts as trusted or untrusted","ruleId":"mark-callable-contracts","filePath":"Benchmarks/Study_SamplesSet/5a876adca0f5ffcdd9dd7c3def02cee4.sol"},{"line":107,"column":9,"severity":"Warning","message":"Provide an error message for require","ruleId":"reason-string","fix":null,"filePath":"Benchmarks/Study_SamplesSet/5a876adca0f5ffcdd9dd7c3def02cee4.sol"},{"line":107,"column":9,"severity":"Warning","message":"Use Custom Errors instead of require statements","ruleId":"custom-errors","fix":null,"filePath":"Benchmarks/Study_SamplesSet/5a876adca0f5ffcdd9dd7c3def02cee4.sol"},{"line":127,"column":9,"severity":"Warning","message":"Provide an error message for require","ruleId":"reason-string","fix":null,"filePath":"Benchmarks/Study_SamplesSet/5a876adca0f5ffcdd9dd7c3def02cee4.sol"},{"line":127,"column":9,"severity":"Warning","message":"Use Custom Errors instead of require statements","ruleId":"custom-errors","fix":null,"filePath":"Benchmarks/Study_SamplesSet/5a876adca0f5ffcdd9dd7c3def02cee4.sol"},{"line":134,"column":9,"severity":"Error","message":"Explicitly mark all external contracts as trusted or untrusted","ruleId":"mark-callable-contracts","filePath":"Benchmarks/Study_SamplesSet/5a876adca0f5ffcdd9dd7c3def02cee4.sol"},{"line":152,"column":9,"severity":"Error","message":"Explicitly mark all external contracts as trusted or untrusted","ruleId":"mark-callable-contracts","filePath":"Benchmarks/Study_SamplesSet/5a876adca0f5ffcdd9dd7c3def02cee4.sol"},{"line":171,"column":112,"severity":"Warning","message":"Rule is set with explicit type [var/s: uint]","ruleId":"explicit-types","filePath":"Benchmarks/Study_SamplesSet/5a876adca0f5ffcdd9dd7c3def02cee4.sol"},{"line":179,"column":9,"severity":"Warning","message":"Provide an error message for require","ruleId":"reason-string","fix":null,"filePath":"Benchmarks/Study_SamplesSet/5a876adca0f5ffcdd9dd7c3def02cee4.sol"},{"line":179,"column":9,"severity":"Warning","message":"Use Custom Errors instead of require statements","ruleId":"custom-errors","fix":null,"filePath":"Benchmarks/Study_SamplesSet/5a876adca0f5ffcdd9dd7c3def02cee4.sol"},{"line":191,"column":5,"severity":"Error","message":"Explicitly mark visibility of state","ruleId":"state-visibility","fix":null,"filePath":"Benchmarks/Study_SamplesSet/5a876adca0f5ffcdd9dd7c3def02cee4.sol"},{"line":191,"column":5,"severity":"Warning","message":"Rule is set with explicit type [var/s: uint]","ruleId":"explicit-types","filePath":"Benchmarks/Study_SamplesSet/5a876adca0f5ffcdd9dd7c3def02cee4.sol"},{"line":192,"column":5,"severity":"Error","message":"Explicitly mark visibility of state","ruleId":"state-visibility","fix":null,"filePath":"Benchmarks/Study_SamplesSet/5a876adca0f5ffcdd9dd7c3def02cee4.sol"},{"line":192,"column":5,"severity":"Warning","message":"Rule is set with explicit type [var/s: uint]","ruleId":"explicit-types","filePath":"Benchmarks/Study_SamplesSet/5a876adca0f5ffcdd9dd7c3def02cee4.sol"},{"line":193,"column":5,"severity":"Error","message":"Explicitly mark visibility of state","ruleId":"state-visibility","fix":null,"filePath":"Benchmarks/Study_SamplesSet/5a876adca0f5ffcdd9dd7c3def02cee4.sol"},{"line":193,"column":5,"severity":"Warning","message":"Rule is set with explicit type [var/s: uint]","ruleId":"explicit-types","filePath":"Benchmarks/Study_SamplesSet/5a876adca0f5ffcdd9dd7c3def02cee4.sol"},{"line":194,"column":5,"severity":"Error","message":"Explicitly mark visibility of state","ruleId":"state-visibility","fix":null,"filePath":"Benchmarks/Study_SamplesSet/5a876adca0f5ffcdd9dd7c3def02cee4.sol"},{"line":194,"column":5,"severity":"Warning","message":"Rule is set with explicit type [var/s: uint]","ruleId":"explicit-types","filePath":"Benchmarks/Study_SamplesSet/5a876adca0f5ffcdd9dd7c3def02cee4.sol"},{"line":195,"column":5,"severity":"Error","message":"Explicitly mark visibility of state","ruleId":"state-visibility","fix":null,"filePath":"Benchmarks/Study_SamplesSet/5a876adca0f5ffcdd9dd7c3def02cee4.sol"},{"line":195,"column":5,"severity":"Warning","message":"Rule is set with explicit type [var/s: uint]","ruleId":"explicit-types","filePath":"Benchmarks/Study_SamplesSet/5a876adca0f5ffcdd9dd7c3def02cee4.sol"},{"line":196,"column":5,"severity":"Error","message":"Explicitly mark visibility of state","ruleId":"state-visibility","fix":null,"filePath":"Benchmarks/Study_SamplesSet/5a876adca0f5ffcdd9dd7c3def02cee4.sol"},{"line":196,"column":5,"severity":"Warning","message":"Rule is set with explicit type [var/s: uint]","ruleId":"explicit-types","filePath":"Benchmarks/Study_SamplesSet/5a876adca0f5ffcdd9dd7c3def02cee4.sol"},{"line":197,"column":5,"severity":"Error","message":"Explicitly mark visibility of state","ruleId":"state-visibility","fix":null,"filePath":"Benchmarks/Study_SamplesSet/5a876adca0f5ffcdd9dd7c3def02cee4.sol"},{"line":197,"column":5,"severity":"Warning","message":"Rule is set with explicit type [var/s: uint]","ruleId":"explicit-types","filePath":"Benchmarks/Study_SamplesSet/5a876adca0f5ffcdd9dd7c3def02cee4.sol"},{"line":198,"column":5,"severity":"Error","message":"Explicitly mark visibility of state","ruleId":"state-visibility","fix":null,"filePath":"Benchmarks/Study_SamplesSet/5a876adca0f5ffcdd9dd7c3def02cee4.sol"},{"line":198,"column":5,"severity":"Warning","message":"Rule is set with explicit type [var/s: uint]","ruleId":"explicit-types","filePath":"Benchmarks/Study_SamplesSet/5a876adca0f5ffcdd9dd7c3def02cee4.sol"},{"line":204,"column":9,"severity":"Warning","message":"Provide an error message for require","ruleId":"reason-string","fix":null,"filePath":"Benchmarks/Study_SamplesSet/5a876adca0f5ffcdd9dd7c3def02cee4.sol"},{"line":204,"column":9,"severity":"Warning","message":"Use Custom Errors instead of require statements","ruleId":"custom-errors","fix":null,"filePath":"Benchmarks/Study_SamplesSet/5a876adca0f5ffcdd9dd7c3def02cee4.sol"},{"line":205,"column":9,"severity":"Warning","message":"Provide an error message for require","ruleId":"reason-string","fix":null,"filePath":"Benchmarks/Study_SamplesSet/5a876adca0f5ffcdd9dd7c3def02cee4.sol"},{"line":205,"column":9,"severity":"Warning","message":"Use Custom Errors instead of require statements","ruleId":"custom-errors","fix":null,"filePath":"Benchmarks/Study_SamplesSet/5a876adca0f5ffcdd9dd7c3def02cee4.sol"},{"line":206,"column":9,"severity":"Warning","message":"Provide an error message for require","ruleId":"reason-string","fix":null,"filePath":"Benchmarks/Study_SamplesSet/5a876adca0f5ffcdd9dd7c3def02cee4.sol"},{"line":206,"column":9,"severity":"Warning","message":"Use Custom Errors instead of require statements","ruleId":"custom-errors","fix":null,"filePath":"Benchmarks/Study_SamplesSet/5a876adca0f5ffcdd9dd7c3def02cee4.sol"},{"line":211,"column":13,"severity":"Error","message":"Avoid making time-based decisions in your business logic","ruleId":"not-rely-on-time","fix":null,"filePath":"Benchmarks/Study_SamplesSet/5a876adca0f5ffcdd9dd7c3def02cee4.sol"},{"line":211,"column":41,"severity":"Error","message":"Avoid making time-based decisions in your business logic","ruleId":"not-rely-on-time","fix":null,"filePath":"Benchmarks/Study_SamplesSet/5a876adca0f5ffcdd9dd7c3def02cee4.sol"},{"line":212,"column":18,"severity":"Error","message":"Avoid making time-based decisions in your business logic","ruleId":"not-rely-on-time","fix":null,"filePath":"Benchmarks/Study_SamplesSet/5a876adca0f5ffcdd9dd7c3def02cee4.sol"},{"line":212,"column":46,"severity":"Error","message":"Avoid making time-based decisions in your business logic","ruleId":"not-rely-on-time","fix":null,"filePath":"Benchmarks/Study_SamplesSet/5a876adca0f5ffcdd9dd7c3def02cee4.sol"},{"line":213,"column":18,"severity":"Error","message":"Avoid making time-based decisions in your business logic","ruleId":"not-rely-on-time","fix":null,"filePath":"Benchmarks/Study_SamplesSet/5a876adca0f5ffcdd9dd7c3def02cee4.sol"},{"line":213,"column":46,"severity":"Error","message":"Avoid making time-based decisions in your business logic","ruleId":"not-rely-on-time","fix":null,"filePath":"Benchmarks/Study_SamplesSet/5a876adca0f5ffcdd9dd7c3def02cee4.sol"},{"line":214,"column":18,"severity":"Error","message":"Avoid making time-based decisions in your business logic","ruleId":"not-rely-on-time","fix":null,"filePath":"Benchmarks/Study_SamplesSet/5a876adca0f5ffcdd9dd7c3def02cee4.sol"},{"line":214,"column":46,"severity":"Error","message":"Avoid making time-based decisions in your business logic","ruleId":"not-rely-on-time","fix":null,"filePath":"Benchmarks/Study_SamplesSet/5a876adca0f5ffcdd9dd7c3def02cee4.sol"},{"line":215,"column":18,"severity":"Error","message":"Avoid making time-based decisions in your business logic","ruleId":"not-rely-on-time","fix":null,"filePath":"Benchmarks/Study_SamplesSet/5a876adca0f5ffcdd9dd7c3def02cee4.sol"},{"line":215,"column":46,"severity":"Error","message":"Avoid making time-based decisions in your business logic","ruleId":"not-rely-on-time","fix":null,"filePath":"Benchmarks/Study_SamplesSet/5a876adca0f5ffcdd9dd7c3def02cee4.sol"},{"line":216,"column":18,"severity":"Error","message":"Avoid making time-based decisions in your business logic","ruleId":"not-rely-on-time","fix":null,"filePath":"Benchmarks/Study_SamplesSet/5a876adca0f5ffcdd9dd7c3def02cee4.sol"},{"line":216,"column":46,"severity":"Error","message":"Avoid making time-based decisions in your business logic","ruleId":"not-rely-on-time","fix":null,"filePath":"Benchmarks/Study_SamplesSet/5a876adca0f5ffcdd9dd7c3def02cee4.sol"},{"line":217,"column":18,"severity":"Error","message":"Avoid making time-based decisions in your business logic","ruleId":"not-rely-on-time","fix":null,"filePath":"Benchmarks/Study_SamplesSet/5a876adca0f5ffcdd9dd7c3def02cee4.sol"},{"line":217,"column":46,"severity":"Error","message":"Avoid making time-based decisions in your business logic","ruleId":"not-rely-on-time","fix":null,"filePath":"Benchmarks/Study_SamplesSet/5a876adca0f5ffcdd9dd7c3def02cee4.sol"},{"line":222,"column":9,"severity":"Error","message":"Explicitly mark all external contracts as trusted or untrusted","ruleId":"mark-callable-contracts","filePath":"Benchmarks/Study_SamplesSet/5a876adca0f5ffcdd9dd7c3def02cee4.sol"},{"line":222,"column":67,"severity":"Error","message":"Avoid making time-based decisions in your business logic","ruleId":"not-rely-on-time","fix":null,"filePath":"Benchmarks/Study_SamplesSet/5a876adca0f5ffcdd9dd7c3def02cee4.sol"},{"line":227,"column":9,"severity":"Warning","message":"Provide an error message for require","ruleId":"reason-string","fix":null,"filePath":"Benchmarks/Study_SamplesSet/5a876adca0f5ffcdd9dd7c3def02cee4.sol"},{"line":227,"column":9,"severity":"Warning","message":"Use Custom Errors instead of require statements","ruleId":"custom-errors","fix":null,"filePath":"Benchmarks/Study_SamplesSet/5a876adca0f5ffcdd9dd7c3def02cee4.sol"},{"line":229,"column":13,"severity":"Error","message":"Avoid making time-based decisions in your business logic","ruleId":"not-rely-on-time","fix":null,"filePath":"Benchmarks/Study_SamplesSet/5a876adca0f5ffcdd9dd7c3def02cee4.sol"},{"line":229,"column":41,"severity":"Error","message":"Avoid making time-based decisions in your business logic","ruleId":"not-rely-on-time","fix":null,"filePath":"Benchmarks/Study_SamplesSet/5a876adca0f5ffcdd9dd7c3def02cee4.sol"},{"line":230,"column":18,"severity":"Error","message":"Avoid making time-based decisions in your business logic","ruleId":"not-rely-on-time","fix":null,"filePath":"Benchmarks/Study_SamplesSet/5a876adca0f5ffcdd9dd7c3def02cee4.sol"},{"line":230,"column":46,"severity":"Error","message":"Avoid making time-based decisions in your business logic","ruleId":"not-rely-on-time","fix":null,"filePath":"Benchmarks/Study_SamplesSet/5a876adca0f5ffcdd9dd7c3def02cee4.sol"},{"line":231,"column":18,"severity":"Error","message":"Avoid making time-based decisions in your business logic","ruleId":"not-rely-on-time","fix":null,"filePath":"Benchmarks/Study_SamplesSet/5a876adca0f5ffcdd9dd7c3def02cee4.sol"},{"line":231,"column":46,"severity":"Error","message":"Avoid making time-based decisions in your business logic","ruleId":"not-rely-on-time","fix":null,"filePath":"Benchmarks/Study_SamplesSet/5a876adca0f5ffcdd9dd7c3def02cee4.sol"},{"line":232,"column":18,"severity":"Error","message":"Avoid making time-based decisions in your business logic","ruleId":"not-rely-on-time","fix":null,"filePath":"Benchmarks/Study_SamplesSet/5a876adca0f5ffcdd9dd7c3def02cee4.sol"},{"line":232,"column":46,"severity":"Error","message":"Avoid making time-based decisions in your business logic","ruleId":"not-rely-on-time","fix":null,"filePath":"Benchmarks/Study_SamplesSet/5a876adca0f5ffcdd9dd7c3def02cee4.sol"},{"line":233,"column":18,"severity":"Error","message":"Avoid making time-based decisions in your business logic","ruleId":"not-rely-on-time","fix":null,"filePath":"Benchmarks/Study_SamplesSet/5a876adca0f5ffcdd9dd7c3def02cee4.sol"},{"line":233,"column":46,"severity":"Error","message":"Avoid making time-based decisions in your business logic","ruleId":"not-rely-on-time","fix":null,"filePath":"Benchmarks/Study_SamplesSet/5a876adca0f5ffcdd9dd7c3def02cee4.sol"},{"line":234,"column":18,"severity":"Error","message":"Avoid making time-based decisions in your business logic","ruleId":"not-rely-on-time","fix":null,"filePath":"Benchmarks/Study_SamplesSet/5a876adca0f5ffcdd9dd7c3def02cee4.sol"},{"line":234,"column":46,"severity":"Error","message":"Avoid making time-based decisions in your business logic","ruleId":"not-rely-on-time","fix":null,"filePath":"Benchmarks/Study_SamplesSet/5a876adca0f5ffcdd9dd7c3def02cee4.sol"},{"line":235,"column":18,"severity":"Error","message":"Avoid making time-based decisions in your business logic","ruleId":"not-rely-on-time","fix":null,"filePath":"Benchmarks/Study_SamplesSet/5a876adca0f5ffcdd9dd7c3def02cee4.sol"},{"line":235,"column":46,"severity":"Error","message":"Avoid making time-based decisions in your business logic","ruleId":"not-rely-on-time","fix":null,"filePath":"Benchmarks/Study_SamplesSet/5a876adca0f5ffcdd9dd7c3def02cee4.sol"},{"line":239,"column":9,"severity":"Error","message":"Explicitly mark all external contracts as trusted or untrusted","ruleId":"mark-callable-contracts","filePath":"Benchmarks/Study_SamplesSet/5a876adca0f5ffcdd9dd7c3def02cee4.sol"},{"line":239,"column":67,"severity":"Error","message":"Avoid making time-based decisions in your business logic","ruleId":"not-rely-on-time","fix":null,"filePath":"Benchmarks/Study_SamplesSet/5a876adca0f5ffcdd9dd7c3def02cee4.sol"},{"line":254,"column":14,"severity":"Error","message":"Avoid making time-based decisions in your business logic","ruleId":"not-rely-on-time","fix":null,"filePath":"Benchmarks/Study_SamplesSet/5a876adca0f5ffcdd9dd7c3def02cee4.sol"},{"line":254,"column":43,"severity":"Error","message":"Avoid making time-based decisions in your business logic","ruleId":"not-rely-on-time","fix":null,"filePath":"Benchmarks/Study_SamplesSet/5a876adca0f5ffcdd9dd7c3def02cee4.sol"},{"line":255,"column":13,"severity":"Error","message":"Avoid making time-based decisions in your business logic","ruleId":"not-rely-on-time","fix":null,"filePath":"Benchmarks/Study_SamplesSet/5a876adca0f5ffcdd9dd7c3def02cee4.sol"},{"line":256,"column":13,"severity":"Error","message":"Avoid making time-based decisions in your business logic","ruleId":"not-rely-on-time","fix":null,"filePath":"Benchmarks/Study_SamplesSet/5a876adca0f5ffcdd9dd7c3def02cee4.sol"},{"line":257,"column":17,"severity":"Error","message":"Avoid making time-based decisions in your business logic","ruleId":"not-rely-on-time","fix":null,"filePath":"Benchmarks/Study_SamplesSet/5a876adca0f5ffcdd9dd7c3def02cee4.sol"},{"conclusion":"79 problem/s (53 error/s, 26 warning/s)"}]
