[{"line":1,"column":1,"severity":"Error","message":"Compiler version 0.6.2 does not satisfy the ^0.8.0 semver requirement","ruleId":"compiler-version","fix":null,"filePath":"Benchmarks/Study_SamplesSet/5ce2c119b41d041966e8dfc7411075fc.sol"},{"line":5,"column":1,"severity":"Warning","message":"Contract, Structs and Enums should be in CamelCase","ruleId":"contract-name-camelcase","filePath":"Benchmarks/Study_SamplesSet/5ce2c119b41d041966e8dfc7411075fc.sol"},{"line":8,"column":22,"severity":"Warning","message":"Code contains empty blocks","ruleId":"no-empty-blocks","fix":null,"filePath":"Benchmarks/Study_SamplesSet/5ce2c119b41d041966e8dfc7411075fc.sol"},{"conclusion":"3 problem/s (1 error/s, 2 warning/s)"}]
