[{"line":1,"column":1,"severity":"Error","message":"Compiler version ^0.4.4 does not satisfy the ^0.8.0 semver requirement","ruleId":"compiler-version","fix":null,"filePath":"Benchmarks/Study_SamplesSet/5fe73d9c557aac78b6ede1e2bb107834.sol"},{"line":11,"column":9,"severity":"Warning","message":"Rule is set with explicit type [var/s: uint]","ruleId":"explicit-types","filePath":"Benchmarks/Study_SamplesSet/5fe73d9c557aac78b6ede1e2bb107834.sol"},{"line":16,"column":9,"severity":"Warning","message":"Rule is set with explicit type [var/s: uint]","ruleId":"explicit-types","filePath":"Benchmarks/Study_SamplesSet/5fe73d9c557aac78b6ede1e2bb107834.sol"},{"line":19,"column":9,"severity":"Warning","message":"Rule is set with explicit type [var/s: uint]","ruleId":"explicit-types","filePath":"Benchmarks/Study_SamplesSet/5fe73d9c557aac78b6ede1e2bb107834.sol"},{"line":22,"column":5,"severity":"Warning","message":"Rule is set with explicit type [var/s: uint]","ruleId":"explicit-types","filePath":"Benchmarks/Study_SamplesSet/5fe73d9c557aac78b6ede1e2bb107834.sol"},{"line":23,"column":5,"severity":"Warning","message":"Rule is set with explicit type [var/s: uint]","ruleId":"explicit-types","filePath":"Benchmarks/Study_SamplesSet/5fe73d9c557aac78b6ede1e2bb107834.sol"},{"line":24,"column":5,"severity":"Warning","message":"Rule is set with explicit type [var/s: uint]","ruleId":"explicit-types","filePath":"Benchmarks/Study_SamplesSet/5fe73d9c557aac78b6ede1e2bb107834.sol"},{"line":25,"column":5,"severity":"Warning","message":"Rule is set with explicit type [var/s: uint]","ruleId":"explicit-types","filePath":"Benchmarks/Study_SamplesSet/5fe73d9c557aac78b6ede1e2bb107834.sol"},{"line":27,"column":5,"severity":"Error","message":"Explicitly mark visibility of state","ruleId":"state-visibility","fix":null,"filePath":"Benchmarks/Study_SamplesSet/5fe73d9c557aac78b6ede1e2bb107834.sol"},{"line":27,"column":5,"severity":"Warning","message":"Rule is set with explicit type [var/s: uint]","ruleId":"explicit-types","filePath":"Benchmarks/Study_SamplesSet/5fe73d9c557aac78b6ede1e2bb107834.sol"},{"line":28,"column":5,"severity":"Error","message":"Explicitly mark visibility of state","ruleId":"state-visibility","fix":null,"filePath":"Benchmarks/Study_SamplesSet/5fe73d9c557aac78b6ede1e2bb107834.sol"},{"line":28,"column":5,"severity":"Warning","message":"Rule is set with explicit type [var/s: uint]","ruleId":"explicit-types","filePath":"Benchmarks/Study_SamplesSet/5fe73d9c557aac78b6ede1e2bb107834.sol"},{"line":29,"column":5,"severity":"Error","message":"Explicitly mark visibility of state","ruleId":"state-visibility","fix":null,"filePath":"Benchmarks/Study_SamplesSet/5fe73d9c557aac78b6ede1e2bb107834.sol"},{"line":29,"column":5,"severity":"Warning","message":"Rule is set with explicit type [var/s: uint]","ruleId":"explicit-types","filePath":"Benchmarks/Study_SamplesSet/5fe73d9c557aac78b6ede1e2bb107834.sol"},{"line":30,"column":5,"severity":"Error","message":"Explicitly mark visibility of state","ruleId":"state-visibility","fix":null,"filePath":"Benchmarks/Study_SamplesSet/5fe73d9c557aac78b6ede1e2bb107834.sol"},{"line":32,"column":5,"severity":"Warning","message":"Rule is set with explicit type [var/s: uint]","ruleId":"explicit-types","filePath":"Benchmarks/Study_SamplesSet/5fe73d9c557aac78b6ede1e2bb107834.sol"},{"line":33,"column":5,"severity":"Warning","message":"Rule is set with explicit type [var/s: uint]","ruleId":"explicit-types","filePath":"Benchmarks/Study_SamplesSet/5fe73d9c557aac78b6ede1e2bb107834.sol"},{"line":35,"column":5,"severity":"Error","message":"Explicitly mark visibility of state","ruleId":"state-visibility","fix":null,"filePath":"Benchmarks/Study_SamplesSet/5fe73d9c557aac78b6ede1e2bb107834.sol"},{"line":35,"column":5,"severity":"Warning","message":"Rule is set with explicit type [var/s: uint]","ruleId":"explicit-types","filePath":"Benchmarks/Study_SamplesSet/5fe73d9c557aac78b6ede1e2bb107834.sol"},{"line":37,"column":18,"severity":"Warning","message":"Rule is set with explicit type [var/s: uint]","ruleId":"explicit-types","filePath":"Benchmarks/Study_SamplesSet/5fe73d9c557aac78b6ede1e2bb107834.sol"},{"line":39,"column":27,"severity":"Warning","message":"Rule is set with explicit type [var/s: uint]","ruleId":"explicit-types","filePath":"Benchmarks/Study_SamplesSet/5fe73d9c557aac78b6ede1e2bb107834.sol"},{"line":41,"column":13,"severity":"Error","message":"\"throw\" is deprecated, avoid to use it","ruleId":"avoid-throw","filePath":"Benchmarks/Study_SamplesSet/5fe73d9c557aac78b6ede1e2bb107834.sol"},{"line":45,"column":5,"severity":"Error","message":"Explicitly mark visibility in function (Set ignoreConstructors to true if using solidity >=0.7.0)","ruleId":"func-visibility","fix":null,"filePath":"Benchmarks/Study_SamplesSet/5fe73d9c557aac78b6ede1e2bb107834.sol"},{"line":55,"column":5,"severity":"Warning","message":"Fallback should be external and payable to accept native currency","ruleId":"payable-fallback","filePath":"Benchmarks/Study_SamplesSet/5fe73d9c557aac78b6ede1e2bb107834.sol"},{"line":55,"column":5,"severity":"Error","message":"Explicitly mark visibility in function","ruleId":"func-visibility","fix":null,"filePath":"Benchmarks/Study_SamplesSet/5fe73d9c557aac78b6ede1e2bb107834.sol"},{"line":55,"column":16,"severity":"Error","message":"\"throw\" is deprecated, avoid to use it","ruleId":"avoid-throw","filePath":"Benchmarks/Study_SamplesSet/5fe73d9c557aac78b6ede1e2bb107834.sol"},{"line":57,"column":5,"severity":"Error","message":"Explicitly mark visibility in function","ruleId":"func-visibility","fix":null,"filePath":"Benchmarks/Study_SamplesSet/5fe73d9c557aac78b6ede1e2bb107834.sol"},{"line":57,"column":31,"severity":"Warning","message":"Rule is set with explicit type [var/s: uint]","ruleId":"explicit-types","filePath":"Benchmarks/Study_SamplesSet/5fe73d9c557aac78b6ede1e2bb107834.sol"},{"line":58,"column":9,"severity":"Warning","message":"Avoid to use letters 'I', 'l', 'O' as identifiers","ruleId":"use-forbidden-name","fix":null,"filePath":"Benchmarks/Study_SamplesSet/5fe73d9c557aac78b6ede1e2bb107834.sol"},{"line":61,"column":21,"severity":"Error","message":"Use double quotes for string literals","ruleId":"quotes","filePath":"Benchmarks/Study_SamplesSet/5fe73d9c557aac78b6ede1e2bb107834.sol"},{"line":62,"column":23,"severity":"Error","message":"Use double quotes for string literals","ruleId":"quotes","filePath":"Benchmarks/Study_SamplesSet/5fe73d9c557aac78b6ede1e2bb107834.sol"},{"line":68,"column":26,"severity":"Error","message":"Explicitly mark all external contracts as trusted or untrusted","ruleId":"mark-callable-contracts","filePath":"Benchmarks/Study_SamplesSet/5fe73d9c557aac78b6ede1e2bb107834.sol"},{"line":83,"column":13,"severity":"Error","message":"Explicitly mark all external contracts as trusted or untrusted","ruleId":"mark-callable-contracts","filePath":"Benchmarks/Study_SamplesSet/5fe73d9c557aac78b6ede1e2bb107834.sol"},{"line":83,"column":23,"severity":"Error","message":"Use double quotes for string literals","ruleId":"quotes","filePath":"Benchmarks/Study_SamplesSet/5fe73d9c557aac78b6ede1e2bb107834.sol"},{"line":85,"column":13,"severity":"Error","message":"\"throw\" is deprecated, avoid to use it","ruleId":"avoid-throw","filePath":"Benchmarks/Study_SamplesSet/5fe73d9c557aac78b6ede1e2bb107834.sol"},{"line":89,"column":5,"severity":"Error","message":"Explicitly mark visibility in function","ruleId":"func-visibility","fix":null,"filePath":"Benchmarks/Study_SamplesSet/5fe73d9c557aac78b6ede1e2bb107834.sol"},{"line":89,"column":27,"severity":"Warning","message":"Rule is set with explicit type [var/s: uint]","ruleId":"explicit-types","filePath":"Benchmarks/Study_SamplesSet/5fe73d9c557aac78b6ede1e2bb107834.sol"},{"line":90,"column":9,"severity":"Warning","message":"Avoid to use letters 'I', 'l', 'O' as identifiers","ruleId":"use-forbidden-name","fix":null,"filePath":"Benchmarks/Study_SamplesSet/5fe73d9c557aac78b6ede1e2bb107834.sol"},{"line":97,"column":21,"severity":"Error","message":"Use double quotes for string literals","ruleId":"quotes","filePath":"Benchmarks/Study_SamplesSet/5fe73d9c557aac78b6ede1e2bb107834.sol"},{"line":98,"column":23,"severity":"Error","message":"Use double quotes for string literals","ruleId":"quotes","filePath":"Benchmarks/Study_SamplesSet/5fe73d9c557aac78b6ede1e2bb107834.sol"},{"line":109,"column":13,"severity":"Error","message":"Explicitly mark all external contracts as trusted or untrusted","ruleId":"mark-callable-contracts","filePath":"Benchmarks/Study_SamplesSet/5fe73d9c557aac78b6ede1e2bb107834.sol"},{"line":109,"column":23,"severity":"Error","message":"Use double quotes for string literals","ruleId":"quotes","filePath":"Benchmarks/Study_SamplesSet/5fe73d9c557aac78b6ede1e2bb107834.sol"},{"line":111,"column":13,"severity":"Error","message":"\"throw\" is deprecated, avoid to use it","ruleId":"avoid-throw","filePath":"Benchmarks/Study_SamplesSet/5fe73d9c557aac78b6ede1e2bb107834.sol"},{"line":115,"column":5,"severity":"Error","message":"Explicitly mark visibility in function","ruleId":"func-visibility","fix":null,"filePath":"Benchmarks/Study_SamplesSet/5fe73d9c557aac78b6ede1e2bb107834.sol"},{"line":115,"column":27,"severity":"Warning","message":"Rule is set with explicit type [var/s: uint]","ruleId":"explicit-types","filePath":"Benchmarks/Study_SamplesSet/5fe73d9c557aac78b6ede1e2bb107834.sol"},{"line":133,"column":13,"severity":"Error","message":"Explicitly mark all external contracts as trusted or untrusted","ruleId":"mark-callable-contracts","filePath":"Benchmarks/Study_SamplesSet/5fe73d9c557aac78b6ede1e2bb107834.sol"},{"line":133,"column":23,"severity":"Error","message":"Use double quotes for string literals","ruleId":"quotes","filePath":"Benchmarks/Study_SamplesSet/5fe73d9c557aac78b6ede1e2bb107834.sol"},{"line":135,"column":13,"severity":"Error","message":"\"throw\" is deprecated, avoid to use it","ruleId":"avoid-throw","filePath":"Benchmarks/Study_SamplesSet/5fe73d9c557aac78b6ede1e2bb107834.sol"},{"line":139,"column":5,"severity":"Error","message":"Explicitly mark visibility in function","ruleId":"func-visibility","fix":null,"filePath":"Benchmarks/Study_SamplesSet/5fe73d9c557aac78b6ede1e2bb107834.sol"},{"line":139,"column":23,"severity":"Warning","message":"Rule is set with explicit type [var/s: uint]","ruleId":"explicit-types","filePath":"Benchmarks/Study_SamplesSet/5fe73d9c557aac78b6ede1e2bb107834.sol"},{"line":140,"column":3,"severity":"Warning","message":"Avoid to use letters 'I', 'l', 'O' as identifiers","ruleId":"use-forbidden-name","fix":null,"filePath":"Benchmarks/Study_SamplesSet/5fe73d9c557aac78b6ede1e2bb107834.sol"},{"line":143,"column":13,"severity":"Error","message":"Explicitly mark all external contracts as trusted or untrusted","ruleId":"mark-callable-contracts","filePath":"Benchmarks/Study_SamplesSet/5fe73d9c557aac78b6ede1e2bb107834.sol"},{"line":143,"column":23,"severity":"Error","message":"Use double quotes for string literals","ruleId":"quotes","filePath":"Benchmarks/Study_SamplesSet/5fe73d9c557aac78b6ede1e2bb107834.sol"},{"line":145,"column":13,"severity":"Error","message":"\"throw\" is deprecated, avoid to use it","ruleId":"avoid-throw","filePath":"Benchmarks/Study_SamplesSet/5fe73d9c557aac78b6ede1e2bb107834.sol"},{"line":149,"column":5,"severity":"Error","message":"Explicitly mark visibility in function","ruleId":"func-visibility","fix":null,"filePath":"Benchmarks/Study_SamplesSet/5fe73d9c557aac78b6ede1e2bb107834.sol"},{"line":149,"column":25,"severity":"Warning","message":"Rule is set with explicit type [var/s: uint]","ruleId":"explicit-types","filePath":"Benchmarks/Study_SamplesSet/5fe73d9c557aac78b6ede1e2bb107834.sol"},{"line":150,"column":3,"severity":"Warning","message":"Avoid to use letters 'I', 'l', 'O' as identifiers","ruleId":"use-forbidden-name","fix":null,"filePath":"Benchmarks/Study_SamplesSet/5fe73d9c557aac78b6ede1e2bb107834.sol"},{"line":153,"column":13,"severity":"Error","message":"Explicitly mark all external contracts as trusted or untrusted","ruleId":"mark-callable-contracts","filePath":"Benchmarks/Study_SamplesSet/5fe73d9c557aac78b6ede1e2bb107834.sol"},{"line":153,"column":23,"severity":"Error","message":"Use double quotes for string literals","ruleId":"quotes","filePath":"Benchmarks/Study_SamplesSet/5fe73d9c557aac78b6ede1e2bb107834.sol"},{"line":155,"column":4,"severity":"Error","message":"\"throw\" is deprecated, avoid to use it","ruleId":"avoid-throw","filePath":"Benchmarks/Study_SamplesSet/5fe73d9c557aac78b6ede1e2bb107834.sol"},{"line":159,"column":5,"severity":"Error","message":"Explicitly mark visibility in function","ruleId":"func-visibility","fix":null,"filePath":"Benchmarks/Study_SamplesSet/5fe73d9c557aac78b6ede1e2bb107834.sol"},{"line":159,"column":25,"severity":"Warning","message":"Rule is set with explicit type [var/s: uint]","ruleId":"explicit-types","filePath":"Benchmarks/Study_SamplesSet/5fe73d9c557aac78b6ede1e2bb107834.sol"},{"line":159,"column":60,"severity":"Warning","message":"Rule is set with explicit type [var/s: uint]","ruleId":"explicit-types","filePath":"Benchmarks/Study_SamplesSet/5fe73d9c557aac78b6ede1e2bb107834.sol"},{"line":160,"column":9,"severity":"Warning","message":"Avoid to use letters 'I', 'l', 'O' as identifiers","ruleId":"use-forbidden-name","fix":null,"filePath":"Benchmarks/Study_SamplesSet/5fe73d9c557aac78b6ede1e2bb107834.sol"},{"line":165,"column":13,"severity":"Error","message":"Explicitly mark all external contracts as trusted or untrusted","ruleId":"mark-callable-contracts","filePath":"Benchmarks/Study_SamplesSet/5fe73d9c557aac78b6ede1e2bb107834.sol"},{"line":165,"column":23,"severity":"Error","message":"Use double quotes for string literals","ruleId":"quotes","filePath":"Benchmarks/Study_SamplesSet/5fe73d9c557aac78b6ede1e2bb107834.sol"},{"line":167,"column":4,"severity":"Error","message":"\"throw\" is deprecated, avoid to use it","ruleId":"avoid-throw","filePath":"Benchmarks/Study_SamplesSet/5fe73d9c557aac78b6ede1e2bb107834.sol"},{"line":171,"column":5,"severity":"Error","message":"Explicitly mark visibility in function","ruleId":"func-visibility","fix":null,"filePath":"Benchmarks/Study_SamplesSet/5fe73d9c557aac78b6ede1e2bb107834.sol"},{"line":171,"column":27,"severity":"Warning","message":"Rule is set with explicit type [var/s: uint]","ruleId":"explicit-types","filePath":"Benchmarks/Study_SamplesSet/5fe73d9c557aac78b6ede1e2bb107834.sol"},{"line":171,"column":62,"severity":"Warning","message":"Rule is set with explicit type [var/s: uint]","ruleId":"explicit-types","filePath":"Benchmarks/Study_SamplesSet/5fe73d9c557aac78b6ede1e2bb107834.sol"},{"line":177,"column":13,"severity":"Error","message":"Explicitly mark all external contracts as trusted or untrusted","ruleId":"mark-callable-contracts","filePath":"Benchmarks/Study_SamplesSet/5fe73d9c557aac78b6ede1e2bb107834.sol"},{"line":177,"column":23,"severity":"Error","message":"Use double quotes for string literals","ruleId":"quotes","filePath":"Benchmarks/Study_SamplesSet/5fe73d9c557aac78b6ede1e2bb107834.sol"},{"line":179,"column":4,"severity":"Error","message":"\"throw\" is deprecated, avoid to use it","ruleId":"avoid-throw","filePath":"Benchmarks/Study_SamplesSet/5fe73d9c557aac78b6ede1e2bb107834.sol"},{"line":183,"column":35,"severity":"Warning","message":"Rule is set with explicit type [var/s: uint]","ruleId":"explicit-types","filePath":"Benchmarks/Study_SamplesSet/5fe73d9c557aac78b6ede1e2bb107834.sol"},{"line":183,"column":47,"severity":"Warning","message":"Rule is set with explicit type [var/s: uint]","ruleId":"explicit-types","filePath":"Benchmarks/Study_SamplesSet/5fe73d9c557aac78b6ede1e2bb107834.sol"},{"line":188,"column":5,"severity":"Error","message":"Explicitly mark visibility in function","ruleId":"func-visibility","fix":null,"filePath":"Benchmarks/Study_SamplesSet/5fe73d9c557aac78b6ede1e2bb107834.sol"},{"line":188,"column":34,"severity":"Warning","message":"Rule is set with explicit type [var/s: uint]","ruleId":"explicit-types","filePath":"Benchmarks/Study_SamplesSet/5fe73d9c557aac78b6ede1e2bb107834.sol"},{"line":188,"column":78,"severity":"Warning","message":"Rule is set with explicit type [var/s: uint]","ruleId":"explicit-types","filePath":"Benchmarks/Study_SamplesSet/5fe73d9c557aac78b6ede1e2bb107834.sol"},{"line":197,"column":5,"severity":"Error","message":"Explicitly mark visibility in function","ruleId":"func-visibility","fix":null,"filePath":"Benchmarks/Study_SamplesSet/5fe73d9c557aac78b6ede1e2bb107834.sol"},{"line":197,"column":32,"severity":"Warning","message":"Rule is set with explicit type [var/s: uint]","ruleId":"explicit-types","filePath":"Benchmarks/Study_SamplesSet/5fe73d9c557aac78b6ede1e2bb107834.sol"},{"line":203,"column":13,"severity":"Error","message":"\"throw\" is deprecated, avoid to use it","ruleId":"avoid-throw","filePath":"Benchmarks/Study_SamplesSet/5fe73d9c557aac78b6ede1e2bb107834.sol"},{"line":207,"column":5,"severity":"Error","message":"Explicitly mark visibility in function","ruleId":"func-visibility","fix":null,"filePath":"Benchmarks/Study_SamplesSet/5fe73d9c557aac78b6ede1e2bb107834.sol"},{"line":209,"column":13,"severity":"Warning","message":"Rule is set with explicit type [var/s: uint]","ruleId":"explicit-types","filePath":"Benchmarks/Study_SamplesSet/5fe73d9c557aac78b6ede1e2bb107834.sol"},{"line":211,"column":49,"severity":"Error","message":"\"throw\" is deprecated, avoid to use it","ruleId":"avoid-throw","filePath":"Benchmarks/Study_SamplesSet/5fe73d9c557aac78b6ede1e2bb107834.sol"},{"line":213,"column":13,"severity":"Error","message":"\"throw\" is deprecated, avoid to use it","ruleId":"avoid-throw","filePath":"Benchmarks/Study_SamplesSet/5fe73d9c557aac78b6ede1e2bb107834.sol"},{"conclusion":"85 problem/s (49 error/s, 36 warning/s)"}]
