[{"line":1,"column":1,"severity":"Warning","message":"Found more than One contract per file. 5 contracts found!","ruleId":"one-contract-per-file","fix":null,"filePath":"Benchmarks/Study_SamplesSet/64b3aa71d2bab8ead82685032f4ac6b1.sol"},{"line":1,"column":1,"severity":"Error","message":"Compiler version ^0.4.24 does not satisfy the ^0.8.0 semver requirement","ruleId":"compiler-version","fix":null,"filePath":"Benchmarks/Study_SamplesSet/64b3aa71d2bab8ead82685032f4ac6b1.sol"},{"line":44,"column":9,"severity":"Warning","message":"Provide an error message for require","ruleId":"reason-string","fix":null,"filePath":"Benchmarks/Study_SamplesSet/64b3aa71d2bab8ead82685032f4ac6b1.sol"},{"line":44,"column":9,"severity":"Warning","message":"Use Custom Errors instead of require statements","ruleId":"custom-errors","fix":null,"filePath":"Benchmarks/Study_SamplesSet/64b3aa71d2bab8ead82685032f4ac6b1.sol"},{"line":51,"column":60,"severity":"Warning","message":"Visibility modifier must be first in list of modifiers","ruleId":"visibility-modifier-order","fix":null,"filePath":"Benchmarks/Study_SamplesSet/64b3aa71d2bab8ead82685032f4ac6b1.sol"},{"line":62,"column":9,"severity":"Warning","message":"Provide an error message for require","ruleId":"reason-string","fix":null,"filePath":"Benchmarks/Study_SamplesSet/64b3aa71d2bab8ead82685032f4ac6b1.sol"},{"line":62,"column":9,"severity":"Warning","message":"Use Custom Errors instead of require statements","ruleId":"custom-errors","fix":null,"filePath":"Benchmarks/Study_SamplesSet/64b3aa71d2bab8ead82685032f4ac6b1.sol"},{"line":93,"column":5,"severity":"Error","message":"Explicitly mark visibility of state","ruleId":"state-visibility","fix":null,"filePath":"Benchmarks/Study_SamplesSet/64b3aa71d2bab8ead82685032f4ac6b1.sol"},{"line":94,"column":5,"severity":"Error","message":"Explicitly mark visibility of state","ruleId":"state-visibility","fix":null,"filePath":"Benchmarks/Study_SamplesSet/64b3aa71d2bab8ead82685032f4ac6b1.sol"},{"line":96,"column":5,"severity":"Error","message":"Explicitly mark visibility of state","ruleId":"state-visibility","fix":null,"filePath":"Benchmarks/Study_SamplesSet/64b3aa71d2bab8ead82685032f4ac6b1.sol"},{"line":97,"column":5,"severity":"Error","message":"Explicitly mark visibility of state","ruleId":"state-visibility","fix":null,"filePath":"Benchmarks/Study_SamplesSet/64b3aa71d2bab8ead82685032f4ac6b1.sol"},{"line":99,"column":30,"severity":"Warning","message":"Rule is set with explicit type [var/s: uint]","ruleId":"explicit-types","filePath":"Benchmarks/Study_SamplesSet/64b3aa71d2bab8ead82685032f4ac6b1.sol"},{"line":100,"column":43,"severity":"Warning","message":"Provide an error message for revert","ruleId":"reason-string","fix":null,"filePath":"Benchmarks/Study_SamplesSet/64b3aa71d2bab8ead82685032f4ac6b1.sol"},{"line":100,"column":43,"severity":"Warning","message":"Use Custom Errors instead of revert statements","ruleId":"custom-errors","fix":null,"filePath":"Benchmarks/Study_SamplesSet/64b3aa71d2bab8ead82685032f4ac6b1.sol"},{"line":147,"column":76,"severity":"Warning","message":"Visibility modifier must be first in list of modifiers","ruleId":"visibility-modifier-order","fix":null,"filePath":"Benchmarks/Study_SamplesSet/64b3aa71d2bab8ead82685032f4ac6b1.sol"},{"line":148,"column":9,"severity":"Warning","message":"Provide an error message for require","ruleId":"reason-string","fix":null,"filePath":"Benchmarks/Study_SamplesSet/64b3aa71d2bab8ead82685032f4ac6b1.sol"},{"line":148,"column":9,"severity":"Warning","message":"Use Custom Errors instead of require statements","ruleId":"custom-errors","fix":null,"filePath":"Benchmarks/Study_SamplesSet/64b3aa71d2bab8ead82685032f4ac6b1.sol"},{"line":149,"column":9,"severity":"Warning","message":"Provide an error message for require","ruleId":"reason-string","fix":null,"filePath":"Benchmarks/Study_SamplesSet/64b3aa71d2bab8ead82685032f4ac6b1.sol"},{"line":149,"column":9,"severity":"Warning","message":"Use Custom Errors instead of require statements","ruleId":"custom-errors","fix":null,"filePath":"Benchmarks/Study_SamplesSet/64b3aa71d2bab8ead82685032f4ac6b1.sol"},{"line":167,"column":95,"severity":"Warning","message":"Visibility modifier must be first in list of modifiers","ruleId":"visibility-modifier-order","fix":null,"filePath":"Benchmarks/Study_SamplesSet/64b3aa71d2bab8ead82685032f4ac6b1.sol"},{"line":168,"column":9,"severity":"Warning","message":"Provide an error message for require","ruleId":"reason-string","fix":null,"filePath":"Benchmarks/Study_SamplesSet/64b3aa71d2bab8ead82685032f4ac6b1.sol"},{"line":168,"column":9,"severity":"Warning","message":"Use Custom Errors instead of require statements","ruleId":"custom-errors","fix":null,"filePath":"Benchmarks/Study_SamplesSet/64b3aa71d2bab8ead82685032f4ac6b1.sol"},{"line":169,"column":9,"severity":"Warning","message":"Provide an error message for require","ruleId":"reason-string","fix":null,"filePath":"Benchmarks/Study_SamplesSet/64b3aa71d2bab8ead82685032f4ac6b1.sol"},{"line":169,"column":9,"severity":"Warning","message":"Use Custom Errors instead of require statements","ruleId":"custom-errors","fix":null,"filePath":"Benchmarks/Study_SamplesSet/64b3aa71d2bab8ead82685032f4ac6b1.sol"},{"line":170,"column":9,"severity":"Warning","message":"Provide an error message for require","ruleId":"reason-string","fix":null,"filePath":"Benchmarks/Study_SamplesSet/64b3aa71d2bab8ead82685032f4ac6b1.sol"},{"line":170,"column":9,"severity":"Warning","message":"Use Custom Errors instead of require statements","ruleId":"custom-errors","fix":null,"filePath":"Benchmarks/Study_SamplesSet/64b3aa71d2bab8ead82685032f4ac6b1.sol"},{"line":195,"column":5,"severity":"Error","message":"Explicitly mark visibility of state","ruleId":"state-visibility","fix":null,"filePath":"Benchmarks/Study_SamplesSet/64b3aa71d2bab8ead82685032f4ac6b1.sol"},{"line":196,"column":5,"severity":"Error","message":"Explicitly mark visibility of state","ruleId":"state-visibility","fix":null,"filePath":"Benchmarks/Study_SamplesSet/64b3aa71d2bab8ead82685032f4ac6b1.sol"},{"line":197,"column":5,"severity":"Error","message":"Explicitly mark visibility of state","ruleId":"state-visibility","fix":null,"filePath":"Benchmarks/Study_SamplesSet/64b3aa71d2bab8ead82685032f4ac6b1.sol"},{"line":198,"column":5,"severity":"Error","message":"Explicitly mark visibility of state","ruleId":"state-visibility","fix":null,"filePath":"Benchmarks/Study_SamplesSet/64b3aa71d2bab8ead82685032f4ac6b1.sol"},{"line":199,"column":5,"severity":"Error","message":"Explicitly mark visibility of state","ruleId":"state-visibility","fix":null,"filePath":"Benchmarks/Study_SamplesSet/64b3aa71d2bab8ead82685032f4ac6b1.sol"},{"line":202,"column":68,"severity":"Warning","message":"Visibility modifier must be first in list of modifiers","ruleId":"visibility-modifier-order","fix":null,"filePath":"Benchmarks/Study_SamplesSet/64b3aa71d2bab8ead82685032f4ac6b1.sol"},{"line":210,"column":5,"severity":"Error","message":"Fallback function must be simple","ruleId":"no-complex-fallback","fix":null,"filePath":"Benchmarks/Study_SamplesSet/64b3aa71d2bab8ead82685032f4ac6b1.sol"},{"line":211,"column":9,"severity":"Warning","message":"Provide an error message for require","ruleId":"reason-string","fix":null,"filePath":"Benchmarks/Study_SamplesSet/64b3aa71d2bab8ead82685032f4ac6b1.sol"},{"line":211,"column":9,"severity":"Warning","message":"Use Custom Errors instead of require statements","ruleId":"custom-errors","fix":null,"filePath":"Benchmarks/Study_SamplesSet/64b3aa71d2bab8ead82685032f4ac6b1.sol"},{"line":212,"column":17,"severity":"Error","message":"Avoid making time-based decisions in your business logic","ruleId":"not-rely-on-time","fix":null,"filePath":"Benchmarks/Study_SamplesSet/64b3aa71d2bab8ead82685032f4ac6b1.sol"},{"line":217,"column":9,"severity":"Warning","message":"Variable \"recipient\" is unused","ruleId":"no-unused-vars","fix":null,"filePath":"Benchmarks/Study_SamplesSet/64b3aa71d2bab8ead82685032f4ac6b1.sol"},{"line":228,"column":66,"severity":"Warning","message":"Visibility modifier must be first in list of modifiers","ruleId":"visibility-modifier-order","fix":null,"filePath":"Benchmarks/Study_SamplesSet/64b3aa71d2bab8ead82685032f4ac6b1.sol"},{"line":229,"column":9,"severity":"Warning","message":"Provide an error message for require","ruleId":"reason-string","fix":null,"filePath":"Benchmarks/Study_SamplesSet/64b3aa71d2bab8ead82685032f4ac6b1.sol"},{"line":229,"column":9,"severity":"Warning","message":"Use Custom Errors instead of require statements","ruleId":"custom-errors","fix":null,"filePath":"Benchmarks/Study_SamplesSet/64b3aa71d2bab8ead82685032f4ac6b1.sol"},{"line":230,"column":9,"severity":"Warning","message":"Provide an error message for require","ruleId":"reason-string","fix":null,"filePath":"Benchmarks/Study_SamplesSet/64b3aa71d2bab8ead82685032f4ac6b1.sol"},{"line":230,"column":9,"severity":"Warning","message":"Use Custom Errors instead of require statements","ruleId":"custom-errors","fix":null,"filePath":"Benchmarks/Study_SamplesSet/64b3aa71d2bab8ead82685032f4ac6b1.sol"},{"line":242,"column":59,"severity":"Warning","message":"Visibility modifier must be first in list of modifiers","ruleId":"visibility-modifier-order","fix":null,"filePath":"Benchmarks/Study_SamplesSet/64b3aa71d2bab8ead82685032f4ac6b1.sol"},{"line":243,"column":9,"severity":"Warning","message":"Provide an error message for require","ruleId":"reason-string","fix":null,"filePath":"Benchmarks/Study_SamplesSet/64b3aa71d2bab8ead82685032f4ac6b1.sol"},{"line":243,"column":9,"severity":"Warning","message":"Use Custom Errors instead of require statements","ruleId":"custom-errors","fix":null,"filePath":"Benchmarks/Study_SamplesSet/64b3aa71d2bab8ead82685032f4ac6b1.sol"},{"line":252,"column":58,"severity":"Warning","message":"Visibility modifier must be first in list of modifiers","ruleId":"visibility-modifier-order","fix":null,"filePath":"Benchmarks/Study_SamplesSet/64b3aa71d2bab8ead82685032f4ac6b1.sol"},{"line":261,"column":62,"severity":"Warning","message":"Visibility modifier must be first in list of modifiers","ruleId":"visibility-modifier-order","fix":null,"filePath":"Benchmarks/Study_SamplesSet/64b3aa71d2bab8ead82685032f4ac6b1.sol"},{"line":270,"column":59,"severity":"Warning","message":"Visibility modifier must be first in list of modifiers","ruleId":"visibility-modifier-order","fix":null,"filePath":"Benchmarks/Study_SamplesSet/64b3aa71d2bab8ead82685032f4ac6b1.sol"},{"line":284,"column":157,"severity":"Warning","message":"Visibility modifier must be first in list of modifiers","ruleId":"visibility-modifier-order","fix":null,"filePath":"Benchmarks/Study_SamplesSet/64b3aa71d2bab8ead82685032f4ac6b1.sol"},{"line":285,"column":9,"severity":"Warning","message":"Provide an error message for require","ruleId":"reason-string","fix":null,"filePath":"Benchmarks/Study_SamplesSet/64b3aa71d2bab8ead82685032f4ac6b1.sol"},{"line":285,"column":9,"severity":"Warning","message":"Use Custom Errors instead of require statements","ruleId":"custom-errors","fix":null,"filePath":"Benchmarks/Study_SamplesSet/64b3aa71d2bab8ead82685032f4ac6b1.sol"},{"line":285,"column":28,"severity":"Error","message":"Avoid making time-based decisions in your business logic","ruleId":"not-rely-on-time","fix":null,"filePath":"Benchmarks/Study_SamplesSet/64b3aa71d2bab8ead82685032f4ac6b1.sol"},{"line":300,"column":35,"severity":"Warning","message":"Visibility modifier must be first in list of modifiers","ruleId":"visibility-modifier-order","fix":null,"filePath":"Benchmarks/Study_SamplesSet/64b3aa71d2bab8ead82685032f4ac6b1.sol"},{"line":301,"column":20,"severity":"Error","message":"Avoid making time-based decisions in your business logic","ruleId":"not-rely-on-time","fix":null,"filePath":"Benchmarks/Study_SamplesSet/64b3aa71d2bab8ead82685032f4ac6b1.sol"},{"conclusion":"54 problem/s (14 error/s, 40 warning/s)"}]
