[{"line":1,"column":1,"severity":"Warning","message":"Found more than One contract per file. 2 contracts found!","ruleId":"one-contract-per-file","fix":null,"filePath":"Benchmarks/Study_SamplesSet/6960b79ca48496b10aa0537f8fd033d5.sol"},{"line":1,"column":1,"severity":"Error","message":"Compiler version ^0.4.9 does not satisfy the ^0.8.0 semver requirement","ruleId":"compiler-version","fix":null,"filePath":"Benchmarks/Study_SamplesSet/6960b79ca48496b10aa0537f8fd033d5.sol"},{"line":4,"column":7,"severity":"Error","message":"Explicitly mark visibility in function","ruleId":"func-visibility","fix":null,"filePath":"Benchmarks/Study_SamplesSet/6960b79ca48496b10aa0537f8fd033d5.sol"},{"line":4,"column":56,"severity":"Warning","message":"Rule is set with explicit type [var/s: uint]","ruleId":"explicit-types","filePath":"Benchmarks/Study_SamplesSet/6960b79ca48496b10aa0537f8fd033d5.sol"},{"line":5,"column":7,"severity":"Error","message":"Explicitly mark visibility in function","ruleId":"func-visibility","fix":null,"filePath":"Benchmarks/Study_SamplesSet/6960b79ca48496b10aa0537f8fd033d5.sol"},{"line":5,"column":25,"severity":"Warning","message":"Rule is set with explicit type [var/s: uint]","ruleId":"explicit-types","filePath":"Benchmarks/Study_SamplesSet/6960b79ca48496b10aa0537f8fd033d5.sol"},{"line":5,"column":49,"severity":"Warning","message":"Rule is set with explicit type [var/s: uint]","ruleId":"explicit-types","filePath":"Benchmarks/Study_SamplesSet/6960b79ca48496b10aa0537f8fd033d5.sol"},{"line":6,"column":7,"severity":"Error","message":"Explicitly mark visibility in function","ruleId":"func-visibility","fix":null,"filePath":"Benchmarks/Study_SamplesSet/6960b79ca48496b10aa0537f8fd033d5.sol"},{"line":6,"column":51,"severity":"Warning","message":"Rule is set with explicit type [var/s: uint]","ruleId":"explicit-types","filePath":"Benchmarks/Study_SamplesSet/6960b79ca48496b10aa0537f8fd033d5.sol"},{"line":11,"column":5,"severity":"Error","message":"Explicitly mark visibility of state","ruleId":"state-visibility","fix":null,"filePath":"Benchmarks/Study_SamplesSet/6960b79ca48496b10aa0537f8fd033d5.sol"},{"line":11,"column":5,"severity":"Warning","message":"Variable name must be in mixedCase","ruleId":"var-name-mixedcase","fix":null,"filePath":"Benchmarks/Study_SamplesSet/6960b79ca48496b10aa0537f8fd033d5.sol"},{"line":12,"column":5,"severity":"Warning","message":"Variable name must be in mixedCase","ruleId":"var-name-mixedcase","fix":null,"filePath":"Benchmarks/Study_SamplesSet/6960b79ca48496b10aa0537f8fd033d5.sol"},{"line":13,"column":5,"severity":"Warning","message":"Variable name must be in mixedCase","ruleId":"var-name-mixedcase","fix":null,"filePath":"Benchmarks/Study_SamplesSet/6960b79ca48496b10aa0537f8fd033d5.sol"},{"line":14,"column":5,"severity":"Warning","message":"Rule is set with explicit type [var/s: uint]","ruleId":"explicit-types","filePath":"Benchmarks/Study_SamplesSet/6960b79ca48496b10aa0537f8fd033d5.sol"},{"line":14,"column":5,"severity":"Warning","message":"Variable name must be in mixedCase","ruleId":"var-name-mixedcase","fix":null,"filePath":"Benchmarks/Study_SamplesSet/6960b79ca48496b10aa0537f8fd033d5.sol"},{"line":15,"column":5,"severity":"Warning","message":"Rule is set with explicit type [var/s: uint]","ruleId":"explicit-types","filePath":"Benchmarks/Study_SamplesSet/6960b79ca48496b10aa0537f8fd033d5.sol"},{"line":16,"column":5,"severity":"Warning","message":"Rule is set with explicit type [var/s: uint]","ruleId":"explicit-types","filePath":"Benchmarks/Study_SamplesSet/6960b79ca48496b10aa0537f8fd033d5.sol"},{"line":17,"column":5,"severity":"Warning","message":"Rule is set with explicit type [var/s: uint]","ruleId":"explicit-types","filePath":"Benchmarks/Study_SamplesSet/6960b79ca48496b10aa0537f8fd033d5.sol"},{"line":21,"column":7,"severity":"Warning","message":"Rule is set with explicit type [var/s: uint]","ruleId":"explicit-types","filePath":"Benchmarks/Study_SamplesSet/6960b79ca48496b10aa0537f8fd033d5.sol"},{"line":22,"column":7,"severity":"Warning","message":"Rule is set with explicit type [var/s: uint]","ruleId":"explicit-types","filePath":"Benchmarks/Study_SamplesSet/6960b79ca48496b10aa0537f8fd033d5.sol"},{"line":23,"column":7,"severity":"Warning","message":"Rule is set with explicit type [var/s: uint]","ruleId":"explicit-types","filePath":"Benchmarks/Study_SamplesSet/6960b79ca48496b10aa0537f8fd033d5.sol"},{"line":26,"column":5,"severity":"Warning","message":"Rule is set with explicit type [var/s: uint]","ruleId":"explicit-types","filePath":"Benchmarks/Study_SamplesSet/6960b79ca48496b10aa0537f8fd033d5.sol"},{"line":27,"column":5,"severity":"Warning","message":"Rule is set with explicit type [var/s: uint]","ruleId":"explicit-types","filePath":"Benchmarks/Study_SamplesSet/6960b79ca48496b10aa0537f8fd033d5.sol"},{"line":29,"column":5,"severity":"Warning","message":"Event name must be in CamelCase","ruleId":"event-name-camelcase","filePath":"Benchmarks/Study_SamplesSet/6960b79ca48496b10aa0537f8fd033d5.sol"},{"line":29,"column":42,"severity":"Warning","message":"Rule is set with explicit type [var/s: uint]","ruleId":"explicit-types","filePath":"Benchmarks/Study_SamplesSet/6960b79ca48496b10aa0537f8fd033d5.sol"},{"line":30,"column":5,"severity":"Warning","message":"Event name must be in CamelCase","ruleId":"event-name-camelcase","filePath":"Benchmarks/Study_SamplesSet/6960b79ca48496b10aa0537f8fd033d5.sol"},{"line":30,"column":40,"severity":"Warning","message":"Rule is set with explicit type [var/s: uint]","ruleId":"explicit-types","filePath":"Benchmarks/Study_SamplesSet/6960b79ca48496b10aa0537f8fd033d5.sol"},{"line":32,"column":5,"severity":"Error","message":"Explicitly mark visibility in function (Set ignoreConstructors to true if using solidity >=0.7.0)","ruleId":"func-visibility","fix":null,"filePath":"Benchmarks/Study_SamplesSet/6960b79ca48496b10aa0537f8fd033d5.sol"},{"line":33,"column":7,"severity":"Error","message":"Explicitly mark all external contracts as trusted or untrusted","ruleId":"mark-callable-contracts","filePath":"Benchmarks/Study_SamplesSet/6960b79ca48496b10aa0537f8fd033d5.sol"},{"line":36,"column":7,"severity":"Error","message":"Explicitly mark all external contracts as trusted or untrusted","ruleId":"mark-callable-contracts","filePath":"Benchmarks/Study_SamplesSet/6960b79ca48496b10aa0537f8fd033d5.sol"},{"line":38,"column":7,"severity":"Error","message":"Explicitly mark all external contracts as trusted or untrusted","ruleId":"mark-callable-contracts","filePath":"Benchmarks/Study_SamplesSet/6960b79ca48496b10aa0537f8fd033d5.sol"},{"line":38,"column":23,"severity":"Error","message":"Explicitly mark all external contracts as trusted or untrusted","ruleId":"mark-callable-contracts","filePath":"Benchmarks/Study_SamplesSet/6960b79ca48496b10aa0537f8fd033d5.sol"},{"line":41,"column":5,"severity":"Error","message":"Explicitly mark visibility in function","ruleId":"func-visibility","fix":null,"filePath":"Benchmarks/Study_SamplesSet/6960b79ca48496b10aa0537f8fd033d5.sol"},{"line":44,"column":7,"severity":"Warning","message":"Rule is set with explicit type [var/s: uint]","ruleId":"explicit-types","filePath":"Benchmarks/Study_SamplesSet/6960b79ca48496b10aa0537f8fd033d5.sol"},{"line":45,"column":7,"severity":"Warning","message":"Rule is set with explicit type [var/s: uint]","ruleId":"explicit-types","filePath":"Benchmarks/Study_SamplesSet/6960b79ca48496b10aa0537f8fd033d5.sol"},{"line":48,"column":9,"severity":"Error","message":"\"throw\" is deprecated, avoid to use it","ruleId":"avoid-throw","filePath":"Benchmarks/Study_SamplesSet/6960b79ca48496b10aa0537f8fd033d5.sol"},{"line":51,"column":9,"severity":"Error","message":"\"throw\" is deprecated, avoid to use it","ruleId":"avoid-throw","filePath":"Benchmarks/Study_SamplesSet/6960b79ca48496b10aa0537f8fd033d5.sol"},{"line":54,"column":9,"severity":"Error","message":"\"throw\" is deprecated, avoid to use it","ruleId":"avoid-throw","filePath":"Benchmarks/Study_SamplesSet/6960b79ca48496b10aa0537f8fd033d5.sol"},{"line":60,"column":25,"severity":"Error","message":"Explicitly mark all external contracts as trusted or untrusted","ruleId":"mark-callable-contracts","filePath":"Benchmarks/Study_SamplesSet/6960b79ca48496b10aa0537f8fd033d5.sol"},{"line":67,"column":5,"severity":"Error","message":"Explicitly mark visibility in function","ruleId":"func-visibility","fix":null,"filePath":"Benchmarks/Study_SamplesSet/6960b79ca48496b10aa0537f8fd033d5.sol"},{"line":67,"column":24,"severity":"Warning","message":"Rule is set with explicit type [var/s: uint]","ruleId":"explicit-types","filePath":"Benchmarks/Study_SamplesSet/6960b79ca48496b10aa0537f8fd033d5.sol"},{"line":74,"column":11,"severity":"Error","message":"Avoid making time-based decisions in your business logic","ruleId":"not-rely-on-time","fix":null,"filePath":"Benchmarks/Study_SamplesSet/6960b79ca48496b10aa0537f8fd033d5.sol"},{"line":75,"column":9,"severity":"Error","message":"\"throw\" is deprecated, avoid to use it","ruleId":"avoid-throw","filePath":"Benchmarks/Study_SamplesSet/6960b79ca48496b10aa0537f8fd033d5.sol"},{"line":78,"column":9,"severity":"Error","message":"\"throw\" is deprecated, avoid to use it","ruleId":"avoid-throw","filePath":"Benchmarks/Study_SamplesSet/6960b79ca48496b10aa0537f8fd033d5.sol"},{"line":80,"column":11,"severity":"Error","message":"Avoid making time-based decisions in your business logic","ruleId":"not-rely-on-time","fix":null,"filePath":"Benchmarks/Study_SamplesSet/6960b79ca48496b10aa0537f8fd033d5.sol"},{"line":90,"column":9,"severity":"Error","message":"\"throw\" is deprecated, avoid to use it","ruleId":"avoid-throw","filePath":"Benchmarks/Study_SamplesSet/6960b79ca48496b10aa0537f8fd033d5.sol"},{"line":100,"column":9,"severity":"Warning","message":"Rule is set with explicit type [var/s: uint]","ruleId":"explicit-types","filePath":"Benchmarks/Study_SamplesSet/6960b79ca48496b10aa0537f8fd033d5.sol"},{"line":104,"column":9,"severity":"Warning","message":"Rule is set with explicit type [var/s: uint]","ruleId":"explicit-types","filePath":"Benchmarks/Study_SamplesSet/6960b79ca48496b10aa0537f8fd033d5.sol"},{"line":106,"column":21,"severity":"Error","message":"Check result of \"send\" call","ruleId":"check-send-result","fix":null,"filePath":"Benchmarks/Study_SamplesSet/6960b79ca48496b10aa0537f8fd033d5.sol"},{"line":106,"column":9,"severity":"Warning","message":"Variable \"sent\" is unused","ruleId":"no-unused-vars","fix":null,"filePath":"Benchmarks/Study_SamplesSet/6960b79ca48496b10aa0537f8fd033d5.sol"},{"line":113,"column":5,"severity":"Error","message":"Explicitly mark visibility in function","ruleId":"func-visibility","fix":null,"filePath":"Benchmarks/Study_SamplesSet/6960b79ca48496b10aa0537f8fd033d5.sol"},{"line":113,"column":49,"severity":"Warning","message":"Rule is set with explicit type [var/s: uint]","ruleId":"explicit-types","filePath":"Benchmarks/Study_SamplesSet/6960b79ca48496b10aa0537f8fd033d5.sol"},{"line":117,"column":5,"severity":"Error","message":"Explicitly mark visibility in function","ruleId":"func-visibility","fix":null,"filePath":"Benchmarks/Study_SamplesSet/6960b79ca48496b10aa0537f8fd033d5.sol"},{"line":117,"column":23,"severity":"Warning","message":"Rule is set with explicit type [var/s: uint]","ruleId":"explicit-types","filePath":"Benchmarks/Study_SamplesSet/6960b79ca48496b10aa0537f8fd033d5.sol"},{"line":117,"column":55,"severity":"Warning","message":"Rule is set with explicit type [var/s: uint]","ruleId":"explicit-types","filePath":"Benchmarks/Study_SamplesSet/6960b79ca48496b10aa0537f8fd033d5.sol"},{"line":117,"column":65,"severity":"Warning","message":"Rule is set with explicit type [var/s: uint]","ruleId":"explicit-types","filePath":"Benchmarks/Study_SamplesSet/6960b79ca48496b10aa0537f8fd033d5.sol"},{"line":117,"column":76,"severity":"Warning","message":"Rule is set with explicit type [var/s: uint]","ruleId":"explicit-types","filePath":"Benchmarks/Study_SamplesSet/6960b79ca48496b10aa0537f8fd033d5.sol"},{"line":122,"column":5,"severity":"Error","message":"Explicitly mark visibility in function","ruleId":"func-visibility","fix":null,"filePath":"Benchmarks/Study_SamplesSet/6960b79ca48496b10aa0537f8fd033d5.sol"},{"line":122,"column":50,"severity":"Warning","message":"Rule is set with explicit type [var/s: uint]","ruleId":"explicit-types","filePath":"Benchmarks/Study_SamplesSet/6960b79ca48496b10aa0537f8fd033d5.sol"},{"line":126,"column":5,"severity":"Error","message":"Explicitly mark visibility in function","ruleId":"func-visibility","fix":null,"filePath":"Benchmarks/Study_SamplesSet/6960b79ca48496b10aa0537f8fd033d5.sol"},{"line":126,"column":23,"severity":"Warning","message":"Rule is set with explicit type [var/s: uint]","ruleId":"explicit-types","filePath":"Benchmarks/Study_SamplesSet/6960b79ca48496b10aa0537f8fd033d5.sol"},{"line":126,"column":53,"severity":"Warning","message":"Rule is set with explicit type [var/s: uint]","ruleId":"explicit-types","filePath":"Benchmarks/Study_SamplesSet/6960b79ca48496b10aa0537f8fd033d5.sol"},{"line":130,"column":5,"severity":"Error","message":"Explicitly mark visibility in function","ruleId":"func-visibility","fix":null,"filePath":"Benchmarks/Study_SamplesSet/6960b79ca48496b10aa0537f8fd033d5.sol"},{"line":130,"column":54,"severity":"Warning","message":"Rule is set with explicit type [var/s: uint]","ruleId":"explicit-types","filePath":"Benchmarks/Study_SamplesSet/6960b79ca48496b10aa0537f8fd033d5.sol"},{"line":134,"column":5,"severity":"Warning","message":"Function name must be in mixedCase","ruleId":"func-name-mixedcase","fix":null,"filePath":"Benchmarks/Study_SamplesSet/6960b79ca48496b10aa0537f8fd033d5.sol"},{"line":134,"column":5,"severity":"Error","message":"Explicitly mark visibility in function","ruleId":"func-visibility","fix":null,"filePath":"Benchmarks/Study_SamplesSet/6960b79ca48496b10aa0537f8fd033d5.sol"},{"line":136,"column":11,"severity":"Error","message":"\"throw\" is deprecated, avoid to use it","ruleId":"avoid-throw","filePath":"Benchmarks/Study_SamplesSet/6960b79ca48496b10aa0537f8fd033d5.sol"},{"line":137,"column":7,"severity":"Error","message":"Explicitly mark all external contracts as trusted or untrusted","ruleId":"mark-callable-contracts","filePath":"Benchmarks/Study_SamplesSet/6960b79ca48496b10aa0537f8fd033d5.sol"},{"line":140,"column":5,"severity":"Error","message":"Explicitly mark visibility in function","ruleId":"func-visibility","fix":null,"filePath":"Benchmarks/Study_SamplesSet/6960b79ca48496b10aa0537f8fd033d5.sol"},{"line":140,"column":21,"severity":"Warning","message":"Rule is set with explicit type [var/s: uint]","ruleId":"explicit-types","filePath":"Benchmarks/Study_SamplesSet/6960b79ca48496b10aa0537f8fd033d5.sol"},{"line":142,"column":11,"severity":"Error","message":"\"throw\" is deprecated, avoid to use it","ruleId":"avoid-throw","filePath":"Benchmarks/Study_SamplesSet/6960b79ca48496b10aa0537f8fd033d5.sol"},{"line":143,"column":7,"severity":"Error","message":"Explicitly mark all external contracts as trusted or untrusted","ruleId":"mark-callable-contracts","filePath":"Benchmarks/Study_SamplesSet/6960b79ca48496b10aa0537f8fd033d5.sol"},{"line":146,"column":5,"severity":"Error","message":"Explicitly mark visibility in function","ruleId":"func-visibility","fix":null,"filePath":"Benchmarks/Study_SamplesSet/6960b79ca48496b10aa0537f8fd033d5.sol"},{"line":146,"column":30,"severity":"Warning","message":"Rule is set with explicit type [var/s: uint]","ruleId":"explicit-types","filePath":"Benchmarks/Study_SamplesSet/6960b79ca48496b10aa0537f8fd033d5.sol"},{"line":148,"column":11,"severity":"Error","message":"\"throw\" is deprecated, avoid to use it","ruleId":"avoid-throw","filePath":"Benchmarks/Study_SamplesSet/6960b79ca48496b10aa0537f8fd033d5.sol"},{"line":152,"column":5,"severity":"Error","message":"Explicitly mark visibility in function","ruleId":"func-visibility","fix":null,"filePath":"Benchmarks/Study_SamplesSet/6960b79ca48496b10aa0537f8fd033d5.sol"},{"line":154,"column":11,"severity":"Error","message":"\"throw\" is deprecated, avoid to use it","ruleId":"avoid-throw","filePath":"Benchmarks/Study_SamplesSet/6960b79ca48496b10aa0537f8fd033d5.sol"},{"line":158,"column":5,"severity":"Error","message":"Explicitly mark visibility in function","ruleId":"func-visibility","fix":null,"filePath":"Benchmarks/Study_SamplesSet/6960b79ca48496b10aa0537f8fd033d5.sol"},{"line":158,"column":32,"severity":"Warning","message":"Rule is set with explicit type [var/s: uint]","ruleId":"explicit-types","filePath":"Benchmarks/Study_SamplesSet/6960b79ca48496b10aa0537f8fd033d5.sol"},{"line":161,"column":11,"severity":"Error","message":"\"throw\" is deprecated, avoid to use it","ruleId":"avoid-throw","filePath":"Benchmarks/Study_SamplesSet/6960b79ca48496b10aa0537f8fd033d5.sol"},{"line":164,"column":11,"severity":"Error","message":"\"throw\" is deprecated, avoid to use it","ruleId":"avoid-throw","filePath":"Benchmarks/Study_SamplesSet/6960b79ca48496b10aa0537f8fd033d5.sol"},{"line":169,"column":9,"severity":"Error","message":"\"throw\" is deprecated, avoid to use it","ruleId":"avoid-throw","filePath":"Benchmarks/Study_SamplesSet/6960b79ca48496b10aa0537f8fd033d5.sol"},{"conclusion":"82 problem/s (41 error/s, 41 warning/s)"}]
