[{"line":1,"column":1,"severity":"Error","message":"Compiler version ^0.4.25 does not satisfy the ^0.8.0 semver requirement","ruleId":"compiler-version","fix":null,"filePath":"Benchmarks/Study_SamplesSet/698fe22adf47361ab45d0d3fc6a93c56.sol"},{"line":24,"column":1,"severity":"Warning","message":"Contract, Structs and Enums should be in CamelCase","ruleId":"contract-name-camelcase","filePath":"Benchmarks/Study_SamplesSet/698fe22adf47361ab45d0d3fc6a93c56.sol"},{"line":29,"column":2,"severity":"Error","message":"Explicitly mark visibility of state","ruleId":"state-visibility","fix":null,"filePath":"Benchmarks/Study_SamplesSet/698fe22adf47361ab45d0d3fc6a93c56.sol"},{"line":30,"column":2,"severity":"Error","message":"Explicitly mark visibility of state","ruleId":"state-visibility","fix":null,"filePath":"Benchmarks/Study_SamplesSet/698fe22adf47361ab45d0d3fc6a93c56.sol"},{"line":31,"column":2,"severity":"Error","message":"Explicitly mark visibility of state","ruleId":"state-visibility","fix":null,"filePath":"Benchmarks/Study_SamplesSet/698fe22adf47361ab45d0d3fc6a93c56.sol"},{"line":32,"column":2,"severity":"Error","message":"Explicitly mark visibility of state","ruleId":"state-visibility","fix":null,"filePath":"Benchmarks/Study_SamplesSet/698fe22adf47361ab45d0d3fc6a93c56.sol"},{"line":39,"column":2,"severity":"Warning","message":"Rule is set with explicit type [var/s: uint]","ruleId":"explicit-types","filePath":"Benchmarks/Study_SamplesSet/698fe22adf47361ab45d0d3fc6a93c56.sol"},{"line":41,"column":2,"severity":"Warning","message":"Event name must be in CamelCase","ruleId":"event-name-camelcase","filePath":"Benchmarks/Study_SamplesSet/698fe22adf47361ab45d0d3fc6a93c56.sol"},{"line":41,"column":44,"severity":"Warning","message":"Rule is set with explicit type [var/s: uint]","ruleId":"explicit-types","filePath":"Benchmarks/Study_SamplesSet/698fe22adf47361ab45d0d3fc6a93c56.sol"},{"line":50,"column":9,"severity":"Warning","message":"Error message for require is too long: 38 counted / 32 allowed","ruleId":"reason-string","fix":null,"filePath":"Benchmarks/Study_SamplesSet/698fe22adf47361ab45d0d3fc6a93c56.sol"},{"line":50,"column":9,"severity":"Warning","message":"Use Custom Errors instead of require statements","ruleId":"custom-errors","fix":null,"filePath":"Benchmarks/Study_SamplesSet/698fe22adf47361ab45d0d3fc6a93c56.sol"},{"line":59,"column":22,"severity":"Warning","message":"Rule is set with explicit type [var/s: uint]","ruleId":"explicit-types","filePath":"Benchmarks/Study_SamplesSet/698fe22adf47361ab45d0d3fc6a93c56.sol"},{"line":63,"column":21,"severity":"Warning","message":"Visibility modifier must be first in list of modifiers","ruleId":"visibility-modifier-order","fix":null,"filePath":"Benchmarks/Study_SamplesSet/698fe22adf47361ab45d0d3fc6a93c56.sol"},{"line":63,"column":2,"severity":"Error","message":"Fallback function must be simple","ruleId":"no-complex-fallback","fix":null,"filePath":"Benchmarks/Study_SamplesSet/698fe22adf47361ab45d0d3fc6a93c56.sol"},{"line":79,"column":4,"severity":"Error","message":"Possible reentrancy vulnerabilities. Avoid state changes after transfer.","ruleId":"reentrancy","fix":null,"filePath":"Benchmarks/Study_SamplesSet/698fe22adf47361ab45d0d3fc6a93c56.sol"},{"line":80,"column":4,"severity":"Error","message":"Possible reentrancy vulnerabilities. Avoid state changes after transfer.","ruleId":"reentrancy","fix":null,"filePath":"Benchmarks/Study_SamplesSet/698fe22adf47361ab45d0d3fc6a93c56.sol"},{"line":82,"column":4,"severity":"Error","message":"Possible reentrancy vulnerabilities. Avoid state changes after transfer.","ruleId":"reentrancy","fix":null,"filePath":"Benchmarks/Study_SamplesSet/698fe22adf47361ab45d0d3fc6a93c56.sol"},{"line":87,"column":4,"severity":"Error","message":"Possible reentrancy vulnerabilities. Avoid state changes after transfer.","ruleId":"reentrancy","fix":null,"filePath":"Benchmarks/Study_SamplesSet/698fe22adf47361ab45d0d3fc6a93c56.sol"},{"line":90,"column":3,"severity":"Error","message":"Possible reentrancy vulnerabilities. Avoid state changes after transfer.","ruleId":"reentrancy","fix":null,"filePath":"Benchmarks/Study_SamplesSet/698fe22adf47361ab45d0d3fc6a93c56.sol"},{"line":91,"column":3,"severity":"Error","message":"Possible reentrancy vulnerabilities. Avoid state changes after transfer.","ruleId":"reentrancy","fix":null,"filePath":"Benchmarks/Study_SamplesSet/698fe22adf47361ab45d0d3fc6a93c56.sol"},{"line":92,"column":3,"severity":"Error","message":"Possible reentrancy vulnerabilities. Avoid state changes after transfer.","ruleId":"reentrancy","fix":null,"filePath":"Benchmarks/Study_SamplesSet/698fe22adf47361ab45d0d3fc6a93c56.sol"},{"line":96,"column":39,"severity":"Warning","message":"Rule is set with explicit type [var/s: uint]","ruleId":"explicit-types","filePath":"Benchmarks/Study_SamplesSet/698fe22adf47361ab45d0d3fc6a93c56.sol"},{"line":99,"column":11,"severity":"Warning","message":"Variable \"reFundValue\" is unused","ruleId":"no-unused-vars","fix":null,"filePath":"Benchmarks/Study_SamplesSet/698fe22adf47361ab45d0d3fc6a93c56.sol"},{"line":101,"column":11,"severity":"Error","message":"Possible reentrancy vulnerabilities. Avoid state changes after transfer.","ruleId":"reentrancy","fix":null,"filePath":"Benchmarks/Study_SamplesSet/698fe22adf47361ab45d0d3fc6a93c56.sol"},{"line":121,"column":3,"severity":"Error","message":"Avoid to use inline assembly. It is acceptable only in rare cases","ruleId":"no-inline-assembly","fix":null,"filePath":"Benchmarks/Study_SamplesSet/698fe22adf47361ab45d0d3fc6a93c56.sol"},{"conclusion":"25 problem/s (15 error/s, 10 warning/s)"}]
