[{"line":3,"column":1,"severity":"Error","message":"Compiler version ^0.4.0 does not satisfy the ^0.8.0 semver requirement","ruleId":"compiler-version","fix":null,"filePath":"Benchmarks/Study_SamplesSet/6ec32e59ad2fd033e28877be45284c17.sol"},{"line":6,"column":1,"severity":"Warning","message":"Contract, Structs and Enums should be in CamelCase","ruleId":"contract-name-camelcase","filePath":"Benchmarks/Study_SamplesSet/6ec32e59ad2fd033e28877be45284c17.sol"},{"line":9,"column":7,"severity":"Warning","message":"Rule is set with explicit type [var/s: uint]","ruleId":"explicit-types","filePath":"Benchmarks/Study_SamplesSet/6ec32e59ad2fd033e28877be45284c17.sol"},{"line":9,"column":7,"severity":"Warning","message":"Variable name must be in mixedCase","ruleId":"var-name-mixedcase","fix":null,"filePath":"Benchmarks/Study_SamplesSet/6ec32e59ad2fd033e28877be45284c17.sol"},{"line":10,"column":7,"severity":"Warning","message":"Variable name must be in mixedCase","ruleId":"var-name-mixedcase","fix":null,"filePath":"Benchmarks/Study_SamplesSet/6ec32e59ad2fd033e28877be45284c17.sol"},{"line":11,"column":7,"severity":"Warning","message":"Variable name must be in mixedCase","ruleId":"var-name-mixedcase","fix":null,"filePath":"Benchmarks/Study_SamplesSet/6ec32e59ad2fd033e28877be45284c17.sol"},{"line":12,"column":7,"severity":"Warning","message":"Variable name must be in mixedCase","ruleId":"var-name-mixedcase","fix":null,"filePath":"Benchmarks/Study_SamplesSet/6ec32e59ad2fd033e28877be45284c17.sol"},{"line":15,"column":7,"severity":"Warning","message":"Rule is set with explicit type [var/s: uint]","ruleId":"explicit-types","filePath":"Benchmarks/Study_SamplesSet/6ec32e59ad2fd033e28877be45284c17.sol"},{"line":19,"column":5,"severity":"Error","message":"Explicitly mark visibility of state","ruleId":"state-visibility","fix":null,"filePath":"Benchmarks/Study_SamplesSet/6ec32e59ad2fd033e28877be45284c17.sol"},{"line":19,"column":5,"severity":"Warning","message":"Rule is set with explicit type [var/s: uint]","ruleId":"explicit-types","filePath":"Benchmarks/Study_SamplesSet/6ec32e59ad2fd033e28877be45284c17.sol"},{"line":20,"column":5,"severity":"Warning","message":"Rule is set with explicit type [var/s: uint]","ruleId":"explicit-types","filePath":"Benchmarks/Study_SamplesSet/6ec32e59ad2fd033e28877be45284c17.sol"},{"line":24,"column":5,"severity":"Error","message":"Explicitly mark visibility of state","ruleId":"state-visibility","fix":null,"filePath":"Benchmarks/Study_SamplesSet/6ec32e59ad2fd033e28877be45284c17.sol"},{"line":27,"column":5,"severity":"Error","message":"Explicitly mark visibility in function","ruleId":"func-visibility","fix":null,"filePath":"Benchmarks/Study_SamplesSet/6ec32e59ad2fd033e28877be45284c17.sol"},{"line":27,"column":44,"severity":"Warning","message":"Rule is set with explicit type [var/s: uint]","ruleId":"explicit-types","filePath":"Benchmarks/Study_SamplesSet/6ec32e59ad2fd033e28877be45284c17.sol"},{"line":27,"column":50,"severity":"Warning","message":"Rule is set with explicit type [var/s: uint]","ruleId":"explicit-types","filePath":"Benchmarks/Study_SamplesSet/6ec32e59ad2fd033e28877be45284c17.sol"},{"line":27,"column":56,"severity":"Warning","message":"Rule is set with explicit type [var/s: uint]","ruleId":"explicit-types","filePath":"Benchmarks/Study_SamplesSet/6ec32e59ad2fd033e28877be45284c17.sol"},{"line":27,"column":62,"severity":"Warning","message":"Rule is set with explicit type [var/s: uint]","ruleId":"explicit-types","filePath":"Benchmarks/Study_SamplesSet/6ec32e59ad2fd033e28877be45284c17.sol"},{"line":27,"column":68,"severity":"Warning","message":"Rule is set with explicit type [var/s: uint]","ruleId":"explicit-types","filePath":"Benchmarks/Study_SamplesSet/6ec32e59ad2fd033e28877be45284c17.sol"},{"line":27,"column":74,"severity":"Warning","message":"Rule is set with explicit type [var/s: uint]","ruleId":"explicit-types","filePath":"Benchmarks/Study_SamplesSet/6ec32e59ad2fd033e28877be45284c17.sol"},{"line":31,"column":5,"severity":"Error","message":"Explicitly mark visibility in function","ruleId":"func-visibility","fix":null,"filePath":"Benchmarks/Study_SamplesSet/6ec32e59ad2fd033e28877be45284c17.sol"},{"line":31,"column":24,"severity":"Warning","message":"Rule is set with explicit type [var/s: uint]","ruleId":"explicit-types","filePath":"Benchmarks/Study_SamplesSet/6ec32e59ad2fd033e28877be45284c17.sol"},{"line":31,"column":60,"severity":"Warning","message":"Rule is set with explicit type [var/s: uint]","ruleId":"explicit-types","filePath":"Benchmarks/Study_SamplesSet/6ec32e59ad2fd033e28877be45284c17.sol"},{"line":31,"column":66,"severity":"Warning","message":"Rule is set with explicit type [var/s: uint]","ruleId":"explicit-types","filePath":"Benchmarks/Study_SamplesSet/6ec32e59ad2fd033e28877be45284c17.sol"},{"line":31,"column":72,"severity":"Warning","message":"Rule is set with explicit type [var/s: uint]","ruleId":"explicit-types","filePath":"Benchmarks/Study_SamplesSet/6ec32e59ad2fd033e28877be45284c17.sol"},{"line":31,"column":78,"severity":"Warning","message":"Rule is set with explicit type [var/s: uint]","ruleId":"explicit-types","filePath":"Benchmarks/Study_SamplesSet/6ec32e59ad2fd033e28877be45284c17.sol"},{"line":31,"column":84,"severity":"Warning","message":"Rule is set with explicit type [var/s: uint]","ruleId":"explicit-types","filePath":"Benchmarks/Study_SamplesSet/6ec32e59ad2fd033e28877be45284c17.sol"},{"line":31,"column":90,"severity":"Warning","message":"Rule is set with explicit type [var/s: uint]","ruleId":"explicit-types","filePath":"Benchmarks/Study_SamplesSet/6ec32e59ad2fd033e28877be45284c17.sol"},{"line":36,"column":5,"severity":"Warning","message":"Function name must be in mixedCase","ruleId":"func-name-mixedcase","fix":null,"filePath":"Benchmarks/Study_SamplesSet/6ec32e59ad2fd033e28877be45284c17.sol"},{"line":36,"column":5,"severity":"Error","message":"Explicitly mark visibility in function","ruleId":"func-visibility","fix":null,"filePath":"Benchmarks/Study_SamplesSet/6ec32e59ad2fd033e28877be45284c17.sol"},{"line":36,"column":21,"severity":"Warning","message":"Rule is set with explicit type [var/s: uint]","ruleId":"explicit-types","filePath":"Benchmarks/Study_SamplesSet/6ec32e59ad2fd033e28877be45284c17.sol"},{"line":36,"column":57,"severity":"Warning","message":"Rule is set with explicit type [var/s: uint]","ruleId":"explicit-types","filePath":"Benchmarks/Study_SamplesSet/6ec32e59ad2fd033e28877be45284c17.sol"},{"line":36,"column":63,"severity":"Warning","message":"Rule is set with explicit type [var/s: uint]","ruleId":"explicit-types","filePath":"Benchmarks/Study_SamplesSet/6ec32e59ad2fd033e28877be45284c17.sol"},{"line":36,"column":69,"severity":"Warning","message":"Rule is set with explicit type [var/s: uint]","ruleId":"explicit-types","filePath":"Benchmarks/Study_SamplesSet/6ec32e59ad2fd033e28877be45284c17.sol"},{"line":39,"column":5,"severity":"Warning","message":"Function name must be in mixedCase","ruleId":"func-name-mixedcase","fix":null,"filePath":"Benchmarks/Study_SamplesSet/6ec32e59ad2fd033e28877be45284c17.sol"},{"line":39,"column":5,"severity":"Error","message":"Explicitly mark visibility in function","ruleId":"func-visibility","fix":null,"filePath":"Benchmarks/Study_SamplesSet/6ec32e59ad2fd033e28877be45284c17.sol"},{"line":39,"column":21,"severity":"Warning","message":"Rule is set with explicit type [var/s: uint]","ruleId":"explicit-types","filePath":"Benchmarks/Study_SamplesSet/6ec32e59ad2fd033e28877be45284c17.sol"},{"line":39,"column":57,"severity":"Warning","message":"Rule is set with explicit type [var/s: uint]","ruleId":"explicit-types","filePath":"Benchmarks/Study_SamplesSet/6ec32e59ad2fd033e28877be45284c17.sol"},{"line":39,"column":63,"severity":"Warning","message":"Rule is set with explicit type [var/s: uint]","ruleId":"explicit-types","filePath":"Benchmarks/Study_SamplesSet/6ec32e59ad2fd033e28877be45284c17.sol"},{"line":39,"column":69,"severity":"Warning","message":"Rule is set with explicit type [var/s: uint]","ruleId":"explicit-types","filePath":"Benchmarks/Study_SamplesSet/6ec32e59ad2fd033e28877be45284c17.sol"},{"line":42,"column":5,"severity":"Warning","message":"Function name must be in mixedCase","ruleId":"func-name-mixedcase","fix":null,"filePath":"Benchmarks/Study_SamplesSet/6ec32e59ad2fd033e28877be45284c17.sol"},{"line":42,"column":5,"severity":"Error","message":"Explicitly mark visibility in function","ruleId":"func-visibility","fix":null,"filePath":"Benchmarks/Study_SamplesSet/6ec32e59ad2fd033e28877be45284c17.sol"},{"line":42,"column":21,"severity":"Warning","message":"Rule is set with explicit type [var/s: uint]","ruleId":"explicit-types","filePath":"Benchmarks/Study_SamplesSet/6ec32e59ad2fd033e28877be45284c17.sol"},{"line":42,"column":57,"severity":"Warning","message":"Rule is set with explicit type [var/s: uint]","ruleId":"explicit-types","filePath":"Benchmarks/Study_SamplesSet/6ec32e59ad2fd033e28877be45284c17.sol"},{"line":42,"column":63,"severity":"Warning","message":"Rule is set with explicit type [var/s: uint]","ruleId":"explicit-types","filePath":"Benchmarks/Study_SamplesSet/6ec32e59ad2fd033e28877be45284c17.sol"},{"line":42,"column":69,"severity":"Warning","message":"Rule is set with explicit type [var/s: uint]","ruleId":"explicit-types","filePath":"Benchmarks/Study_SamplesSet/6ec32e59ad2fd033e28877be45284c17.sol"},{"line":45,"column":5,"severity":"Warning","message":"Function name must be in mixedCase","ruleId":"func-name-mixedcase","fix":null,"filePath":"Benchmarks/Study_SamplesSet/6ec32e59ad2fd033e28877be45284c17.sol"},{"line":45,"column":5,"severity":"Error","message":"Explicitly mark visibility in function","ruleId":"func-visibility","fix":null,"filePath":"Benchmarks/Study_SamplesSet/6ec32e59ad2fd033e28877be45284c17.sol"},{"line":45,"column":22,"severity":"Warning","message":"Rule is set with explicit type [var/s: uint]","ruleId":"explicit-types","filePath":"Benchmarks/Study_SamplesSet/6ec32e59ad2fd033e28877be45284c17.sol"},{"line":45,"column":58,"severity":"Warning","message":"Rule is set with explicit type [var/s: uint]","ruleId":"explicit-types","filePath":"Benchmarks/Study_SamplesSet/6ec32e59ad2fd033e28877be45284c17.sol"},{"line":45,"column":64,"severity":"Warning","message":"Rule is set with explicit type [var/s: uint]","ruleId":"explicit-types","filePath":"Benchmarks/Study_SamplesSet/6ec32e59ad2fd033e28877be45284c17.sol"},{"line":45,"column":70,"severity":"Warning","message":"Rule is set with explicit type [var/s: uint]","ruleId":"explicit-types","filePath":"Benchmarks/Study_SamplesSet/6ec32e59ad2fd033e28877be45284c17.sol"},{"line":48,"column":5,"severity":"Error","message":"Explicitly mark visibility in function","ruleId":"func-visibility","fix":null,"filePath":"Benchmarks/Study_SamplesSet/6ec32e59ad2fd033e28877be45284c17.sol"},{"line":48,"column":24,"severity":"Warning","message":"Rule is set with explicit type [var/s: uint]","ruleId":"explicit-types","filePath":"Benchmarks/Study_SamplesSet/6ec32e59ad2fd033e28877be45284c17.sol"},{"line":53,"column":5,"severity":"Error","message":"Explicitly mark visibility in function (Set ignoreConstructors to true if using solidity >=0.7.0)","ruleId":"func-visibility","fix":null,"filePath":"Benchmarks/Study_SamplesSet/6ec32e59ad2fd033e28877be45284c17.sol"},{"line":59,"column":55,"severity":"Error","message":"\"throw\" is deprecated, avoid to use it","ruleId":"avoid-throw","filePath":"Benchmarks/Study_SamplesSet/6ec32e59ad2fd033e28877be45284c17.sol"},{"line":63,"column":24,"severity":"Warning","message":"Rule is set with explicit type [var/s: uint]","ruleId":"explicit-types","filePath":"Benchmarks/Study_SamplesSet/6ec32e59ad2fd033e28877be45284c17.sol"},{"line":63,"column":40,"severity":"Warning","message":"Rule is set with explicit type [var/s: uint]","ruleId":"explicit-types","filePath":"Benchmarks/Study_SamplesSet/6ec32e59ad2fd033e28877be45284c17.sol"},{"line":63,"column":58,"severity":"Warning","message":"Rule is set with explicit type [var/s: uint]","ruleId":"explicit-types","filePath":"Benchmarks/Study_SamplesSet/6ec32e59ad2fd033e28877be45284c17.sol"},{"line":63,"column":58,"severity":"Warning","message":"Variable name must be in mixedCase","ruleId":"var-name-mixedcase","fix":null,"filePath":"Benchmarks/Study_SamplesSet/6ec32e59ad2fd033e28877be45284c17.sol"},{"line":63,"column":71,"severity":"Warning","message":"Rule is set with explicit type [var/s: uint]","ruleId":"explicit-types","filePath":"Benchmarks/Study_SamplesSet/6ec32e59ad2fd033e28877be45284c17.sol"},{"line":63,"column":71,"severity":"Warning","message":"Variable name must be in mixedCase","ruleId":"var-name-mixedcase","fix":null,"filePath":"Benchmarks/Study_SamplesSet/6ec32e59ad2fd033e28877be45284c17.sol"},{"line":63,"column":84,"severity":"Warning","message":"Rule is set with explicit type [var/s: uint]","ruleId":"explicit-types","filePath":"Benchmarks/Study_SamplesSet/6ec32e59ad2fd033e28877be45284c17.sol"},{"line":63,"column":84,"severity":"Warning","message":"Variable name must be in mixedCase","ruleId":"var-name-mixedcase","fix":null,"filePath":"Benchmarks/Study_SamplesSet/6ec32e59ad2fd033e28877be45284c17.sol"},{"line":63,"column":97,"severity":"Warning","message":"Rule is set with explicit type [var/s: uint]","ruleId":"explicit-types","filePath":"Benchmarks/Study_SamplesSet/6ec32e59ad2fd033e28877be45284c17.sol"},{"line":63,"column":97,"severity":"Warning","message":"Variable name must be in mixedCase","ruleId":"var-name-mixedcase","fix":null,"filePath":"Benchmarks/Study_SamplesSet/6ec32e59ad2fd033e28877be45284c17.sol"},{"line":69,"column":5,"severity":"Error","message":"Explicitly mark visibility in function","ruleId":"func-visibility","fix":null,"filePath":"Benchmarks/Study_SamplesSet/6ec32e59ad2fd033e28877be45284c17.sol"},{"line":69,"column":61,"severity":"Warning","message":"Rule is set with explicit type [var/s: uint]","ruleId":"explicit-types","filePath":"Benchmarks/Study_SamplesSet/6ec32e59ad2fd033e28877be45284c17.sol"},{"line":69,"column":61,"severity":"Warning","message":"Variable name must be in mixedCase","ruleId":"var-name-mixedcase","fix":null,"filePath":"Benchmarks/Study_SamplesSet/6ec32e59ad2fd033e28877be45284c17.sol"},{"line":69,"column":74,"severity":"Warning","message":"Variable name must be in mixedCase","ruleId":"var-name-mixedcase","fix":null,"filePath":"Benchmarks/Study_SamplesSet/6ec32e59ad2fd033e28877be45284c17.sol"},{"line":69,"column":89,"severity":"Warning","message":"Variable name must be in mixedCase","ruleId":"var-name-mixedcase","fix":null,"filePath":"Benchmarks/Study_SamplesSet/6ec32e59ad2fd033e28877be45284c17.sol"},{"line":69,"column":104,"severity":"Warning","message":"Variable name must be in mixedCase","ruleId":"var-name-mixedcase","fix":null,"filePath":"Benchmarks/Study_SamplesSet/6ec32e59ad2fd033e28877be45284c17.sol"},{"line":76,"column":40,"severity":"Error","message":"Explicitly mark all external contracts as trusted or untrusted","ruleId":"mark-callable-contracts","filePath":"Benchmarks/Study_SamplesSet/6ec32e59ad2fd033e28877be45284c17.sol"},{"line":77,"column":40,"severity":"Error","message":"Explicitly mark all external contracts as trusted or untrusted","ruleId":"mark-callable-contracts","filePath":"Benchmarks/Study_SamplesSet/6ec32e59ad2fd033e28877be45284c17.sol"},{"line":78,"column":40,"severity":"Error","message":"Explicitly mark all external contracts as trusted or untrusted","ruleId":"mark-callable-contracts","filePath":"Benchmarks/Study_SamplesSet/6ec32e59ad2fd033e28877be45284c17.sol"},{"line":79,"column":41,"severity":"Error","message":"Explicitly mark all external contracts as trusted or untrusted","ruleId":"mark-callable-contracts","filePath":"Benchmarks/Study_SamplesSet/6ec32e59ad2fd033e28877be45284c17.sol"},{"line":80,"column":7,"severity":"Error","message":"Explicitly mark all external contracts as trusted or untrusted","ruleId":"mark-callable-contracts","filePath":"Benchmarks/Study_SamplesSet/6ec32e59ad2fd033e28877be45284c17.sol"},{"line":80,"column":44,"severity":"Error","message":"Explicitly mark all external contracts as trusted or untrusted","ruleId":"mark-callable-contracts","filePath":"Benchmarks/Study_SamplesSet/6ec32e59ad2fd033e28877be45284c17.sol"},{"line":80,"column":52,"severity":"Error","message":"Explicitly mark all external contracts as trusted or untrusted","ruleId":"mark-callable-contracts","filePath":"Benchmarks/Study_SamplesSet/6ec32e59ad2fd033e28877be45284c17.sol"},{"line":80,"column":60,"severity":"Error","message":"Explicitly mark all external contracts as trusted or untrusted","ruleId":"mark-callable-contracts","filePath":"Benchmarks/Study_SamplesSet/6ec32e59ad2fd033e28877be45284c17.sol"},{"line":80,"column":68,"severity":"Error","message":"Explicitly mark all external contracts as trusted or untrusted","ruleId":"mark-callable-contracts","filePath":"Benchmarks/Study_SamplesSet/6ec32e59ad2fd033e28877be45284c17.sol"},{"line":83,"column":5,"severity":"Error","message":"Explicitly mark visibility in function","ruleId":"func-visibility","fix":null,"filePath":"Benchmarks/Study_SamplesSet/6ec32e59ad2fd033e28877be45284c17.sol"},{"line":83,"column":64,"severity":"Warning","message":"Rule is set with explicit type [var/s: uint]","ruleId":"explicit-types","filePath":"Benchmarks/Study_SamplesSet/6ec32e59ad2fd033e28877be45284c17.sol"},{"line":83,"column":70,"severity":"Warning","message":"Rule is set with explicit type [var/s: uint]","ruleId":"explicit-types","filePath":"Benchmarks/Study_SamplesSet/6ec32e59ad2fd033e28877be45284c17.sol"},{"line":87,"column":12,"severity":"Warning","message":"Rule is set with explicit type [var/s: uint]","ruleId":"explicit-types","filePath":"Benchmarks/Study_SamplesSet/6ec32e59ad2fd033e28877be45284c17.sol"},{"line":100,"column":5,"severity":"Error","message":"Explicitly mark visibility in function","ruleId":"func-visibility","fix":null,"filePath":"Benchmarks/Study_SamplesSet/6ec32e59ad2fd033e28877be45284c17.sol"},{"line":100,"column":27,"severity":"Warning","message":"Rule is set with explicit type [var/s: uint]","ruleId":"explicit-types","filePath":"Benchmarks/Study_SamplesSet/6ec32e59ad2fd033e28877be45284c17.sol"},{"line":101,"column":15,"severity":"Error","message":"Check result of \"send\" call","ruleId":"check-send-result","fix":null,"filePath":"Benchmarks/Study_SamplesSet/6ec32e59ad2fd033e28877be45284c17.sol"},{"line":105,"column":5,"severity":"Warning","message":"Fallback should be external and payable to accept native currency","ruleId":"payable-fallback","filePath":"Benchmarks/Study_SamplesSet/6ec32e59ad2fd033e28877be45284c17.sol"},{"line":105,"column":5,"severity":"Error","message":"Explicitly mark visibility in function","ruleId":"func-visibility","fix":null,"filePath":"Benchmarks/Study_SamplesSet/6ec32e59ad2fd033e28877be45284c17.sol"},{"line":105,"column":18,"severity":"Error","message":"\"throw\" is deprecated, avoid to use it","ruleId":"avoid-throw","filePath":"Benchmarks/Study_SamplesSet/6ec32e59ad2fd033e28877be45284c17.sol"},{"conclusion":"90 problem/s (27 error/s, 63 warning/s)"}]
