[{"line":6,"column":1,"severity":"Warning","message":"Found more than One contract per file. 3 contracts found!","ruleId":"one-contract-per-file","fix":null,"filePath":"Benchmarks/Study_SamplesSet/6f50f5ef9a2e59584ee073dce492f60c.sol"},{"line":6,"column":1,"severity":"Error","message":"Compiler version ^0.4.21 does not satisfy the ^0.8.0 semver requirement","ruleId":"compiler-version","fix":null,"filePath":"Benchmarks/Study_SamplesSet/6f50f5ef9a2e59584ee073dce492f60c.sol"},{"line":41,"column":5,"severity":"Warning","message":"Provide an error message for require","ruleId":"reason-string","fix":null,"filePath":"Benchmarks/Study_SamplesSet/6f50f5ef9a2e59584ee073dce492f60c.sol"},{"line":41,"column":5,"severity":"Warning","message":"Use Custom Errors instead of require statements","ruleId":"custom-errors","fix":null,"filePath":"Benchmarks/Study_SamplesSet/6f50f5ef9a2e59584ee073dce492f60c.sol"},{"line":48,"column":5,"severity":"Warning","message":"Provide an error message for require","ruleId":"reason-string","fix":null,"filePath":"Benchmarks/Study_SamplesSet/6f50f5ef9a2e59584ee073dce492f60c.sol"},{"line":48,"column":5,"severity":"Warning","message":"Use Custom Errors instead of require statements","ruleId":"custom-errors","fix":null,"filePath":"Benchmarks/Study_SamplesSet/6f50f5ef9a2e59584ee073dce492f60c.sol"},{"line":77,"column":9,"severity":"Warning","message":"Provide an error message for require","ruleId":"reason-string","fix":null,"filePath":"Benchmarks/Study_SamplesSet/6f50f5ef9a2e59584ee073dce492f60c.sol"},{"line":77,"column":9,"severity":"Warning","message":"Use Custom Errors instead of require statements","ruleId":"custom-errors","fix":null,"filePath":"Benchmarks/Study_SamplesSet/6f50f5ef9a2e59584ee073dce492f60c.sol"},{"line":84,"column":81,"severity":"Warning","message":"Visibility modifier must be first in list of modifiers","ruleId":"visibility-modifier-order","fix":null,"filePath":"Benchmarks/Study_SamplesSet/6f50f5ef9a2e59584ee073dce492f60c.sol"},{"line":85,"column":9,"severity":"Warning","message":"Provide an error message for require","ruleId":"reason-string","fix":null,"filePath":"Benchmarks/Study_SamplesSet/6f50f5ef9a2e59584ee073dce492f60c.sol"},{"line":85,"column":9,"severity":"Warning","message":"Use Custom Errors instead of require statements","ruleId":"custom-errors","fix":null,"filePath":"Benchmarks/Study_SamplesSet/6f50f5ef9a2e59584ee073dce492f60c.sol"},{"line":108,"column":25,"severity":"Warning","message":"Visibility modifier must be first in list of modifiers","ruleId":"visibility-modifier-order","fix":null,"filePath":"Benchmarks/Study_SamplesSet/6f50f5ef9a2e59584ee073dce492f60c.sol"},{"conclusion":"12 problem/s (1 error/s, 11 warning/s)"}]
