[{"line":5,"column":1,"severity":"Error","message":"Compiler version ^0.5.11 does not satisfy the ^0.8.0 semver requirement","ruleId":"compiler-version","fix":null,"filePath":"Benchmarks/Study_SamplesSet/6ff3f276e05c6d074f0a187cca966738.sol"},{"line":7,"column":1,"severity":"Warning","message":"Contract has 26 states declarations but allowed no more than 15","ruleId":"max-states-count","fix":null,"filePath":"Benchmarks/Study_SamplesSet/6ff3f276e05c6d074f0a187cca966738.sol"},{"line":9,"column":3,"severity":"Error","message":"Explicitly mark visibility of state","ruleId":"state-visibility","fix":null,"filePath":"Benchmarks/Study_SamplesSet/6ff3f276e05c6d074f0a187cca966738.sol"},{"line":9,"column":3,"severity":"Warning","message":"Variable name must be in mixedCase","ruleId":"var-name-mixedcase","fix":null,"filePath":"Benchmarks/Study_SamplesSet/6ff3f276e05c6d074f0a187cca966738.sol"},{"line":10,"column":1,"severity":"Warning","message":"Function name must be in mixedCase","ruleId":"func-name-mixedcase","fix":null,"filePath":"Benchmarks/Study_SamplesSet/6ff3f276e05c6d074f0a187cca966738.sol"},{"line":10,"column":24,"severity":"Warning","message":"Rule is set with explicit type [var/s: uint]","ruleId":"explicit-types","filePath":"Benchmarks/Study_SamplesSet/6ff3f276e05c6d074f0a187cca966738.sol"},{"line":11,"column":2,"severity":"Warning","message":"Rule is set with explicit type [var/s: uint]","ruleId":"explicit-types","filePath":"Benchmarks/Study_SamplesSet/6ff3f276e05c6d074f0a187cca966738.sol"},{"line":11,"column":16,"severity":"Error","message":"Avoid making time-based decisions in your business logic","ruleId":"not-rely-on-time","fix":null,"filePath":"Benchmarks/Study_SamplesSet/6ff3f276e05c6d074f0a187cca966738.sol"},{"line":14,"column":21,"severity":"Warning","message":"Rule is set with explicit type [var/s: uint]","ruleId":"explicit-types","filePath":"Benchmarks/Study_SamplesSet/6ff3f276e05c6d074f0a187cca966738.sol"},{"line":15,"column":3,"severity":"Error","message":"Explicitly mark visibility of state","ruleId":"state-visibility","fix":null,"filePath":"Benchmarks/Study_SamplesSet/6ff3f276e05c6d074f0a187cca966738.sol"},{"line":15,"column":3,"severity":"Warning","message":"Variable name must be in mixedCase","ruleId":"var-name-mixedcase","fix":null,"filePath":"Benchmarks/Study_SamplesSet/6ff3f276e05c6d074f0a187cca966738.sol"},{"line":16,"column":1,"severity":"Warning","message":"Function name must be in mixedCase","ruleId":"func-name-mixedcase","fix":null,"filePath":"Benchmarks/Study_SamplesSet/6ff3f276e05c6d074f0a187cca966738.sol"},{"line":16,"column":24,"severity":"Warning","message":"Rule is set with explicit type [var/s: uint]","ruleId":"explicit-types","filePath":"Benchmarks/Study_SamplesSet/6ff3f276e05c6d074f0a187cca966738.sol"},{"line":17,"column":2,"severity":"Warning","message":"Rule is set with explicit type [var/s: uint]","ruleId":"explicit-types","filePath":"Benchmarks/Study_SamplesSet/6ff3f276e05c6d074f0a187cca966738.sol"},{"line":17,"column":16,"severity":"Error","message":"Avoid making time-based decisions in your business logic","ruleId":"not-rely-on-time","fix":null,"filePath":"Benchmarks/Study_SamplesSet/6ff3f276e05c6d074f0a187cca966738.sol"},{"line":21,"column":3,"severity":"Warning","message":"Function name must be in mixedCase","ruleId":"func-name-mixedcase","fix":null,"filePath":"Benchmarks/Study_SamplesSet/6ff3f276e05c6d074f0a187cca966738.sol"},{"line":21,"column":32,"severity":"Warning","message":"Visibility modifier must be first in list of modifiers","ruleId":"visibility-modifier-order","fix":null,"filePath":"Benchmarks/Study_SamplesSet/6ff3f276e05c6d074f0a187cca966738.sol"},{"line":22,"column":12,"severity":"Error","message":"Avoid making time-based decisions in your business logic","ruleId":"not-rely-on-time","fix":null,"filePath":"Benchmarks/Study_SamplesSet/6ff3f276e05c6d074f0a187cca966738.sol"},{"line":25,"column":3,"severity":"Error","message":"Explicitly mark visibility of state","ruleId":"state-visibility","fix":null,"filePath":"Benchmarks/Study_SamplesSet/6ff3f276e05c6d074f0a187cca966738.sol"},{"line":25,"column":3,"severity":"Warning","message":"Variable name must be in mixedCase","ruleId":"var-name-mixedcase","fix":null,"filePath":"Benchmarks/Study_SamplesSet/6ff3f276e05c6d074f0a187cca966738.sol"},{"line":25,"column":26,"severity":"Error","message":"Avoid making time-based decisions in your business logic","ruleId":"not-rely-on-time","fix":null,"filePath":"Benchmarks/Study_SamplesSet/6ff3f276e05c6d074f0a187cca966738.sol"},{"line":25,"column":26,"severity":"Error","message":"Avoid making time-based decisions in your business logic","ruleId":"not-rely-on-time","fix":null,"filePath":"Benchmarks/Study_SamplesSet/6ff3f276e05c6d074f0a187cca966738.sol"},{"line":27,"column":3,"severity":"Error","message":"Explicitly mark visibility of state","ruleId":"state-visibility","fix":null,"filePath":"Benchmarks/Study_SamplesSet/6ff3f276e05c6d074f0a187cca966738.sol"},{"line":27,"column":3,"severity":"Warning","message":"Variable name must be in mixedCase","ruleId":"var-name-mixedcase","fix":null,"filePath":"Benchmarks/Study_SamplesSet/6ff3f276e05c6d074f0a187cca966738.sol"},{"line":27,"column":26,"severity":"Error","message":"Avoid making time-based decisions in your business logic","ruleId":"not-rely-on-time","fix":null,"filePath":"Benchmarks/Study_SamplesSet/6ff3f276e05c6d074f0a187cca966738.sol"},{"line":27,"column":26,"severity":"Error","message":"Avoid making time-based decisions in your business logic","ruleId":"not-rely-on-time","fix":null,"filePath":"Benchmarks/Study_SamplesSet/6ff3f276e05c6d074f0a187cca966738.sol"},{"line":29,"column":3,"severity":"Error","message":"Explicitly mark visibility of state","ruleId":"state-visibility","fix":null,"filePath":"Benchmarks/Study_SamplesSet/6ff3f276e05c6d074f0a187cca966738.sol"},{"line":29,"column":3,"severity":"Warning","message":"Variable name must be in mixedCase","ruleId":"var-name-mixedcase","fix":null,"filePath":"Benchmarks/Study_SamplesSet/6ff3f276e05c6d074f0a187cca966738.sol"},{"line":29,"column":26,"severity":"Error","message":"Avoid making time-based decisions in your business logic","ruleId":"not-rely-on-time","fix":null,"filePath":"Benchmarks/Study_SamplesSet/6ff3f276e05c6d074f0a187cca966738.sol"},{"line":29,"column":26,"severity":"Error","message":"Avoid making time-based decisions in your business logic","ruleId":"not-rely-on-time","fix":null,"filePath":"Benchmarks/Study_SamplesSet/6ff3f276e05c6d074f0a187cca966738.sol"},{"line":30,"column":35,"severity":"Warning","message":"Rule is set with explicit type [var/s: uint]","ruleId":"explicit-types","filePath":"Benchmarks/Study_SamplesSet/6ff3f276e05c6d074f0a187cca966738.sol"},{"line":32,"column":3,"severity":"Error","message":"Explicitly mark visibility of state","ruleId":"state-visibility","fix":null,"filePath":"Benchmarks/Study_SamplesSet/6ff3f276e05c6d074f0a187cca966738.sol"},{"line":32,"column":3,"severity":"Warning","message":"Variable name must be in mixedCase","ruleId":"var-name-mixedcase","fix":null,"filePath":"Benchmarks/Study_SamplesSet/6ff3f276e05c6d074f0a187cca966738.sol"},{"line":32,"column":26,"severity":"Error","message":"Avoid making time-based decisions in your business logic","ruleId":"not-rely-on-time","fix":null,"filePath":"Benchmarks/Study_SamplesSet/6ff3f276e05c6d074f0a187cca966738.sol"},{"line":32,"column":26,"severity":"Error","message":"Avoid making time-based decisions in your business logic","ruleId":"not-rely-on-time","fix":null,"filePath":"Benchmarks/Study_SamplesSet/6ff3f276e05c6d074f0a187cca966738.sol"},{"line":33,"column":20,"severity":"Warning","message":"Rule is set with explicit type [var/s: uint]","ruleId":"explicit-types","filePath":"Benchmarks/Study_SamplesSet/6ff3f276e05c6d074f0a187cca966738.sol"},{"line":34,"column":3,"severity":"Error","message":"Explicitly mark visibility of state","ruleId":"state-visibility","fix":null,"filePath":"Benchmarks/Study_SamplesSet/6ff3f276e05c6d074f0a187cca966738.sol"},{"line":34,"column":3,"severity":"Warning","message":"Variable name must be in mixedCase","ruleId":"var-name-mixedcase","fix":null,"filePath":"Benchmarks/Study_SamplesSet/6ff3f276e05c6d074f0a187cca966738.sol"},{"line":34,"column":26,"severity":"Error","message":"Avoid making time-based decisions in your business logic","ruleId":"not-rely-on-time","fix":null,"filePath":"Benchmarks/Study_SamplesSet/6ff3f276e05c6d074f0a187cca966738.sol"},{"line":34,"column":26,"severity":"Error","message":"Avoid making time-based decisions in your business logic","ruleId":"not-rely-on-time","fix":null,"filePath":"Benchmarks/Study_SamplesSet/6ff3f276e05c6d074f0a187cca966738.sol"},{"line":49,"column":9,"severity":"Warning","message":"Rule is set with explicit type [var/s: uint]","ruleId":"explicit-types","filePath":"Benchmarks/Study_SamplesSet/6ff3f276e05c6d074f0a187cca966738.sol"},{"line":49,"column":9,"severity":"Warning","message":"Variable name must be in mixedCase","ruleId":"var-name-mixedcase","fix":null,"filePath":"Benchmarks/Study_SamplesSet/6ff3f276e05c6d074f0a187cca966738.sol"},{"line":52,"column":3,"severity":"Warning","message":"Function name must be in mixedCase","ruleId":"func-name-mixedcase","fix":null,"filePath":"Benchmarks/Study_SamplesSet/6ff3f276e05c6d074f0a187cca966738.sol"},{"line":52,"column":32,"severity":"Warning","message":"Visibility modifier must be first in list of modifiers","ruleId":"visibility-modifier-order","fix":null,"filePath":"Benchmarks/Study_SamplesSet/6ff3f276e05c6d074f0a187cca966738.sol"},{"line":53,"column":12,"severity":"Error","message":"Avoid making time-based decisions in your business logic","ruleId":"not-rely-on-time","fix":null,"filePath":"Benchmarks/Study_SamplesSet/6ff3f276e05c6d074f0a187cca966738.sol"},{"line":56,"column":3,"severity":"Error","message":"Explicitly mark visibility of state","ruleId":"state-visibility","fix":null,"filePath":"Benchmarks/Study_SamplesSet/6ff3f276e05c6d074f0a187cca966738.sol"},{"line":56,"column":3,"severity":"Warning","message":"Variable name must be in mixedCase","ruleId":"var-name-mixedcase","fix":null,"filePath":"Benchmarks/Study_SamplesSet/6ff3f276e05c6d074f0a187cca966738.sol"},{"line":57,"column":1,"severity":"Warning","message":"Function name must be in mixedCase","ruleId":"func-name-mixedcase","fix":null,"filePath":"Benchmarks/Study_SamplesSet/6ff3f276e05c6d074f0a187cca966738.sol"},{"line":57,"column":23,"severity":"Warning","message":"Rule is set with explicit type [var/s: uint]","ruleId":"explicit-types","filePath":"Benchmarks/Study_SamplesSet/6ff3f276e05c6d074f0a187cca966738.sol"},{"line":58,"column":2,"severity":"Warning","message":"Rule is set with explicit type [var/s: uint]","ruleId":"explicit-types","filePath":"Benchmarks/Study_SamplesSet/6ff3f276e05c6d074f0a187cca966738.sol"},{"line":58,"column":16,"severity":"Error","message":"Avoid making time-based decisions in your business logic","ruleId":"not-rely-on-time","fix":null,"filePath":"Benchmarks/Study_SamplesSet/6ff3f276e05c6d074f0a187cca966738.sol"},{"line":62,"column":3,"severity":"Warning","message":"Function name must be in mixedCase","ruleId":"func-name-mixedcase","fix":null,"filePath":"Benchmarks/Study_SamplesSet/6ff3f276e05c6d074f0a187cca966738.sol"},{"line":62,"column":31,"severity":"Warning","message":"Visibility modifier must be first in list of modifiers","ruleId":"visibility-modifier-order","fix":null,"filePath":"Benchmarks/Study_SamplesSet/6ff3f276e05c6d074f0a187cca966738.sol"},{"line":63,"column":12,"severity":"Error","message":"Avoid making time-based decisions in your business logic","ruleId":"not-rely-on-time","fix":null,"filePath":"Benchmarks/Study_SamplesSet/6ff3f276e05c6d074f0a187cca966738.sol"},{"line":67,"column":3,"severity":"Warning","message":"Function name must be in mixedCase","ruleId":"func-name-mixedcase","fix":null,"filePath":"Benchmarks/Study_SamplesSet/6ff3f276e05c6d074f0a187cca966738.sol"},{"line":67,"column":32,"severity":"Warning","message":"Visibility modifier must be first in list of modifiers","ruleId":"visibility-modifier-order","fix":null,"filePath":"Benchmarks/Study_SamplesSet/6ff3f276e05c6d074f0a187cca966738.sol"},{"line":68,"column":12,"severity":"Error","message":"Avoid making time-based decisions in your business logic","ruleId":"not-rely-on-time","fix":null,"filePath":"Benchmarks/Study_SamplesSet/6ff3f276e05c6d074f0a187cca966738.sol"},{"line":70,"column":3,"severity":"Warning","message":"Rule is set with explicit type [var/s: uint]","ruleId":"explicit-types","filePath":"Benchmarks/Study_SamplesSet/6ff3f276e05c6d074f0a187cca966738.sol"},{"line":72,"column":3,"severity":"Error","message":"Explicitly mark visibility of state","ruleId":"state-visibility","fix":null,"filePath":"Benchmarks/Study_SamplesSet/6ff3f276e05c6d074f0a187cca966738.sol"},{"line":72,"column":3,"severity":"Warning","message":"Variable name must be in mixedCase","ruleId":"var-name-mixedcase","fix":null,"filePath":"Benchmarks/Study_SamplesSet/6ff3f276e05c6d074f0a187cca966738.sol"},{"line":73,"column":1,"severity":"Warning","message":"Function name must be in mixedCase","ruleId":"func-name-mixedcase","fix":null,"filePath":"Benchmarks/Study_SamplesSet/6ff3f276e05c6d074f0a187cca966738.sol"},{"line":73,"column":24,"severity":"Warning","message":"Rule is set with explicit type [var/s: uint]","ruleId":"explicit-types","filePath":"Benchmarks/Study_SamplesSet/6ff3f276e05c6d074f0a187cca966738.sol"},{"line":74,"column":2,"severity":"Warning","message":"Rule is set with explicit type [var/s: uint]","ruleId":"explicit-types","filePath":"Benchmarks/Study_SamplesSet/6ff3f276e05c6d074f0a187cca966738.sol"},{"line":74,"column":16,"severity":"Error","message":"Avoid making time-based decisions in your business logic","ruleId":"not-rely-on-time","fix":null,"filePath":"Benchmarks/Study_SamplesSet/6ff3f276e05c6d074f0a187cca966738.sol"},{"line":78,"column":5,"severity":"Error","message":"Explicitly mark visibility of state","ruleId":"state-visibility","fix":null,"filePath":"Benchmarks/Study_SamplesSet/6ff3f276e05c6d074f0a187cca966738.sol"},{"line":79,"column":3,"severity":"Error","message":"Explicitly mark visibility of state","ruleId":"state-visibility","fix":null,"filePath":"Benchmarks/Study_SamplesSet/6ff3f276e05c6d074f0a187cca966738.sol"},{"line":79,"column":3,"severity":"Warning","message":"Variable name must be in mixedCase","ruleId":"var-name-mixedcase","fix":null,"filePath":"Benchmarks/Study_SamplesSet/6ff3f276e05c6d074f0a187cca966738.sol"},{"line":80,"column":1,"severity":"Warning","message":"Function name must be in mixedCase","ruleId":"func-name-mixedcase","fix":null,"filePath":"Benchmarks/Study_SamplesSet/6ff3f276e05c6d074f0a187cca966738.sol"},{"line":80,"column":24,"severity":"Warning","message":"Rule is set with explicit type [var/s: uint]","ruleId":"explicit-types","filePath":"Benchmarks/Study_SamplesSet/6ff3f276e05c6d074f0a187cca966738.sol"},{"line":81,"column":34,"severity":"Error","message":"Avoid making time-based decisions in your business logic","ruleId":"not-rely-on-time","fix":null,"filePath":"Benchmarks/Study_SamplesSet/6ff3f276e05c6d074f0a187cca966738.sol"},{"line":83,"column":3,"severity":"Warning","message":"Rule is set with explicit type [var/s: uint]","ruleId":"explicit-types","filePath":"Benchmarks/Study_SamplesSet/6ff3f276e05c6d074f0a187cca966738.sol"},{"line":84,"column":3,"severity":"Warning","message":"Function name must be in mixedCase","ruleId":"func-name-mixedcase","fix":null,"filePath":"Benchmarks/Study_SamplesSet/6ff3f276e05c6d074f0a187cca966738.sol"},{"line":85,"column":2,"severity":"Warning","message":"Rule is set with explicit type [var/s: uint]","ruleId":"explicit-types","filePath":"Benchmarks/Study_SamplesSet/6ff3f276e05c6d074f0a187cca966738.sol"},{"line":85,"column":2,"severity":"Warning","message":"Variable name must be in mixedCase","ruleId":"var-name-mixedcase","fix":null,"filePath":"Benchmarks/Study_SamplesSet/6ff3f276e05c6d074f0a187cca966738.sol"},{"line":86,"column":2,"severity":"Warning","message":"Provide an error message for require","ruleId":"reason-string","fix":null,"filePath":"Benchmarks/Study_SamplesSet/6ff3f276e05c6d074f0a187cca966738.sol"},{"line":86,"column":2,"severity":"Warning","message":"Use Custom Errors instead of require statements","ruleId":"custom-errors","fix":null,"filePath":"Benchmarks/Study_SamplesSet/6ff3f276e05c6d074f0a187cca966738.sol"},{"line":87,"column":9,"severity":"Warning","message":"Provide an error message for require","ruleId":"reason-string","fix":null,"filePath":"Benchmarks/Study_SamplesSet/6ff3f276e05c6d074f0a187cca966738.sol"},{"line":87,"column":9,"severity":"Warning","message":"Use Custom Errors instead of require statements","ruleId":"custom-errors","fix":null,"filePath":"Benchmarks/Study_SamplesSet/6ff3f276e05c6d074f0a187cca966738.sol"},{"line":87,"column":17,"severity":"Error","message":"Avoid making time-based decisions in your business logic","ruleId":"not-rely-on-time","fix":null,"filePath":"Benchmarks/Study_SamplesSet/6ff3f276e05c6d074f0a187cca966738.sol"},{"line":88,"column":34,"severity":"Error","message":"Avoid making time-based decisions in your business logic","ruleId":"not-rely-on-time","fix":null,"filePath":"Benchmarks/Study_SamplesSet/6ff3f276e05c6d074f0a187cca966738.sol"},{"line":89,"column":12,"severity":"Error","message":"Avoid making time-based decisions in your business logic","ruleId":"not-rely-on-time","fix":null,"filePath":"Benchmarks/Study_SamplesSet/6ff3f276e05c6d074f0a187cca966738.sol"},{"line":94,"column":3,"severity":"Warning","message":"Function name must be in mixedCase","ruleId":"func-name-mixedcase","fix":null,"filePath":"Benchmarks/Study_SamplesSet/6ff3f276e05c6d074f0a187cca966738.sol"},{"line":95,"column":2,"severity":"Warning","message":"Rule is set with explicit type [var/s: uint]","ruleId":"explicit-types","filePath":"Benchmarks/Study_SamplesSet/6ff3f276e05c6d074f0a187cca966738.sol"},{"line":95,"column":2,"severity":"Warning","message":"Variable name must be in mixedCase","ruleId":"var-name-mixedcase","fix":null,"filePath":"Benchmarks/Study_SamplesSet/6ff3f276e05c6d074f0a187cca966738.sol"},{"line":96,"column":2,"severity":"Warning","message":"Provide an error message for require","ruleId":"reason-string","fix":null,"filePath":"Benchmarks/Study_SamplesSet/6ff3f276e05c6d074f0a187cca966738.sol"},{"line":96,"column":2,"severity":"Warning","message":"Use Custom Errors instead of require statements","ruleId":"custom-errors","fix":null,"filePath":"Benchmarks/Study_SamplesSet/6ff3f276e05c6d074f0a187cca966738.sol"},{"line":97,"column":9,"severity":"Warning","message":"Provide an error message for require","ruleId":"reason-string","fix":null,"filePath":"Benchmarks/Study_SamplesSet/6ff3f276e05c6d074f0a187cca966738.sol"},{"line":97,"column":9,"severity":"Warning","message":"Use Custom Errors instead of require statements","ruleId":"custom-errors","fix":null,"filePath":"Benchmarks/Study_SamplesSet/6ff3f276e05c6d074f0a187cca966738.sol"},{"line":97,"column":17,"severity":"Error","message":"Avoid making time-based decisions in your business logic","ruleId":"not-rely-on-time","fix":null,"filePath":"Benchmarks/Study_SamplesSet/6ff3f276e05c6d074f0a187cca966738.sol"},{"line":98,"column":34,"severity":"Error","message":"Avoid making time-based decisions in your business logic","ruleId":"not-rely-on-time","fix":null,"filePath":"Benchmarks/Study_SamplesSet/6ff3f276e05c6d074f0a187cca966738.sol"},{"line":99,"column":12,"severity":"Error","message":"Avoid making time-based decisions in your business logic","ruleId":"not-rely-on-time","fix":null,"filePath":"Benchmarks/Study_SamplesSet/6ff3f276e05c6d074f0a187cca966738.sol"},{"line":105,"column":3,"severity":"Error","message":"Explicitly mark visibility of state","ruleId":"state-visibility","fix":null,"filePath":"Benchmarks/Study_SamplesSet/6ff3f276e05c6d074f0a187cca966738.sol"},{"line":105,"column":3,"severity":"Warning","message":"Variable name must be in mixedCase","ruleId":"var-name-mixedcase","fix":null,"filePath":"Benchmarks/Study_SamplesSet/6ff3f276e05c6d074f0a187cca966738.sol"},{"line":106,"column":1,"severity":"Warning","message":"Function name must be in mixedCase","ruleId":"func-name-mixedcase","fix":null,"filePath":"Benchmarks/Study_SamplesSet/6ff3f276e05c6d074f0a187cca966738.sol"},{"line":106,"column":24,"severity":"Warning","message":"Rule is set with explicit type [var/s: uint]","ruleId":"explicit-types","filePath":"Benchmarks/Study_SamplesSet/6ff3f276e05c6d074f0a187cca966738.sol"},{"line":107,"column":34,"severity":"Error","message":"Avoid making time-based decisions in your business logic","ruleId":"not-rely-on-time","fix":null,"filePath":"Benchmarks/Study_SamplesSet/6ff3f276e05c6d074f0a187cca966738.sol"},{"line":109,"column":3,"severity":"Error","message":"Explicitly mark visibility of state","ruleId":"state-visibility","fix":null,"filePath":"Benchmarks/Study_SamplesSet/6ff3f276e05c6d074f0a187cca966738.sol"},{"line":109,"column":3,"severity":"Warning","message":"Rule is set with explicit type [var/s: uint]","ruleId":"explicit-types","filePath":"Benchmarks/Study_SamplesSet/6ff3f276e05c6d074f0a187cca966738.sol"},{"line":110,"column":3,"severity":"Warning","message":"Function name must be in mixedCase","ruleId":"func-name-mixedcase","fix":null,"filePath":"Benchmarks/Study_SamplesSet/6ff3f276e05c6d074f0a187cca966738.sol"},{"line":111,"column":2,"severity":"Warning","message":"Rule is set with explicit type [var/s: uint]","ruleId":"explicit-types","filePath":"Benchmarks/Study_SamplesSet/6ff3f276e05c6d074f0a187cca966738.sol"},{"line":111,"column":2,"severity":"Warning","message":"Variable name must be in mixedCase","ruleId":"var-name-mixedcase","fix":null,"filePath":"Benchmarks/Study_SamplesSet/6ff3f276e05c6d074f0a187cca966738.sol"},{"line":112,"column":2,"severity":"Warning","message":"Provide an error message for require","ruleId":"reason-string","fix":null,"filePath":"Benchmarks/Study_SamplesSet/6ff3f276e05c6d074f0a187cca966738.sol"},{"line":112,"column":2,"severity":"Warning","message":"Use Custom Errors instead of require statements","ruleId":"custom-errors","fix":null,"filePath":"Benchmarks/Study_SamplesSet/6ff3f276e05c6d074f0a187cca966738.sol"},{"line":113,"column":9,"severity":"Warning","message":"Provide an error message for require","ruleId":"reason-string","fix":null,"filePath":"Benchmarks/Study_SamplesSet/6ff3f276e05c6d074f0a187cca966738.sol"},{"line":113,"column":9,"severity":"Warning","message":"Use Custom Errors instead of require statements","ruleId":"custom-errors","fix":null,"filePath":"Benchmarks/Study_SamplesSet/6ff3f276e05c6d074f0a187cca966738.sol"},{"line":113,"column":17,"severity":"Error","message":"Avoid making time-based decisions in your business logic","ruleId":"not-rely-on-time","fix":null,"filePath":"Benchmarks/Study_SamplesSet/6ff3f276e05c6d074f0a187cca966738.sol"},{"line":114,"column":33,"severity":"Error","message":"Avoid making time-based decisions in your business logic","ruleId":"not-rely-on-time","fix":null,"filePath":"Benchmarks/Study_SamplesSet/6ff3f276e05c6d074f0a187cca966738.sol"},{"line":115,"column":12,"severity":"Error","message":"Avoid making time-based decisions in your business logic","ruleId":"not-rely-on-time","fix":null,"filePath":"Benchmarks/Study_SamplesSet/6ff3f276e05c6d074f0a187cca966738.sol"},{"line":119,"column":3,"severity":"Error","message":"Explicitly mark visibility of state","ruleId":"state-visibility","fix":null,"filePath":"Benchmarks/Study_SamplesSet/6ff3f276e05c6d074f0a187cca966738.sol"},{"line":119,"column":3,"severity":"Warning","message":"Rule is set with explicit type [var/s: uint]","ruleId":"explicit-types","filePath":"Benchmarks/Study_SamplesSet/6ff3f276e05c6d074f0a187cca966738.sol"},{"line":124,"column":9,"severity":"Warning","message":"Provide an error message for require","ruleId":"reason-string","fix":null,"filePath":"Benchmarks/Study_SamplesSet/6ff3f276e05c6d074f0a187cca966738.sol"},{"line":124,"column":9,"severity":"Warning","message":"Use Custom Errors instead of require statements","ruleId":"custom-errors","fix":null,"filePath":"Benchmarks/Study_SamplesSet/6ff3f276e05c6d074f0a187cca966738.sol"},{"line":129,"column":9,"severity":"Warning","message":"Provide an error message for require","ruleId":"reason-string","fix":null,"filePath":"Benchmarks/Study_SamplesSet/6ff3f276e05c6d074f0a187cca966738.sol"},{"line":129,"column":9,"severity":"Warning","message":"Use Custom Errors instead of require statements","ruleId":"custom-errors","fix":null,"filePath":"Benchmarks/Study_SamplesSet/6ff3f276e05c6d074f0a187cca966738.sol"},{"line":134,"column":9,"severity":"Warning","message":"Provide an error message for require","ruleId":"reason-string","fix":null,"filePath":"Benchmarks/Study_SamplesSet/6ff3f276e05c6d074f0a187cca966738.sol"},{"line":134,"column":9,"severity":"Warning","message":"Use Custom Errors instead of require statements","ruleId":"custom-errors","fix":null,"filePath":"Benchmarks/Study_SamplesSet/6ff3f276e05c6d074f0a187cca966738.sol"},{"line":139,"column":9,"severity":"Warning","message":"Provide an error message for require","ruleId":"reason-string","fix":null,"filePath":"Benchmarks/Study_SamplesSet/6ff3f276e05c6d074f0a187cca966738.sol"},{"line":139,"column":9,"severity":"Warning","message":"Use Custom Errors instead of require statements","ruleId":"custom-errors","fix":null,"filePath":"Benchmarks/Study_SamplesSet/6ff3f276e05c6d074f0a187cca966738.sol"},{"line":146,"column":9,"severity":"Warning","message":"Provide an error message for require","ruleId":"reason-string","fix":null,"filePath":"Benchmarks/Study_SamplesSet/6ff3f276e05c6d074f0a187cca966738.sol"},{"line":146,"column":9,"severity":"Warning","message":"Use Custom Errors instead of require statements","ruleId":"custom-errors","fix":null,"filePath":"Benchmarks/Study_SamplesSet/6ff3f276e05c6d074f0a187cca966738.sol"},{"line":149,"column":17,"severity":"Error","message":"Explicitly mark all external contracts as trusted or untrusted","ruleId":"mark-callable-contracts","filePath":"Benchmarks/Study_SamplesSet/6ff3f276e05c6d074f0a187cca966738.sol"},{"line":154,"column":1,"severity":"Error","message":"Explicitly mark visibility of state","ruleId":"state-visibility","fix":null,"filePath":"Benchmarks/Study_SamplesSet/6ff3f276e05c6d074f0a187cca966738.sol"},{"line":154,"column":1,"severity":"Warning","message":"Variable name must be in mixedCase","ruleId":"var-name-mixedcase","fix":null,"filePath":"Benchmarks/Study_SamplesSet/6ff3f276e05c6d074f0a187cca966738.sol"},{"line":155,"column":1,"severity":"Warning","message":"Function name must be in mixedCase","ruleId":"func-name-mixedcase","fix":null,"filePath":"Benchmarks/Study_SamplesSet/6ff3f276e05c6d074f0a187cca966738.sol"},{"line":155,"column":23,"severity":"Warning","message":"Rule is set with explicit type [var/s: uint]","ruleId":"explicit-types","filePath":"Benchmarks/Study_SamplesSet/6ff3f276e05c6d074f0a187cca966738.sol"},{"line":156,"column":2,"severity":"Warning","message":"Rule is set with explicit type [var/s: uint]","ruleId":"explicit-types","filePath":"Benchmarks/Study_SamplesSet/6ff3f276e05c6d074f0a187cca966738.sol"},{"line":156,"column":16,"severity":"Error","message":"Avoid making time-based decisions in your business logic","ruleId":"not-rely-on-time","fix":null,"filePath":"Benchmarks/Study_SamplesSet/6ff3f276e05c6d074f0a187cca966738.sol"},{"line":165,"column":1,"severity":"Error","message":"Explicitly mark visibility of state","ruleId":"state-visibility","fix":null,"filePath":"Benchmarks/Study_SamplesSet/6ff3f276e05c6d074f0a187cca966738.sol"},{"line":165,"column":1,"severity":"Warning","message":"Variable name must be in mixedCase","ruleId":"var-name-mixedcase","fix":null,"filePath":"Benchmarks/Study_SamplesSet/6ff3f276e05c6d074f0a187cca966738.sol"},{"line":166,"column":1,"severity":"Warning","message":"Function name must be in mixedCase","ruleId":"func-name-mixedcase","fix":null,"filePath":"Benchmarks/Study_SamplesSet/6ff3f276e05c6d074f0a187cca966738.sol"},{"line":166,"column":24,"severity":"Warning","message":"Rule is set with explicit type [var/s: uint]","ruleId":"explicit-types","filePath":"Benchmarks/Study_SamplesSet/6ff3f276e05c6d074f0a187cca966738.sol"},{"line":167,"column":2,"severity":"Warning","message":"Rule is set with explicit type [var/s: uint]","ruleId":"explicit-types","filePath":"Benchmarks/Study_SamplesSet/6ff3f276e05c6d074f0a187cca966738.sol"},{"line":167,"column":16,"severity":"Error","message":"Avoid making time-based decisions in your business logic","ruleId":"not-rely-on-time","fix":null,"filePath":"Benchmarks/Study_SamplesSet/6ff3f276e05c6d074f0a187cca966738.sol"},{"line":173,"column":17,"severity":"Error","message":"Explicitly mark all external contracts as trusted or untrusted","ruleId":"mark-callable-contracts","filePath":"Benchmarks/Study_SamplesSet/6ff3f276e05c6d074f0a187cca966738.sol"},{"line":177,"column":1,"severity":"Error","message":"Explicitly mark visibility of state","ruleId":"state-visibility","fix":null,"filePath":"Benchmarks/Study_SamplesSet/6ff3f276e05c6d074f0a187cca966738.sol"},{"line":177,"column":1,"severity":"Warning","message":"Variable name must be in mixedCase","ruleId":"var-name-mixedcase","fix":null,"filePath":"Benchmarks/Study_SamplesSet/6ff3f276e05c6d074f0a187cca966738.sol"},{"line":178,"column":1,"severity":"Warning","message":"Function name must be in mixedCase","ruleId":"func-name-mixedcase","fix":null,"filePath":"Benchmarks/Study_SamplesSet/6ff3f276e05c6d074f0a187cca966738.sol"},{"line":178,"column":24,"severity":"Warning","message":"Rule is set with explicit type [var/s: uint]","ruleId":"explicit-types","filePath":"Benchmarks/Study_SamplesSet/6ff3f276e05c6d074f0a187cca966738.sol"},{"line":179,"column":34,"severity":"Error","message":"Avoid making time-based decisions in your business logic","ruleId":"not-rely-on-time","fix":null,"filePath":"Benchmarks/Study_SamplesSet/6ff3f276e05c6d074f0a187cca966738.sol"},{"line":183,"column":17,"severity":"Error","message":"Explicitly mark all external contracts as trusted or untrusted","ruleId":"mark-callable-contracts","filePath":"Benchmarks/Study_SamplesSet/6ff3f276e05c6d074f0a187cca966738.sol"},{"line":187,"column":1,"severity":"Error","message":"Explicitly mark visibility of state","ruleId":"state-visibility","fix":null,"filePath":"Benchmarks/Study_SamplesSet/6ff3f276e05c6d074f0a187cca966738.sol"},{"line":187,"column":1,"severity":"Warning","message":"Variable name must be in mixedCase","ruleId":"var-name-mixedcase","fix":null,"filePath":"Benchmarks/Study_SamplesSet/6ff3f276e05c6d074f0a187cca966738.sol"},{"line":188,"column":1,"severity":"Warning","message":"Function name must be in mixedCase","ruleId":"func-name-mixedcase","fix":null,"filePath":"Benchmarks/Study_SamplesSet/6ff3f276e05c6d074f0a187cca966738.sol"},{"line":188,"column":24,"severity":"Warning","message":"Rule is set with explicit type [var/s: uint]","ruleId":"explicit-types","filePath":"Benchmarks/Study_SamplesSet/6ff3f276e05c6d074f0a187cca966738.sol"},{"line":189,"column":34,"severity":"Error","message":"Avoid making time-based decisions in your business logic","ruleId":"not-rely-on-time","fix":null,"filePath":"Benchmarks/Study_SamplesSet/6ff3f276e05c6d074f0a187cca966738.sol"},{"line":193,"column":9,"severity":"Warning","message":"Provide an error message for require","ruleId":"reason-string","fix":null,"filePath":"Benchmarks/Study_SamplesSet/6ff3f276e05c6d074f0a187cca966738.sol"},{"line":193,"column":9,"severity":"Warning","message":"Use Custom Errors instead of require statements","ruleId":"custom-errors","fix":null,"filePath":"Benchmarks/Study_SamplesSet/6ff3f276e05c6d074f0a187cca966738.sol"},{"line":195,"column":17,"severity":"Error","message":"Explicitly mark all external contracts as trusted or untrusted","ruleId":"mark-callable-contracts","filePath":"Benchmarks/Study_SamplesSet/6ff3f276e05c6d074f0a187cca966738.sol"},{"line":196,"column":17,"severity":"Error","message":"Explicitly mark all external contracts as trusted or untrusted","ruleId":"mark-callable-contracts","filePath":"Benchmarks/Study_SamplesSet/6ff3f276e05c6d074f0a187cca966738.sol"},{"line":196,"column":43,"severity":"Error","message":"Explicitly mark all external contracts as trusted or untrusted","ruleId":"mark-callable-contracts","filePath":"Benchmarks/Study_SamplesSet/6ff3f276e05c6d074f0a187cca966738.sol"},{"line":200,"column":1,"severity":"Warning","message":"Function name must be in mixedCase","ruleId":"func-name-mixedcase","fix":null,"filePath":"Benchmarks/Study_SamplesSet/6ff3f276e05c6d074f0a187cca966738.sol"},{"line":201,"column":2,"severity":"Warning","message":"Rule is set with explicit type [var/s: uint]","ruleId":"explicit-types","filePath":"Benchmarks/Study_SamplesSet/6ff3f276e05c6d074f0a187cca966738.sol"},{"line":201,"column":2,"severity":"Warning","message":"Variable name must be in mixedCase","ruleId":"var-name-mixedcase","fix":null,"filePath":"Benchmarks/Study_SamplesSet/6ff3f276e05c6d074f0a187cca966738.sol"},{"line":202,"column":2,"severity":"Warning","message":"Provide an error message for require","ruleId":"reason-string","fix":null,"filePath":"Benchmarks/Study_SamplesSet/6ff3f276e05c6d074f0a187cca966738.sol"},{"line":202,"column":2,"severity":"Warning","message":"Use Custom Errors instead of require statements","ruleId":"custom-errors","fix":null,"filePath":"Benchmarks/Study_SamplesSet/6ff3f276e05c6d074f0a187cca966738.sol"},{"line":203,"column":9,"severity":"Warning","message":"Provide an error message for require","ruleId":"reason-string","fix":null,"filePath":"Benchmarks/Study_SamplesSet/6ff3f276e05c6d074f0a187cca966738.sol"},{"line":203,"column":9,"severity":"Warning","message":"Use Custom Errors instead of require statements","ruleId":"custom-errors","fix":null,"filePath":"Benchmarks/Study_SamplesSet/6ff3f276e05c6d074f0a187cca966738.sol"},{"line":203,"column":17,"severity":"Error","message":"Avoid making time-based decisions in your business logic","ruleId":"not-rely-on-time","fix":null,"filePath":"Benchmarks/Study_SamplesSet/6ff3f276e05c6d074f0a187cca966738.sol"},{"line":204,"column":33,"severity":"Error","message":"Avoid making time-based decisions in your business logic","ruleId":"not-rely-on-time","fix":null,"filePath":"Benchmarks/Study_SamplesSet/6ff3f276e05c6d074f0a187cca966738.sol"},{"line":205,"column":12,"severity":"Error","message":"Avoid making time-based decisions in your business logic","ruleId":"not-rely-on-time","fix":null,"filePath":"Benchmarks/Study_SamplesSet/6ff3f276e05c6d074f0a187cca966738.sol"},{"line":211,"column":9,"severity":"Warning","message":"Provide an error message for require","ruleId":"reason-string","fix":null,"filePath":"Benchmarks/Study_SamplesSet/6ff3f276e05c6d074f0a187cca966738.sol"},{"line":211,"column":9,"severity":"Warning","message":"Use Custom Errors instead of require statements","ruleId":"custom-errors","fix":null,"filePath":"Benchmarks/Study_SamplesSet/6ff3f276e05c6d074f0a187cca966738.sol"},{"line":213,"column":17,"severity":"Error","message":"Explicitly mark all external contracts as trusted or untrusted","ruleId":"mark-callable-contracts","filePath":"Benchmarks/Study_SamplesSet/6ff3f276e05c6d074f0a187cca966738.sol"},{"line":214,"column":17,"severity":"Error","message":"Explicitly mark all external contracts as trusted or untrusted","ruleId":"mark-callable-contracts","filePath":"Benchmarks/Study_SamplesSet/6ff3f276e05c6d074f0a187cca966738.sol"},{"line":214,"column":45,"severity":"Error","message":"Explicitly mark all external contracts as trusted or untrusted","ruleId":"mark-callable-contracts","filePath":"Benchmarks/Study_SamplesSet/6ff3f276e05c6d074f0a187cca966738.sol"},{"line":218,"column":1,"severity":"Error","message":"Explicitly mark visibility of state","ruleId":"state-visibility","fix":null,"filePath":"Benchmarks/Study_SamplesSet/6ff3f276e05c6d074f0a187cca966738.sol"},{"line":218,"column":1,"severity":"Warning","message":"Variable name must be in mixedCase","ruleId":"var-name-mixedcase","fix":null,"filePath":"Benchmarks/Study_SamplesSet/6ff3f276e05c6d074f0a187cca966738.sol"},{"line":219,"column":1,"severity":"Warning","message":"Function name must be in mixedCase","ruleId":"func-name-mixedcase","fix":null,"filePath":"Benchmarks/Study_SamplesSet/6ff3f276e05c6d074f0a187cca966738.sol"},{"line":219,"column":24,"severity":"Warning","message":"Rule is set with explicit type [var/s: uint]","ruleId":"explicit-types","filePath":"Benchmarks/Study_SamplesSet/6ff3f276e05c6d074f0a187cca966738.sol"},{"line":220,"column":2,"severity":"Warning","message":"Rule is set with explicit type [var/s: uint]","ruleId":"explicit-types","filePath":"Benchmarks/Study_SamplesSet/6ff3f276e05c6d074f0a187cca966738.sol"},{"line":220,"column":16,"severity":"Error","message":"Avoid making time-based decisions in your business logic","ruleId":"not-rely-on-time","fix":null,"filePath":"Benchmarks/Study_SamplesSet/6ff3f276e05c6d074f0a187cca966738.sol"},{"line":233,"column":22,"severity":"Error","message":"Explicitly mark all external contracts as trusted or untrusted","ruleId":"mark-callable-contracts","filePath":"Benchmarks/Study_SamplesSet/6ff3f276e05c6d074f0a187cca966738.sol"},{"line":235,"column":22,"severity":"Error","message":"Explicitly mark all external contracts as trusted or untrusted","ruleId":"mark-callable-contracts","filePath":"Benchmarks/Study_SamplesSet/6ff3f276e05c6d074f0a187cca966738.sol"},{"line":240,"column":21,"severity":"Error","message":"Explicitly mark all external contracts as trusted or untrusted","ruleId":"mark-callable-contracts","filePath":"Benchmarks/Study_SamplesSet/6ff3f276e05c6d074f0a187cca966738.sol"},{"line":244,"column":21,"severity":"Error","message":"Explicitly mark all external contracts as trusted or untrusted","ruleId":"mark-callable-contracts","filePath":"Benchmarks/Study_SamplesSet/6ff3f276e05c6d074f0a187cca966738.sol"},{"line":248,"column":1,"severity":"Warning","message":"Function name must be in mixedCase","ruleId":"func-name-mixedcase","fix":null,"filePath":"Benchmarks/Study_SamplesSet/6ff3f276e05c6d074f0a187cca966738.sol"},{"line":249,"column":2,"severity":"Warning","message":"Rule is set with explicit type [var/s: uint]","ruleId":"explicit-types","filePath":"Benchmarks/Study_SamplesSet/6ff3f276e05c6d074f0a187cca966738.sol"},{"line":249,"column":2,"severity":"Warning","message":"Variable name must be in mixedCase","ruleId":"var-name-mixedcase","fix":null,"filePath":"Benchmarks/Study_SamplesSet/6ff3f276e05c6d074f0a187cca966738.sol"},{"line":250,"column":2,"severity":"Warning","message":"Provide an error message for require","ruleId":"reason-string","fix":null,"filePath":"Benchmarks/Study_SamplesSet/6ff3f276e05c6d074f0a187cca966738.sol"},{"line":250,"column":2,"severity":"Warning","message":"Use Custom Errors instead of require statements","ruleId":"custom-errors","fix":null,"filePath":"Benchmarks/Study_SamplesSet/6ff3f276e05c6d074f0a187cca966738.sol"},{"line":251,"column":9,"severity":"Warning","message":"Provide an error message for require","ruleId":"reason-string","fix":null,"filePath":"Benchmarks/Study_SamplesSet/6ff3f276e05c6d074f0a187cca966738.sol"},{"line":251,"column":9,"severity":"Warning","message":"Use Custom Errors instead of require statements","ruleId":"custom-errors","fix":null,"filePath":"Benchmarks/Study_SamplesSet/6ff3f276e05c6d074f0a187cca966738.sol"},{"line":251,"column":17,"severity":"Error","message":"Avoid making time-based decisions in your business logic","ruleId":"not-rely-on-time","fix":null,"filePath":"Benchmarks/Study_SamplesSet/6ff3f276e05c6d074f0a187cca966738.sol"},{"line":252,"column":34,"severity":"Error","message":"Avoid making time-based decisions in your business logic","ruleId":"not-rely-on-time","fix":null,"filePath":"Benchmarks/Study_SamplesSet/6ff3f276e05c6d074f0a187cca966738.sol"},{"line":253,"column":12,"severity":"Error","message":"Avoid making time-based decisions in your business logic","ruleId":"not-rely-on-time","fix":null,"filePath":"Benchmarks/Study_SamplesSet/6ff3f276e05c6d074f0a187cca966738.sol"},{"line":261,"column":1,"severity":"Error","message":"Explicitly mark visibility of state","ruleId":"state-visibility","fix":null,"filePath":"Benchmarks/Study_SamplesSet/6ff3f276e05c6d074f0a187cca966738.sol"},{"line":261,"column":1,"severity":"Warning","message":"Variable name must be in mixedCase","ruleId":"var-name-mixedcase","fix":null,"filePath":"Benchmarks/Study_SamplesSet/6ff3f276e05c6d074f0a187cca966738.sol"},{"line":262,"column":1,"severity":"Warning","message":"Function name must be in mixedCase","ruleId":"func-name-mixedcase","fix":null,"filePath":"Benchmarks/Study_SamplesSet/6ff3f276e05c6d074f0a187cca966738.sol"},{"line":262,"column":24,"severity":"Warning","message":"Rule is set with explicit type [var/s: uint]","ruleId":"explicit-types","filePath":"Benchmarks/Study_SamplesSet/6ff3f276e05c6d074f0a187cca966738.sol"},{"line":263,"column":2,"severity":"Warning","message":"Rule is set with explicit type [var/s: uint]","ruleId":"explicit-types","filePath":"Benchmarks/Study_SamplesSet/6ff3f276e05c6d074f0a187cca966738.sol"},{"line":263,"column":16,"severity":"Error","message":"Avoid making time-based decisions in your business logic","ruleId":"not-rely-on-time","fix":null,"filePath":"Benchmarks/Study_SamplesSet/6ff3f276e05c6d074f0a187cca966738.sol"},{"line":269,"column":51,"severity":"Error","message":"Explicitly mark all external contracts as trusted or untrusted","ruleId":"mark-callable-contracts","filePath":"Benchmarks/Study_SamplesSet/6ff3f276e05c6d074f0a187cca966738.sol"},{"line":271,"column":16,"severity":"Warning","message":"Provide an error message for revert","ruleId":"reason-string","fix":null,"filePath":"Benchmarks/Study_SamplesSet/6ff3f276e05c6d074f0a187cca966738.sol"},{"line":271,"column":16,"severity":"Warning","message":"Use Custom Errors instead of revert statements","ruleId":"custom-errors","fix":null,"filePath":"Benchmarks/Study_SamplesSet/6ff3f276e05c6d074f0a187cca966738.sol"},{"line":273,"column":1,"severity":"Warning","message":"Function name must be in mixedCase","ruleId":"func-name-mixedcase","fix":null,"filePath":"Benchmarks/Study_SamplesSet/6ff3f276e05c6d074f0a187cca966738.sol"},{"line":274,"column":2,"severity":"Warning","message":"Rule is set with explicit type [var/s: uint]","ruleId":"explicit-types","filePath":"Benchmarks/Study_SamplesSet/6ff3f276e05c6d074f0a187cca966738.sol"},{"line":274,"column":2,"severity":"Warning","message":"Variable name must be in mixedCase","ruleId":"var-name-mixedcase","fix":null,"filePath":"Benchmarks/Study_SamplesSet/6ff3f276e05c6d074f0a187cca966738.sol"},{"line":275,"column":2,"severity":"Warning","message":"Provide an error message for require","ruleId":"reason-string","fix":null,"filePath":"Benchmarks/Study_SamplesSet/6ff3f276e05c6d074f0a187cca966738.sol"},{"line":275,"column":2,"severity":"Warning","message":"Use Custom Errors instead of require statements","ruleId":"custom-errors","fix":null,"filePath":"Benchmarks/Study_SamplesSet/6ff3f276e05c6d074f0a187cca966738.sol"},{"line":276,"column":9,"severity":"Warning","message":"Provide an error message for require","ruleId":"reason-string","fix":null,"filePath":"Benchmarks/Study_SamplesSet/6ff3f276e05c6d074f0a187cca966738.sol"},{"line":276,"column":9,"severity":"Warning","message":"Use Custom Errors instead of require statements","ruleId":"custom-errors","fix":null,"filePath":"Benchmarks/Study_SamplesSet/6ff3f276e05c6d074f0a187cca966738.sol"},{"line":276,"column":17,"severity":"Error","message":"Avoid making time-based decisions in your business logic","ruleId":"not-rely-on-time","fix":null,"filePath":"Benchmarks/Study_SamplesSet/6ff3f276e05c6d074f0a187cca966738.sol"},{"line":277,"column":34,"severity":"Error","message":"Avoid making time-based decisions in your business logic","ruleId":"not-rely-on-time","fix":null,"filePath":"Benchmarks/Study_SamplesSet/6ff3f276e05c6d074f0a187cca966738.sol"},{"line":278,"column":12,"severity":"Error","message":"Avoid making time-based decisions in your business logic","ruleId":"not-rely-on-time","fix":null,"filePath":"Benchmarks/Study_SamplesSet/6ff3f276e05c6d074f0a187cca966738.sol"},{"line":286,"column":1,"severity":"Warning","message":"Function name must be in mixedCase","ruleId":"func-name-mixedcase","fix":null,"filePath":"Benchmarks/Study_SamplesSet/6ff3f276e05c6d074f0a187cca966738.sol"},{"line":286,"column":30,"severity":"Warning","message":"Visibility modifier must be first in list of modifiers","ruleId":"visibility-modifier-order","fix":null,"filePath":"Benchmarks/Study_SamplesSet/6ff3f276e05c6d074f0a187cca966738.sol"},{"line":287,"column":12,"severity":"Error","message":"Avoid making time-based decisions in your business logic","ruleId":"not-rely-on-time","fix":null,"filePath":"Benchmarks/Study_SamplesSet/6ff3f276e05c6d074f0a187cca966738.sol"},{"conclusion":"207 problem/s (80 error/s, 127 warning/s)"}]
