[{"line":1,"column":1,"severity":"Warning","message":"Found more than One contract per file. 2 contracts found!","ruleId":"one-contract-per-file","fix":null,"filePath":"Benchmarks/Study_SamplesSet/705913f4fe05f8e6e445d1e3727d34ca.sol"},{"line":1,"column":1,"severity":"Error","message":"Compiler version ^0.4.7 does not satisfy the ^0.8.0 semver requirement","ruleId":"compiler-version","fix":null,"filePath":"Benchmarks/Study_SamplesSet/705913f4fe05f8e6e445d1e3727d34ca.sol"},{"line":3,"column":1,"severity":"Warning","message":"Code contains empty blocks","ruleId":"no-empty-blocks","fix":null,"filePath":"Benchmarks/Study_SamplesSet/705913f4fe05f8e6e445d1e3727d34ca.sol"},{"line":14,"column":51,"severity":"Error","message":"Use double quotes for string literals","ruleId":"quotes","filePath":"Benchmarks/Study_SamplesSet/705913f4fe05f8e6e445d1e3727d34ca.sol"},{"line":15,"column":5,"severity":"Warning","message":"Rule is set with explicit type [var/s: uint]","ruleId":"explicit-types","filePath":"Benchmarks/Study_SamplesSet/705913f4fe05f8e6e445d1e3727d34ca.sol"},{"line":16,"column":5,"severity":"Warning","message":"Rule is set with explicit type [var/s: uint]","ruleId":"explicit-types","filePath":"Benchmarks/Study_SamplesSet/705913f4fe05f8e6e445d1e3727d34ca.sol"},{"line":19,"column":5,"severity":"Warning","message":"Rule is set with explicit type [var/s: uint]","ruleId":"explicit-types","filePath":"Benchmarks/Study_SamplesSet/705913f4fe05f8e6e445d1e3727d34ca.sol"},{"line":20,"column":5,"severity":"Warning","message":"Rule is set with explicit type [var/s: uint]","ruleId":"explicit-types","filePath":"Benchmarks/Study_SamplesSet/705913f4fe05f8e6e445d1e3727d34ca.sol"},{"line":27,"column":9,"severity":"Warning","message":"Rule is set with explicit type [var/s: uint]","ruleId":"explicit-types","filePath":"Benchmarks/Study_SamplesSet/705913f4fe05f8e6e445d1e3727d34ca.sol"},{"line":28,"column":9,"severity":"Warning","message":"Rule is set with explicit type [var/s: uint]","ruleId":"explicit-types","filePath":"Benchmarks/Study_SamplesSet/705913f4fe05f8e6e445d1e3727d34ca.sol"},{"line":42,"column":13,"severity":"Error","message":"\"throw\" is deprecated, avoid to use it","ruleId":"avoid-throw","filePath":"Benchmarks/Study_SamplesSet/705913f4fe05f8e6e445d1e3727d34ca.sol"},{"line":49,"column":13,"severity":"Error","message":"\"throw\" is deprecated, avoid to use it","ruleId":"avoid-throw","filePath":"Benchmarks/Study_SamplesSet/705913f4fe05f8e6e445d1e3727d34ca.sol"},{"line":55,"column":5,"severity":"Error","message":"Explicitly mark visibility in function (Set ignoreConstructors to true if using solidity >=0.7.0)","ruleId":"func-visibility","fix":null,"filePath":"Benchmarks/Study_SamplesSet/705913f4fe05f8e6e445d1e3727d34ca.sol"},{"line":67,"column":18,"severity":"Warning","message":"Rule is set with explicit type [var/s: uint]","ruleId":"explicit-types","filePath":"Benchmarks/Study_SamplesSet/705913f4fe05f8e6e445d1e3727d34ca.sol"},{"line":69,"column":14,"severity":"Warning","message":"Rule is set with explicit type [var/s: uint]","ruleId":"explicit-types","filePath":"Benchmarks/Study_SamplesSet/705913f4fe05f8e6e445d1e3727d34ca.sol"},{"line":80,"column":18,"severity":"Warning","message":"Rule is set with explicit type [var/s: uint]","ruleId":"explicit-types","filePath":"Benchmarks/Study_SamplesSet/705913f4fe05f8e6e445d1e3727d34ca.sol"},{"line":89,"column":53,"severity":"Warning","message":"Rule is set with explicit type [var/s: uint]","ruleId":"explicit-types","filePath":"Benchmarks/Study_SamplesSet/705913f4fe05f8e6e445d1e3727d34ca.sol"},{"line":89,"column":66,"severity":"Warning","message":"Rule is set with explicit type [var/s: uint]","ruleId":"explicit-types","filePath":"Benchmarks/Study_SamplesSet/705913f4fe05f8e6e445d1e3727d34ca.sol"},{"line":94,"column":47,"severity":"Error","message":"Avoid making time-based decisions in your business logic","ruleId":"not-rely-on-time","fix":null,"filePath":"Benchmarks/Study_SamplesSet/705913f4fe05f8e6e445d1e3727d34ca.sol"},{"line":95,"column":13,"severity":"Error","message":"\"throw\" is deprecated, avoid to use it","ruleId":"avoid-throw","filePath":"Benchmarks/Study_SamplesSet/705913f4fe05f8e6e445d1e3727d34ca.sol"},{"line":98,"column":29,"severity":"Error","message":"Explicitly mark all external contracts as trusted or untrusted","ruleId":"mark-callable-contracts","filePath":"Benchmarks/Study_SamplesSet/705913f4fe05f8e6e445d1e3727d34ca.sol"},{"line":99,"column":47,"severity":"Error","message":"Avoid making time-based decisions in your business logic","ruleId":"not-rely-on-time","fix":null,"filePath":"Benchmarks/Study_SamplesSet/705913f4fe05f8e6e445d1e3727d34ca.sol"},{"line":100,"column":13,"severity":"Error","message":"\"throw\" is deprecated, avoid to use it","ruleId":"avoid-throw","filePath":"Benchmarks/Study_SamplesSet/705913f4fe05f8e6e445d1e3727d34ca.sol"},{"line":104,"column":12,"severity":"Error","message":"Check result of \"send\" call","ruleId":"check-send-result","fix":null,"filePath":"Benchmarks/Study_SamplesSet/705913f4fe05f8e6e445d1e3727d34ca.sol"},{"line":104,"column":63,"severity":"Error","message":"Explicitly mark all external contracts as trusted or untrusted","ruleId":"mark-callable-contracts","filePath":"Benchmarks/Study_SamplesSet/705913f4fe05f8e6e445d1e3727d34ca.sol"},{"line":105,"column":12,"severity":"Error","message":"Possible reentrancy vulnerabilities. Avoid state changes after transfer.","ruleId":"reentrancy","fix":null,"filePath":"Benchmarks/Study_SamplesSet/705913f4fe05f8e6e445d1e3727d34ca.sol"},{"line":105,"column":40,"severity":"Error","message":"Explicitly mark all external contracts as trusted or untrusted","ruleId":"mark-callable-contracts","filePath":"Benchmarks/Study_SamplesSet/705913f4fe05f8e6e445d1e3727d34ca.sol"},{"line":108,"column":12,"severity":"Error","message":"Possible reentrancy vulnerabilities. Avoid state changes after transfer.","ruleId":"reentrancy","fix":null,"filePath":"Benchmarks/Study_SamplesSet/705913f4fe05f8e6e445d1e3727d34ca.sol"},{"line":117,"column":5,"severity":"Error","message":"Explicitly mark visibility in function","ruleId":"func-visibility","fix":null,"filePath":"Benchmarks/Study_SamplesSet/705913f4fe05f8e6e445d1e3727d34ca.sol"},{"line":121,"column":33,"severity":"Error","message":"Avoid making time-based decisions in your business logic","ruleId":"not-rely-on-time","fix":null,"filePath":"Benchmarks/Study_SamplesSet/705913f4fe05f8e6e445d1e3727d34ca.sol"},{"line":132,"column":28,"severity":"Error","message":"Explicitly mark all external contracts as trusted or untrusted","ruleId":"mark-callable-contracts","filePath":"Benchmarks/Study_SamplesSet/705913f4fe05f8e6e445d1e3727d34ca.sol"},{"line":138,"column":5,"severity":"Error","message":"Explicitly mark visibility in function","ruleId":"func-visibility","fix":null,"filePath":"Benchmarks/Study_SamplesSet/705913f4fe05f8e6e445d1e3727d34ca.sol"},{"line":138,"column":23,"severity":"Warning","message":"Rule is set with explicit type [var/s: uint]","ruleId":"explicit-types","filePath":"Benchmarks/Study_SamplesSet/705913f4fe05f8e6e445d1e3727d34ca.sol"},{"line":139,"column":45,"severity":"Error","message":"\"throw\" is deprecated, avoid to use it","ruleId":"avoid-throw","filePath":"Benchmarks/Study_SamplesSet/705913f4fe05f8e6e445d1e3727d34ca.sol"},{"line":142,"column":5,"severity":"Error","message":"Explicitly mark visibility in function","ruleId":"func-visibility","fix":null,"filePath":"Benchmarks/Study_SamplesSet/705913f4fe05f8e6e445d1e3727d34ca.sol"},{"line":143,"column":41,"severity":"Error","message":"\"throw\" is deprecated, avoid to use it","ruleId":"avoid-throw","filePath":"Benchmarks/Study_SamplesSet/705913f4fe05f8e6e445d1e3727d34ca.sol"},{"line":146,"column":5,"severity":"Error","message":"Explicitly mark visibility in function","ruleId":"func-visibility","fix":null,"filePath":"Benchmarks/Study_SamplesSet/705913f4fe05f8e6e445d1e3727d34ca.sol"},{"line":151,"column":5,"severity":"Error","message":"Explicitly mark visibility in function","ruleId":"func-visibility","fix":null,"filePath":"Benchmarks/Study_SamplesSet/705913f4fe05f8e6e445d1e3727d34ca.sol"},{"line":151,"column":5,"severity":"Error","message":"Fallback function must be simple","ruleId":"no-complex-fallback","fix":null,"filePath":"Benchmarks/Study_SamplesSet/705913f4fe05f8e6e445d1e3727d34ca.sol"},{"line":152,"column":9,"severity":"Warning","message":"Provide an error message for require","ruleId":"reason-string","fix":null,"filePath":"Benchmarks/Study_SamplesSet/705913f4fe05f8e6e445d1e3727d34ca.sol"},{"line":152,"column":9,"severity":"Warning","message":"Use Custom Errors instead of require statements","ruleId":"custom-errors","fix":null,"filePath":"Benchmarks/Study_SamplesSet/705913f4fe05f8e6e445d1e3727d34ca.sol"},{"line":152,"column":30,"severity":"Error","message":"Explicitly mark all external contracts as trusted or untrusted","ruleId":"mark-callable-contracts","filePath":"Benchmarks/Study_SamplesSet/705913f4fe05f8e6e445d1e3727d34ca.sol"},{"line":153,"column":52,"severity":"Error","message":"Avoid making time-based decisions in your business logic","ruleId":"not-rely-on-time","fix":null,"filePath":"Benchmarks/Study_SamplesSet/705913f4fe05f8e6e445d1e3727d34ca.sol"},{"conclusion":"43 problem/s (27 error/s, 16 warning/s)"}]
