[{"line":5,"column":1,"severity":"Warning","message":"Found more than One contract per file. 4 contracts found!","ruleId":"one-contract-per-file","fix":null,"filePath":"Benchmarks/Study_SamplesSet/711b1efdaa7f1fe246879c249a83a0e7.sol"},{"line":5,"column":1,"severity":"Error","message":"Compiler version >=0.4.22 <0.6.0 does not satisfy the ^0.8.0 semver requirement","ruleId":"compiler-version","fix":null,"filePath":"Benchmarks/Study_SamplesSet/711b1efdaa7f1fe246879c249a83a0e7.sol"},{"line":55,"column":3,"severity":"Warning","message":"Variable name must be in mixedCase","ruleId":"var-name-mixedcase","fix":null,"filePath":"Benchmarks/Study_SamplesSet/711b1efdaa7f1fe246879c249a83a0e7.sol"},{"line":57,"column":1,"severity":"Warning","message":"Function name must be in mixedCase","ruleId":"func-name-mixedcase","fix":null,"filePath":"Benchmarks/Study_SamplesSet/711b1efdaa7f1fe246879c249a83a0e7.sol"},{"line":58,"column":9,"severity":"Warning","message":"Provide an error message for require","ruleId":"reason-string","fix":null,"filePath":"Benchmarks/Study_SamplesSet/711b1efdaa7f1fe246879c249a83a0e7.sol"},{"line":58,"column":9,"severity":"Warning","message":"Use Custom Errors instead of require statements","ruleId":"custom-errors","fix":null,"filePath":"Benchmarks/Study_SamplesSet/711b1efdaa7f1fe246879c249a83a0e7.sol"},{"line":59,"column":9,"severity":"Error","message":"Check result of \"send\" call","ruleId":"check-send-result","fix":null,"filePath":"Benchmarks/Study_SamplesSet/711b1efdaa7f1fe246879c249a83a0e7.sol"},{"line":66,"column":1,"severity":"Warning","message":"Function name must be in mixedCase","ruleId":"func-name-mixedcase","fix":null,"filePath":"Benchmarks/Study_SamplesSet/711b1efdaa7f1fe246879c249a83a0e7.sol"},{"line":67,"column":4,"severity":"Warning","message":"Variable name must be in mixedCase","ruleId":"var-name-mixedcase","fix":null,"filePath":"Benchmarks/Study_SamplesSet/711b1efdaa7f1fe246879c249a83a0e7.sol"},{"line":69,"column":7,"severity":"Warning","message":"Code contains empty blocks","ruleId":"no-empty-blocks","fix":null,"filePath":"Benchmarks/Study_SamplesSet/711b1efdaa7f1fe246879c249a83a0e7.sol"},{"line":72,"column":7,"severity":"Warning","message":"Code contains empty blocks","ruleId":"no-empty-blocks","fix":null,"filePath":"Benchmarks/Study_SamplesSet/711b1efdaa7f1fe246879c249a83a0e7.sol"},{"line":77,"column":9,"severity":"Warning","message":"Provide an error message for require","ruleId":"reason-string","fix":null,"filePath":"Benchmarks/Study_SamplesSet/711b1efdaa7f1fe246879c249a83a0e7.sol"},{"line":77,"column":9,"severity":"Warning","message":"Use Custom Errors instead of require statements","ruleId":"custom-errors","fix":null,"filePath":"Benchmarks/Study_SamplesSet/711b1efdaa7f1fe246879c249a83a0e7.sol"},{"line":82,"column":1,"severity":"Warning","message":"Contract has 21 states declarations but allowed no more than 15","ruleId":"max-states-count","fix":null,"filePath":"Benchmarks/Study_SamplesSet/711b1efdaa7f1fe246879c249a83a0e7.sol"},{"line":86,"column":3,"severity":"Warning","message":"Function name must be in mixedCase","ruleId":"func-name-mixedcase","fix":null,"filePath":"Benchmarks/Study_SamplesSet/711b1efdaa7f1fe246879c249a83a0e7.sol"},{"line":87,"column":5,"severity":"Error","message":"Avoid to use low level calls.","ruleId":"avoid-low-level-calls","fix":null,"filePath":"Benchmarks/Study_SamplesSet/711b1efdaa7f1fe246879c249a83a0e7.sol"},{"line":87,"column":5,"severity":"Error","message":"Avoid to use \".call.value()()\"","ruleId":"avoid-call-value","fix":null,"filePath":"Benchmarks/Study_SamplesSet/711b1efdaa7f1fe246879c249a83a0e7.sol"},{"line":90,"column":3,"severity":"Warning","message":"Function name must be in mixedCase","ruleId":"func-name-mixedcase","fix":null,"filePath":"Benchmarks/Study_SamplesSet/711b1efdaa7f1fe246879c249a83a0e7.sol"},{"line":91,"column":1,"severity":"Warning","message":"Variable name must be in mixedCase","ruleId":"var-name-mixedcase","fix":null,"filePath":"Benchmarks/Study_SamplesSet/711b1efdaa7f1fe246879c249a83a0e7.sol"},{"line":93,"column":3,"severity":"Warning","message":"Provide an error message for revert","ruleId":"reason-string","fix":null,"filePath":"Benchmarks/Study_SamplesSet/711b1efdaa7f1fe246879c249a83a0e7.sol"},{"line":93,"column":3,"severity":"Warning","message":"Use Custom Errors instead of revert statements","ruleId":"custom-errors","fix":null,"filePath":"Benchmarks/Study_SamplesSet/711b1efdaa7f1fe246879c249a83a0e7.sol"},{"line":96,"column":3,"severity":"Warning","message":"Function name must be in mixedCase","ruleId":"func-name-mixedcase","fix":null,"filePath":"Benchmarks/Study_SamplesSet/711b1efdaa7f1fe246879c249a83a0e7.sol"},{"line":97,"column":5,"severity":"Error","message":"Check result of \"send\" call","ruleId":"check-send-result","fix":null,"filePath":"Benchmarks/Study_SamplesSet/711b1efdaa7f1fe246879c249a83a0e7.sol"},{"line":101,"column":3,"severity":"Warning","message":"Variable name must be in mixedCase","ruleId":"var-name-mixedcase","fix":null,"filePath":"Benchmarks/Study_SamplesSet/711b1efdaa7f1fe246879c249a83a0e7.sol"},{"line":102,"column":1,"severity":"Warning","message":"Variable name must be in mixedCase","ruleId":"var-name-mixedcase","fix":null,"filePath":"Benchmarks/Study_SamplesSet/711b1efdaa7f1fe246879c249a83a0e7.sol"},{"line":103,"column":1,"severity":"Warning","message":"Rule is set with explicit type [var/s: uint]","ruleId":"explicit-types","filePath":"Benchmarks/Study_SamplesSet/711b1efdaa7f1fe246879c249a83a0e7.sol"},{"line":103,"column":1,"severity":"Warning","message":"Variable name must be in mixedCase","ruleId":"var-name-mixedcase","fix":null,"filePath":"Benchmarks/Study_SamplesSet/711b1efdaa7f1fe246879c249a83a0e7.sol"},{"line":105,"column":1,"severity":"Warning","message":"Function name must be in mixedCase","ruleId":"func-name-mixedcase","fix":null,"filePath":"Benchmarks/Study_SamplesSet/711b1efdaa7f1fe246879c249a83a0e7.sol"},{"line":106,"column":9,"severity":"Warning","message":"Provide an error message for require","ruleId":"reason-string","fix":null,"filePath":"Benchmarks/Study_SamplesSet/711b1efdaa7f1fe246879c249a83a0e7.sol"},{"line":106,"column":9,"severity":"Warning","message":"Use Custom Errors instead of require statements","ruleId":"custom-errors","fix":null,"filePath":"Benchmarks/Study_SamplesSet/711b1efdaa7f1fe246879c249a83a0e7.sol"},{"line":107,"column":9,"severity":"Error","message":"Check result of \"send\" call","ruleId":"check-send-result","fix":null,"filePath":"Benchmarks/Study_SamplesSet/711b1efdaa7f1fe246879c249a83a0e7.sol"},{"line":108,"column":9,"severity":"Error","message":"Possible reentrancy vulnerabilities. Avoid state changes after transfer.","ruleId":"reentrancy","fix":null,"filePath":"Benchmarks/Study_SamplesSet/711b1efdaa7f1fe246879c249a83a0e7.sol"},{"line":111,"column":3,"severity":"Warning","message":"Variable name must be in mixedCase","ruleId":"var-name-mixedcase","fix":null,"filePath":"Benchmarks/Study_SamplesSet/711b1efdaa7f1fe246879c249a83a0e7.sol"},{"line":112,"column":1,"severity":"Warning","message":"Variable name must be in mixedCase","ruleId":"var-name-mixedcase","fix":null,"filePath":"Benchmarks/Study_SamplesSet/711b1efdaa7f1fe246879c249a83a0e7.sol"},{"line":113,"column":1,"severity":"Warning","message":"Rule is set with explicit type [var/s: uint]","ruleId":"explicit-types","filePath":"Benchmarks/Study_SamplesSet/711b1efdaa7f1fe246879c249a83a0e7.sol"},{"line":113,"column":1,"severity":"Warning","message":"Variable name must be in mixedCase","ruleId":"var-name-mixedcase","fix":null,"filePath":"Benchmarks/Study_SamplesSet/711b1efdaa7f1fe246879c249a83a0e7.sol"},{"line":115,"column":1,"severity":"Warning","message":"Function name must be in mixedCase","ruleId":"func-name-mixedcase","fix":null,"filePath":"Benchmarks/Study_SamplesSet/711b1efdaa7f1fe246879c249a83a0e7.sol"},{"line":116,"column":9,"severity":"Warning","message":"Provide an error message for require","ruleId":"reason-string","fix":null,"filePath":"Benchmarks/Study_SamplesSet/711b1efdaa7f1fe246879c249a83a0e7.sol"},{"line":116,"column":9,"severity":"Warning","message":"Use Custom Errors instead of require statements","ruleId":"custom-errors","fix":null,"filePath":"Benchmarks/Study_SamplesSet/711b1efdaa7f1fe246879c249a83a0e7.sol"},{"line":117,"column":9,"severity":"Error","message":"Check result of \"send\" call","ruleId":"check-send-result","fix":null,"filePath":"Benchmarks/Study_SamplesSet/711b1efdaa7f1fe246879c249a83a0e7.sol"},{"line":118,"column":9,"severity":"Error","message":"Possible reentrancy vulnerabilities. Avoid state changes after transfer.","ruleId":"reentrancy","fix":null,"filePath":"Benchmarks/Study_SamplesSet/711b1efdaa7f1fe246879c249a83a0e7.sol"},{"line":123,"column":3,"severity":"Warning","message":"Function name must be in mixedCase","ruleId":"func-name-mixedcase","fix":null,"filePath":"Benchmarks/Study_SamplesSet/711b1efdaa7f1fe246879c249a83a0e7.sol"},{"line":124,"column":5,"severity":"Error","message":"Check result of \"send\" call","ruleId":"check-send-result","fix":null,"filePath":"Benchmarks/Study_SamplesSet/711b1efdaa7f1fe246879c249a83a0e7.sol"},{"line":127,"column":3,"severity":"Warning","message":"Function name must be in mixedCase","ruleId":"func-name-mixedcase","fix":null,"filePath":"Benchmarks/Study_SamplesSet/711b1efdaa7f1fe246879c249a83a0e7.sol"},{"line":127,"column":25,"severity":"Warning","message":"Rule is set with explicit type [var/s: uint]","ruleId":"explicit-types","filePath":"Benchmarks/Study_SamplesSet/711b1efdaa7f1fe246879c249a83a0e7.sol"},{"line":127,"column":42,"severity":"Warning","message":"Rule is set with explicit type [var/s: uint]","ruleId":"explicit-types","filePath":"Benchmarks/Study_SamplesSet/711b1efdaa7f1fe246879c249a83a0e7.sol"},{"line":127,"column":60,"severity":"Warning","message":"Variable name must be in mixedCase","ruleId":"var-name-mixedcase","fix":null,"filePath":"Benchmarks/Study_SamplesSet/711b1efdaa7f1fe246879c249a83a0e7.sol"},{"line":127,"column":25,"severity":"Warning","message":"Variable \"roundIndex\" is unused","ruleId":"no-unused-vars","fix":null,"filePath":"Benchmarks/Study_SamplesSet/711b1efdaa7f1fe246879c249a83a0e7.sol"},{"line":127,"column":42,"severity":"Warning","message":"Variable \"subpotIndex\" is unused","ruleId":"no-unused-vars","fix":null,"filePath":"Benchmarks/Study_SamplesSet/711b1efdaa7f1fe246879c249a83a0e7.sol"},{"line":128,"column":9,"severity":"Warning","message":"Variable name must be in mixedCase","ruleId":"var-name-mixedcase","fix":null,"filePath":"Benchmarks/Study_SamplesSet/711b1efdaa7f1fe246879c249a83a0e7.sol"},{"line":129,"column":9,"severity":"Error","message":"Check result of \"send\" call","ruleId":"check-send-result","fix":null,"filePath":"Benchmarks/Study_SamplesSet/711b1efdaa7f1fe246879c249a83a0e7.sol"},{"line":135,"column":3,"severity":"Warning","message":"Function name must be in mixedCase","ruleId":"func-name-mixedcase","fix":null,"filePath":"Benchmarks/Study_SamplesSet/711b1efdaa7f1fe246879c249a83a0e7.sol"},{"line":136,"column":1,"severity":"Warning","message":"Variable name must be in mixedCase","ruleId":"var-name-mixedcase","fix":null,"filePath":"Benchmarks/Study_SamplesSet/711b1efdaa7f1fe246879c249a83a0e7.sol"},{"line":138,"column":3,"severity":"Warning","message":"Provide an error message for revert","ruleId":"reason-string","fix":null,"filePath":"Benchmarks/Study_SamplesSet/711b1efdaa7f1fe246879c249a83a0e7.sol"},{"line":138,"column":3,"severity":"Warning","message":"Use Custom Errors instead of revert statements","ruleId":"custom-errors","fix":null,"filePath":"Benchmarks/Study_SamplesSet/711b1efdaa7f1fe246879c249a83a0e7.sol"},{"line":143,"column":3,"severity":"Warning","message":"Variable name must be in mixedCase","ruleId":"var-name-mixedcase","fix":null,"filePath":"Benchmarks/Study_SamplesSet/711b1efdaa7f1fe246879c249a83a0e7.sol"},{"line":145,"column":1,"severity":"Warning","message":"Function name must be in mixedCase","ruleId":"func-name-mixedcase","fix":null,"filePath":"Benchmarks/Study_SamplesSet/711b1efdaa7f1fe246879c249a83a0e7.sol"},{"line":146,"column":9,"severity":"Warning","message":"Provide an error message for require","ruleId":"reason-string","fix":null,"filePath":"Benchmarks/Study_SamplesSet/711b1efdaa7f1fe246879c249a83a0e7.sol"},{"line":146,"column":9,"severity":"Warning","message":"Use Custom Errors instead of require statements","ruleId":"custom-errors","fix":null,"filePath":"Benchmarks/Study_SamplesSet/711b1efdaa7f1fe246879c249a83a0e7.sol"},{"line":147,"column":9,"severity":"Error","message":"Check result of \"send\" call","ruleId":"check-send-result","fix":null,"filePath":"Benchmarks/Study_SamplesSet/711b1efdaa7f1fe246879c249a83a0e7.sol"},{"line":152,"column":3,"severity":"Warning","message":"Function name must be in mixedCase","ruleId":"func-name-mixedcase","fix":null,"filePath":"Benchmarks/Study_SamplesSet/711b1efdaa7f1fe246879c249a83a0e7.sol"},{"line":153,"column":5,"severity":"Error","message":"Avoid to use low level calls.","ruleId":"avoid-low-level-calls","fix":null,"filePath":"Benchmarks/Study_SamplesSet/711b1efdaa7f1fe246879c249a83a0e7.sol"},{"line":153,"column":5,"severity":"Error","message":"Avoid to use \".call.value()()\"","ruleId":"avoid-call-value","fix":null,"filePath":"Benchmarks/Study_SamplesSet/711b1efdaa7f1fe246879c249a83a0e7.sol"},{"line":160,"column":30,"severity":"Warning","message":"Rule is set with explicit type [var/s: uint]","ruleId":"explicit-types","filePath":"Benchmarks/Study_SamplesSet/711b1efdaa7f1fe246879c249a83a0e7.sol"},{"line":161,"column":9,"severity":"Warning","message":"Provide an error message for require","ruleId":"reason-string","fix":null,"filePath":"Benchmarks/Study_SamplesSet/711b1efdaa7f1fe246879c249a83a0e7.sol"},{"line":161,"column":9,"severity":"Warning","message":"Use Custom Errors instead of require statements","ruleId":"custom-errors","fix":null,"filePath":"Benchmarks/Study_SamplesSet/711b1efdaa7f1fe246879c249a83a0e7.sol"},{"line":177,"column":9,"severity":"Warning","message":"Provide an error message for require","ruleId":"reason-string","fix":null,"filePath":"Benchmarks/Study_SamplesSet/711b1efdaa7f1fe246879c249a83a0e7.sol"},{"line":177,"column":9,"severity":"Warning","message":"Use Custom Errors instead of require statements","ruleId":"custom-errors","fix":null,"filePath":"Benchmarks/Study_SamplesSet/711b1efdaa7f1fe246879c249a83a0e7.sol"},{"line":188,"column":1,"severity":"Warning","message":"Function name must be in mixedCase","ruleId":"func-name-mixedcase","fix":null,"filePath":"Benchmarks/Study_SamplesSet/711b1efdaa7f1fe246879c249a83a0e7.sol"},{"line":189,"column":1,"severity":"Warning","message":"Variable name must be in mixedCase","ruleId":"var-name-mixedcase","fix":null,"filePath":"Benchmarks/Study_SamplesSet/711b1efdaa7f1fe246879c249a83a0e7.sol"},{"line":191,"column":3,"severity":"Warning","message":"Provide an error message for revert","ruleId":"reason-string","fix":null,"filePath":"Benchmarks/Study_SamplesSet/711b1efdaa7f1fe246879c249a83a0e7.sol"},{"line":191,"column":3,"severity":"Warning","message":"Use Custom Errors instead of revert statements","ruleId":"custom-errors","fix":null,"filePath":"Benchmarks/Study_SamplesSet/711b1efdaa7f1fe246879c249a83a0e7.sol"},{"line":200,"column":1,"severity":"Warning","message":"Function name must be in mixedCase","ruleId":"func-name-mixedcase","fix":null,"filePath":"Benchmarks/Study_SamplesSet/711b1efdaa7f1fe246879c249a83a0e7.sol"},{"line":201,"column":9,"severity":"Error","message":"Check result of \"send\" call","ruleId":"check-send-result","fix":null,"filePath":"Benchmarks/Study_SamplesSet/711b1efdaa7f1fe246879c249a83a0e7.sol"},{"line":212,"column":1,"severity":"Warning","message":"Function name must be in mixedCase","ruleId":"func-name-mixedcase","fix":null,"filePath":"Benchmarks/Study_SamplesSet/711b1efdaa7f1fe246879c249a83a0e7.sol"},{"line":213,"column":5,"severity":"Error","message":"Check result of \"send\" call","ruleId":"check-send-result","fix":null,"filePath":"Benchmarks/Study_SamplesSet/711b1efdaa7f1fe246879c249a83a0e7.sol"},{"line":225,"column":1,"severity":"Warning","message":"Function name must be in mixedCase","ruleId":"func-name-mixedcase","fix":null,"filePath":"Benchmarks/Study_SamplesSet/711b1efdaa7f1fe246879c249a83a0e7.sol"},{"line":226,"column":1,"severity":"Warning","message":"Rule is set with explicit type [var/s: uint]","ruleId":"explicit-types","filePath":"Benchmarks/Study_SamplesSet/711b1efdaa7f1fe246879c249a83a0e7.sol"},{"line":226,"column":1,"severity":"Warning","message":"Variable name must be in mixedCase","ruleId":"var-name-mixedcase","fix":null,"filePath":"Benchmarks/Study_SamplesSet/711b1efdaa7f1fe246879c249a83a0e7.sol"},{"line":227,"column":1,"severity":"Warning","message":"Variable name must be in mixedCase","ruleId":"var-name-mixedcase","fix":null,"filePath":"Benchmarks/Study_SamplesSet/711b1efdaa7f1fe246879c249a83a0e7.sol"},{"line":231,"column":3,"severity":"Warning","message":"Provide an error message for revert","ruleId":"reason-string","fix":null,"filePath":"Benchmarks/Study_SamplesSet/711b1efdaa7f1fe246879c249a83a0e7.sol"},{"line":231,"column":3,"severity":"Warning","message":"Use Custom Errors instead of revert statements","ruleId":"custom-errors","fix":null,"filePath":"Benchmarks/Study_SamplesSet/711b1efdaa7f1fe246879c249a83a0e7.sol"},{"line":239,"column":76,"severity":"Warning","message":"Visibility modifier must be first in list of modifiers","ruleId":"visibility-modifier-order","fix":null,"filePath":"Benchmarks/Study_SamplesSet/711b1efdaa7f1fe246879c249a83a0e7.sol"},{"line":243,"column":1,"severity":"Warning","message":"Variable name must be in mixedCase","ruleId":"var-name-mixedcase","fix":null,"filePath":"Benchmarks/Study_SamplesSet/711b1efdaa7f1fe246879c249a83a0e7.sol"},{"line":244,"column":1,"severity":"Warning","message":"Variable name must be in mixedCase","ruleId":"var-name-mixedcase","fix":null,"filePath":"Benchmarks/Study_SamplesSet/711b1efdaa7f1fe246879c249a83a0e7.sol"},{"line":245,"column":1,"severity":"Warning","message":"Rule is set with explicit type [var/s: uint]","ruleId":"explicit-types","filePath":"Benchmarks/Study_SamplesSet/711b1efdaa7f1fe246879c249a83a0e7.sol"},{"line":245,"column":1,"severity":"Warning","message":"Variable name must be in mixedCase","ruleId":"var-name-mixedcase","fix":null,"filePath":"Benchmarks/Study_SamplesSet/711b1efdaa7f1fe246879c249a83a0e7.sol"},{"line":247,"column":1,"severity":"Warning","message":"Function name must be in mixedCase","ruleId":"func-name-mixedcase","fix":null,"filePath":"Benchmarks/Study_SamplesSet/711b1efdaa7f1fe246879c249a83a0e7.sol"},{"line":248,"column":9,"severity":"Warning","message":"Provide an error message for require","ruleId":"reason-string","fix":null,"filePath":"Benchmarks/Study_SamplesSet/711b1efdaa7f1fe246879c249a83a0e7.sol"},{"line":248,"column":9,"severity":"Warning","message":"Use Custom Errors instead of require statements","ruleId":"custom-errors","fix":null,"filePath":"Benchmarks/Study_SamplesSet/711b1efdaa7f1fe246879c249a83a0e7.sol"},{"line":249,"column":9,"severity":"Error","message":"Check result of \"send\" call","ruleId":"check-send-result","fix":null,"filePath":"Benchmarks/Study_SamplesSet/711b1efdaa7f1fe246879c249a83a0e7.sol"},{"line":250,"column":9,"severity":"Error","message":"Possible reentrancy vulnerabilities. Avoid state changes after transfer.","ruleId":"reentrancy","fix":null,"filePath":"Benchmarks/Study_SamplesSet/711b1efdaa7f1fe246879c249a83a0e7.sol"},{"line":266,"column":1,"severity":"Warning","message":"Function name must be in mixedCase","ruleId":"func-name-mixedcase","fix":null,"filePath":"Benchmarks/Study_SamplesSet/711b1efdaa7f1fe246879c249a83a0e7.sol"},{"line":267,"column":8,"severity":"Error","message":"Check result of \"send\" call","ruleId":"check-send-result","fix":null,"filePath":"Benchmarks/Study_SamplesSet/711b1efdaa7f1fe246879c249a83a0e7.sol"},{"line":277,"column":95,"severity":"Warning","message":"Visibility modifier must be first in list of modifiers","ruleId":"visibility-modifier-order","fix":null,"filePath":"Benchmarks/Study_SamplesSet/711b1efdaa7f1fe246879c249a83a0e7.sol"},{"line":282,"column":1,"severity":"Warning","message":"Function name must be in mixedCase","ruleId":"func-name-mixedcase","fix":null,"filePath":"Benchmarks/Study_SamplesSet/711b1efdaa7f1fe246879c249a83a0e7.sol"},{"line":283,"column":9,"severity":"Error","message":"Avoid to use low level calls.","ruleId":"avoid-low-level-calls","fix":null,"filePath":"Benchmarks/Study_SamplesSet/711b1efdaa7f1fe246879c249a83a0e7.sol"},{"line":283,"column":9,"severity":"Error","message":"Avoid to use \".call.value()()\"","ruleId":"avoid-call-value","fix":null,"filePath":"Benchmarks/Study_SamplesSet/711b1efdaa7f1fe246879c249a83a0e7.sol"},{"line":293,"column":9,"severity":"Warning","message":"Error message for require is too long: 35 counted / 32 allowed","ruleId":"reason-string","fix":null,"filePath":"Benchmarks/Study_SamplesSet/711b1efdaa7f1fe246879c249a83a0e7.sol"},{"line":293,"column":9,"severity":"Warning","message":"Use Custom Errors instead of require statements","ruleId":"custom-errors","fix":null,"filePath":"Benchmarks/Study_SamplesSet/711b1efdaa7f1fe246879c249a83a0e7.sol"},{"line":299,"column":1,"severity":"Warning","message":"Function name must be in mixedCase","ruleId":"func-name-mixedcase","fix":null,"filePath":"Benchmarks/Study_SamplesSet/711b1efdaa7f1fe246879c249a83a0e7.sol"},{"line":300,"column":9,"severity":"Error","message":"Check result of \"send\" call","ruleId":"check-send-result","fix":null,"filePath":"Benchmarks/Study_SamplesSet/711b1efdaa7f1fe246879c249a83a0e7.sol"},{"line":310,"column":9,"severity":"Warning","message":"Error message for require is too long: 36 counted / 32 allowed","ruleId":"reason-string","fix":null,"filePath":"Benchmarks/Study_SamplesSet/711b1efdaa7f1fe246879c249a83a0e7.sol"},{"line":310,"column":9,"severity":"Warning","message":"Use Custom Errors instead of require statements","ruleId":"custom-errors","fix":null,"filePath":"Benchmarks/Study_SamplesSet/711b1efdaa7f1fe246879c249a83a0e7.sol"},{"line":311,"column":9,"severity":"Warning","message":"Error message for require is too long: 34 counted / 32 allowed","ruleId":"reason-string","fix":null,"filePath":"Benchmarks/Study_SamplesSet/711b1efdaa7f1fe246879c249a83a0e7.sol"},{"line":311,"column":9,"severity":"Warning","message":"Use Custom Errors instead of require statements","ruleId":"custom-errors","fix":null,"filePath":"Benchmarks/Study_SamplesSet/711b1efdaa7f1fe246879c249a83a0e7.sol"},{"line":316,"column":1,"severity":"Warning","message":"Variable name must be in mixedCase","ruleId":"var-name-mixedcase","fix":null,"filePath":"Benchmarks/Study_SamplesSet/711b1efdaa7f1fe246879c249a83a0e7.sol"},{"line":317,"column":1,"severity":"Warning","message":"Variable name must be in mixedCase","ruleId":"var-name-mixedcase","fix":null,"filePath":"Benchmarks/Study_SamplesSet/711b1efdaa7f1fe246879c249a83a0e7.sol"},{"line":318,"column":1,"severity":"Warning","message":"Rule is set with explicit type [var/s: uint]","ruleId":"explicit-types","filePath":"Benchmarks/Study_SamplesSet/711b1efdaa7f1fe246879c249a83a0e7.sol"},{"line":318,"column":1,"severity":"Warning","message":"Variable name must be in mixedCase","ruleId":"var-name-mixedcase","fix":null,"filePath":"Benchmarks/Study_SamplesSet/711b1efdaa7f1fe246879c249a83a0e7.sol"},{"line":320,"column":1,"severity":"Warning","message":"Function name must be in mixedCase","ruleId":"func-name-mixedcase","fix":null,"filePath":"Benchmarks/Study_SamplesSet/711b1efdaa7f1fe246879c249a83a0e7.sol"},{"line":321,"column":9,"severity":"Warning","message":"Provide an error message for require","ruleId":"reason-string","fix":null,"filePath":"Benchmarks/Study_SamplesSet/711b1efdaa7f1fe246879c249a83a0e7.sol"},{"line":321,"column":9,"severity":"Warning","message":"Use Custom Errors instead of require statements","ruleId":"custom-errors","fix":null,"filePath":"Benchmarks/Study_SamplesSet/711b1efdaa7f1fe246879c249a83a0e7.sol"},{"line":322,"column":9,"severity":"Error","message":"Check result of \"send\" call","ruleId":"check-send-result","fix":null,"filePath":"Benchmarks/Study_SamplesSet/711b1efdaa7f1fe246879c249a83a0e7.sol"},{"line":323,"column":9,"severity":"Error","message":"Possible reentrancy vulnerabilities. Avoid state changes after transfer.","ruleId":"reentrancy","fix":null,"filePath":"Benchmarks/Study_SamplesSet/711b1efdaa7f1fe246879c249a83a0e7.sol"},{"line":332,"column":59,"severity":"Warning","message":"Visibility modifier must be first in list of modifiers","ruleId":"visibility-modifier-order","fix":null,"filePath":"Benchmarks/Study_SamplesSet/711b1efdaa7f1fe246879c249a83a0e7.sol"},{"line":333,"column":9,"severity":"Warning","message":"Provide an error message for require","ruleId":"reason-string","fix":null,"filePath":"Benchmarks/Study_SamplesSet/711b1efdaa7f1fe246879c249a83a0e7.sol"},{"line":333,"column":9,"severity":"Warning","message":"Use Custom Errors instead of require statements","ruleId":"custom-errors","fix":null,"filePath":"Benchmarks/Study_SamplesSet/711b1efdaa7f1fe246879c249a83a0e7.sol"},{"line":341,"column":1,"severity":"Warning","message":"Function name must be in mixedCase","ruleId":"func-name-mixedcase","fix":null,"filePath":"Benchmarks/Study_SamplesSet/711b1efdaa7f1fe246879c249a83a0e7.sol"},{"line":342,"column":4,"severity":"Warning","message":"Variable name must be in mixedCase","ruleId":"var-name-mixedcase","fix":null,"filePath":"Benchmarks/Study_SamplesSet/711b1efdaa7f1fe246879c249a83a0e7.sol"},{"line":344,"column":7,"severity":"Warning","message":"Code contains empty blocks","ruleId":"no-empty-blocks","fix":null,"filePath":"Benchmarks/Study_SamplesSet/711b1efdaa7f1fe246879c249a83a0e7.sol"},{"line":347,"column":7,"severity":"Warning","message":"Code contains empty blocks","ruleId":"no-empty-blocks","fix":null,"filePath":"Benchmarks/Study_SamplesSet/711b1efdaa7f1fe246879c249a83a0e7.sol"},{"line":357,"column":9,"severity":"Warning","message":"Provide an error message for require","ruleId":"reason-string","fix":null,"filePath":"Benchmarks/Study_SamplesSet/711b1efdaa7f1fe246879c249a83a0e7.sol"},{"line":357,"column":9,"severity":"Warning","message":"Use Custom Errors instead of require statements","ruleId":"custom-errors","fix":null,"filePath":"Benchmarks/Study_SamplesSet/711b1efdaa7f1fe246879c249a83a0e7.sol"},{"line":364,"column":1,"severity":"Warning","message":"Variable name must be in mixedCase","ruleId":"var-name-mixedcase","fix":null,"filePath":"Benchmarks/Study_SamplesSet/711b1efdaa7f1fe246879c249a83a0e7.sol"},{"line":366,"column":1,"severity":"Warning","message":"Function name must be in mixedCase","ruleId":"func-name-mixedcase","fix":null,"filePath":"Benchmarks/Study_SamplesSet/711b1efdaa7f1fe246879c249a83a0e7.sol"},{"line":367,"column":9,"severity":"Warning","message":"Provide an error message for require","ruleId":"reason-string","fix":null,"filePath":"Benchmarks/Study_SamplesSet/711b1efdaa7f1fe246879c249a83a0e7.sol"},{"line":367,"column":9,"severity":"Warning","message":"Use Custom Errors instead of require statements","ruleId":"custom-errors","fix":null,"filePath":"Benchmarks/Study_SamplesSet/711b1efdaa7f1fe246879c249a83a0e7.sol"},{"line":368,"column":9,"severity":"Error","message":"Check result of \"send\" call","ruleId":"check-send-result","fix":null,"filePath":"Benchmarks/Study_SamplesSet/711b1efdaa7f1fe246879c249a83a0e7.sol"},{"line":378,"column":73,"severity":"Warning","message":"Visibility modifier must be first in list of modifiers","ruleId":"visibility-modifier-order","fix":null,"filePath":"Benchmarks/Study_SamplesSet/711b1efdaa7f1fe246879c249a83a0e7.sol"},{"line":379,"column":1,"severity":"Warning","message":"Function name must be in mixedCase","ruleId":"func-name-mixedcase","fix":null,"filePath":"Benchmarks/Study_SamplesSet/711b1efdaa7f1fe246879c249a83a0e7.sol"},{"line":380,"column":8,"severity":"Error","message":"Check result of \"send\" call","ruleId":"check-send-result","fix":null,"filePath":"Benchmarks/Study_SamplesSet/711b1efdaa7f1fe246879c249a83a0e7.sol"},{"conclusion":"132 problem/s (26 error/s, 106 warning/s)"}]
