[{"line":1,"column":1,"severity":"Error","message":"Compiler version ^0.4.16 does not satisfy the ^0.8.0 semver requirement","ruleId":"compiler-version","fix":null,"filePath":"Benchmarks/Study_SamplesSet/7167040d12494e69e1c42de4b0f8bea2.sol"},{"line":6,"column":5,"severity":"Warning","message":"Variable name must be in mixedCase","ruleId":"var-name-mixedcase","fix":null,"filePath":"Benchmarks/Study_SamplesSet/7167040d12494e69e1c42de4b0f8bea2.sol"},{"line":7,"column":5,"severity":"Warning","message":"Variable name must be in mixedCase","ruleId":"var-name-mixedcase","fix":null,"filePath":"Benchmarks/Study_SamplesSet/7167040d12494e69e1c42de4b0f8bea2.sol"},{"line":8,"column":5,"severity":"Warning","message":"Variable name must be in mixedCase","ruleId":"var-name-mixedcase","fix":null,"filePath":"Benchmarks/Study_SamplesSet/7167040d12494e69e1c42de4b0f8bea2.sol"},{"line":9,"column":5,"severity":"Warning","message":"Variable name must be in mixedCase","ruleId":"var-name-mixedcase","fix":null,"filePath":"Benchmarks/Study_SamplesSet/7167040d12494e69e1c42de4b0f8bea2.sol"},{"line":10,"column":5,"severity":"Warning","message":"Variable name must be in mixedCase","ruleId":"var-name-mixedcase","fix":null,"filePath":"Benchmarks/Study_SamplesSet/7167040d12494e69e1c42de4b0f8bea2.sol"},{"line":11,"column":5,"severity":"Warning","message":"Variable name must be in mixedCase","ruleId":"var-name-mixedcase","fix":null,"filePath":"Benchmarks/Study_SamplesSet/7167040d12494e69e1c42de4b0f8bea2.sol"},{"line":13,"column":40,"severity":"Warning","message":"Variable name must be in mixedCase","ruleId":"var-name-mixedcase","fix":null,"filePath":"Benchmarks/Study_SamplesSet/7167040d12494e69e1c42de4b0f8bea2.sol"},{"line":14,"column":37,"severity":"Warning","message":"Variable name must be in mixedCase","ruleId":"var-name-mixedcase","fix":null,"filePath":"Benchmarks/Study_SamplesSet/7167040d12494e69e1c42de4b0f8bea2.sol"},{"line":16,"column":28,"severity":"Warning","message":"Variable name must be in mixedCase","ruleId":"var-name-mixedcase","fix":null,"filePath":"Benchmarks/Study_SamplesSet/7167040d12494e69e1c42de4b0f8bea2.sol"},{"line":16,"column":53,"severity":"Warning","message":"Variable name must be in mixedCase","ruleId":"var-name-mixedcase","fix":null,"filePath":"Benchmarks/Study_SamplesSet/7167040d12494e69e1c42de4b0f8bea2.sol"},{"line":16,"column":87,"severity":"Warning","message":"Variable name must be in mixedCase","ruleId":"var-name-mixedcase","fix":null,"filePath":"Benchmarks/Study_SamplesSet/7167040d12494e69e1c42de4b0f8bea2.sol"},{"line":25,"column":5,"severity":"Error","message":"Fallback function must be simple","ruleId":"no-complex-fallback","fix":null,"filePath":"Benchmarks/Study_SamplesSet/7167040d12494e69e1c42de4b0f8bea2.sol"},{"line":26,"column":72,"severity":"Warning","message":"Provide an error message for revert","ruleId":"reason-string","fix":null,"filePath":"Benchmarks/Study_SamplesSet/7167040d12494e69e1c42de4b0f8bea2.sol"},{"line":26,"column":72,"severity":"Warning","message":"Use Custom Errors instead of revert statements","ruleId":"custom-errors","fix":null,"filePath":"Benchmarks/Study_SamplesSet/7167040d12494e69e1c42de4b0f8bea2.sol"},{"line":27,"column":69,"severity":"Warning","message":"Provide an error message for revert","ruleId":"reason-string","fix":null,"filePath":"Benchmarks/Study_SamplesSet/7167040d12494e69e1c42de4b0f8bea2.sol"},{"line":27,"column":69,"severity":"Warning","message":"Use Custom Errors instead of revert statements","ruleId":"custom-errors","fix":null,"filePath":"Benchmarks/Study_SamplesSet/7167040d12494e69e1c42de4b0f8bea2.sol"},{"line":28,"column":9,"severity":"Error","message":"Explicitly mark all external contracts as trusted or untrusted","ruleId":"mark-callable-contracts","filePath":"Benchmarks/Study_SamplesSet/7167040d12494e69e1c42de4b0f8bea2.sol"},{"line":34,"column":43,"severity":"Warning","message":"Provide an error message for revert","ruleId":"reason-string","fix":null,"filePath":"Benchmarks/Study_SamplesSet/7167040d12494e69e1c42de4b0f8bea2.sol"},{"line":34,"column":43,"severity":"Warning","message":"Use Custom Errors instead of revert statements","ruleId":"custom-errors","fix":null,"filePath":"Benchmarks/Study_SamplesSet/7167040d12494e69e1c42de4b0f8bea2.sol"},{"line":38,"column":5,"severity":"Warning","message":"Function name must be in mixedCase","ruleId":"func-name-mixedcase","fix":null,"filePath":"Benchmarks/Study_SamplesSet/7167040d12494e69e1c42de4b0f8bea2.sol"},{"line":38,"column":67,"severity":"Warning","message":"Visibility modifier must be first in list of modifiers","ruleId":"visibility-modifier-order","fix":null,"filePath":"Benchmarks/Study_SamplesSet/7167040d12494e69e1c42de4b0f8bea2.sol"},{"line":38,"column":31,"severity":"Warning","message":"Variable name must be in mixedCase","ruleId":"var-name-mixedcase","fix":null,"filePath":"Benchmarks/Study_SamplesSet/7167040d12494e69e1c42de4b0f8bea2.sol"},{"line":40,"column":9,"severity":"Error","message":"Explicitly mark all external contracts as trusted or untrusted","ruleId":"mark-callable-contracts","filePath":"Benchmarks/Study_SamplesSet/7167040d12494e69e1c42de4b0f8bea2.sol"},{"line":44,"column":5,"severity":"Warning","message":"Function name must be in mixedCase","ruleId":"func-name-mixedcase","fix":null,"filePath":"Benchmarks/Study_SamplesSet/7167040d12494e69e1c42de4b0f8bea2.sol"},{"line":44,"column":67,"severity":"Warning","message":"Visibility modifier must be first in list of modifiers","ruleId":"visibility-modifier-order","fix":null,"filePath":"Benchmarks/Study_SamplesSet/7167040d12494e69e1c42de4b0f8bea2.sol"},{"line":44,"column":29,"severity":"Warning","message":"Variable name must be in mixedCase","ruleId":"var-name-mixedcase","fix":null,"filePath":"Benchmarks/Study_SamplesSet/7167040d12494e69e1c42de4b0f8bea2.sol"},{"line":48,"column":5,"severity":"Warning","message":"Function name must be in mixedCase","ruleId":"func-name-mixedcase","fix":null,"filePath":"Benchmarks/Study_SamplesSet/7167040d12494e69e1c42de4b0f8bea2.sol"},{"line":48,"column":63,"severity":"Warning","message":"Visibility modifier must be first in list of modifiers","ruleId":"visibility-modifier-order","fix":null,"filePath":"Benchmarks/Study_SamplesSet/7167040d12494e69e1c42de4b0f8bea2.sol"},{"line":48,"column":33,"severity":"Warning","message":"Variable name must be in mixedCase","ruleId":"var-name-mixedcase","fix":null,"filePath":"Benchmarks/Study_SamplesSet/7167040d12494e69e1c42de4b0f8bea2.sol"},{"line":52,"column":5,"severity":"Warning","message":"Function name must be in mixedCase","ruleId":"func-name-mixedcase","fix":null,"filePath":"Benchmarks/Study_SamplesSet/7167040d12494e69e1c42de4b0f8bea2.sol"},{"line":52,"column":67,"severity":"Warning","message":"Visibility modifier must be first in list of modifiers","ruleId":"visibility-modifier-order","fix":null,"filePath":"Benchmarks/Study_SamplesSet/7167040d12494e69e1c42de4b0f8bea2.sol"},{"line":52,"column":31,"severity":"Warning","message":"Variable name must be in mixedCase","ruleId":"var-name-mixedcase","fix":null,"filePath":"Benchmarks/Study_SamplesSet/7167040d12494e69e1c42de4b0f8bea2.sol"},{"line":56,"column":5,"severity":"Warning","message":"Function name must be in mixedCase","ruleId":"func-name-mixedcase","fix":null,"filePath":"Benchmarks/Study_SamplesSet/7167040d12494e69e1c42de4b0f8bea2.sol"},{"line":56,"column":68,"severity":"Warning","message":"Visibility modifier must be first in list of modifiers","ruleId":"visibility-modifier-order","fix":null,"filePath":"Benchmarks/Study_SamplesSet/7167040d12494e69e1c42de4b0f8bea2.sol"},{"line":56,"column":32,"severity":"Warning","message":"Variable name must be in mixedCase","ruleId":"var-name-mixedcase","fix":null,"filePath":"Benchmarks/Study_SamplesSet/7167040d12494e69e1c42de4b0f8bea2.sol"},{"line":60,"column":5,"severity":"Warning","message":"Function name must be in mixedCase","ruleId":"func-name-mixedcase","fix":null,"filePath":"Benchmarks/Study_SamplesSet/7167040d12494e69e1c42de4b0f8bea2.sol"},{"line":60,"column":61,"severity":"Warning","message":"Visibility modifier must be first in list of modifiers","ruleId":"visibility-modifier-order","fix":null,"filePath":"Benchmarks/Study_SamplesSet/7167040d12494e69e1c42de4b0f8bea2.sol"},{"line":60,"column":28,"severity":"Warning","message":"Variable name must be in mixedCase","ruleId":"var-name-mixedcase","fix":null,"filePath":"Benchmarks/Study_SamplesSet/7167040d12494e69e1c42de4b0f8bea2.sol"},{"line":64,"column":5,"severity":"Warning","message":"Function name must be in mixedCase","ruleId":"func-name-mixedcase","fix":null,"filePath":"Benchmarks/Study_SamplesSet/7167040d12494e69e1c42de4b0f8bea2.sol"},{"line":64,"column":35,"severity":"Warning","message":"Visibility modifier must be first in list of modifiers","ruleId":"visibility-modifier-order","fix":null,"filePath":"Benchmarks/Study_SamplesSet/7167040d12494e69e1c42de4b0f8bea2.sol"},{"conclusion":"41 problem/s (4 error/s, 37 warning/s)"}]
