[{"line":1,"column":1,"severity":"Error","message":"Compiler version ^0.4.8 does not satisfy the ^0.8.0 semver requirement","ruleId":"compiler-version","fix":null,"filePath":"Benchmarks/Study_SamplesSet/76a846f8a0240bbbd5dbdb0eac0a01c5.sol"},{"line":3,"column":1,"severity":"Warning","message":"Contract, Structs and Enums should be in CamelCase","ruleId":"contract-name-camelcase","filePath":"Benchmarks/Study_SamplesSet/76a846f8a0240bbbd5dbdb0eac0a01c5.sol"},{"line":11,"column":2,"severity":"Error","message":"Explicitly mark visibility in function (Set ignoreConstructors to true if using solidity >=0.7.0)","ruleId":"func-visibility","fix":null,"filePath":"Benchmarks/Study_SamplesSet/76a846f8a0240bbbd5dbdb0eac0a01c5.sol"},{"line":16,"column":2,"severity":"Error","message":"Explicitly mark visibility in function","ruleId":"func-visibility","fix":null,"filePath":"Benchmarks/Study_SamplesSet/76a846f8a0240bbbd5dbdb0eac0a01c5.sol"},{"line":17,"column":37,"severity":"Error","message":"\"throw\" is deprecated, avoid to use it","ruleId":"avoid-throw","filePath":"Benchmarks/Study_SamplesSet/76a846f8a0240bbbd5dbdb0eac0a01c5.sol"},{"line":18,"column":45,"severity":"Error","message":"\"throw\" is deprecated, avoid to use it","ruleId":"avoid-throw","filePath":"Benchmarks/Study_SamplesSet/76a846f8a0240bbbd5dbdb0eac0a01c5.sol"},{"line":19,"column":17,"severity":"Error","message":"\"throw\" is deprecated, avoid to use it","ruleId":"avoid-throw","filePath":"Benchmarks/Study_SamplesSet/76a846f8a0240bbbd5dbdb0eac0a01c5.sol"},{"line":25,"column":2,"severity":"Error","message":"Explicitly mark visibility in function","ruleId":"func-visibility","fix":null,"filePath":"Benchmarks/Study_SamplesSet/76a846f8a0240bbbd5dbdb0eac0a01c5.sol"},{"line":30,"column":2,"severity":"Error","message":"Explicitly mark visibility in function","ruleId":"func-visibility","fix":null,"filePath":"Benchmarks/Study_SamplesSet/76a846f8a0240bbbd5dbdb0eac0a01c5.sol"},{"line":31,"column":31,"severity":"Error","message":"\"throw\" is deprecated, avoid to use it","ruleId":"avoid-throw","filePath":"Benchmarks/Study_SamplesSet/76a846f8a0240bbbd5dbdb0eac0a01c5.sol"},{"line":32,"column":41,"severity":"Error","message":"\"throw\" is deprecated, avoid to use it","ruleId":"avoid-throw","filePath":"Benchmarks/Study_SamplesSet/76a846f8a0240bbbd5dbdb0eac0a01c5.sol"},{"line":33,"column":51,"severity":"Error","message":"\"throw\" is deprecated, avoid to use it","ruleId":"avoid-throw","filePath":"Benchmarks/Study_SamplesSet/76a846f8a0240bbbd5dbdb0eac0a01c5.sol"},{"line":34,"column":57,"severity":"Error","message":"\"throw\" is deprecated, avoid to use it","ruleId":"avoid-throw","filePath":"Benchmarks/Study_SamplesSet/76a846f8a0240bbbd5dbdb0eac0a01c5.sol"},{"line":35,"column":6,"severity":"Error","message":"Possible reentrancy vulnerabilities. Avoid state changes after transfer.","ruleId":"reentrancy","fix":null,"filePath":"Benchmarks/Study_SamplesSet/76a846f8a0240bbbd5dbdb0eac0a01c5.sol"},{"line":36,"column":6,"severity":"Error","message":"Possible reentrancy vulnerabilities. Avoid state changes after transfer.","ruleId":"reentrancy","fix":null,"filePath":"Benchmarks/Study_SamplesSet/76a846f8a0240bbbd5dbdb0eac0a01c5.sol"},{"line":37,"column":3,"severity":"Error","message":"Possible reentrancy vulnerabilities. Avoid state changes after transfer.","ruleId":"reentrancy","fix":null,"filePath":"Benchmarks/Study_SamplesSet/76a846f8a0240bbbd5dbdb0eac0a01c5.sol"},{"line":38,"column":3,"severity":"Error","message":"Possible reentrancy vulnerabilities. Avoid state changes after transfer.","ruleId":"reentrancy","fix":null,"filePath":"Benchmarks/Study_SamplesSet/76a846f8a0240bbbd5dbdb0eac0a01c5.sol"},{"line":42,"column":27,"severity":"Error","message":"\"throw\" is deprecated, avoid to use it","ruleId":"avoid-throw","filePath":"Benchmarks/Study_SamplesSet/76a846f8a0240bbbd5dbdb0eac0a01c5.sol"},{"line":46,"column":2,"severity":"Error","message":"Explicitly mark visibility in function","ruleId":"func-visibility","fix":null,"filePath":"Benchmarks/Study_SamplesSet/76a846f8a0240bbbd5dbdb0eac0a01c5.sol"},{"line":50,"column":2,"severity":"Error","message":"Explicitly mark visibility in function","ruleId":"func-visibility","fix":null,"filePath":"Benchmarks/Study_SamplesSet/76a846f8a0240bbbd5dbdb0eac0a01c5.sol"},{"line":51,"column":31,"severity":"Error","message":"\"throw\" is deprecated, avoid to use it","ruleId":"avoid-throw","filePath":"Benchmarks/Study_SamplesSet/76a846f8a0240bbbd5dbdb0eac0a01c5.sol"},{"line":53,"column":2,"severity":"Error","message":"Explicitly mark visibility in function","ruleId":"func-visibility","fix":null,"filePath":"Benchmarks/Study_SamplesSet/76a846f8a0240bbbd5dbdb0eac0a01c5.sol"},{"conclusion":"22 problem/s (21 error/s, 1 warning/s)"}]
