[{"line":5,"column":1,"severity":"Warning","message":"Found more than One contract per file. 3 contracts found!","ruleId":"one-contract-per-file","fix":null,"filePath":"Benchmarks/Study_SamplesSet/76d397cfc254cc18e83fe06dbbca1f2f.sol"},{"line":5,"column":1,"severity":"Error","message":"Compiler version >=0.4.22 <0.6.0 does not satisfy the ^0.8.0 semver requirement","ruleId":"compiler-version","fix":null,"filePath":"Benchmarks/Study_SamplesSet/76d397cfc254cc18e83fe06dbbca1f2f.sol"},{"line":8,"column":1,"severity":"Warning","message":"Function name must be in mixedCase","ruleId":"func-name-mixedcase","fix":null,"filePath":"Benchmarks/Study_SamplesSet/76d397cfc254cc18e83fe06dbbca1f2f.sol"},{"line":9,"column":1,"severity":"Warning","message":"Rule is set with explicit type [var/s: uint]","ruleId":"explicit-types","filePath":"Benchmarks/Study_SamplesSet/76d397cfc254cc18e83fe06dbbca1f2f.sol"},{"line":9,"column":1,"severity":"Warning","message":"Variable name must be in mixedCase","ruleId":"var-name-mixedcase","fix":null,"filePath":"Benchmarks/Study_SamplesSet/76d397cfc254cc18e83fe06dbbca1f2f.sol"},{"line":10,"column":1,"severity":"Warning","message":"Variable name must be in mixedCase","ruleId":"var-name-mixedcase","fix":null,"filePath":"Benchmarks/Study_SamplesSet/76d397cfc254cc18e83fe06dbbca1f2f.sol"},{"line":14,"column":3,"severity":"Warning","message":"Provide an error message for revert","ruleId":"reason-string","fix":null,"filePath":"Benchmarks/Study_SamplesSet/76d397cfc254cc18e83fe06dbbca1f2f.sol"},{"line":14,"column":3,"severity":"Warning","message":"Use Custom Errors instead of revert statements","ruleId":"custom-errors","fix":null,"filePath":"Benchmarks/Study_SamplesSet/76d397cfc254cc18e83fe06dbbca1f2f.sol"},{"line":18,"column":1,"severity":"Warning","message":"Variable name must be in mixedCase","ruleId":"var-name-mixedcase","fix":null,"filePath":"Benchmarks/Study_SamplesSet/76d397cfc254cc18e83fe06dbbca1f2f.sol"},{"line":20,"column":1,"severity":"Warning","message":"Function name must be in mixedCase","ruleId":"func-name-mixedcase","fix":null,"filePath":"Benchmarks/Study_SamplesSet/76d397cfc254cc18e83fe06dbbca1f2f.sol"},{"line":21,"column":9,"severity":"Warning","message":"Provide an error message for require","ruleId":"reason-string","fix":null,"filePath":"Benchmarks/Study_SamplesSet/76d397cfc254cc18e83fe06dbbca1f2f.sol"},{"line":21,"column":9,"severity":"Warning","message":"Use Custom Errors instead of require statements","ruleId":"custom-errors","fix":null,"filePath":"Benchmarks/Study_SamplesSet/76d397cfc254cc18e83fe06dbbca1f2f.sol"},{"line":22,"column":9,"severity":"Error","message":"Check result of \"send\" call","ruleId":"check-send-result","fix":null,"filePath":"Benchmarks/Study_SamplesSet/76d397cfc254cc18e83fe06dbbca1f2f.sol"},{"line":34,"column":1,"severity":"Warning","message":"Function name must be in mixedCase","ruleId":"func-name-mixedcase","fix":null,"filePath":"Benchmarks/Study_SamplesSet/76d397cfc254cc18e83fe06dbbca1f2f.sol"},{"line":35,"column":5,"severity":"Error","message":"Check result of \"send\" call","ruleId":"check-send-result","fix":null,"filePath":"Benchmarks/Study_SamplesSet/76d397cfc254cc18e83fe06dbbca1f2f.sol"},{"line":42,"column":5,"severity":"Warning","message":"Provide an error message for require","ruleId":"reason-string","fix":null,"filePath":"Benchmarks/Study_SamplesSet/76d397cfc254cc18e83fe06dbbca1f2f.sol"},{"line":42,"column":5,"severity":"Warning","message":"Use Custom Errors instead of require statements","ruleId":"custom-errors","fix":null,"filePath":"Benchmarks/Study_SamplesSet/76d397cfc254cc18e83fe06dbbca1f2f.sol"},{"line":51,"column":5,"severity":"Warning","message":"Provide an error message for require","ruleId":"reason-string","fix":null,"filePath":"Benchmarks/Study_SamplesSet/76d397cfc254cc18e83fe06dbbca1f2f.sol"},{"line":51,"column":5,"severity":"Warning","message":"Use Custom Errors instead of require statements","ruleId":"custom-errors","fix":null,"filePath":"Benchmarks/Study_SamplesSet/76d397cfc254cc18e83fe06dbbca1f2f.sol"},{"line":55,"column":1,"severity":"Warning","message":"Variable name must be in mixedCase","ruleId":"var-name-mixedcase","fix":null,"filePath":"Benchmarks/Study_SamplesSet/76d397cfc254cc18e83fe06dbbca1f2f.sol"},{"line":56,"column":1,"severity":"Warning","message":"Variable name must be in mixedCase","ruleId":"var-name-mixedcase","fix":null,"filePath":"Benchmarks/Study_SamplesSet/76d397cfc254cc18e83fe06dbbca1f2f.sol"},{"line":57,"column":1,"severity":"Warning","message":"Rule is set with explicit type [var/s: uint]","ruleId":"explicit-types","filePath":"Benchmarks/Study_SamplesSet/76d397cfc254cc18e83fe06dbbca1f2f.sol"},{"line":57,"column":1,"severity":"Warning","message":"Variable name must be in mixedCase","ruleId":"var-name-mixedcase","fix":null,"filePath":"Benchmarks/Study_SamplesSet/76d397cfc254cc18e83fe06dbbca1f2f.sol"},{"line":59,"column":1,"severity":"Warning","message":"Function name must be in mixedCase","ruleId":"func-name-mixedcase","fix":null,"filePath":"Benchmarks/Study_SamplesSet/76d397cfc254cc18e83fe06dbbca1f2f.sol"},{"line":60,"column":9,"severity":"Warning","message":"Provide an error message for require","ruleId":"reason-string","fix":null,"filePath":"Benchmarks/Study_SamplesSet/76d397cfc254cc18e83fe06dbbca1f2f.sol"},{"line":60,"column":9,"severity":"Warning","message":"Use Custom Errors instead of require statements","ruleId":"custom-errors","fix":null,"filePath":"Benchmarks/Study_SamplesSet/76d397cfc254cc18e83fe06dbbca1f2f.sol"},{"line":61,"column":9,"severity":"Error","message":"Check result of \"send\" call","ruleId":"check-send-result","fix":null,"filePath":"Benchmarks/Study_SamplesSet/76d397cfc254cc18e83fe06dbbca1f2f.sol"},{"line":62,"column":9,"severity":"Error","message":"Possible reentrancy vulnerabilities. Avoid state changes after transfer.","ruleId":"reentrancy","fix":null,"filePath":"Benchmarks/Study_SamplesSet/76d397cfc254cc18e83fe06dbbca1f2f.sol"},{"line":69,"column":3,"severity":"Warning","message":"Function name must be in mixedCase","ruleId":"func-name-mixedcase","fix":null,"filePath":"Benchmarks/Study_SamplesSet/76d397cfc254cc18e83fe06dbbca1f2f.sol"},{"line":70,"column":5,"severity":"Error","message":"Check result of \"send\" call","ruleId":"check-send-result","fix":null,"filePath":"Benchmarks/Study_SamplesSet/76d397cfc254cc18e83fe06dbbca1f2f.sol"},{"line":73,"column":3,"severity":"Warning","message":"Function name must be in mixedCase","ruleId":"func-name-mixedcase","fix":null,"filePath":"Benchmarks/Study_SamplesSet/76d397cfc254cc18e83fe06dbbca1f2f.sol"},{"line":74,"column":1,"severity":"Warning","message":"Variable name must be in mixedCase","ruleId":"var-name-mixedcase","fix":null,"filePath":"Benchmarks/Study_SamplesSet/76d397cfc254cc18e83fe06dbbca1f2f.sol"},{"line":76,"column":3,"severity":"Warning","message":"Provide an error message for revert","ruleId":"reason-string","fix":null,"filePath":"Benchmarks/Study_SamplesSet/76d397cfc254cc18e83fe06dbbca1f2f.sol"},{"line":76,"column":3,"severity":"Warning","message":"Use Custom Errors instead of revert statements","ruleId":"custom-errors","fix":null,"filePath":"Benchmarks/Study_SamplesSet/76d397cfc254cc18e83fe06dbbca1f2f.sol"},{"line":79,"column":3,"severity":"Warning","message":"Function name must be in mixedCase","ruleId":"func-name-mixedcase","fix":null,"filePath":"Benchmarks/Study_SamplesSet/76d397cfc254cc18e83fe06dbbca1f2f.sol"},{"line":80,"column":9,"severity":"Error","message":"Avoid to use low level calls.","ruleId":"avoid-low-level-calls","fix":null,"filePath":"Benchmarks/Study_SamplesSet/76d397cfc254cc18e83fe06dbbca1f2f.sol"},{"line":80,"column":9,"severity":"Error","message":"Avoid to use \".call.value()()\"","ruleId":"avoid-call-value","fix":null,"filePath":"Benchmarks/Study_SamplesSet/76d397cfc254cc18e83fe06dbbca1f2f.sol"},{"line":84,"column":3,"severity":"Warning","message":"Function name must be in mixedCase","ruleId":"func-name-mixedcase","fix":null,"filePath":"Benchmarks/Study_SamplesSet/76d397cfc254cc18e83fe06dbbca1f2f.sol"},{"line":85,"column":2,"severity":"Warning","message":"Variable name must be in mixedCase","ruleId":"var-name-mixedcase","fix":null,"filePath":"Benchmarks/Study_SamplesSet/76d397cfc254cc18e83fe06dbbca1f2f.sol"},{"line":86,"column":2,"severity":"Error","message":"Check result of \"send\" call","ruleId":"check-send-result","fix":null,"filePath":"Benchmarks/Study_SamplesSet/76d397cfc254cc18e83fe06dbbca1f2f.sol"},{"line":86,"column":18,"severity":"Error","message":"Explicitly mark all external contracts as trusted or untrusted","ruleId":"mark-callable-contracts","filePath":"Benchmarks/Study_SamplesSet/76d397cfc254cc18e83fe06dbbca1f2f.sol"},{"line":90,"column":3,"severity":"Warning","message":"Function name must be in mixedCase","ruleId":"func-name-mixedcase","fix":null,"filePath":"Benchmarks/Study_SamplesSet/76d397cfc254cc18e83fe06dbbca1f2f.sol"},{"line":91,"column":5,"severity":"Error","message":"Avoid to use low level calls.","ruleId":"avoid-low-level-calls","fix":null,"filePath":"Benchmarks/Study_SamplesSet/76d397cfc254cc18e83fe06dbbca1f2f.sol"},{"line":91,"column":5,"severity":"Error","message":"Avoid to use \".call.value()()\"","ruleId":"avoid-call-value","fix":null,"filePath":"Benchmarks/Study_SamplesSet/76d397cfc254cc18e83fe06dbbca1f2f.sol"},{"line":94,"column":3,"severity":"Warning","message":"Function name must be in mixedCase","ruleId":"func-name-mixedcase","fix":null,"filePath":"Benchmarks/Study_SamplesSet/76d397cfc254cc18e83fe06dbbca1f2f.sol"},{"line":95,"column":8,"severity":"Error","message":"Check result of \"send\" call","ruleId":"check-send-result","fix":null,"filePath":"Benchmarks/Study_SamplesSet/76d397cfc254cc18e83fe06dbbca1f2f.sol"},{"line":99,"column":3,"severity":"Warning","message":"Function name must be in mixedCase","ruleId":"func-name-mixedcase","fix":null,"filePath":"Benchmarks/Study_SamplesSet/76d397cfc254cc18e83fe06dbbca1f2f.sol"},{"line":100,"column":8,"severity":"Error","message":"Check result of \"send\" call","ruleId":"check-send-result","fix":null,"filePath":"Benchmarks/Study_SamplesSet/76d397cfc254cc18e83fe06dbbca1f2f.sol"},{"line":104,"column":3,"severity":"Warning","message":"Function name must be in mixedCase","ruleId":"func-name-mixedcase","fix":null,"filePath":"Benchmarks/Study_SamplesSet/76d397cfc254cc18e83fe06dbbca1f2f.sol"},{"line":105,"column":1,"severity":"Warning","message":"Variable name must be in mixedCase","ruleId":"var-name-mixedcase","fix":null,"filePath":"Benchmarks/Study_SamplesSet/76d397cfc254cc18e83fe06dbbca1f2f.sol"},{"line":107,"column":3,"severity":"Warning","message":"Provide an error message for revert","ruleId":"reason-string","fix":null,"filePath":"Benchmarks/Study_SamplesSet/76d397cfc254cc18e83fe06dbbca1f2f.sol"},{"line":107,"column":3,"severity":"Warning","message":"Use Custom Errors instead of revert statements","ruleId":"custom-errors","fix":null,"filePath":"Benchmarks/Study_SamplesSet/76d397cfc254cc18e83fe06dbbca1f2f.sol"},{"line":112,"column":3,"severity":"Warning","message":"Variable name must be in mixedCase","ruleId":"var-name-mixedcase","fix":null,"filePath":"Benchmarks/Study_SamplesSet/76d397cfc254cc18e83fe06dbbca1f2f.sol"},{"line":114,"column":1,"severity":"Warning","message":"Function name must be in mixedCase","ruleId":"func-name-mixedcase","fix":null,"filePath":"Benchmarks/Study_SamplesSet/76d397cfc254cc18e83fe06dbbca1f2f.sol"},{"line":115,"column":9,"severity":"Warning","message":"Provide an error message for require","ruleId":"reason-string","fix":null,"filePath":"Benchmarks/Study_SamplesSet/76d397cfc254cc18e83fe06dbbca1f2f.sol"},{"line":115,"column":9,"severity":"Warning","message":"Use Custom Errors instead of require statements","ruleId":"custom-errors","fix":null,"filePath":"Benchmarks/Study_SamplesSet/76d397cfc254cc18e83fe06dbbca1f2f.sol"},{"line":116,"column":9,"severity":"Error","message":"Check result of \"send\" call","ruleId":"check-send-result","fix":null,"filePath":"Benchmarks/Study_SamplesSet/76d397cfc254cc18e83fe06dbbca1f2f.sol"},{"line":135,"column":1,"severity":"Warning","message":"Variable name must be in mixedCase","ruleId":"var-name-mixedcase","fix":null,"filePath":"Benchmarks/Study_SamplesSet/76d397cfc254cc18e83fe06dbbca1f2f.sol"},{"line":136,"column":1,"severity":"Warning","message":"Variable name must be in mixedCase","ruleId":"var-name-mixedcase","fix":null,"filePath":"Benchmarks/Study_SamplesSet/76d397cfc254cc18e83fe06dbbca1f2f.sol"},{"line":137,"column":1,"severity":"Warning","message":"Rule is set with explicit type [var/s: uint]","ruleId":"explicit-types","filePath":"Benchmarks/Study_SamplesSet/76d397cfc254cc18e83fe06dbbca1f2f.sol"},{"line":137,"column":1,"severity":"Warning","message":"Variable name must be in mixedCase","ruleId":"var-name-mixedcase","fix":null,"filePath":"Benchmarks/Study_SamplesSet/76d397cfc254cc18e83fe06dbbca1f2f.sol"},{"line":139,"column":1,"severity":"Warning","message":"Function name must be in mixedCase","ruleId":"func-name-mixedcase","fix":null,"filePath":"Benchmarks/Study_SamplesSet/76d397cfc254cc18e83fe06dbbca1f2f.sol"},{"line":140,"column":9,"severity":"Warning","message":"Provide an error message for require","ruleId":"reason-string","fix":null,"filePath":"Benchmarks/Study_SamplesSet/76d397cfc254cc18e83fe06dbbca1f2f.sol"},{"line":140,"column":9,"severity":"Warning","message":"Use Custom Errors instead of require statements","ruleId":"custom-errors","fix":null,"filePath":"Benchmarks/Study_SamplesSet/76d397cfc254cc18e83fe06dbbca1f2f.sol"},{"line":141,"column":9,"severity":"Error","message":"Check result of \"send\" call","ruleId":"check-send-result","fix":null,"filePath":"Benchmarks/Study_SamplesSet/76d397cfc254cc18e83fe06dbbca1f2f.sol"},{"line":142,"column":9,"severity":"Error","message":"Possible reentrancy vulnerabilities. Avoid state changes after transfer.","ruleId":"reentrancy","fix":null,"filePath":"Benchmarks/Study_SamplesSet/76d397cfc254cc18e83fe06dbbca1f2f.sol"},{"line":148,"column":52,"severity":"Warning","message":"Rule is set with explicit type [var/s: uint]","ruleId":"explicit-types","filePath":"Benchmarks/Study_SamplesSet/76d397cfc254cc18e83fe06dbbca1f2f.sol"},{"line":150,"column":9,"severity":"Warning","message":"Provide an error message for require","ruleId":"reason-string","fix":null,"filePath":"Benchmarks/Study_SamplesSet/76d397cfc254cc18e83fe06dbbca1f2f.sol"},{"line":150,"column":9,"severity":"Warning","message":"Use Custom Errors instead of require statements","ruleId":"custom-errors","fix":null,"filePath":"Benchmarks/Study_SamplesSet/76d397cfc254cc18e83fe06dbbca1f2f.sol"},{"line":152,"column":9,"severity":"Warning","message":"Provide an error message for require","ruleId":"reason-string","fix":null,"filePath":"Benchmarks/Study_SamplesSet/76d397cfc254cc18e83fe06dbbca1f2f.sol"},{"line":152,"column":9,"severity":"Warning","message":"Use Custom Errors instead of require statements","ruleId":"custom-errors","fix":null,"filePath":"Benchmarks/Study_SamplesSet/76d397cfc254cc18e83fe06dbbca1f2f.sol"},{"line":154,"column":9,"severity":"Warning","message":"Provide an error message for require","ruleId":"reason-string","fix":null,"filePath":"Benchmarks/Study_SamplesSet/76d397cfc254cc18e83fe06dbbca1f2f.sol"},{"line":154,"column":9,"severity":"Warning","message":"Use Custom Errors instead of require statements","ruleId":"custom-errors","fix":null,"filePath":"Benchmarks/Study_SamplesSet/76d397cfc254cc18e83fe06dbbca1f2f.sol"},{"line":156,"column":9,"severity":"Warning","message":"Rule is set with explicit type [var/s: uint]","ruleId":"explicit-types","filePath":"Benchmarks/Study_SamplesSet/76d397cfc254cc18e83fe06dbbca1f2f.sol"},{"line":165,"column":1,"severity":"Warning","message":"Function name must be in mixedCase","ruleId":"func-name-mixedcase","fix":null,"filePath":"Benchmarks/Study_SamplesSet/76d397cfc254cc18e83fe06dbbca1f2f.sol"},{"line":166,"column":5,"severity":"Error","message":"Check result of \"send\" call","ruleId":"check-send-result","fix":null,"filePath":"Benchmarks/Study_SamplesSet/76d397cfc254cc18e83fe06dbbca1f2f.sol"},{"line":181,"column":1,"severity":"Warning","message":"Function name must be in mixedCase","ruleId":"func-name-mixedcase","fix":null,"filePath":"Benchmarks/Study_SamplesSet/76d397cfc254cc18e83fe06dbbca1f2f.sol"},{"line":181,"column":23,"severity":"Warning","message":"Rule is set with explicit type [var/s: uint]","ruleId":"explicit-types","filePath":"Benchmarks/Study_SamplesSet/76d397cfc254cc18e83fe06dbbca1f2f.sol"},{"line":181,"column":40,"severity":"Warning","message":"Rule is set with explicit type [var/s: uint]","ruleId":"explicit-types","filePath":"Benchmarks/Study_SamplesSet/76d397cfc254cc18e83fe06dbbca1f2f.sol"},{"line":181,"column":58,"severity":"Warning","message":"Variable name must be in mixedCase","ruleId":"var-name-mixedcase","fix":null,"filePath":"Benchmarks/Study_SamplesSet/76d397cfc254cc18e83fe06dbbca1f2f.sol"},{"line":181,"column":23,"severity":"Warning","message":"Variable \"roundIndex\" is unused","ruleId":"no-unused-vars","fix":null,"filePath":"Benchmarks/Study_SamplesSet/76d397cfc254cc18e83fe06dbbca1f2f.sol"},{"line":181,"column":40,"severity":"Warning","message":"Variable \"subpotIndex\" is unused","ruleId":"no-unused-vars","fix":null,"filePath":"Benchmarks/Study_SamplesSet/76d397cfc254cc18e83fe06dbbca1f2f.sol"},{"line":182,"column":9,"severity":"Warning","message":"Variable name must be in mixedCase","ruleId":"var-name-mixedcase","fix":null,"filePath":"Benchmarks/Study_SamplesSet/76d397cfc254cc18e83fe06dbbca1f2f.sol"},{"line":183,"column":9,"severity":"Error","message":"Check result of \"send\" call","ruleId":"check-send-result","fix":null,"filePath":"Benchmarks/Study_SamplesSet/76d397cfc254cc18e83fe06dbbca1f2f.sol"},{"line":197,"column":9,"severity":"Warning","message":"Provide an error message for require","ruleId":"reason-string","fix":null,"filePath":"Benchmarks/Study_SamplesSet/76d397cfc254cc18e83fe06dbbca1f2f.sol"},{"line":197,"column":9,"severity":"Warning","message":"Use Custom Errors instead of require statements","ruleId":"custom-errors","fix":null,"filePath":"Benchmarks/Study_SamplesSet/76d397cfc254cc18e83fe06dbbca1f2f.sol"},{"line":202,"column":1,"severity":"Warning","message":"Function name must be in mixedCase","ruleId":"func-name-mixedcase","fix":null,"filePath":"Benchmarks/Study_SamplesSet/76d397cfc254cc18e83fe06dbbca1f2f.sol"},{"line":203,"column":4,"severity":"Warning","message":"Variable name must be in mixedCase","ruleId":"var-name-mixedcase","fix":null,"filePath":"Benchmarks/Study_SamplesSet/76d397cfc254cc18e83fe06dbbca1f2f.sol"},{"line":205,"column":7,"severity":"Warning","message":"Code contains empty blocks","ruleId":"no-empty-blocks","fix":null,"filePath":"Benchmarks/Study_SamplesSet/76d397cfc254cc18e83fe06dbbca1f2f.sol"},{"line":208,"column":7,"severity":"Warning","message":"Code contains empty blocks","ruleId":"no-empty-blocks","fix":null,"filePath":"Benchmarks/Study_SamplesSet/76d397cfc254cc18e83fe06dbbca1f2f.sol"},{"line":226,"column":1,"severity":"Warning","message":"Function name must be in mixedCase","ruleId":"func-name-mixedcase","fix":null,"filePath":"Benchmarks/Study_SamplesSet/76d397cfc254cc18e83fe06dbbca1f2f.sol"},{"line":227,"column":1,"severity":"Warning","message":"Variable name must be in mixedCase","ruleId":"var-name-mixedcase","fix":null,"filePath":"Benchmarks/Study_SamplesSet/76d397cfc254cc18e83fe06dbbca1f2f.sol"},{"line":229,"column":3,"severity":"Warning","message":"Provide an error message for revert","ruleId":"reason-string","fix":null,"filePath":"Benchmarks/Study_SamplesSet/76d397cfc254cc18e83fe06dbbca1f2f.sol"},{"line":229,"column":3,"severity":"Warning","message":"Use Custom Errors instead of revert statements","ruleId":"custom-errors","fix":null,"filePath":"Benchmarks/Study_SamplesSet/76d397cfc254cc18e83fe06dbbca1f2f.sol"},{"line":244,"column":9,"severity":"Warning","message":"Provide an error message for require","ruleId":"reason-string","fix":null,"filePath":"Benchmarks/Study_SamplesSet/76d397cfc254cc18e83fe06dbbca1f2f.sol"},{"line":244,"column":9,"severity":"Warning","message":"Use Custom Errors instead of require statements","ruleId":"custom-errors","fix":null,"filePath":"Benchmarks/Study_SamplesSet/76d397cfc254cc18e83fe06dbbca1f2f.sol"},{"line":250,"column":1,"severity":"Warning","message":"Function name must be in mixedCase","ruleId":"func-name-mixedcase","fix":null,"filePath":"Benchmarks/Study_SamplesSet/76d397cfc254cc18e83fe06dbbca1f2f.sol"},{"line":251,"column":9,"severity":"Error","message":"Check result of \"send\" call","ruleId":"check-send-result","fix":null,"filePath":"Benchmarks/Study_SamplesSet/76d397cfc254cc18e83fe06dbbca1f2f.sol"},{"line":263,"column":9,"severity":"Warning","message":"Provide an error message for require","ruleId":"reason-string","fix":null,"filePath":"Benchmarks/Study_SamplesSet/76d397cfc254cc18e83fe06dbbca1f2f.sol"},{"line":263,"column":9,"severity":"Warning","message":"Use Custom Errors instead of require statements","ruleId":"custom-errors","fix":null,"filePath":"Benchmarks/Study_SamplesSet/76d397cfc254cc18e83fe06dbbca1f2f.sol"},{"line":264,"column":9,"severity":"Warning","message":"Provide an error message for require","ruleId":"reason-string","fix":null,"filePath":"Benchmarks/Study_SamplesSet/76d397cfc254cc18e83fe06dbbca1f2f.sol"},{"line":264,"column":9,"severity":"Warning","message":"Use Custom Errors instead of require statements","ruleId":"custom-errors","fix":null,"filePath":"Benchmarks/Study_SamplesSet/76d397cfc254cc18e83fe06dbbca1f2f.sol"},{"line":271,"column":1,"severity":"Warning","message":"Function name must be in mixedCase","ruleId":"func-name-mixedcase","fix":null,"filePath":"Benchmarks/Study_SamplesSet/76d397cfc254cc18e83fe06dbbca1f2f.sol"},{"line":272,"column":5,"severity":"Error","message":"Check result of \"send\" call","ruleId":"check-send-result","fix":null,"filePath":"Benchmarks/Study_SamplesSet/76d397cfc254cc18e83fe06dbbca1f2f.sol"},{"line":282,"column":3,"severity":"Warning","message":"Variable name must be in mixedCase","ruleId":"var-name-mixedcase","fix":null,"filePath":"Benchmarks/Study_SamplesSet/76d397cfc254cc18e83fe06dbbca1f2f.sol"},{"line":284,"column":1,"severity":"Warning","message":"Function name must be in mixedCase","ruleId":"func-name-mixedcase","fix":null,"filePath":"Benchmarks/Study_SamplesSet/76d397cfc254cc18e83fe06dbbca1f2f.sol"},{"line":285,"column":9,"severity":"Warning","message":"Provide an error message for require","ruleId":"reason-string","fix":null,"filePath":"Benchmarks/Study_SamplesSet/76d397cfc254cc18e83fe06dbbca1f2f.sol"},{"line":285,"column":9,"severity":"Warning","message":"Use Custom Errors instead of require statements","ruleId":"custom-errors","fix":null,"filePath":"Benchmarks/Study_SamplesSet/76d397cfc254cc18e83fe06dbbca1f2f.sol"},{"line":286,"column":9,"severity":"Error","message":"Check result of \"send\" call","ruleId":"check-send-result","fix":null,"filePath":"Benchmarks/Study_SamplesSet/76d397cfc254cc18e83fe06dbbca1f2f.sol"},{"line":289,"column":3,"severity":"Warning","message":"Function name must be in mixedCase","ruleId":"func-name-mixedcase","fix":null,"filePath":"Benchmarks/Study_SamplesSet/76d397cfc254cc18e83fe06dbbca1f2f.sol"},{"line":290,"column":5,"severity":"Error","message":"Avoid to use low level calls.","ruleId":"avoid-low-level-calls","fix":null,"filePath":"Benchmarks/Study_SamplesSet/76d397cfc254cc18e83fe06dbbca1f2f.sol"},{"line":290,"column":5,"severity":"Error","message":"Avoid to use \".call.value()()\"","ruleId":"avoid-call-value","fix":null,"filePath":"Benchmarks/Study_SamplesSet/76d397cfc254cc18e83fe06dbbca1f2f.sol"},{"line":294,"column":3,"severity":"Warning","message":"Function name must be in mixedCase","ruleId":"func-name-mixedcase","fix":null,"filePath":"Benchmarks/Study_SamplesSet/76d397cfc254cc18e83fe06dbbca1f2f.sol"},{"line":295,"column":1,"severity":"Warning","message":"Variable name must be in mixedCase","ruleId":"var-name-mixedcase","fix":null,"filePath":"Benchmarks/Study_SamplesSet/76d397cfc254cc18e83fe06dbbca1f2f.sol"},{"line":297,"column":3,"severity":"Warning","message":"Provide an error message for revert","ruleId":"reason-string","fix":null,"filePath":"Benchmarks/Study_SamplesSet/76d397cfc254cc18e83fe06dbbca1f2f.sol"},{"line":297,"column":3,"severity":"Warning","message":"Use Custom Errors instead of revert statements","ruleId":"custom-errors","fix":null,"filePath":"Benchmarks/Study_SamplesSet/76d397cfc254cc18e83fe06dbbca1f2f.sol"},{"line":302,"column":3,"severity":"Warning","message":"Function name must be in mixedCase","ruleId":"func-name-mixedcase","fix":null,"filePath":"Benchmarks/Study_SamplesSet/76d397cfc254cc18e83fe06dbbca1f2f.sol"},{"line":303,"column":5,"severity":"Error","message":"Avoid to use low level calls.","ruleId":"avoid-low-level-calls","fix":null,"filePath":"Benchmarks/Study_SamplesSet/76d397cfc254cc18e83fe06dbbca1f2f.sol"},{"line":303,"column":5,"severity":"Error","message":"Avoid to use \".call.value()()\"","ruleId":"avoid-call-value","fix":null,"filePath":"Benchmarks/Study_SamplesSet/76d397cfc254cc18e83fe06dbbca1f2f.sol"},{"line":312,"column":57,"severity":"Warning","message":"Visibility modifier must be first in list of modifiers","ruleId":"visibility-modifier-order","fix":null,"filePath":"Benchmarks/Study_SamplesSet/76d397cfc254cc18e83fe06dbbca1f2f.sol"},{"line":313,"column":1,"severity":"Warning","message":"Function name must be in mixedCase","ruleId":"func-name-mixedcase","fix":null,"filePath":"Benchmarks/Study_SamplesSet/76d397cfc254cc18e83fe06dbbca1f2f.sol"},{"line":314,"column":1,"severity":"Warning","message":"Rule is set with explicit type [var/s: uint]","ruleId":"explicit-types","filePath":"Benchmarks/Study_SamplesSet/76d397cfc254cc18e83fe06dbbca1f2f.sol"},{"line":314,"column":1,"severity":"Warning","message":"Variable name must be in mixedCase","ruleId":"var-name-mixedcase","fix":null,"filePath":"Benchmarks/Study_SamplesSet/76d397cfc254cc18e83fe06dbbca1f2f.sol"},{"line":315,"column":1,"severity":"Warning","message":"Variable name must be in mixedCase","ruleId":"var-name-mixedcase","fix":null,"filePath":"Benchmarks/Study_SamplesSet/76d397cfc254cc18e83fe06dbbca1f2f.sol"},{"line":319,"column":3,"severity":"Warning","message":"Provide an error message for revert","ruleId":"reason-string","fix":null,"filePath":"Benchmarks/Study_SamplesSet/76d397cfc254cc18e83fe06dbbca1f2f.sol"},{"line":319,"column":3,"severity":"Warning","message":"Use Custom Errors instead of revert statements","ruleId":"custom-errors","fix":null,"filePath":"Benchmarks/Study_SamplesSet/76d397cfc254cc18e83fe06dbbca1f2f.sol"},{"line":323,"column":52,"severity":"Warning","message":"Rule is set with explicit type [var/s: uint]","ruleId":"explicit-types","filePath":"Benchmarks/Study_SamplesSet/76d397cfc254cc18e83fe06dbbca1f2f.sol"},{"line":324,"column":9,"severity":"Warning","message":"Provide an error message for require","ruleId":"reason-string","fix":null,"filePath":"Benchmarks/Study_SamplesSet/76d397cfc254cc18e83fe06dbbca1f2f.sol"},{"line":324,"column":9,"severity":"Warning","message":"Use Custom Errors instead of require statements","ruleId":"custom-errors","fix":null,"filePath":"Benchmarks/Study_SamplesSet/76d397cfc254cc18e83fe06dbbca1f2f.sol"},{"line":325,"column":9,"severity":"Warning","message":"Provide an error message for require","ruleId":"reason-string","fix":null,"filePath":"Benchmarks/Study_SamplesSet/76d397cfc254cc18e83fe06dbbca1f2f.sol"},{"line":325,"column":9,"severity":"Warning","message":"Use Custom Errors instead of require statements","ruleId":"custom-errors","fix":null,"filePath":"Benchmarks/Study_SamplesSet/76d397cfc254cc18e83fe06dbbca1f2f.sol"},{"line":326,"column":9,"severity":"Warning","message":"Provide an error message for require","ruleId":"reason-string","fix":null,"filePath":"Benchmarks/Study_SamplesSet/76d397cfc254cc18e83fe06dbbca1f2f.sol"},{"line":326,"column":9,"severity":"Warning","message":"Use Custom Errors instead of require statements","ruleId":"custom-errors","fix":null,"filePath":"Benchmarks/Study_SamplesSet/76d397cfc254cc18e83fe06dbbca1f2f.sol"},{"line":327,"column":9,"severity":"Warning","message":"Provide an error message for require","ruleId":"reason-string","fix":null,"filePath":"Benchmarks/Study_SamplesSet/76d397cfc254cc18e83fe06dbbca1f2f.sol"},{"line":327,"column":9,"severity":"Warning","message":"Use Custom Errors instead of require statements","ruleId":"custom-errors","fix":null,"filePath":"Benchmarks/Study_SamplesSet/76d397cfc254cc18e83fe06dbbca1f2f.sol"},{"line":328,"column":9,"severity":"Warning","message":"Provide an error message for require","ruleId":"reason-string","fix":null,"filePath":"Benchmarks/Study_SamplesSet/76d397cfc254cc18e83fe06dbbca1f2f.sol"},{"line":328,"column":9,"severity":"Warning","message":"Use Custom Errors instead of require statements","ruleId":"custom-errors","fix":null,"filePath":"Benchmarks/Study_SamplesSet/76d397cfc254cc18e83fe06dbbca1f2f.sol"},{"line":333,"column":1,"severity":"Warning","message":"Variable name must be in mixedCase","ruleId":"var-name-mixedcase","fix":null,"filePath":"Benchmarks/Study_SamplesSet/76d397cfc254cc18e83fe06dbbca1f2f.sol"},{"line":334,"column":1,"severity":"Warning","message":"Variable name must be in mixedCase","ruleId":"var-name-mixedcase","fix":null,"filePath":"Benchmarks/Study_SamplesSet/76d397cfc254cc18e83fe06dbbca1f2f.sol"},{"line":335,"column":1,"severity":"Warning","message":"Rule is set with explicit type [var/s: uint]","ruleId":"explicit-types","filePath":"Benchmarks/Study_SamplesSet/76d397cfc254cc18e83fe06dbbca1f2f.sol"},{"line":335,"column":1,"severity":"Warning","message":"Variable name must be in mixedCase","ruleId":"var-name-mixedcase","fix":null,"filePath":"Benchmarks/Study_SamplesSet/76d397cfc254cc18e83fe06dbbca1f2f.sol"},{"line":337,"column":1,"severity":"Warning","message":"Function name must be in mixedCase","ruleId":"func-name-mixedcase","fix":null,"filePath":"Benchmarks/Study_SamplesSet/76d397cfc254cc18e83fe06dbbca1f2f.sol"},{"line":338,"column":9,"severity":"Warning","message":"Provide an error message for require","ruleId":"reason-string","fix":null,"filePath":"Benchmarks/Study_SamplesSet/76d397cfc254cc18e83fe06dbbca1f2f.sol"},{"line":338,"column":9,"severity":"Warning","message":"Use Custom Errors instead of require statements","ruleId":"custom-errors","fix":null,"filePath":"Benchmarks/Study_SamplesSet/76d397cfc254cc18e83fe06dbbca1f2f.sol"},{"line":339,"column":9,"severity":"Error","message":"Check result of \"send\" call","ruleId":"check-send-result","fix":null,"filePath":"Benchmarks/Study_SamplesSet/76d397cfc254cc18e83fe06dbbca1f2f.sol"},{"line":340,"column":9,"severity":"Error","message":"Possible reentrancy vulnerabilities. Avoid state changes after transfer.","ruleId":"reentrancy","fix":null,"filePath":"Benchmarks/Study_SamplesSet/76d397cfc254cc18e83fe06dbbca1f2f.sol"},{"line":346,"column":72,"severity":"Warning","message":"Visibility modifier must be first in list of modifiers","ruleId":"visibility-modifier-order","fix":null,"filePath":"Benchmarks/Study_SamplesSet/76d397cfc254cc18e83fe06dbbca1f2f.sol"},{"line":352,"column":1,"severity":"Warning","message":"Function name must be in mixedCase","ruleId":"func-name-mixedcase","fix":null,"filePath":"Benchmarks/Study_SamplesSet/76d397cfc254cc18e83fe06dbbca1f2f.sol"},{"line":353,"column":8,"severity":"Error","message":"Check result of \"send\" call","ruleId":"check-send-result","fix":null,"filePath":"Benchmarks/Study_SamplesSet/76d397cfc254cc18e83fe06dbbca1f2f.sol"},{"line":358,"column":67,"severity":"Warning","message":"Visibility modifier must be first in list of modifiers","ruleId":"visibility-modifier-order","fix":null,"filePath":"Benchmarks/Study_SamplesSet/76d397cfc254cc18e83fe06dbbca1f2f.sol"},{"line":362,"column":1,"severity":"Warning","message":"Function name must be in mixedCase","ruleId":"func-name-mixedcase","fix":null,"filePath":"Benchmarks/Study_SamplesSet/76d397cfc254cc18e83fe06dbbca1f2f.sol"},{"line":363,"column":9,"severity":"Error","message":"Avoid to use low level calls.","ruleId":"avoid-low-level-calls","fix":null,"filePath":"Benchmarks/Study_SamplesSet/76d397cfc254cc18e83fe06dbbca1f2f.sol"},{"line":363,"column":9,"severity":"Error","message":"Avoid to use \".call.value()()\"","ruleId":"avoid-call-value","fix":null,"filePath":"Benchmarks/Study_SamplesSet/76d397cfc254cc18e83fe06dbbca1f2f.sol"},{"line":369,"column":77,"severity":"Warning","message":"Visibility modifier must be first in list of modifiers","ruleId":"visibility-modifier-order","fix":null,"filePath":"Benchmarks/Study_SamplesSet/76d397cfc254cc18e83fe06dbbca1f2f.sol"},{"line":373,"column":1,"severity":"Warning","message":"Function name must be in mixedCase","ruleId":"func-name-mixedcase","fix":null,"filePath":"Benchmarks/Study_SamplesSet/76d397cfc254cc18e83fe06dbbca1f2f.sol"},{"line":374,"column":9,"severity":"Error","message":"Check result of \"send\" call","ruleId":"check-send-result","fix":null,"filePath":"Benchmarks/Study_SamplesSet/76d397cfc254cc18e83fe06dbbca1f2f.sol"},{"line":378,"column":28,"severity":"Warning","message":"Visibility modifier must be first in list of modifiers","ruleId":"visibility-modifier-order","fix":null,"filePath":"Benchmarks/Study_SamplesSet/76d397cfc254cc18e83fe06dbbca1f2f.sol"},{"line":379,"column":9,"severity":"Warning","message":"Rule is set with explicit type [var/s: uint]","ruleId":"explicit-types","filePath":"Benchmarks/Study_SamplesSet/76d397cfc254cc18e83fe06dbbca1f2f.sol"},{"line":382,"column":1,"severity":"Warning","message":"Variable name must be in mixedCase","ruleId":"var-name-mixedcase","fix":null,"filePath":"Benchmarks/Study_SamplesSet/76d397cfc254cc18e83fe06dbbca1f2f.sol"},{"line":383,"column":1,"severity":"Warning","message":"Variable name must be in mixedCase","ruleId":"var-name-mixedcase","fix":null,"filePath":"Benchmarks/Study_SamplesSet/76d397cfc254cc18e83fe06dbbca1f2f.sol"},{"line":384,"column":1,"severity":"Warning","message":"Rule is set with explicit type [var/s: uint]","ruleId":"explicit-types","filePath":"Benchmarks/Study_SamplesSet/76d397cfc254cc18e83fe06dbbca1f2f.sol"},{"line":384,"column":1,"severity":"Warning","message":"Variable name must be in mixedCase","ruleId":"var-name-mixedcase","fix":null,"filePath":"Benchmarks/Study_SamplesSet/76d397cfc254cc18e83fe06dbbca1f2f.sol"},{"line":386,"column":1,"severity":"Warning","message":"Function name must be in mixedCase","ruleId":"func-name-mixedcase","fix":null,"filePath":"Benchmarks/Study_SamplesSet/76d397cfc254cc18e83fe06dbbca1f2f.sol"},{"line":387,"column":9,"severity":"Warning","message":"Provide an error message for require","ruleId":"reason-string","fix":null,"filePath":"Benchmarks/Study_SamplesSet/76d397cfc254cc18e83fe06dbbca1f2f.sol"},{"line":387,"column":9,"severity":"Warning","message":"Use Custom Errors instead of require statements","ruleId":"custom-errors","fix":null,"filePath":"Benchmarks/Study_SamplesSet/76d397cfc254cc18e83fe06dbbca1f2f.sol"},{"line":388,"column":9,"severity":"Error","message":"Check result of \"send\" call","ruleId":"check-send-result","fix":null,"filePath":"Benchmarks/Study_SamplesSet/76d397cfc254cc18e83fe06dbbca1f2f.sol"},{"line":389,"column":9,"severity":"Error","message":"Possible reentrancy vulnerabilities. Avoid state changes after transfer.","ruleId":"reentrancy","fix":null,"filePath":"Benchmarks/Study_SamplesSet/76d397cfc254cc18e83fe06dbbca1f2f.sol"},{"line":396,"column":9,"severity":"Warning","message":"Provide an error message for require","ruleId":"reason-string","fix":null,"filePath":"Benchmarks/Study_SamplesSet/76d397cfc254cc18e83fe06dbbca1f2f.sol"},{"line":396,"column":9,"severity":"Warning","message":"Use Custom Errors instead of require statements","ruleId":"custom-errors","fix":null,"filePath":"Benchmarks/Study_SamplesSet/76d397cfc254cc18e83fe06dbbca1f2f.sol"},{"line":400,"column":1,"severity":"Warning","message":"Function name must be in mixedCase","ruleId":"func-name-mixedcase","fix":null,"filePath":"Benchmarks/Study_SamplesSet/76d397cfc254cc18e83fe06dbbca1f2f.sol"},{"line":401,"column":4,"severity":"Warning","message":"Variable name must be in mixedCase","ruleId":"var-name-mixedcase","fix":null,"filePath":"Benchmarks/Study_SamplesSet/76d397cfc254cc18e83fe06dbbca1f2f.sol"},{"line":403,"column":7,"severity":"Warning","message":"Code contains empty blocks","ruleId":"no-empty-blocks","fix":null,"filePath":"Benchmarks/Study_SamplesSet/76d397cfc254cc18e83fe06dbbca1f2f.sol"},{"line":406,"column":7,"severity":"Warning","message":"Code contains empty blocks","ruleId":"no-empty-blocks","fix":null,"filePath":"Benchmarks/Study_SamplesSet/76d397cfc254cc18e83fe06dbbca1f2f.sol"},{"conclusion":"173 problem/s (34 error/s, 139 warning/s)"}]
