[{"line":1,"column":1,"severity":"Error","message":"Compiler version ^0.4.0 does not satisfy the ^0.8.0 semver requirement","ruleId":"compiler-version","fix":null,"filePath":"Benchmarks/Study_SamplesSet/776db1c99d75c11ee0b71ff399dec3f4.sol"},{"line":3,"column":1,"severity":"Warning","message":"Contract has 19 states declarations but allowed no more than 15","ruleId":"max-states-count","fix":null,"filePath":"Benchmarks/Study_SamplesSet/776db1c99d75c11ee0b71ff399dec3f4.sol"},{"line":79,"column":9,"severity":"Warning","message":"Variable name must be in mixedCase","ruleId":"var-name-mixedcase","fix":null,"filePath":"Benchmarks/Study_SamplesSet/776db1c99d75c11ee0b71ff399dec3f4.sol"},{"line":116,"column":5,"severity":"Warning","message":"Variable name must be in mixedCase","ruleId":"var-name-mixedcase","fix":null,"filePath":"Benchmarks/Study_SamplesSet/776db1c99d75c11ee0b71ff399dec3f4.sol"},{"line":117,"column":5,"severity":"Warning","message":"Variable name must be in mixedCase","ruleId":"var-name-mixedcase","fix":null,"filePath":"Benchmarks/Study_SamplesSet/776db1c99d75c11ee0b71ff399dec3f4.sol"},{"line":118,"column":5,"severity":"Warning","message":"Variable name must be in mixedCase","ruleId":"var-name-mixedcase","fix":null,"filePath":"Benchmarks/Study_SamplesSet/776db1c99d75c11ee0b71ff399dec3f4.sol"},{"line":119,"column":5,"severity":"Warning","message":"Variable name must be in mixedCase","ruleId":"var-name-mixedcase","fix":null,"filePath":"Benchmarks/Study_SamplesSet/776db1c99d75c11ee0b71ff399dec3f4.sol"},{"line":124,"column":5,"severity":"Warning","message":"Function name must be in mixedCase","ruleId":"func-name-mixedcase","fix":null,"filePath":"Benchmarks/Study_SamplesSet/776db1c99d75c11ee0b71ff399dec3f4.sol"},{"line":125,"column":9,"severity":"Warning","message":"Provide an error message for require","ruleId":"reason-string","fix":null,"filePath":"Benchmarks/Study_SamplesSet/776db1c99d75c11ee0b71ff399dec3f4.sol"},{"line":125,"column":9,"severity":"Warning","message":"Use Custom Errors instead of require statements","ruleId":"custom-errors","fix":null,"filePath":"Benchmarks/Study_SamplesSet/776db1c99d75c11ee0b71ff399dec3f4.sol"},{"line":125,"column":31,"severity":"Error","message":"Explicitly mark all external contracts as trusted or untrusted","ruleId":"mark-callable-contracts","filePath":"Benchmarks/Study_SamplesSet/776db1c99d75c11ee0b71ff399dec3f4.sol"},{"line":126,"column":9,"severity":"Error","message":"Explicitly mark all external contracts as trusted or untrusted","ruleId":"mark-callable-contracts","filePath":"Benchmarks/Study_SamplesSet/776db1c99d75c11ee0b71ff399dec3f4.sol"},{"line":129,"column":5,"severity":"Warning","message":"Function name must be in mixedCase","ruleId":"func-name-mixedcase","fix":null,"filePath":"Benchmarks/Study_SamplesSet/776db1c99d75c11ee0b71ff399dec3f4.sol"},{"line":130,"column":9,"severity":"Warning","message":"Provide an error message for require","ruleId":"reason-string","fix":null,"filePath":"Benchmarks/Study_SamplesSet/776db1c99d75c11ee0b71ff399dec3f4.sol"},{"line":130,"column":9,"severity":"Warning","message":"Use Custom Errors instead of require statements","ruleId":"custom-errors","fix":null,"filePath":"Benchmarks/Study_SamplesSet/776db1c99d75c11ee0b71ff399dec3f4.sol"},{"line":130,"column":31,"severity":"Error","message":"Explicitly mark all external contracts as trusted or untrusted","ruleId":"mark-callable-contracts","filePath":"Benchmarks/Study_SamplesSet/776db1c99d75c11ee0b71ff399dec3f4.sol"},{"line":131,"column":9,"severity":"Error","message":"Explicitly mark all external contracts as trusted or untrusted","ruleId":"mark-callable-contracts","filePath":"Benchmarks/Study_SamplesSet/776db1c99d75c11ee0b71ff399dec3f4.sol"},{"line":134,"column":5,"severity":"Warning","message":"Function name must be in mixedCase","ruleId":"func-name-mixedcase","fix":null,"filePath":"Benchmarks/Study_SamplesSet/776db1c99d75c11ee0b71ff399dec3f4.sol"},{"line":135,"column":9,"severity":"Warning","message":"Provide an error message for require","ruleId":"reason-string","fix":null,"filePath":"Benchmarks/Study_SamplesSet/776db1c99d75c11ee0b71ff399dec3f4.sol"},{"line":135,"column":9,"severity":"Warning","message":"Use Custom Errors instead of require statements","ruleId":"custom-errors","fix":null,"filePath":"Benchmarks/Study_SamplesSet/776db1c99d75c11ee0b71ff399dec3f4.sol"},{"line":135,"column":31,"severity":"Error","message":"Explicitly mark all external contracts as trusted or untrusted","ruleId":"mark-callable-contracts","filePath":"Benchmarks/Study_SamplesSet/776db1c99d75c11ee0b71ff399dec3f4.sol"},{"line":136,"column":9,"severity":"Error","message":"Explicitly mark all external contracts as trusted or untrusted","ruleId":"mark-callable-contracts","filePath":"Benchmarks/Study_SamplesSet/776db1c99d75c11ee0b71ff399dec3f4.sol"},{"line":139,"column":5,"severity":"Warning","message":"Function name must be in mixedCase","ruleId":"func-name-mixedcase","fix":null,"filePath":"Benchmarks/Study_SamplesSet/776db1c99d75c11ee0b71ff399dec3f4.sol"},{"line":140,"column":9,"severity":"Warning","message":"Provide an error message for require","ruleId":"reason-string","fix":null,"filePath":"Benchmarks/Study_SamplesSet/776db1c99d75c11ee0b71ff399dec3f4.sol"},{"line":140,"column":9,"severity":"Warning","message":"Use Custom Errors instead of require statements","ruleId":"custom-errors","fix":null,"filePath":"Benchmarks/Study_SamplesSet/776db1c99d75c11ee0b71ff399dec3f4.sol"},{"line":140,"column":31,"severity":"Error","message":"Explicitly mark all external contracts as trusted or untrusted","ruleId":"mark-callable-contracts","filePath":"Benchmarks/Study_SamplesSet/776db1c99d75c11ee0b71ff399dec3f4.sol"},{"line":146,"column":9,"severity":"Error","message":"Explicitly mark all external contracts as trusted or untrusted","ruleId":"mark-callable-contracts","filePath":"Benchmarks/Study_SamplesSet/776db1c99d75c11ee0b71ff399dec3f4.sol"},{"line":147,"column":9,"severity":"Error","message":"Explicitly mark all external contracts as trusted or untrusted","ruleId":"mark-callable-contracts","filePath":"Benchmarks/Study_SamplesSet/776db1c99d75c11ee0b71ff399dec3f4.sol"},{"line":148,"column":9,"severity":"Error","message":"Explicitly mark all external contracts as trusted or untrusted","ruleId":"mark-callable-contracts","filePath":"Benchmarks/Study_SamplesSet/776db1c99d75c11ee0b71ff399dec3f4.sol"},{"line":149,"column":9,"severity":"Error","message":"Explicitly mark all external contracts as trusted or untrusted","ruleId":"mark-callable-contracts","filePath":"Benchmarks/Study_SamplesSet/776db1c99d75c11ee0b71ff399dec3f4.sol"},{"line":178,"column":74,"severity":"Error","message":"Avoid making time-based decisions in your business logic","ruleId":"not-rely-on-time","fix":null,"filePath":"Benchmarks/Study_SamplesSet/776db1c99d75c11ee0b71ff399dec3f4.sol"},{"line":179,"column":74,"severity":"Error","message":"Avoid making time-based decisions in your business logic","ruleId":"not-rely-on-time","fix":null,"filePath":"Benchmarks/Study_SamplesSet/776db1c99d75c11ee0b71ff399dec3f4.sol"},{"line":180,"column":76,"severity":"Error","message":"Avoid making time-based decisions in your business logic","ruleId":"not-rely-on-time","fix":null,"filePath":"Benchmarks/Study_SamplesSet/776db1c99d75c11ee0b71ff399dec3f4.sol"},{"line":181,"column":76,"severity":"Error","message":"Avoid making time-based decisions in your business logic","ruleId":"not-rely-on-time","fix":null,"filePath":"Benchmarks/Study_SamplesSet/776db1c99d75c11ee0b71ff399dec3f4.sol"},{"line":182,"column":77,"severity":"Error","message":"Avoid making time-based decisions in your business logic","ruleId":"not-rely-on-time","fix":null,"filePath":"Benchmarks/Study_SamplesSet/776db1c99d75c11ee0b71ff399dec3f4.sol"},{"line":183,"column":76,"severity":"Error","message":"Avoid making time-based decisions in your business logic","ruleId":"not-rely-on-time","fix":null,"filePath":"Benchmarks/Study_SamplesSet/776db1c99d75c11ee0b71ff399dec3f4.sol"},{"line":184,"column":78,"severity":"Error","message":"Avoid making time-based decisions in your business logic","ruleId":"not-rely-on-time","fix":null,"filePath":"Benchmarks/Study_SamplesSet/776db1c99d75c11ee0b71ff399dec3f4.sol"},{"line":185,"column":76,"severity":"Error","message":"Avoid making time-based decisions in your business logic","ruleId":"not-rely-on-time","fix":null,"filePath":"Benchmarks/Study_SamplesSet/776db1c99d75c11ee0b71ff399dec3f4.sol"},{"line":186,"column":78,"severity":"Error","message":"Avoid making time-based decisions in your business logic","ruleId":"not-rely-on-time","fix":null,"filePath":"Benchmarks/Study_SamplesSet/776db1c99d75c11ee0b71ff399dec3f4.sol"},{"line":187,"column":81,"severity":"Error","message":"Avoid making time-based decisions in your business logic","ruleId":"not-rely-on-time","fix":null,"filePath":"Benchmarks/Study_SamplesSet/776db1c99d75c11ee0b71ff399dec3f4.sol"},{"line":188,"column":80,"severity":"Error","message":"Avoid making time-based decisions in your business logic","ruleId":"not-rely-on-time","fix":null,"filePath":"Benchmarks/Study_SamplesSet/776db1c99d75c11ee0b71ff399dec3f4.sol"},{"line":192,"column":9,"severity":"Warning","message":"Provide an error message for require","ruleId":"reason-string","fix":null,"filePath":"Benchmarks/Study_SamplesSet/776db1c99d75c11ee0b71ff399dec3f4.sol"},{"line":192,"column":9,"severity":"Warning","message":"Use Custom Errors instead of require statements","ruleId":"custom-errors","fix":null,"filePath":"Benchmarks/Study_SamplesSet/776db1c99d75c11ee0b71ff399dec3f4.sol"},{"line":194,"column":9,"severity":"Warning","message":"Provide an error message for require","ruleId":"reason-string","fix":null,"filePath":"Benchmarks/Study_SamplesSet/776db1c99d75c11ee0b71ff399dec3f4.sol"},{"line":194,"column":9,"severity":"Warning","message":"Use Custom Errors instead of require statements","ruleId":"custom-errors","fix":null,"filePath":"Benchmarks/Study_SamplesSet/776db1c99d75c11ee0b71ff399dec3f4.sol"},{"line":195,"column":9,"severity":"Warning","message":"Provide an error message for require","ruleId":"reason-string","fix":null,"filePath":"Benchmarks/Study_SamplesSet/776db1c99d75c11ee0b71ff399dec3f4.sol"},{"line":195,"column":9,"severity":"Warning","message":"Use Custom Errors instead of require statements","ruleId":"custom-errors","fix":null,"filePath":"Benchmarks/Study_SamplesSet/776db1c99d75c11ee0b71ff399dec3f4.sol"},{"line":196,"column":9,"severity":"Warning","message":"Provide an error message for require","ruleId":"reason-string","fix":null,"filePath":"Benchmarks/Study_SamplesSet/776db1c99d75c11ee0b71ff399dec3f4.sol"},{"line":196,"column":9,"severity":"Warning","message":"Use Custom Errors instead of require statements","ruleId":"custom-errors","fix":null,"filePath":"Benchmarks/Study_SamplesSet/776db1c99d75c11ee0b71ff399dec3f4.sol"},{"line":197,"column":9,"severity":"Warning","message":"Provide an error message for require","ruleId":"reason-string","fix":null,"filePath":"Benchmarks/Study_SamplesSet/776db1c99d75c11ee0b71ff399dec3f4.sol"},{"line":197,"column":9,"severity":"Warning","message":"Use Custom Errors instead of require statements","ruleId":"custom-errors","fix":null,"filePath":"Benchmarks/Study_SamplesSet/776db1c99d75c11ee0b71ff399dec3f4.sol"},{"line":206,"column":13,"severity":"Error","message":"Possible reentrancy vulnerabilities. Avoid state changes after transfer.","ruleId":"reentrancy","fix":null,"filePath":"Benchmarks/Study_SamplesSet/776db1c99d75c11ee0b71ff399dec3f4.sol"},{"line":209,"column":9,"severity":"Error","message":"Explicitly mark all external contracts as trusted or untrusted","ruleId":"mark-callable-contracts","filePath":"Benchmarks/Study_SamplesSet/776db1c99d75c11ee0b71ff399dec3f4.sol"},{"line":214,"column":9,"severity":"Warning","message":"Provide an error message for require","ruleId":"reason-string","fix":null,"filePath":"Benchmarks/Study_SamplesSet/776db1c99d75c11ee0b71ff399dec3f4.sol"},{"line":214,"column":9,"severity":"Warning","message":"Use Custom Errors instead of require statements","ruleId":"custom-errors","fix":null,"filePath":"Benchmarks/Study_SamplesSet/776db1c99d75c11ee0b71ff399dec3f4.sol"},{"line":216,"column":9,"severity":"Warning","message":"Provide an error message for require","ruleId":"reason-string","fix":null,"filePath":"Benchmarks/Study_SamplesSet/776db1c99d75c11ee0b71ff399dec3f4.sol"},{"line":216,"column":9,"severity":"Warning","message":"Use Custom Errors instead of require statements","ruleId":"custom-errors","fix":null,"filePath":"Benchmarks/Study_SamplesSet/776db1c99d75c11ee0b71ff399dec3f4.sol"},{"line":217,"column":9,"severity":"Warning","message":"Provide an error message for require","ruleId":"reason-string","fix":null,"filePath":"Benchmarks/Study_SamplesSet/776db1c99d75c11ee0b71ff399dec3f4.sol"},{"line":217,"column":9,"severity":"Warning","message":"Use Custom Errors instead of require statements","ruleId":"custom-errors","fix":null,"filePath":"Benchmarks/Study_SamplesSet/776db1c99d75c11ee0b71ff399dec3f4.sol"},{"line":219,"column":9,"severity":"Warning","message":"Provide an error message for require","ruleId":"reason-string","fix":null,"filePath":"Benchmarks/Study_SamplesSet/776db1c99d75c11ee0b71ff399dec3f4.sol"},{"line":219,"column":9,"severity":"Warning","message":"Use Custom Errors instead of require statements","ruleId":"custom-errors","fix":null,"filePath":"Benchmarks/Study_SamplesSet/776db1c99d75c11ee0b71ff399dec3f4.sol"},{"line":220,"column":9,"severity":"Warning","message":"Provide an error message for require","ruleId":"reason-string","fix":null,"filePath":"Benchmarks/Study_SamplesSet/776db1c99d75c11ee0b71ff399dec3f4.sol"},{"line":220,"column":9,"severity":"Warning","message":"Use Custom Errors instead of require statements","ruleId":"custom-errors","fix":null,"filePath":"Benchmarks/Study_SamplesSet/776db1c99d75c11ee0b71ff399dec3f4.sol"},{"line":227,"column":13,"severity":"Error","message":"Possible reentrancy vulnerabilities. Avoid state changes after transfer.","ruleId":"reentrancy","fix":null,"filePath":"Benchmarks/Study_SamplesSet/776db1c99d75c11ee0b71ff399dec3f4.sol"},{"line":230,"column":9,"severity":"Error","message":"Explicitly mark all external contracts as trusted or untrusted","ruleId":"mark-callable-contracts","filePath":"Benchmarks/Study_SamplesSet/776db1c99d75c11ee0b71ff399dec3f4.sol"},{"line":235,"column":9,"severity":"Error","message":"Explicitly mark all external contracts as trusted or untrusted","ruleId":"mark-callable-contracts","filePath":"Benchmarks/Study_SamplesSet/776db1c99d75c11ee0b71ff399dec3f4.sol"},{"line":242,"column":9,"severity":"Warning","message":"Provide an error message for require","ruleId":"reason-string","fix":null,"filePath":"Benchmarks/Study_SamplesSet/776db1c99d75c11ee0b71ff399dec3f4.sol"},{"line":242,"column":9,"severity":"Warning","message":"Use Custom Errors instead of require statements","ruleId":"custom-errors","fix":null,"filePath":"Benchmarks/Study_SamplesSet/776db1c99d75c11ee0b71ff399dec3f4.sol"},{"line":243,"column":9,"severity":"Warning","message":"Provide an error message for require","ruleId":"reason-string","fix":null,"filePath":"Benchmarks/Study_SamplesSet/776db1c99d75c11ee0b71ff399dec3f4.sol"},{"line":243,"column":9,"severity":"Warning","message":"Use Custom Errors instead of require statements","ruleId":"custom-errors","fix":null,"filePath":"Benchmarks/Study_SamplesSet/776db1c99d75c11ee0b71ff399dec3f4.sol"},{"line":244,"column":9,"severity":"Warning","message":"Provide an error message for require","ruleId":"reason-string","fix":null,"filePath":"Benchmarks/Study_SamplesSet/776db1c99d75c11ee0b71ff399dec3f4.sol"},{"line":244,"column":9,"severity":"Warning","message":"Use Custom Errors instead of require statements","ruleId":"custom-errors","fix":null,"filePath":"Benchmarks/Study_SamplesSet/776db1c99d75c11ee0b71ff399dec3f4.sol"},{"line":245,"column":9,"severity":"Warning","message":"Provide an error message for require","ruleId":"reason-string","fix":null,"filePath":"Benchmarks/Study_SamplesSet/776db1c99d75c11ee0b71ff399dec3f4.sol"},{"line":245,"column":9,"severity":"Warning","message":"Use Custom Errors instead of require statements","ruleId":"custom-errors","fix":null,"filePath":"Benchmarks/Study_SamplesSet/776db1c99d75c11ee0b71ff399dec3f4.sol"},{"line":246,"column":9,"severity":"Warning","message":"Provide an error message for require","ruleId":"reason-string","fix":null,"filePath":"Benchmarks/Study_SamplesSet/776db1c99d75c11ee0b71ff399dec3f4.sol"},{"line":246,"column":9,"severity":"Warning","message":"Use Custom Errors instead of require statements","ruleId":"custom-errors","fix":null,"filePath":"Benchmarks/Study_SamplesSet/776db1c99d75c11ee0b71ff399dec3f4.sol"},{"line":249,"column":18,"severity":"Error","message":"Explicitly mark all external contracts as trusted or untrusted","ruleId":"mark-callable-contracts","filePath":"Benchmarks/Study_SamplesSet/776db1c99d75c11ee0b71ff399dec3f4.sol"},{"line":251,"column":9,"severity":"Error","message":"Explicitly mark all external contracts as trusted or untrusted","ruleId":"mark-callable-contracts","filePath":"Benchmarks/Study_SamplesSet/776db1c99d75c11ee0b71ff399dec3f4.sol"},{"line":258,"column":9,"severity":"Warning","message":"Provide an error message for require","ruleId":"reason-string","fix":null,"filePath":"Benchmarks/Study_SamplesSet/776db1c99d75c11ee0b71ff399dec3f4.sol"},{"line":258,"column":9,"severity":"Warning","message":"Use Custom Errors instead of require statements","ruleId":"custom-errors","fix":null,"filePath":"Benchmarks/Study_SamplesSet/776db1c99d75c11ee0b71ff399dec3f4.sol"},{"line":259,"column":9,"severity":"Warning","message":"Provide an error message for require","ruleId":"reason-string","fix":null,"filePath":"Benchmarks/Study_SamplesSet/776db1c99d75c11ee0b71ff399dec3f4.sol"},{"line":259,"column":9,"severity":"Warning","message":"Use Custom Errors instead of require statements","ruleId":"custom-errors","fix":null,"filePath":"Benchmarks/Study_SamplesSet/776db1c99d75c11ee0b71ff399dec3f4.sol"},{"line":260,"column":9,"severity":"Warning","message":"Provide an error message for require","ruleId":"reason-string","fix":null,"filePath":"Benchmarks/Study_SamplesSet/776db1c99d75c11ee0b71ff399dec3f4.sol"},{"line":260,"column":9,"severity":"Warning","message":"Use Custom Errors instead of require statements","ruleId":"custom-errors","fix":null,"filePath":"Benchmarks/Study_SamplesSet/776db1c99d75c11ee0b71ff399dec3f4.sol"},{"line":261,"column":9,"severity":"Warning","message":"Provide an error message for require","ruleId":"reason-string","fix":null,"filePath":"Benchmarks/Study_SamplesSet/776db1c99d75c11ee0b71ff399dec3f4.sol"},{"line":261,"column":9,"severity":"Warning","message":"Use Custom Errors instead of require statements","ruleId":"custom-errors","fix":null,"filePath":"Benchmarks/Study_SamplesSet/776db1c99d75c11ee0b71ff399dec3f4.sol"},{"line":265,"column":9,"severity":"Error","message":"Explicitly mark all external contracts as trusted or untrusted","ruleId":"mark-callable-contracts","filePath":"Benchmarks/Study_SamplesSet/776db1c99d75c11ee0b71ff399dec3f4.sol"},{"line":270,"column":66,"severity":"Warning","message":"Variable name must be in mixedCase","ruleId":"var-name-mixedcase","fix":null,"filePath":"Benchmarks/Study_SamplesSet/776db1c99d75c11ee0b71ff399dec3f4.sol"},{"line":271,"column":9,"severity":"Warning","message":"Provide an error message for require","ruleId":"reason-string","fix":null,"filePath":"Benchmarks/Study_SamplesSet/776db1c99d75c11ee0b71ff399dec3f4.sol"},{"line":271,"column":9,"severity":"Warning","message":"Use Custom Errors instead of require statements","ruleId":"custom-errors","fix":null,"filePath":"Benchmarks/Study_SamplesSet/776db1c99d75c11ee0b71ff399dec3f4.sol"},{"line":272,"column":9,"severity":"Warning","message":"Provide an error message for require","ruleId":"reason-string","fix":null,"filePath":"Benchmarks/Study_SamplesSet/776db1c99d75c11ee0b71ff399dec3f4.sol"},{"line":272,"column":9,"severity":"Warning","message":"Use Custom Errors instead of require statements","ruleId":"custom-errors","fix":null,"filePath":"Benchmarks/Study_SamplesSet/776db1c99d75c11ee0b71ff399dec3f4.sol"},{"line":273,"column":9,"severity":"Warning","message":"Provide an error message for require","ruleId":"reason-string","fix":null,"filePath":"Benchmarks/Study_SamplesSet/776db1c99d75c11ee0b71ff399dec3f4.sol"},{"line":273,"column":9,"severity":"Warning","message":"Use Custom Errors instead of require statements","ruleId":"custom-errors","fix":null,"filePath":"Benchmarks/Study_SamplesSet/776db1c99d75c11ee0b71ff399dec3f4.sol"},{"line":274,"column":9,"severity":"Warning","message":"Provide an error message for require","ruleId":"reason-string","fix":null,"filePath":"Benchmarks/Study_SamplesSet/776db1c99d75c11ee0b71ff399dec3f4.sol"},{"line":274,"column":9,"severity":"Warning","message":"Use Custom Errors instead of require statements","ruleId":"custom-errors","fix":null,"filePath":"Benchmarks/Study_SamplesSet/776db1c99d75c11ee0b71ff399dec3f4.sol"},{"line":285,"column":9,"severity":"Error","message":"Explicitly mark all external contracts as trusted or untrusted","ruleId":"mark-callable-contracts","filePath":"Benchmarks/Study_SamplesSet/776db1c99d75c11ee0b71ff399dec3f4.sol"},{"line":291,"column":9,"severity":"Warning","message":"Provide an error message for require","ruleId":"reason-string","fix":null,"filePath":"Benchmarks/Study_SamplesSet/776db1c99d75c11ee0b71ff399dec3f4.sol"},{"line":291,"column":9,"severity":"Warning","message":"Use Custom Errors instead of require statements","ruleId":"custom-errors","fix":null,"filePath":"Benchmarks/Study_SamplesSet/776db1c99d75c11ee0b71ff399dec3f4.sol"},{"line":292,"column":9,"severity":"Warning","message":"Provide an error message for require","ruleId":"reason-string","fix":null,"filePath":"Benchmarks/Study_SamplesSet/776db1c99d75c11ee0b71ff399dec3f4.sol"},{"line":292,"column":9,"severity":"Warning","message":"Use Custom Errors instead of require statements","ruleId":"custom-errors","fix":null,"filePath":"Benchmarks/Study_SamplesSet/776db1c99d75c11ee0b71ff399dec3f4.sol"},{"line":293,"column":9,"severity":"Warning","message":"Provide an error message for require","ruleId":"reason-string","fix":null,"filePath":"Benchmarks/Study_SamplesSet/776db1c99d75c11ee0b71ff399dec3f4.sol"},{"line":293,"column":9,"severity":"Warning","message":"Use Custom Errors instead of require statements","ruleId":"custom-errors","fix":null,"filePath":"Benchmarks/Study_SamplesSet/776db1c99d75c11ee0b71ff399dec3f4.sol"},{"line":294,"column":9,"severity":"Warning","message":"Provide an error message for require","ruleId":"reason-string","fix":null,"filePath":"Benchmarks/Study_SamplesSet/776db1c99d75c11ee0b71ff399dec3f4.sol"},{"line":294,"column":9,"severity":"Warning","message":"Use Custom Errors instead of require statements","ruleId":"custom-errors","fix":null,"filePath":"Benchmarks/Study_SamplesSet/776db1c99d75c11ee0b71ff399dec3f4.sol"},{"line":295,"column":9,"severity":"Warning","message":"Provide an error message for require","ruleId":"reason-string","fix":null,"filePath":"Benchmarks/Study_SamplesSet/776db1c99d75c11ee0b71ff399dec3f4.sol"},{"line":295,"column":9,"severity":"Warning","message":"Use Custom Errors instead of require statements","ruleId":"custom-errors","fix":null,"filePath":"Benchmarks/Study_SamplesSet/776db1c99d75c11ee0b71ff399dec3f4.sol"},{"line":296,"column":9,"severity":"Warning","message":"Provide an error message for require","ruleId":"reason-string","fix":null,"filePath":"Benchmarks/Study_SamplesSet/776db1c99d75c11ee0b71ff399dec3f4.sol"},{"line":296,"column":9,"severity":"Warning","message":"Use Custom Errors instead of require statements","ruleId":"custom-errors","fix":null,"filePath":"Benchmarks/Study_SamplesSet/776db1c99d75c11ee0b71ff399dec3f4.sol"},{"line":297,"column":9,"severity":"Warning","message":"Provide an error message for require","ruleId":"reason-string","fix":null,"filePath":"Benchmarks/Study_SamplesSet/776db1c99d75c11ee0b71ff399dec3f4.sol"},{"line":297,"column":9,"severity":"Warning","message":"Use Custom Errors instead of require statements","ruleId":"custom-errors","fix":null,"filePath":"Benchmarks/Study_SamplesSet/776db1c99d75c11ee0b71ff399dec3f4.sol"},{"line":298,"column":9,"severity":"Warning","message":"Provide an error message for require","ruleId":"reason-string","fix":null,"filePath":"Benchmarks/Study_SamplesSet/776db1c99d75c11ee0b71ff399dec3f4.sol"},{"line":298,"column":9,"severity":"Warning","message":"Use Custom Errors instead of require statements","ruleId":"custom-errors","fix":null,"filePath":"Benchmarks/Study_SamplesSet/776db1c99d75c11ee0b71ff399dec3f4.sol"},{"line":300,"column":40,"severity":"Error","message":"Explicitly mark all external contracts as trusted or untrusted","ruleId":"mark-callable-contracts","filePath":"Benchmarks/Study_SamplesSet/776db1c99d75c11ee0b71ff399dec3f4.sol"},{"line":300,"column":90,"severity":"Error","message":"Avoid making time-based decisions in your business logic","ruleId":"not-rely-on-time","fix":null,"filePath":"Benchmarks/Study_SamplesSet/776db1c99d75c11ee0b71ff399dec3f4.sol"},{"line":304,"column":9,"severity":"Error","message":"Explicitly mark all external contracts as trusted or untrusted","ruleId":"mark-callable-contracts","filePath":"Benchmarks/Study_SamplesSet/776db1c99d75c11ee0b71ff399dec3f4.sol"},{"line":304,"column":82,"severity":"Error","message":"Avoid making time-based decisions in your business logic","ruleId":"not-rely-on-time","fix":null,"filePath":"Benchmarks/Study_SamplesSet/776db1c99d75c11ee0b71ff399dec3f4.sol"},{"line":309,"column":9,"severity":"Warning","message":"Provide an error message for require","ruleId":"reason-string","fix":null,"filePath":"Benchmarks/Study_SamplesSet/776db1c99d75c11ee0b71ff399dec3f4.sol"},{"line":309,"column":9,"severity":"Warning","message":"Use Custom Errors instead of require statements","ruleId":"custom-errors","fix":null,"filePath":"Benchmarks/Study_SamplesSet/776db1c99d75c11ee0b71ff399dec3f4.sol"},{"line":310,"column":9,"severity":"Warning","message":"Provide an error message for require","ruleId":"reason-string","fix":null,"filePath":"Benchmarks/Study_SamplesSet/776db1c99d75c11ee0b71ff399dec3f4.sol"},{"line":310,"column":9,"severity":"Warning","message":"Use Custom Errors instead of require statements","ruleId":"custom-errors","fix":null,"filePath":"Benchmarks/Study_SamplesSet/776db1c99d75c11ee0b71ff399dec3f4.sol"},{"line":312,"column":143,"severity":"Error","message":"Avoid making time-based decisions in your business logic","ruleId":"not-rely-on-time","fix":null,"filePath":"Benchmarks/Study_SamplesSet/776db1c99d75c11ee0b71ff399dec3f4.sol"},{"line":317,"column":9,"severity":"Warning","message":"Provide an error message for require","ruleId":"reason-string","fix":null,"filePath":"Benchmarks/Study_SamplesSet/776db1c99d75c11ee0b71ff399dec3f4.sol"},{"line":317,"column":9,"severity":"Warning","message":"Use Custom Errors instead of require statements","ruleId":"custom-errors","fix":null,"filePath":"Benchmarks/Study_SamplesSet/776db1c99d75c11ee0b71ff399dec3f4.sol"},{"line":318,"column":9,"severity":"Warning","message":"Provide an error message for require","ruleId":"reason-string","fix":null,"filePath":"Benchmarks/Study_SamplesSet/776db1c99d75c11ee0b71ff399dec3f4.sol"},{"line":318,"column":9,"severity":"Warning","message":"Use Custom Errors instead of require statements","ruleId":"custom-errors","fix":null,"filePath":"Benchmarks/Study_SamplesSet/776db1c99d75c11ee0b71ff399dec3f4.sol"},{"line":323,"column":18,"severity":"Error","message":"Explicitly mark all external contracts as trusted or untrusted","ruleId":"mark-callable-contracts","filePath":"Benchmarks/Study_SamplesSet/776db1c99d75c11ee0b71ff399dec3f4.sol"},{"line":330,"column":9,"severity":"Error","message":"Explicitly mark all external contracts as trusted or untrusted","ruleId":"mark-callable-contracts","filePath":"Benchmarks/Study_SamplesSet/776db1c99d75c11ee0b71ff399dec3f4.sol"},{"line":335,"column":9,"severity":"Warning","message":"Provide an error message for require","ruleId":"reason-string","fix":null,"filePath":"Benchmarks/Study_SamplesSet/776db1c99d75c11ee0b71ff399dec3f4.sol"},{"line":335,"column":9,"severity":"Warning","message":"Use Custom Errors instead of require statements","ruleId":"custom-errors","fix":null,"filePath":"Benchmarks/Study_SamplesSet/776db1c99d75c11ee0b71ff399dec3f4.sol"},{"line":336,"column":9,"severity":"Warning","message":"Provide an error message for require","ruleId":"reason-string","fix":null,"filePath":"Benchmarks/Study_SamplesSet/776db1c99d75c11ee0b71ff399dec3f4.sol"},{"line":336,"column":9,"severity":"Warning","message":"Use Custom Errors instead of require statements","ruleId":"custom-errors","fix":null,"filePath":"Benchmarks/Study_SamplesSet/776db1c99d75c11ee0b71ff399dec3f4.sol"},{"line":337,"column":9,"severity":"Warning","message":"Provide an error message for require","ruleId":"reason-string","fix":null,"filePath":"Benchmarks/Study_SamplesSet/776db1c99d75c11ee0b71ff399dec3f4.sol"},{"line":337,"column":9,"severity":"Warning","message":"Use Custom Errors instead of require statements","ruleId":"custom-errors","fix":null,"filePath":"Benchmarks/Study_SamplesSet/776db1c99d75c11ee0b71ff399dec3f4.sol"},{"line":342,"column":9,"severity":"Error","message":"Explicitly mark all external contracts as trusted or untrusted","ruleId":"mark-callable-contracts","filePath":"Benchmarks/Study_SamplesSet/776db1c99d75c11ee0b71ff399dec3f4.sol"},{"line":347,"column":44,"severity":"Error","message":"Explicitly mark all external contracts as trusted or untrusted","ruleId":"mark-callable-contracts","filePath":"Benchmarks/Study_SamplesSet/776db1c99d75c11ee0b71ff399dec3f4.sol"},{"line":349,"column":9,"severity":"Error","message":"Explicitly mark all external contracts as trusted or untrusted","ruleId":"mark-callable-contracts","filePath":"Benchmarks/Study_SamplesSet/776db1c99d75c11ee0b71ff399dec3f4.sol"},{"line":349,"column":98,"severity":"Error","message":"Avoid making time-based decisions in your business logic","ruleId":"not-rely-on-time","fix":null,"filePath":"Benchmarks/Study_SamplesSet/776db1c99d75c11ee0b71ff399dec3f4.sol"},{"line":353,"column":38,"severity":"Error","message":"Explicitly mark all external contracts as trusted or untrusted","ruleId":"mark-callable-contracts","filePath":"Benchmarks/Study_SamplesSet/776db1c99d75c11ee0b71ff399dec3f4.sol"},{"line":357,"column":42,"severity":"Error","message":"Explicitly mark all external contracts as trusted or untrusted","ruleId":"mark-callable-contracts","filePath":"Benchmarks/Study_SamplesSet/776db1c99d75c11ee0b71ff399dec3f4.sol"},{"line":361,"column":9,"severity":"Warning","message":"Provide an error message for require","ruleId":"reason-string","fix":null,"filePath":"Benchmarks/Study_SamplesSet/776db1c99d75c11ee0b71ff399dec3f4.sol"},{"line":361,"column":9,"severity":"Warning","message":"Use Custom Errors instead of require statements","ruleId":"custom-errors","fix":null,"filePath":"Benchmarks/Study_SamplesSet/776db1c99d75c11ee0b71ff399dec3f4.sol"},{"line":362,"column":9,"severity":"Warning","message":"Provide an error message for require","ruleId":"reason-string","fix":null,"filePath":"Benchmarks/Study_SamplesSet/776db1c99d75c11ee0b71ff399dec3f4.sol"},{"line":362,"column":9,"severity":"Warning","message":"Use Custom Errors instead of require statements","ruleId":"custom-errors","fix":null,"filePath":"Benchmarks/Study_SamplesSet/776db1c99d75c11ee0b71ff399dec3f4.sol"},{"line":362,"column":32,"severity":"Error","message":"Explicitly mark all external contracts as trusted or untrusted","ruleId":"mark-callable-contracts","filePath":"Benchmarks/Study_SamplesSet/776db1c99d75c11ee0b71ff399dec3f4.sol"},{"line":364,"column":30,"severity":"Error","message":"Explicitly mark all external contracts as trusted or untrusted","ruleId":"mark-callable-contracts","filePath":"Benchmarks/Study_SamplesSet/776db1c99d75c11ee0b71ff399dec3f4.sol"},{"line":370,"column":9,"severity":"Error","message":"Explicitly mark all external contracts as trusted or untrusted","ruleId":"mark-callable-contracts","filePath":"Benchmarks/Study_SamplesSet/776db1c99d75c11ee0b71ff399dec3f4.sol"},{"line":375,"column":9,"severity":"Warning","message":"Provide an error message for require","ruleId":"reason-string","fix":null,"filePath":"Benchmarks/Study_SamplesSet/776db1c99d75c11ee0b71ff399dec3f4.sol"},{"line":375,"column":9,"severity":"Warning","message":"Use Custom Errors instead of require statements","ruleId":"custom-errors","fix":null,"filePath":"Benchmarks/Study_SamplesSet/776db1c99d75c11ee0b71ff399dec3f4.sol"},{"line":376,"column":9,"severity":"Warning","message":"Provide an error message for require","ruleId":"reason-string","fix":null,"filePath":"Benchmarks/Study_SamplesSet/776db1c99d75c11ee0b71ff399dec3f4.sol"},{"line":376,"column":9,"severity":"Warning","message":"Use Custom Errors instead of require statements","ruleId":"custom-errors","fix":null,"filePath":"Benchmarks/Study_SamplesSet/776db1c99d75c11ee0b71ff399dec3f4.sol"},{"line":376,"column":32,"severity":"Error","message":"Explicitly mark all external contracts as trusted or untrusted","ruleId":"mark-callable-contracts","filePath":"Benchmarks/Study_SamplesSet/776db1c99d75c11ee0b71ff399dec3f4.sol"},{"line":383,"column":9,"severity":"Warning","message":"Provide an error message for require","ruleId":"reason-string","fix":null,"filePath":"Benchmarks/Study_SamplesSet/776db1c99d75c11ee0b71ff399dec3f4.sol"},{"line":383,"column":9,"severity":"Warning","message":"Use Custom Errors instead of require statements","ruleId":"custom-errors","fix":null,"filePath":"Benchmarks/Study_SamplesSet/776db1c99d75c11ee0b71ff399dec3f4.sol"},{"line":384,"column":9,"severity":"Warning","message":"Provide an error message for require","ruleId":"reason-string","fix":null,"filePath":"Benchmarks/Study_SamplesSet/776db1c99d75c11ee0b71ff399dec3f4.sol"},{"line":384,"column":9,"severity":"Warning","message":"Use Custom Errors instead of require statements","ruleId":"custom-errors","fix":null,"filePath":"Benchmarks/Study_SamplesSet/776db1c99d75c11ee0b71ff399dec3f4.sol"},{"line":385,"column":9,"severity":"Warning","message":"Provide an error message for require","ruleId":"reason-string","fix":null,"filePath":"Benchmarks/Study_SamplesSet/776db1c99d75c11ee0b71ff399dec3f4.sol"},{"line":385,"column":9,"severity":"Warning","message":"Use Custom Errors instead of require statements","ruleId":"custom-errors","fix":null,"filePath":"Benchmarks/Study_SamplesSet/776db1c99d75c11ee0b71ff399dec3f4.sol"},{"line":386,"column":9,"severity":"Warning","message":"Provide an error message for require","ruleId":"reason-string","fix":null,"filePath":"Benchmarks/Study_SamplesSet/776db1c99d75c11ee0b71ff399dec3f4.sol"},{"line":386,"column":9,"severity":"Warning","message":"Use Custom Errors instead of require statements","ruleId":"custom-errors","fix":null,"filePath":"Benchmarks/Study_SamplesSet/776db1c99d75c11ee0b71ff399dec3f4.sol"},{"line":386,"column":62,"severity":"Error","message":"Avoid making time-based decisions in your business logic","ruleId":"not-rely-on-time","fix":null,"filePath":"Benchmarks/Study_SamplesSet/776db1c99d75c11ee0b71ff399dec3f4.sol"},{"line":409,"column":30,"severity":"Error","message":"Explicitly mark all external contracts as trusted or untrusted","ruleId":"mark-callable-contracts","filePath":"Benchmarks/Study_SamplesSet/776db1c99d75c11ee0b71ff399dec3f4.sol"},{"line":413,"column":18,"severity":"Error","message":"Explicitly mark all external contracts as trusted or untrusted","ruleId":"mark-callable-contracts","filePath":"Benchmarks/Study_SamplesSet/776db1c99d75c11ee0b71ff399dec3f4.sol"},{"line":415,"column":9,"severity":"Error","message":"Explicitly mark all external contracts as trusted or untrusted","ruleId":"mark-callable-contracts","filePath":"Benchmarks/Study_SamplesSet/776db1c99d75c11ee0b71ff399dec3f4.sol"},{"line":434,"column":127,"severity":"Error","message":"Avoid making time-based decisions in your business logic","ruleId":"not-rely-on-time","fix":null,"filePath":"Benchmarks/Study_SamplesSet/776db1c99d75c11ee0b71ff399dec3f4.sol"},{"line":449,"column":5,"severity":"Error","message":"Explicitly mark visibility of state","ruleId":"state-visibility","fix":null,"filePath":"Benchmarks/Study_SamplesSet/776db1c99d75c11ee0b71ff399dec3f4.sol"},{"line":450,"column":5,"severity":"Error","message":"Explicitly mark visibility of state","ruleId":"state-visibility","fix":null,"filePath":"Benchmarks/Study_SamplesSet/776db1c99d75c11ee0b71ff399dec3f4.sol"},{"line":451,"column":5,"severity":"Error","message":"Explicitly mark visibility of state","ruleId":"state-visibility","fix":null,"filePath":"Benchmarks/Study_SamplesSet/776db1c99d75c11ee0b71ff399dec3f4.sol"},{"line":452,"column":5,"severity":"Error","message":"Explicitly mark visibility of state","ruleId":"state-visibility","fix":null,"filePath":"Benchmarks/Study_SamplesSet/776db1c99d75c11ee0b71ff399dec3f4.sol"},{"line":453,"column":5,"severity":"Error","message":"Explicitly mark visibility of state","ruleId":"state-visibility","fix":null,"filePath":"Benchmarks/Study_SamplesSet/776db1c99d75c11ee0b71ff399dec3f4.sol"},{"line":454,"column":5,"severity":"Error","message":"Explicitly mark visibility of state","ruleId":"state-visibility","fix":null,"filePath":"Benchmarks/Study_SamplesSet/776db1c99d75c11ee0b71ff399dec3f4.sol"},{"line":455,"column":5,"severity":"Error","message":"Explicitly mark visibility of state","ruleId":"state-visibility","fix":null,"filePath":"Benchmarks/Study_SamplesSet/776db1c99d75c11ee0b71ff399dec3f4.sol"},{"line":455,"column":5,"severity":"Warning","message":"Rule is set with explicit type [var/s: uint]","ruleId":"explicit-types","filePath":"Benchmarks/Study_SamplesSet/776db1c99d75c11ee0b71ff399dec3f4.sol"},{"line":457,"column":5,"severity":"Warning","message":"Constant name must be in capitalized SNAKE_CASE","ruleId":"const-name-snakecase","fix":null,"filePath":"Benchmarks/Study_SamplesSet/776db1c99d75c11ee0b71ff399dec3f4.sol"},{"line":459,"column":27,"severity":"Warning","message":"Variable name must be in mixedCase","ruleId":"var-name-mixedcase","fix":null,"filePath":"Benchmarks/Study_SamplesSet/776db1c99d75c11ee0b71ff399dec3f4.sol"},{"line":463,"column":30,"severity":"Warning","message":"Variable name must be in mixedCase","ruleId":"var-name-mixedcase","fix":null,"filePath":"Benchmarks/Study_SamplesSet/776db1c99d75c11ee0b71ff399dec3f4.sol"},{"line":467,"column":30,"severity":"Warning","message":"Variable name must be in mixedCase","ruleId":"var-name-mixedcase","fix":null,"filePath":"Benchmarks/Study_SamplesSet/776db1c99d75c11ee0b71ff399dec3f4.sol"},{"line":471,"column":27,"severity":"Warning","message":"Variable name must be in mixedCase","ruleId":"var-name-mixedcase","fix":null,"filePath":"Benchmarks/Study_SamplesSet/776db1c99d75c11ee0b71ff399dec3f4.sol"},{"line":475,"column":26,"severity":"Warning","message":"Variable name must be in mixedCase","ruleId":"var-name-mixedcase","fix":null,"filePath":"Benchmarks/Study_SamplesSet/776db1c99d75c11ee0b71ff399dec3f4.sol"},{"line":479,"column":33,"severity":"Warning","message":"Variable name must be in mixedCase","ruleId":"var-name-mixedcase","fix":null,"filePath":"Benchmarks/Study_SamplesSet/776db1c99d75c11ee0b71ff399dec3f4.sol"},{"line":483,"column":36,"severity":"Warning","message":"Variable name must be in mixedCase","ruleId":"var-name-mixedcase","fix":null,"filePath":"Benchmarks/Study_SamplesSet/776db1c99d75c11ee0b71ff399dec3f4.sol"},{"line":487,"column":31,"severity":"Warning","message":"Variable name must be in mixedCase","ruleId":"var-name-mixedcase","fix":null,"filePath":"Benchmarks/Study_SamplesSet/776db1c99d75c11ee0b71ff399dec3f4.sol"},{"line":491,"column":33,"severity":"Warning","message":"Variable name must be in mixedCase","ruleId":"var-name-mixedcase","fix":null,"filePath":"Benchmarks/Study_SamplesSet/776db1c99d75c11ee0b71ff399dec3f4.sol"},{"line":495,"column":30,"severity":"Warning","message":"Variable name must be in mixedCase","ruleId":"var-name-mixedcase","fix":null,"filePath":"Benchmarks/Study_SamplesSet/776db1c99d75c11ee0b71ff399dec3f4.sol"},{"line":499,"column":38,"severity":"Warning","message":"Variable name must be in mixedCase","ruleId":"var-name-mixedcase","fix":null,"filePath":"Benchmarks/Study_SamplesSet/776db1c99d75c11ee0b71ff399dec3f4.sol"},{"line":500,"column":9,"severity":"Warning","message":"Provide an error message for require","ruleId":"reason-string","fix":null,"filePath":"Benchmarks/Study_SamplesSet/776db1c99d75c11ee0b71ff399dec3f4.sol"},{"line":500,"column":9,"severity":"Warning","message":"Use Custom Errors instead of require statements","ruleId":"custom-errors","fix":null,"filePath":"Benchmarks/Study_SamplesSet/776db1c99d75c11ee0b71ff399dec3f4.sol"},{"line":502,"column":143,"severity":"Error","message":"Avoid making time-based decisions in your business logic","ruleId":"not-rely-on-time","fix":null,"filePath":"Benchmarks/Study_SamplesSet/776db1c99d75c11ee0b71ff399dec3f4.sol"},{"conclusion":"188 problem/s (62 error/s, 126 warning/s)"}]
