[{"line":3,"column":1,"severity":"Warning","message":"Found more than One contract per file. 3 contracts found!","ruleId":"one-contract-per-file","fix":null,"filePath":"Benchmarks/Study_SamplesSet/77bdcc525bbdbc192d216964b3cc597b.sol"},{"line":3,"column":1,"severity":"Error","message":"Compiler version ^0.4.18 does not satisfy the ^0.8.0 semver requirement","ruleId":"compiler-version","fix":null,"filePath":"Benchmarks/Study_SamplesSet/77bdcc525bbdbc192d216964b3cc597b.sol"},{"line":53,"column":5,"severity":"Warning","message":"Provide an error message for require","ruleId":"reason-string","fix":null,"filePath":"Benchmarks/Study_SamplesSet/77bdcc525bbdbc192d216964b3cc597b.sol"},{"line":53,"column":5,"severity":"Warning","message":"Use Custom Errors instead of require statements","ruleId":"custom-errors","fix":null,"filePath":"Benchmarks/Study_SamplesSet/77bdcc525bbdbc192d216964b3cc597b.sol"},{"line":59,"column":5,"severity":"Warning","message":"Provide an error message for require","ruleId":"reason-string","fix":null,"filePath":"Benchmarks/Study_SamplesSet/77bdcc525bbdbc192d216964b3cc597b.sol"},{"line":59,"column":5,"severity":"Warning","message":"Use Custom Errors instead of require statements","ruleId":"custom-errors","fix":null,"filePath":"Benchmarks/Study_SamplesSet/77bdcc525bbdbc192d216964b3cc597b.sol"},{"line":59,"column":29,"severity":"Error","message":"Explicitly mark all external contracts as trusted or untrusted","ruleId":"mark-callable-contracts","filePath":"Benchmarks/Study_SamplesSet/77bdcc525bbdbc192d216964b3cc597b.sol"},{"line":59,"column":42,"severity":"Error","message":"Explicitly mark all external contracts as trusted or untrusted","ruleId":"mark-callable-contracts","filePath":"Benchmarks/Study_SamplesSet/77bdcc525bbdbc192d216964b3cc597b.sol"},{"line":64,"column":5,"severity":"Warning","message":"Provide an error message for require","ruleId":"reason-string","fix":null,"filePath":"Benchmarks/Study_SamplesSet/77bdcc525bbdbc192d216964b3cc597b.sol"},{"line":64,"column":5,"severity":"Warning","message":"Use Custom Errors instead of require statements","ruleId":"custom-errors","fix":null,"filePath":"Benchmarks/Study_SamplesSet/77bdcc525bbdbc192d216964b3cc597b.sol"},{"line":69,"column":3,"severity":"Error","message":"Explicitly mark visibility of state","ruleId":"state-visibility","fix":null,"filePath":"Benchmarks/Study_SamplesSet/77bdcc525bbdbc192d216964b3cc597b.sol"},{"line":71,"column":3,"severity":"Error","message":"Explicitly mark visibility of state","ruleId":"state-visibility","fix":null,"filePath":"Benchmarks/Study_SamplesSet/77bdcc525bbdbc192d216964b3cc597b.sol"},{"line":73,"column":3,"severity":"Warning","message":"Constant name must be in capitalized SNAKE_CASE","ruleId":"const-name-snakecase","fix":null,"filePath":"Benchmarks/Study_SamplesSet/77bdcc525bbdbc192d216964b3cc597b.sol"},{"line":74,"column":3,"severity":"Warning","message":"Variable name must be in mixedCase","ruleId":"var-name-mixedcase","fix":null,"filePath":"Benchmarks/Study_SamplesSet/77bdcc525bbdbc192d216964b3cc597b.sol"},{"line":77,"column":3,"severity":"Warning","message":"Variable name must be in mixedCase","ruleId":"var-name-mixedcase","fix":null,"filePath":"Benchmarks/Study_SamplesSet/77bdcc525bbdbc192d216964b3cc597b.sol"},{"line":78,"column":3,"severity":"Warning","message":"Variable name must be in mixedCase","ruleId":"var-name-mixedcase","fix":null,"filePath":"Benchmarks/Study_SamplesSet/77bdcc525bbdbc192d216964b3cc597b.sol"},{"line":82,"column":3,"severity":"Warning","message":"Variable name must be in mixedCase","ruleId":"var-name-mixedcase","fix":null,"filePath":"Benchmarks/Study_SamplesSet/77bdcc525bbdbc192d216964b3cc597b.sol"},{"line":84,"column":3,"severity":"Warning","message":"Variable name must be in mixedCase","ruleId":"var-name-mixedcase","fix":null,"filePath":"Benchmarks/Study_SamplesSet/77bdcc525bbdbc192d216964b3cc597b.sol"},{"line":86,"column":3,"severity":"Warning","message":"Variable name must be in mixedCase","ruleId":"var-name-mixedcase","fix":null,"filePath":"Benchmarks/Study_SamplesSet/77bdcc525bbdbc192d216964b3cc597b.sol"},{"line":87,"column":3,"severity":"Warning","message":"Variable name must be in mixedCase","ruleId":"var-name-mixedcase","fix":null,"filePath":"Benchmarks/Study_SamplesSet/77bdcc525bbdbc192d216964b3cc597b.sol"},{"line":89,"column":3,"severity":"Warning","message":"Variable name must be in mixedCase","ruleId":"var-name-mixedcase","fix":null,"filePath":"Benchmarks/Study_SamplesSet/77bdcc525bbdbc192d216964b3cc597b.sol"},{"line":95,"column":3,"severity":"Error","message":"Explicitly mark visibility of state","ruleId":"state-visibility","fix":null,"filePath":"Benchmarks/Study_SamplesSet/77bdcc525bbdbc192d216964b3cc597b.sol"},{"line":97,"column":3,"severity":"Warning","message":"Variable name must be in mixedCase","ruleId":"var-name-mixedcase","fix":null,"filePath":"Benchmarks/Study_SamplesSet/77bdcc525bbdbc192d216964b3cc597b.sol"},{"line":99,"column":3,"severity":"Warning","message":"Variable name must be in mixedCase","ruleId":"var-name-mixedcase","fix":null,"filePath":"Benchmarks/Study_SamplesSet/77bdcc525bbdbc192d216964b3cc597b.sol"},{"line":102,"column":3,"severity":"Error","message":"Explicitly mark visibility in function (Set ignoreConstructors to true if using solidity >=0.7.0)","ruleId":"func-visibility","fix":null,"filePath":"Benchmarks/Study_SamplesSet/77bdcc525bbdbc192d216964b3cc597b.sol"},{"line":107,"column":18,"severity":"Error","message":"Explicitly mark all external contracts as trusted or untrusted","ruleId":"mark-callable-contracts","filePath":"Benchmarks/Study_SamplesSet/77bdcc525bbdbc192d216964b3cc597b.sol"},{"line":107,"column":31,"severity":"Error","message":"Explicitly mark all external contracts as trusted or untrusted","ruleId":"mark-callable-contracts","filePath":"Benchmarks/Study_SamplesSet/77bdcc525bbdbc192d216964b3cc597b.sol"},{"line":115,"column":3,"severity":"Warning","message":"Function name must be in mixedCase","ruleId":"func-name-mixedcase","fix":null,"filePath":"Benchmarks/Study_SamplesSet/77bdcc525bbdbc192d216964b3cc597b.sol"},{"line":115,"column":3,"severity":"Error","message":"Explicitly mark visibility in function","ruleId":"func-visibility","fix":null,"filePath":"Benchmarks/Study_SamplesSet/77bdcc525bbdbc192d216964b3cc597b.sol"},{"line":117,"column":5,"severity":"Warning","message":"Provide an error message for require","ruleId":"reason-string","fix":null,"filePath":"Benchmarks/Study_SamplesSet/77bdcc525bbdbc192d216964b3cc597b.sol"},{"line":117,"column":5,"severity":"Warning","message":"Use Custom Errors instead of require statements","ruleId":"custom-errors","fix":null,"filePath":"Benchmarks/Study_SamplesSet/77bdcc525bbdbc192d216964b3cc597b.sol"},{"line":121,"column":5,"severity":"Warning","message":"Variable name must be in mixedCase","ruleId":"var-name-mixedcase","fix":null,"filePath":"Benchmarks/Study_SamplesSet/77bdcc525bbdbc192d216964b3cc597b.sol"},{"line":122,"column":20,"severity":"Error","message":"Explicitly mark all external contracts as trusted or untrusted","ruleId":"mark-callable-contracts","filePath":"Benchmarks/Study_SamplesSet/77bdcc525bbdbc192d216964b3cc597b.sol"},{"line":125,"column":5,"severity":"Error","message":"Possible reentrancy vulnerabilities. Avoid state changes after transfer.","ruleId":"reentrancy","fix":null,"filePath":"Benchmarks/Study_SamplesSet/77bdcc525bbdbc192d216964b3cc597b.sol"},{"line":126,"column":5,"severity":"Error","message":"Possible reentrancy vulnerabilities. Avoid state changes after transfer.","ruleId":"reentrancy","fix":null,"filePath":"Benchmarks/Study_SamplesSet/77bdcc525bbdbc192d216964b3cc597b.sol"},{"line":131,"column":3,"severity":"Warning","message":"Function name must be in mixedCase","ruleId":"func-name-mixedcase","fix":null,"filePath":"Benchmarks/Study_SamplesSet/77bdcc525bbdbc192d216964b3cc597b.sol"},{"line":131,"column":3,"severity":"Error","message":"Explicitly mark visibility in function","ruleId":"func-visibility","fix":null,"filePath":"Benchmarks/Study_SamplesSet/77bdcc525bbdbc192d216964b3cc597b.sol"},{"line":131,"column":25,"severity":"Warning","message":"Variable name must be in mixedCase","ruleId":"var-name-mixedcase","fix":null,"filePath":"Benchmarks/Study_SamplesSet/77bdcc525bbdbc192d216964b3cc597b.sol"},{"line":132,"column":5,"severity":"Warning","message":"Provide an error message for require","ruleId":"reason-string","fix":null,"filePath":"Benchmarks/Study_SamplesSet/77bdcc525bbdbc192d216964b3cc597b.sol"},{"line":132,"column":5,"severity":"Warning","message":"Use Custom Errors instead of require statements","ruleId":"custom-errors","fix":null,"filePath":"Benchmarks/Study_SamplesSet/77bdcc525bbdbc192d216964b3cc597b.sol"},{"line":133,"column":5,"severity":"Warning","message":"Variable name must be in mixedCase","ruleId":"var-name-mixedcase","fix":null,"filePath":"Benchmarks/Study_SamplesSet/77bdcc525bbdbc192d216964b3cc597b.sol"},{"line":136,"column":12,"severity":"Error","message":"Explicitly mark all external contracts as trusted or untrusted","ruleId":"mark-callable-contracts","filePath":"Benchmarks/Study_SamplesSet/77bdcc525bbdbc192d216964b3cc597b.sol"},{"line":136,"column":31,"severity":"Error","message":"Explicitly mark all external contracts as trusted or untrusted","ruleId":"mark-callable-contracts","filePath":"Benchmarks/Study_SamplesSet/77bdcc525bbdbc192d216964b3cc597b.sol"},{"line":136,"column":61,"severity":"Error","message":"Explicitly mark all external contracts as trusted or untrusted","ruleId":"mark-callable-contracts","filePath":"Benchmarks/Study_SamplesSet/77bdcc525bbdbc192d216964b3cc597b.sol"},{"line":140,"column":3,"severity":"Warning","message":"Function name must be in mixedCase","ruleId":"func-name-mixedcase","fix":null,"filePath":"Benchmarks/Study_SamplesSet/77bdcc525bbdbc192d216964b3cc597b.sol"},{"line":140,"column":3,"severity":"Error","message":"Explicitly mark visibility in function","ruleId":"func-visibility","fix":null,"filePath":"Benchmarks/Study_SamplesSet/77bdcc525bbdbc192d216964b3cc597b.sol"},{"line":140,"column":33,"severity":"Warning","message":"Variable name must be in mixedCase","ruleId":"var-name-mixedcase","fix":null,"filePath":"Benchmarks/Study_SamplesSet/77bdcc525bbdbc192d216964b3cc597b.sol"},{"line":141,"column":5,"severity":"Warning","message":"Provide an error message for require","ruleId":"reason-string","fix":null,"filePath":"Benchmarks/Study_SamplesSet/77bdcc525bbdbc192d216964b3cc597b.sol"},{"line":141,"column":5,"severity":"Warning","message":"Use Custom Errors instead of require statements","ruleId":"custom-errors","fix":null,"filePath":"Benchmarks/Study_SamplesSet/77bdcc525bbdbc192d216964b3cc597b.sol"},{"line":144,"column":5,"severity":"Warning","message":"Variable name must be in mixedCase","ruleId":"var-name-mixedcase","fix":null,"filePath":"Benchmarks/Study_SamplesSet/77bdcc525bbdbc192d216964b3cc597b.sol"},{"line":145,"column":5,"severity":"Warning","message":"Variable name must be in mixedCase","ruleId":"var-name-mixedcase","fix":null,"filePath":"Benchmarks/Study_SamplesSet/77bdcc525bbdbc192d216964b3cc597b.sol"},{"line":148,"column":25,"severity":"Error","message":"Explicitly mark all external contracts as trusted or untrusted","ruleId":"mark-callable-contracts","filePath":"Benchmarks/Study_SamplesSet/77bdcc525bbdbc192d216964b3cc597b.sol"},{"line":148,"column":38,"severity":"Error","message":"Explicitly mark all external contracts as trusted or untrusted","ruleId":"mark-callable-contracts","filePath":"Benchmarks/Study_SamplesSet/77bdcc525bbdbc192d216964b3cc597b.sol"},{"line":149,"column":14,"severity":"Error","message":"Explicitly mark all external contracts as trusted or untrusted","ruleId":"mark-callable-contracts","filePath":"Benchmarks/Study_SamplesSet/77bdcc525bbdbc192d216964b3cc597b.sol"},{"line":149,"column":33,"severity":"Error","message":"Explicitly mark all external contracts as trusted or untrusted","ruleId":"mark-callable-contracts","filePath":"Benchmarks/Study_SamplesSet/77bdcc525bbdbc192d216964b3cc597b.sol"},{"line":149,"column":63,"severity":"Error","message":"Explicitly mark all external contracts as trusted or untrusted","ruleId":"mark-callable-contracts","filePath":"Benchmarks/Study_SamplesSet/77bdcc525bbdbc192d216964b3cc597b.sol"},{"line":151,"column":28,"severity":"Error","message":"Explicitly mark all external contracts as trusted or untrusted","ruleId":"mark-callable-contracts","filePath":"Benchmarks/Study_SamplesSet/77bdcc525bbdbc192d216964b3cc597b.sol"},{"line":156,"column":3,"severity":"Warning","message":"Function name must be in mixedCase","ruleId":"func-name-mixedcase","fix":null,"filePath":"Benchmarks/Study_SamplesSet/77bdcc525bbdbc192d216964b3cc597b.sol"},{"line":156,"column":3,"severity":"Error","message":"Explicitly mark visibility in function","ruleId":"func-visibility","fix":null,"filePath":"Benchmarks/Study_SamplesSet/77bdcc525bbdbc192d216964b3cc597b.sol"},{"line":158,"column":5,"severity":"Warning","message":"Provide an error message for require","ruleId":"reason-string","fix":null,"filePath":"Benchmarks/Study_SamplesSet/77bdcc525bbdbc192d216964b3cc597b.sol"},{"line":158,"column":5,"severity":"Warning","message":"Use Custom Errors instead of require statements","ruleId":"custom-errors","fix":null,"filePath":"Benchmarks/Study_SamplesSet/77bdcc525bbdbc192d216964b3cc597b.sol"},{"line":162,"column":3,"severity":"Warning","message":"Function name must be in mixedCase","ruleId":"func-name-mixedcase","fix":null,"filePath":"Benchmarks/Study_SamplesSet/77bdcc525bbdbc192d216964b3cc597b.sol"},{"line":162,"column":3,"severity":"Error","message":"Explicitly mark visibility in function","ruleId":"func-visibility","fix":null,"filePath":"Benchmarks/Study_SamplesSet/77bdcc525bbdbc192d216964b3cc597b.sol"},{"line":163,"column":5,"severity":"Warning","message":"Provide an error message for require","ruleId":"reason-string","fix":null,"filePath":"Benchmarks/Study_SamplesSet/77bdcc525bbdbc192d216964b3cc597b.sol"},{"line":163,"column":5,"severity":"Warning","message":"Use Custom Errors instead of require statements","ruleId":"custom-errors","fix":null,"filePath":"Benchmarks/Study_SamplesSet/77bdcc525bbdbc192d216964b3cc597b.sol"},{"line":164,"column":13,"severity":"Error","message":"Explicitly mark all external contracts as trusted or untrusted","ruleId":"mark-callable-contracts","filePath":"Benchmarks/Study_SamplesSet/77bdcc525bbdbc192d216964b3cc597b.sol"},{"line":167,"column":3,"severity":"Warning","message":"Function name must be in mixedCase","ruleId":"func-name-mixedcase","fix":null,"filePath":"Benchmarks/Study_SamplesSet/77bdcc525bbdbc192d216964b3cc597b.sol"},{"line":167,"column":3,"severity":"Error","message":"Explicitly mark visibility in function","ruleId":"func-visibility","fix":null,"filePath":"Benchmarks/Study_SamplesSet/77bdcc525bbdbc192d216964b3cc597b.sol"},{"line":171,"column":3,"severity":"Warning","message":"Function name must be in mixedCase","ruleId":"func-name-mixedcase","fix":null,"filePath":"Benchmarks/Study_SamplesSet/77bdcc525bbdbc192d216964b3cc597b.sol"},{"line":171,"column":3,"severity":"Error","message":"Explicitly mark visibility in function","ruleId":"func-visibility","fix":null,"filePath":"Benchmarks/Study_SamplesSet/77bdcc525bbdbc192d216964b3cc597b.sol"},{"line":178,"column":3,"severity":"Warning","message":"Function name must be in mixedCase","ruleId":"func-name-mixedcase","fix":null,"filePath":"Benchmarks/Study_SamplesSet/77bdcc525bbdbc192d216964b3cc597b.sol"},{"line":178,"column":3,"severity":"Error","message":"Explicitly mark visibility in function","ruleId":"func-visibility","fix":null,"filePath":"Benchmarks/Study_SamplesSet/77bdcc525bbdbc192d216964b3cc597b.sol"},{"line":179,"column":5,"severity":"Warning","message":"Provide an error message for require","ruleId":"reason-string","fix":null,"filePath":"Benchmarks/Study_SamplesSet/77bdcc525bbdbc192d216964b3cc597b.sol"},{"line":179,"column":5,"severity":"Warning","message":"Use Custom Errors instead of require statements","ruleId":"custom-errors","fix":null,"filePath":"Benchmarks/Study_SamplesSet/77bdcc525bbdbc192d216964b3cc597b.sol"},{"line":183,"column":3,"severity":"Warning","message":"Function name must be in mixedCase","ruleId":"func-name-mixedcase","fix":null,"filePath":"Benchmarks/Study_SamplesSet/77bdcc525bbdbc192d216964b3cc597b.sol"},{"line":183,"column":3,"severity":"Error","message":"Explicitly mark visibility in function","ruleId":"func-visibility","fix":null,"filePath":"Benchmarks/Study_SamplesSet/77bdcc525bbdbc192d216964b3cc597b.sol"},{"line":187,"column":3,"severity":"Warning","message":"Function name must be in mixedCase","ruleId":"func-name-mixedcase","fix":null,"filePath":"Benchmarks/Study_SamplesSet/77bdcc525bbdbc192d216964b3cc597b.sol"},{"line":187,"column":3,"severity":"Error","message":"Explicitly mark visibility in function","ruleId":"func-visibility","fix":null,"filePath":"Benchmarks/Study_SamplesSet/77bdcc525bbdbc192d216964b3cc597b.sol"},{"line":187,"column":25,"severity":"Warning","message":"Variable name must be in mixedCase","ruleId":"var-name-mixedcase","fix":null,"filePath":"Benchmarks/Study_SamplesSet/77bdcc525bbdbc192d216964b3cc597b.sol"},{"line":188,"column":5,"severity":"Warning","message":"Provide an error message for require","ruleId":"reason-string","fix":null,"filePath":"Benchmarks/Study_SamplesSet/77bdcc525bbdbc192d216964b3cc597b.sol"},{"line":188,"column":5,"severity":"Warning","message":"Use Custom Errors instead of require statements","ruleId":"custom-errors","fix":null,"filePath":"Benchmarks/Study_SamplesSet/77bdcc525bbdbc192d216964b3cc597b.sol"},{"line":192,"column":3,"severity":"Warning","message":"Function name must be in mixedCase","ruleId":"func-name-mixedcase","fix":null,"filePath":"Benchmarks/Study_SamplesSet/77bdcc525bbdbc192d216964b3cc597b.sol"},{"line":192,"column":3,"severity":"Error","message":"Explicitly mark visibility in function","ruleId":"func-visibility","fix":null,"filePath":"Benchmarks/Study_SamplesSet/77bdcc525bbdbc192d216964b3cc597b.sol"},{"line":195,"column":20,"severity":"Error","message":"Explicitly mark all external contracts as trusted or untrusted","ruleId":"mark-callable-contracts","filePath":"Benchmarks/Study_SamplesSet/77bdcc525bbdbc192d216964b3cc597b.sol"},{"line":195,"column":33,"severity":"Error","message":"Explicitly mark all external contracts as trusted or untrusted","ruleId":"mark-callable-contracts","filePath":"Benchmarks/Study_SamplesSet/77bdcc525bbdbc192d216964b3cc597b.sol"},{"line":198,"column":3,"severity":"Warning","message":"Function name must be in mixedCase","ruleId":"func-name-mixedcase","fix":null,"filePath":"Benchmarks/Study_SamplesSet/77bdcc525bbdbc192d216964b3cc597b.sol"},{"line":198,"column":3,"severity":"Error","message":"Explicitly mark visibility in function","ruleId":"func-visibility","fix":null,"filePath":"Benchmarks/Study_SamplesSet/77bdcc525bbdbc192d216964b3cc597b.sol"},{"line":207,"column":3,"severity":"Error","message":"Explicitly mark visibility in function","ruleId":"func-visibility","fix":null,"filePath":"Benchmarks/Study_SamplesSet/77bdcc525bbdbc192d216964b3cc597b.sol"},{"line":209,"column":5,"severity":"Warning","message":"Provide an error message for require","ruleId":"reason-string","fix":null,"filePath":"Benchmarks/Study_SamplesSet/77bdcc525bbdbc192d216964b3cc597b.sol"},{"line":209,"column":5,"severity":"Warning","message":"Use Custom Errors instead of require statements","ruleId":"custom-errors","fix":null,"filePath":"Benchmarks/Study_SamplesSet/77bdcc525bbdbc192d216964b3cc597b.sol"},{"line":210,"column":5,"severity":"Warning","message":"Variable name must be in mixedCase","ruleId":"var-name-mixedcase","fix":null,"filePath":"Benchmarks/Study_SamplesSet/77bdcc525bbdbc192d216964b3cc597b.sol"},{"line":212,"column":5,"severity":"Warning","message":"Provide an error message for require","ruleId":"reason-string","fix":null,"filePath":"Benchmarks/Study_SamplesSet/77bdcc525bbdbc192d216964b3cc597b.sol"},{"line":212,"column":5,"severity":"Warning","message":"Use Custom Errors instead of require statements","ruleId":"custom-errors","fix":null,"filePath":"Benchmarks/Study_SamplesSet/77bdcc525bbdbc192d216964b3cc597b.sol"},{"line":213,"column":5,"severity":"Warning","message":"Variable name must be in mixedCase","ruleId":"var-name-mixedcase","fix":null,"filePath":"Benchmarks/Study_SamplesSet/77bdcc525bbdbc192d216964b3cc597b.sol"},{"line":215,"column":26,"severity":"Error","message":"Explicitly mark all external contracts as trusted or untrusted","ruleId":"mark-callable-contracts","filePath":"Benchmarks/Study_SamplesSet/77bdcc525bbdbc192d216964b3cc597b.sol"},{"line":219,"column":5,"severity":"Warning","message":"Provide an error message for require","ruleId":"reason-string","fix":null,"filePath":"Benchmarks/Study_SamplesSet/77bdcc525bbdbc192d216964b3cc597b.sol"},{"line":219,"column":5,"severity":"Warning","message":"Use Custom Errors instead of require statements","ruleId":"custom-errors","fix":null,"filePath":"Benchmarks/Study_SamplesSet/77bdcc525bbdbc192d216964b3cc597b.sol"},{"line":222,"column":3,"severity":"Warning","message":"Function name must be in mixedCase","ruleId":"func-name-mixedcase","fix":null,"filePath":"Benchmarks/Study_SamplesSet/77bdcc525bbdbc192d216964b3cc597b.sol"},{"line":222,"column":3,"severity":"Error","message":"Explicitly mark visibility in function","ruleId":"func-visibility","fix":null,"filePath":"Benchmarks/Study_SamplesSet/77bdcc525bbdbc192d216964b3cc597b.sol"},{"line":227,"column":5,"severity":"Warning","message":"Provide an error message for require","ruleId":"reason-string","fix":null,"filePath":"Benchmarks/Study_SamplesSet/77bdcc525bbdbc192d216964b3cc597b.sol"},{"line":227,"column":5,"severity":"Warning","message":"Use Custom Errors instead of require statements","ruleId":"custom-errors","fix":null,"filePath":"Benchmarks/Study_SamplesSet/77bdcc525bbdbc192d216964b3cc597b.sol"},{"line":228,"column":5,"severity":"Warning","message":"Variable name must be in mixedCase","ruleId":"var-name-mixedcase","fix":null,"filePath":"Benchmarks/Study_SamplesSet/77bdcc525bbdbc192d216964b3cc597b.sol"},{"line":229,"column":5,"severity":"Warning","message":"Provide an error message for require","ruleId":"reason-string","fix":null,"filePath":"Benchmarks/Study_SamplesSet/77bdcc525bbdbc192d216964b3cc597b.sol"},{"line":229,"column":5,"severity":"Warning","message":"Use Custom Errors instead of require statements","ruleId":"custom-errors","fix":null,"filePath":"Benchmarks/Study_SamplesSet/77bdcc525bbdbc192d216964b3cc597b.sol"},{"line":230,"column":5,"severity":"Warning","message":"Variable name must be in mixedCase","ruleId":"var-name-mixedcase","fix":null,"filePath":"Benchmarks/Study_SamplesSet/77bdcc525bbdbc192d216964b3cc597b.sol"},{"line":231,"column":32,"severity":"Error","message":"Explicitly mark all external contracts as trusted or untrusted","ruleId":"mark-callable-contracts","filePath":"Benchmarks/Study_SamplesSet/77bdcc525bbdbc192d216964b3cc597b.sol"},{"line":233,"column":5,"severity":"Warning","message":"Provide an error message for require","ruleId":"reason-string","fix":null,"filePath":"Benchmarks/Study_SamplesSet/77bdcc525bbdbc192d216964b3cc597b.sol"},{"line":233,"column":5,"severity":"Warning","message":"Use Custom Errors instead of require statements","ruleId":"custom-errors","fix":null,"filePath":"Benchmarks/Study_SamplesSet/77bdcc525bbdbc192d216964b3cc597b.sol"},{"line":237,"column":3,"severity":"Error","message":"Explicitly mark visibility in function","ruleId":"func-visibility","fix":null,"filePath":"Benchmarks/Study_SamplesSet/77bdcc525bbdbc192d216964b3cc597b.sol"},{"line":238,"column":5,"severity":"Warning","message":"Provide an error message for require","ruleId":"reason-string","fix":null,"filePath":"Benchmarks/Study_SamplesSet/77bdcc525bbdbc192d216964b3cc597b.sol"},{"line":238,"column":5,"severity":"Warning","message":"Use Custom Errors instead of require statements","ruleId":"custom-errors","fix":null,"filePath":"Benchmarks/Study_SamplesSet/77bdcc525bbdbc192d216964b3cc597b.sol"},{"line":241,"column":5,"severity":"Warning","message":"Variable name must be in mixedCase","ruleId":"var-name-mixedcase","fix":null,"filePath":"Benchmarks/Study_SamplesSet/77bdcc525bbdbc192d216964b3cc597b.sol"},{"line":247,"column":12,"severity":"Error","message":"Explicitly mark all external contracts as trusted or untrusted","ruleId":"mark-callable-contracts","filePath":"Benchmarks/Study_SamplesSet/77bdcc525bbdbc192d216964b3cc597b.sol"},{"line":247,"column":31,"severity":"Error","message":"Explicitly mark all external contracts as trusted or untrusted","ruleId":"mark-callable-contracts","filePath":"Benchmarks/Study_SamplesSet/77bdcc525bbdbc192d216964b3cc597b.sol"},{"line":247,"column":61,"severity":"Error","message":"Explicitly mark all external contracts as trusted or untrusted","ruleId":"mark-callable-contracts","filePath":"Benchmarks/Study_SamplesSet/77bdcc525bbdbc192d216964b3cc597b.sol"},{"line":254,"column":3,"severity":"Warning","message":"Function name must be in mixedCase","ruleId":"func-name-mixedcase","fix":null,"filePath":"Benchmarks/Study_SamplesSet/77bdcc525bbdbc192d216964b3cc597b.sol"},{"line":254,"column":3,"severity":"Error","message":"Explicitly mark visibility in function","ruleId":"func-visibility","fix":null,"filePath":"Benchmarks/Study_SamplesSet/77bdcc525bbdbc192d216964b3cc597b.sol"},{"line":255,"column":5,"severity":"Warning","message":"Provide an error message for require","ruleId":"reason-string","fix":null,"filePath":"Benchmarks/Study_SamplesSet/77bdcc525bbdbc192d216964b3cc597b.sol"},{"line":255,"column":5,"severity":"Warning","message":"Use Custom Errors instead of require statements","ruleId":"custom-errors","fix":null,"filePath":"Benchmarks/Study_SamplesSet/77bdcc525bbdbc192d216964b3cc597b.sol"},{"line":258,"column":5,"severity":"Warning","message":"Variable name must be in mixedCase","ruleId":"var-name-mixedcase","fix":null,"filePath":"Benchmarks/Study_SamplesSet/77bdcc525bbdbc192d216964b3cc597b.sol"},{"line":259,"column":5,"severity":"Warning","message":"Variable name must be in mixedCase","ruleId":"var-name-mixedcase","fix":null,"filePath":"Benchmarks/Study_SamplesSet/77bdcc525bbdbc192d216964b3cc597b.sol"},{"line":262,"column":25,"severity":"Error","message":"Explicitly mark all external contracts as trusted or untrusted","ruleId":"mark-callable-contracts","filePath":"Benchmarks/Study_SamplesSet/77bdcc525bbdbc192d216964b3cc597b.sol"},{"line":262,"column":38,"severity":"Error","message":"Explicitly mark all external contracts as trusted or untrusted","ruleId":"mark-callable-contracts","filePath":"Benchmarks/Study_SamplesSet/77bdcc525bbdbc192d216964b3cc597b.sol"},{"line":263,"column":14,"severity":"Error","message":"Explicitly mark all external contracts as trusted or untrusted","ruleId":"mark-callable-contracts","filePath":"Benchmarks/Study_SamplesSet/77bdcc525bbdbc192d216964b3cc597b.sol"},{"line":263,"column":33,"severity":"Error","message":"Explicitly mark all external contracts as trusted or untrusted","ruleId":"mark-callable-contracts","filePath":"Benchmarks/Study_SamplesSet/77bdcc525bbdbc192d216964b3cc597b.sol"},{"line":263,"column":63,"severity":"Error","message":"Explicitly mark all external contracts as trusted or untrusted","ruleId":"mark-callable-contracts","filePath":"Benchmarks/Study_SamplesSet/77bdcc525bbdbc192d216964b3cc597b.sol"},{"line":265,"column":28,"severity":"Error","message":"Explicitly mark all external contracts as trusted or untrusted","ruleId":"mark-callable-contracts","filePath":"Benchmarks/Study_SamplesSet/77bdcc525bbdbc192d216964b3cc597b.sol"},{"line":271,"column":3,"severity":"Error","message":"Explicitly mark visibility in function","ruleId":"func-visibility","fix":null,"filePath":"Benchmarks/Study_SamplesSet/77bdcc525bbdbc192d216964b3cc597b.sol"},{"line":271,"column":3,"severity":"Error","message":"Fallback function must be simple","ruleId":"no-complex-fallback","fix":null,"filePath":"Benchmarks/Study_SamplesSet/77bdcc525bbdbc192d216964b3cc597b.sol"},{"line":272,"column":5,"severity":"Warning","message":"Provide an error message for require","ruleId":"reason-string","fix":null,"filePath":"Benchmarks/Study_SamplesSet/77bdcc525bbdbc192d216964b3cc597b.sol"},{"line":272,"column":5,"severity":"Warning","message":"Use Custom Errors instead of require statements","ruleId":"custom-errors","fix":null,"filePath":"Benchmarks/Study_SamplesSet/77bdcc525bbdbc192d216964b3cc597b.sol"},{"line":275,"column":12,"severity":"Error","message":"Explicitly mark all external contracts as trusted or untrusted","ruleId":"mark-callable-contracts","filePath":"Benchmarks/Study_SamplesSet/77bdcc525bbdbc192d216964b3cc597b.sol"},{"line":277,"column":28,"severity":"Error","message":"Explicitly mark all external contracts as trusted or untrusted","ruleId":"mark-callable-contracts","filePath":"Benchmarks/Study_SamplesSet/77bdcc525bbdbc192d216964b3cc597b.sol"},{"line":277,"column":63,"severity":"Error","message":"Explicitly mark all external contracts as trusted or untrusted","ruleId":"mark-callable-contracts","filePath":"Benchmarks/Study_SamplesSet/77bdcc525bbdbc192d216964b3cc597b.sol"},{"line":280,"column":5,"severity":"Warning","message":"Provide an error message for require","ruleId":"reason-string","fix":null,"filePath":"Benchmarks/Study_SamplesSet/77bdcc525bbdbc192d216964b3cc597b.sol"},{"line":280,"column":5,"severity":"Warning","message":"Use Custom Errors instead of require statements","ruleId":"custom-errors","fix":null,"filePath":"Benchmarks/Study_SamplesSet/77bdcc525bbdbc192d216964b3cc597b.sol"},{"conclusion":"136 problem/s (56 error/s, 80 warning/s)"}]
