[{"line":1,"column":1,"severity":"Warning","message":"Found more than One contract per file. 3 contracts found!","ruleId":"one-contract-per-file","fix":null,"filePath":"Benchmarks/Study_SamplesSet/78db6c4c072afbb7e376ca3546055073.sol"},{"line":1,"column":1,"severity":"Error","message":"Compiler version ^0.4.8 does not satisfy the ^0.8.0 semver requirement","ruleId":"compiler-version","fix":null,"filePath":"Benchmarks/Study_SamplesSet/78db6c4c072afbb7e376ca3546055073.sol"},{"line":4,"column":5,"severity":"Error","message":"Explicitly mark visibility in function","ruleId":"func-visibility","fix":null,"filePath":"Benchmarks/Study_SamplesSet/78db6c4c072afbb7e376ca3546055073.sol"},{"line":5,"column":5,"severity":"Error","message":"Explicitly mark visibility in function","ruleId":"func-visibility","fix":null,"filePath":"Benchmarks/Study_SamplesSet/78db6c4c072afbb7e376ca3546055073.sol"},{"line":6,"column":5,"severity":"Error","message":"Explicitly mark visibility in function","ruleId":"func-visibility","fix":null,"filePath":"Benchmarks/Study_SamplesSet/78db6c4c072afbb7e376ca3546055073.sol"},{"line":7,"column":5,"severity":"Error","message":"Explicitly mark visibility in function","ruleId":"func-visibility","fix":null,"filePath":"Benchmarks/Study_SamplesSet/78db6c4c072afbb7e376ca3546055073.sol"},{"line":8,"column":5,"severity":"Error","message":"Explicitly mark visibility in function","ruleId":"func-visibility","fix":null,"filePath":"Benchmarks/Study_SamplesSet/78db6c4c072afbb7e376ca3546055073.sol"},{"line":13,"column":5,"severity":"Error","message":"Explicitly mark visibility in function","ruleId":"func-visibility","fix":null,"filePath":"Benchmarks/Study_SamplesSet/78db6c4c072afbb7e376ca3546055073.sol"},{"line":16,"column":5,"severity":"Error","message":"Explicitly mark visibility in function","ruleId":"func-visibility","fix":null,"filePath":"Benchmarks/Study_SamplesSet/78db6c4c072afbb7e376ca3546055073.sol"},{"line":19,"column":5,"severity":"Error","message":"Explicitly mark visibility in function","ruleId":"func-visibility","fix":null,"filePath":"Benchmarks/Study_SamplesSet/78db6c4c072afbb7e376ca3546055073.sol"},{"line":20,"column":9,"severity":"Warning","message":"Provide an error message for require","ruleId":"reason-string","fix":null,"filePath":"Benchmarks/Study_SamplesSet/78db6c4c072afbb7e376ca3546055073.sol"},{"line":20,"column":9,"severity":"Warning","message":"Use Custom Errors instead of require statements","ruleId":"custom-errors","fix":null,"filePath":"Benchmarks/Study_SamplesSet/78db6c4c072afbb7e376ca3546055073.sol"},{"line":23,"column":9,"severity":"Error","message":"Explicitly mark all external contracts as trusted or untrusted","ruleId":"mark-callable-contracts","filePath":"Benchmarks/Study_SamplesSet/78db6c4c072afbb7e376ca3546055073.sol"},{"line":26,"column":5,"severity":"Error","message":"Explicitly mark visibility in function","ruleId":"func-visibility","fix":null,"filePath":"Benchmarks/Study_SamplesSet/78db6c4c072afbb7e376ca3546055073.sol"},{"line":29,"column":9,"severity":"Error","message":"Explicitly mark all external contracts as trusted or untrusted","ruleId":"mark-callable-contracts","filePath":"Benchmarks/Study_SamplesSet/78db6c4c072afbb7e376ca3546055073.sol"},{"line":32,"column":5,"severity":"Error","message":"Explicitly mark visibility in function","ruleId":"func-visibility","fix":null,"filePath":"Benchmarks/Study_SamplesSet/78db6c4c072afbb7e376ca3546055073.sol"},{"line":33,"column":9,"severity":"Warning","message":"Provide an error message for require","ruleId":"reason-string","fix":null,"filePath":"Benchmarks/Study_SamplesSet/78db6c4c072afbb7e376ca3546055073.sol"},{"line":33,"column":9,"severity":"Warning","message":"Use Custom Errors instead of require statements","ruleId":"custom-errors","fix":null,"filePath":"Benchmarks/Study_SamplesSet/78db6c4c072afbb7e376ca3546055073.sol"},{"line":37,"column":9,"severity":"Error","message":"Explicitly mark all external contracts as trusted or untrusted","ruleId":"mark-callable-contracts","filePath":"Benchmarks/Study_SamplesSet/78db6c4c072afbb7e376ca3546055073.sol"},{"line":40,"column":5,"severity":"Error","message":"Explicitly mark visibility of state","ruleId":"state-visibility","fix":null,"filePath":"Benchmarks/Study_SamplesSet/78db6c4c072afbb7e376ca3546055073.sol"},{"line":41,"column":5,"severity":"Error","message":"Explicitly mark visibility of state","ruleId":"state-visibility","fix":null,"filePath":"Benchmarks/Study_SamplesSet/78db6c4c072afbb7e376ca3546055073.sol"},{"line":50,"column":5,"severity":"Error","message":"Explicitly mark visibility in function (Set ignoreConstructors to true if using solidity >=0.7.0)","ruleId":"func-visibility","fix":null,"filePath":"Benchmarks/Study_SamplesSet/78db6c4c072afbb7e376ca3546055073.sol"},{"line":57,"column":5,"severity":"Error","message":"Explicitly mark visibility in function","ruleId":"func-visibility","fix":null,"filePath":"Benchmarks/Study_SamplesSet/78db6c4c072afbb7e376ca3546055073.sol"},{"line":59,"column":9,"severity":"Error","message":"Explicitly mark all external contracts as trusted or untrusted","ruleId":"mark-callable-contracts","filePath":"Benchmarks/Study_SamplesSet/78db6c4c072afbb7e376ca3546055073.sol"},{"line":61,"column":13,"severity":"Error","message":"Avoid to use low level calls.","ruleId":"avoid-low-level-calls","fix":null,"filePath":"Benchmarks/Study_SamplesSet/78db6c4c072afbb7e376ca3546055073.sol"},{"line":61,"column":42,"severity":"Error","message":"Use \"keccak256\" instead of deprecated \"sha3\"","ruleId":"avoid-sha3","filePath":"Benchmarks/Study_SamplesSet/78db6c4c072afbb7e376ca3546055073.sol"},{"line":62,"column":54,"severity":"Error","message":"\"throw\" is deprecated, avoid to use it","ruleId":"avoid-throw","filePath":"Benchmarks/Study_SamplesSet/78db6c4c072afbb7e376ca3546055073.sol"},{"line":65,"column":5,"severity":"Warning","message":"Fallback should be external and payable to accept native currency","ruleId":"payable-fallback","filePath":"Benchmarks/Study_SamplesSet/78db6c4c072afbb7e376ca3546055073.sol"},{"line":65,"column":5,"severity":"Error","message":"Explicitly mark visibility in function","ruleId":"func-visibility","fix":null,"filePath":"Benchmarks/Study_SamplesSet/78db6c4c072afbb7e376ca3546055073.sol"},{"line":67,"column":9,"severity":"Error","message":"\"throw\" is deprecated, avoid to use it","ruleId":"avoid-throw","filePath":"Benchmarks/Study_SamplesSet/78db6c4c072afbb7e376ca3546055073.sol"},{"conclusion":"30 problem/s (24 error/s, 6 warning/s)"}]
