[{"line":5,"column":1,"severity":"Error","message":"Compiler version >=0.5.0 <0.6.0 does not satisfy the ^0.8.0 semver requirement","ruleId":"compiler-version","fix":null,"filePath":"Benchmarks/Study_SamplesSet/796130bea0e92bd03923f7c797983c39.sol"},{"line":28,"column":1,"severity":"Warning","message":"Contract has 20 states declarations but allowed no more than 15","ruleId":"max-states-count","fix":null,"filePath":"Benchmarks/Study_SamplesSet/796130bea0e92bd03923f7c797983c39.sol"},{"line":29,"column":3,"severity":"Warning","message":"Function name must be in mixedCase","ruleId":"func-name-mixedcase","fix":null,"filePath":"Benchmarks/Study_SamplesSet/796130bea0e92bd03923f7c797983c39.sol"},{"line":30,"column":5,"severity":"Error","message":"Check result of \"send\" call","ruleId":"check-send-result","fix":null,"filePath":"Benchmarks/Study_SamplesSet/796130bea0e92bd03923f7c797983c39.sol"},{"line":33,"column":3,"severity":"Warning","message":"Function name must be in mixedCase","ruleId":"func-name-mixedcase","fix":null,"filePath":"Benchmarks/Study_SamplesSet/796130bea0e92bd03923f7c797983c39.sol"},{"line":33,"column":25,"severity":"Warning","message":"Rule is set with explicit type [var/s: uint]","ruleId":"explicit-types","filePath":"Benchmarks/Study_SamplesSet/796130bea0e92bd03923f7c797983c39.sol"},{"line":33,"column":42,"severity":"Warning","message":"Rule is set with explicit type [var/s: uint]","ruleId":"explicit-types","filePath":"Benchmarks/Study_SamplesSet/796130bea0e92bd03923f7c797983c39.sol"},{"line":33,"column":60,"severity":"Warning","message":"Variable name must be in mixedCase","ruleId":"var-name-mixedcase","fix":null,"filePath":"Benchmarks/Study_SamplesSet/796130bea0e92bd03923f7c797983c39.sol"},{"line":33,"column":25,"severity":"Warning","message":"Variable \"roundIndex\" is unused","ruleId":"no-unused-vars","fix":null,"filePath":"Benchmarks/Study_SamplesSet/796130bea0e92bd03923f7c797983c39.sol"},{"line":33,"column":42,"severity":"Warning","message":"Variable \"subpotIndex\" is unused","ruleId":"no-unused-vars","fix":null,"filePath":"Benchmarks/Study_SamplesSet/796130bea0e92bd03923f7c797983c39.sol"},{"line":34,"column":9,"severity":"Warning","message":"Variable name must be in mixedCase","ruleId":"var-name-mixedcase","fix":null,"filePath":"Benchmarks/Study_SamplesSet/796130bea0e92bd03923f7c797983c39.sol"},{"line":35,"column":9,"severity":"Error","message":"Check result of \"send\" call","ruleId":"check-send-result","fix":null,"filePath":"Benchmarks/Study_SamplesSet/796130bea0e92bd03923f7c797983c39.sol"},{"line":39,"column":3,"severity":"Warning","message":"Function name must be in mixedCase","ruleId":"func-name-mixedcase","fix":null,"filePath":"Benchmarks/Study_SamplesSet/796130bea0e92bd03923f7c797983c39.sol"},{"line":40,"column":4,"severity":"Warning","message":"Variable name must be in mixedCase","ruleId":"var-name-mixedcase","fix":null,"filePath":"Benchmarks/Study_SamplesSet/796130bea0e92bd03923f7c797983c39.sol"},{"line":42,"column":7,"severity":"Warning","message":"Code contains empty blocks","ruleId":"no-empty-blocks","fix":null,"filePath":"Benchmarks/Study_SamplesSet/796130bea0e92bd03923f7c797983c39.sol"},{"line":45,"column":7,"severity":"Warning","message":"Code contains empty blocks","ruleId":"no-empty-blocks","fix":null,"filePath":"Benchmarks/Study_SamplesSet/796130bea0e92bd03923f7c797983c39.sol"},{"line":50,"column":3,"severity":"Warning","message":"Function name must be in mixedCase","ruleId":"func-name-mixedcase","fix":null,"filePath":"Benchmarks/Study_SamplesSet/796130bea0e92bd03923f7c797983c39.sol"},{"line":51,"column":1,"severity":"Warning","message":"Variable name must be in mixedCase","ruleId":"var-name-mixedcase","fix":null,"filePath":"Benchmarks/Study_SamplesSet/796130bea0e92bd03923f7c797983c39.sol"},{"line":53,"column":3,"severity":"Warning","message":"Provide an error message for revert","ruleId":"reason-string","fix":null,"filePath":"Benchmarks/Study_SamplesSet/796130bea0e92bd03923f7c797983c39.sol"},{"line":53,"column":3,"severity":"Warning","message":"Use Custom Errors instead of revert statements","ruleId":"custom-errors","fix":null,"filePath":"Benchmarks/Study_SamplesSet/796130bea0e92bd03923f7c797983c39.sol"},{"line":55,"column":3,"severity":"Error","message":"Explicitly mark visibility of state","ruleId":"state-visibility","fix":null,"filePath":"Benchmarks/Study_SamplesSet/796130bea0e92bd03923f7c797983c39.sol"},{"line":56,"column":3,"severity":"Warning","message":"Function name must be in mixedCase","ruleId":"func-name-mixedcase","fix":null,"filePath":"Benchmarks/Study_SamplesSet/796130bea0e92bd03923f7c797983c39.sol"},{"line":57,"column":9,"severity":"Error","message":"Check result of \"send\" call","ruleId":"check-send-result","fix":null,"filePath":"Benchmarks/Study_SamplesSet/796130bea0e92bd03923f7c797983c39.sol"},{"line":59,"column":3,"severity":"Error","message":"Explicitly mark visibility of state","ruleId":"state-visibility","fix":null,"filePath":"Benchmarks/Study_SamplesSet/796130bea0e92bd03923f7c797983c39.sol"},{"line":60,"column":3,"severity":"Warning","message":"Function name must be in mixedCase","ruleId":"func-name-mixedcase","fix":null,"filePath":"Benchmarks/Study_SamplesSet/796130bea0e92bd03923f7c797983c39.sol"},{"line":61,"column":5,"severity":"Error","message":"Check result of \"send\" call","ruleId":"check-send-result","fix":null,"filePath":"Benchmarks/Study_SamplesSet/796130bea0e92bd03923f7c797983c39.sol"},{"line":63,"column":3,"severity":"Error","message":"Explicitly mark visibility of state","ruleId":"state-visibility","fix":null,"filePath":"Benchmarks/Study_SamplesSet/796130bea0e92bd03923f7c797983c39.sol"},{"line":65,"column":3,"severity":"Warning","message":"Function name must be in mixedCase","ruleId":"func-name-mixedcase","fix":null,"filePath":"Benchmarks/Study_SamplesSet/796130bea0e92bd03923f7c797983c39.sol"},{"line":66,"column":1,"severity":"Warning","message":"Rule is set with explicit type [var/s: uint]","ruleId":"explicit-types","filePath":"Benchmarks/Study_SamplesSet/796130bea0e92bd03923f7c797983c39.sol"},{"line":66,"column":1,"severity":"Warning","message":"Variable name must be in mixedCase","ruleId":"var-name-mixedcase","fix":null,"filePath":"Benchmarks/Study_SamplesSet/796130bea0e92bd03923f7c797983c39.sol"},{"line":67,"column":1,"severity":"Warning","message":"Variable name must be in mixedCase","ruleId":"var-name-mixedcase","fix":null,"filePath":"Benchmarks/Study_SamplesSet/796130bea0e92bd03923f7c797983c39.sol"},{"line":71,"column":3,"severity":"Warning","message":"Provide an error message for revert","ruleId":"reason-string","fix":null,"filePath":"Benchmarks/Study_SamplesSet/796130bea0e92bd03923f7c797983c39.sol"},{"line":71,"column":3,"severity":"Warning","message":"Use Custom Errors instead of revert statements","ruleId":"custom-errors","fix":null,"filePath":"Benchmarks/Study_SamplesSet/796130bea0e92bd03923f7c797983c39.sol"},{"line":73,"column":3,"severity":"Error","message":"Explicitly mark visibility of state","ruleId":"state-visibility","fix":null,"filePath":"Benchmarks/Study_SamplesSet/796130bea0e92bd03923f7c797983c39.sol"},{"line":74,"column":3,"severity":"Warning","message":"Variable name must be in mixedCase","ruleId":"var-name-mixedcase","fix":null,"filePath":"Benchmarks/Study_SamplesSet/796130bea0e92bd03923f7c797983c39.sol"},{"line":75,"column":1,"severity":"Warning","message":"Variable name must be in mixedCase","ruleId":"var-name-mixedcase","fix":null,"filePath":"Benchmarks/Study_SamplesSet/796130bea0e92bd03923f7c797983c39.sol"},{"line":76,"column":1,"severity":"Warning","message":"Rule is set with explicit type [var/s: uint]","ruleId":"explicit-types","filePath":"Benchmarks/Study_SamplesSet/796130bea0e92bd03923f7c797983c39.sol"},{"line":76,"column":1,"severity":"Warning","message":"Variable name must be in mixedCase","ruleId":"var-name-mixedcase","fix":null,"filePath":"Benchmarks/Study_SamplesSet/796130bea0e92bd03923f7c797983c39.sol"},{"line":78,"column":1,"severity":"Warning","message":"Function name must be in mixedCase","ruleId":"func-name-mixedcase","fix":null,"filePath":"Benchmarks/Study_SamplesSet/796130bea0e92bd03923f7c797983c39.sol"},{"line":79,"column":9,"severity":"Warning","message":"Provide an error message for require","ruleId":"reason-string","fix":null,"filePath":"Benchmarks/Study_SamplesSet/796130bea0e92bd03923f7c797983c39.sol"},{"line":79,"column":9,"severity":"Warning","message":"Use Custom Errors instead of require statements","ruleId":"custom-errors","fix":null,"filePath":"Benchmarks/Study_SamplesSet/796130bea0e92bd03923f7c797983c39.sol"},{"line":80,"column":9,"severity":"Error","message":"Check result of \"send\" call","ruleId":"check-send-result","fix":null,"filePath":"Benchmarks/Study_SamplesSet/796130bea0e92bd03923f7c797983c39.sol"},{"line":81,"column":9,"severity":"Error","message":"Possible reentrancy vulnerabilities. Avoid state changes after transfer.","ruleId":"reentrancy","fix":null,"filePath":"Benchmarks/Study_SamplesSet/796130bea0e92bd03923f7c797983c39.sol"},{"line":83,"column":3,"severity":"Error","message":"Explicitly mark visibility of state","ruleId":"state-visibility","fix":null,"filePath":"Benchmarks/Study_SamplesSet/796130bea0e92bd03923f7c797983c39.sol"},{"line":85,"column":3,"severity":"Warning","message":"Function name must be in mixedCase","ruleId":"func-name-mixedcase","fix":null,"filePath":"Benchmarks/Study_SamplesSet/796130bea0e92bd03923f7c797983c39.sol"},{"line":86,"column":8,"severity":"Error","message":"Check result of \"send\" call","ruleId":"check-send-result","fix":null,"filePath":"Benchmarks/Study_SamplesSet/796130bea0e92bd03923f7c797983c39.sol"},{"line":88,"column":3,"severity":"Warning","message":"Function name must be in mixedCase","ruleId":"func-name-mixedcase","fix":null,"filePath":"Benchmarks/Study_SamplesSet/796130bea0e92bd03923f7c797983c39.sol"},{"line":89,"column":9,"severity":"Error","message":"Avoid to use low level calls.","ruleId":"avoid-low-level-calls","fix":null,"filePath":"Benchmarks/Study_SamplesSet/796130bea0e92bd03923f7c797983c39.sol"},{"line":89,"column":9,"severity":"Error","message":"Avoid to use \".call.value()()\"","ruleId":"avoid-call-value","fix":null,"filePath":"Benchmarks/Study_SamplesSet/796130bea0e92bd03923f7c797983c39.sol"},{"line":92,"column":3,"severity":"Warning","message":"Function name must be in mixedCase","ruleId":"func-name-mixedcase","fix":null,"filePath":"Benchmarks/Study_SamplesSet/796130bea0e92bd03923f7c797983c39.sol"},{"line":93,"column":9,"severity":"Error","message":"Check result of \"send\" call","ruleId":"check-send-result","fix":null,"filePath":"Benchmarks/Study_SamplesSet/796130bea0e92bd03923f7c797983c39.sol"},{"line":96,"column":3,"severity":"Warning","message":"Variable name must be in mixedCase","ruleId":"var-name-mixedcase","fix":null,"filePath":"Benchmarks/Study_SamplesSet/796130bea0e92bd03923f7c797983c39.sol"},{"line":97,"column":1,"severity":"Warning","message":"Variable name must be in mixedCase","ruleId":"var-name-mixedcase","fix":null,"filePath":"Benchmarks/Study_SamplesSet/796130bea0e92bd03923f7c797983c39.sol"},{"line":98,"column":1,"severity":"Warning","message":"Rule is set with explicit type [var/s: uint]","ruleId":"explicit-types","filePath":"Benchmarks/Study_SamplesSet/796130bea0e92bd03923f7c797983c39.sol"},{"line":98,"column":1,"severity":"Warning","message":"Variable name must be in mixedCase","ruleId":"var-name-mixedcase","fix":null,"filePath":"Benchmarks/Study_SamplesSet/796130bea0e92bd03923f7c797983c39.sol"},{"line":100,"column":1,"severity":"Warning","message":"Function name must be in mixedCase","ruleId":"func-name-mixedcase","fix":null,"filePath":"Benchmarks/Study_SamplesSet/796130bea0e92bd03923f7c797983c39.sol"},{"line":101,"column":9,"severity":"Warning","message":"Provide an error message for require","ruleId":"reason-string","fix":null,"filePath":"Benchmarks/Study_SamplesSet/796130bea0e92bd03923f7c797983c39.sol"},{"line":101,"column":9,"severity":"Warning","message":"Use Custom Errors instead of require statements","ruleId":"custom-errors","fix":null,"filePath":"Benchmarks/Study_SamplesSet/796130bea0e92bd03923f7c797983c39.sol"},{"line":102,"column":9,"severity":"Error","message":"Check result of \"send\" call","ruleId":"check-send-result","fix":null,"filePath":"Benchmarks/Study_SamplesSet/796130bea0e92bd03923f7c797983c39.sol"},{"line":103,"column":9,"severity":"Error","message":"Possible reentrancy vulnerabilities. Avoid state changes after transfer.","ruleId":"reentrancy","fix":null,"filePath":"Benchmarks/Study_SamplesSet/796130bea0e92bd03923f7c797983c39.sol"},{"line":108,"column":9,"severity":"Warning","message":"Provide an error message for require","ruleId":"reason-string","fix":null,"filePath":"Benchmarks/Study_SamplesSet/796130bea0e92bd03923f7c797983c39.sol"},{"line":108,"column":9,"severity":"Warning","message":"Use Custom Errors instead of require statements","ruleId":"custom-errors","fix":null,"filePath":"Benchmarks/Study_SamplesSet/796130bea0e92bd03923f7c797983c39.sol"},{"line":123,"column":9,"severity":"Warning","message":"Provide an error message for require","ruleId":"reason-string","fix":null,"filePath":"Benchmarks/Study_SamplesSet/796130bea0e92bd03923f7c797983c39.sol"},{"line":123,"column":9,"severity":"Warning","message":"Use Custom Errors instead of require statements","ruleId":"custom-errors","fix":null,"filePath":"Benchmarks/Study_SamplesSet/796130bea0e92bd03923f7c797983c39.sol"},{"line":131,"column":9,"severity":"Warning","message":"Provide an error message for require","ruleId":"reason-string","fix":null,"filePath":"Benchmarks/Study_SamplesSet/796130bea0e92bd03923f7c797983c39.sol"},{"line":131,"column":9,"severity":"Warning","message":"Use Custom Errors instead of require statements","ruleId":"custom-errors","fix":null,"filePath":"Benchmarks/Study_SamplesSet/796130bea0e92bd03923f7c797983c39.sol"},{"line":133,"column":1,"severity":"Warning","message":"Function name must be in mixedCase","ruleId":"func-name-mixedcase","fix":null,"filePath":"Benchmarks/Study_SamplesSet/796130bea0e92bd03923f7c797983c39.sol"},{"line":134,"column":4,"severity":"Warning","message":"Variable name must be in mixedCase","ruleId":"var-name-mixedcase","fix":null,"filePath":"Benchmarks/Study_SamplesSet/796130bea0e92bd03923f7c797983c39.sol"},{"line":136,"column":7,"severity":"Warning","message":"Code contains empty blocks","ruleId":"no-empty-blocks","fix":null,"filePath":"Benchmarks/Study_SamplesSet/796130bea0e92bd03923f7c797983c39.sol"},{"line":139,"column":7,"severity":"Warning","message":"Code contains empty blocks","ruleId":"no-empty-blocks","fix":null,"filePath":"Benchmarks/Study_SamplesSet/796130bea0e92bd03923f7c797983c39.sol"},{"line":143,"column":49,"severity":"Warning","message":"Rule is set with explicit type [var/s: uint]","ruleId":"explicit-types","filePath":"Benchmarks/Study_SamplesSet/796130bea0e92bd03923f7c797983c39.sol"},{"line":146,"column":1,"severity":"Warning","message":"Variable name must be in mixedCase","ruleId":"var-name-mixedcase","fix":null,"filePath":"Benchmarks/Study_SamplesSet/796130bea0e92bd03923f7c797983c39.sol"},{"line":148,"column":1,"severity":"Warning","message":"Function name must be in mixedCase","ruleId":"func-name-mixedcase","fix":null,"filePath":"Benchmarks/Study_SamplesSet/796130bea0e92bd03923f7c797983c39.sol"},{"line":149,"column":9,"severity":"Warning","message":"Provide an error message for require","ruleId":"reason-string","fix":null,"filePath":"Benchmarks/Study_SamplesSet/796130bea0e92bd03923f7c797983c39.sol"},{"line":149,"column":9,"severity":"Warning","message":"Use Custom Errors instead of require statements","ruleId":"custom-errors","fix":null,"filePath":"Benchmarks/Study_SamplesSet/796130bea0e92bd03923f7c797983c39.sol"},{"line":150,"column":9,"severity":"Error","message":"Check result of \"send\" call","ruleId":"check-send-result","fix":null,"filePath":"Benchmarks/Study_SamplesSet/796130bea0e92bd03923f7c797983c39.sol"},{"line":156,"column":1,"severity":"Warning","message":"Function name must be in mixedCase","ruleId":"func-name-mixedcase","fix":null,"filePath":"Benchmarks/Study_SamplesSet/796130bea0e92bd03923f7c797983c39.sol"},{"line":157,"column":8,"severity":"Error","message":"Check result of \"send\" call","ruleId":"check-send-result","fix":null,"filePath":"Benchmarks/Study_SamplesSet/796130bea0e92bd03923f7c797983c39.sol"},{"line":160,"column":9,"severity":"Warning","message":"Provide an error message for require","ruleId":"reason-string","fix":null,"filePath":"Benchmarks/Study_SamplesSet/796130bea0e92bd03923f7c797983c39.sol"},{"line":160,"column":9,"severity":"Warning","message":"Use Custom Errors instead of require statements","ruleId":"custom-errors","fix":null,"filePath":"Benchmarks/Study_SamplesSet/796130bea0e92bd03923f7c797983c39.sol"},{"line":161,"column":9,"severity":"Warning","message":"Provide an error message for require","ruleId":"reason-string","fix":null,"filePath":"Benchmarks/Study_SamplesSet/796130bea0e92bd03923f7c797983c39.sol"},{"line":161,"column":9,"severity":"Warning","message":"Use Custom Errors instead of require statements","ruleId":"custom-errors","fix":null,"filePath":"Benchmarks/Study_SamplesSet/796130bea0e92bd03923f7c797983c39.sol"},{"line":163,"column":9,"severity":"Warning","message":"Provide an error message for require","ruleId":"reason-string","fix":null,"filePath":"Benchmarks/Study_SamplesSet/796130bea0e92bd03923f7c797983c39.sol"},{"line":163,"column":9,"severity":"Warning","message":"Use Custom Errors instead of require statements","ruleId":"custom-errors","fix":null,"filePath":"Benchmarks/Study_SamplesSet/796130bea0e92bd03923f7c797983c39.sol"},{"line":164,"column":9,"severity":"Warning","message":"Provide an error message for require","ruleId":"reason-string","fix":null,"filePath":"Benchmarks/Study_SamplesSet/796130bea0e92bd03923f7c797983c39.sol"},{"line":164,"column":9,"severity":"Warning","message":"Use Custom Errors instead of require statements","ruleId":"custom-errors","fix":null,"filePath":"Benchmarks/Study_SamplesSet/796130bea0e92bd03923f7c797983c39.sol"},{"line":167,"column":13,"severity":"Warning","message":"Provide an error message for require","ruleId":"reason-string","fix":null,"filePath":"Benchmarks/Study_SamplesSet/796130bea0e92bd03923f7c797983c39.sol"},{"line":167,"column":13,"severity":"Warning","message":"Use Custom Errors instead of require statements","ruleId":"custom-errors","fix":null,"filePath":"Benchmarks/Study_SamplesSet/796130bea0e92bd03923f7c797983c39.sol"},{"line":167,"column":21,"severity":"Error","message":"Avoid making time-based decisions in your business logic","ruleId":"not-rely-on-time","fix":null,"filePath":"Benchmarks/Study_SamplesSet/796130bea0e92bd03923f7c797983c39.sol"},{"line":169,"column":17,"severity":"Warning","message":"Provide an error message for require","ruleId":"reason-string","fix":null,"filePath":"Benchmarks/Study_SamplesSet/796130bea0e92bd03923f7c797983c39.sol"},{"line":169,"column":17,"severity":"Warning","message":"Use Custom Errors instead of require statements","ruleId":"custom-errors","fix":null,"filePath":"Benchmarks/Study_SamplesSet/796130bea0e92bd03923f7c797983c39.sol"},{"line":169,"column":25,"severity":"Error","message":"Avoid making time-based decisions in your business logic","ruleId":"not-rely-on-time","fix":null,"filePath":"Benchmarks/Study_SamplesSet/796130bea0e92bd03923f7c797983c39.sol"},{"line":171,"column":17,"severity":"Warning","message":"Provide an error message for require","ruleId":"reason-string","fix":null,"filePath":"Benchmarks/Study_SamplesSet/796130bea0e92bd03923f7c797983c39.sol"},{"line":171,"column":17,"severity":"Warning","message":"Use Custom Errors instead of require statements","ruleId":"custom-errors","fix":null,"filePath":"Benchmarks/Study_SamplesSet/796130bea0e92bd03923f7c797983c39.sol"},{"line":171,"column":25,"severity":"Error","message":"Avoid making time-based decisions in your business logic","ruleId":"not-rely-on-time","fix":null,"filePath":"Benchmarks/Study_SamplesSet/796130bea0e92bd03923f7c797983c39.sol"},{"line":173,"column":17,"severity":"Warning","message":"Provide an error message for require","ruleId":"reason-string","fix":null,"filePath":"Benchmarks/Study_SamplesSet/796130bea0e92bd03923f7c797983c39.sol"},{"line":173,"column":17,"severity":"Warning","message":"Use Custom Errors instead of require statements","ruleId":"custom-errors","fix":null,"filePath":"Benchmarks/Study_SamplesSet/796130bea0e92bd03923f7c797983c39.sol"},{"line":173,"column":25,"severity":"Error","message":"Avoid making time-based decisions in your business logic","ruleId":"not-rely-on-time","fix":null,"filePath":"Benchmarks/Study_SamplesSet/796130bea0e92bd03923f7c797983c39.sol"},{"line":182,"column":1,"severity":"Warning","message":"Function name must be in mixedCase","ruleId":"func-name-mixedcase","fix":null,"filePath":"Benchmarks/Study_SamplesSet/796130bea0e92bd03923f7c797983c39.sol"},{"line":183,"column":1,"severity":"Warning","message":"Variable name must be in mixedCase","ruleId":"var-name-mixedcase","fix":null,"filePath":"Benchmarks/Study_SamplesSet/796130bea0e92bd03923f7c797983c39.sol"},{"line":185,"column":3,"severity":"Warning","message":"Provide an error message for revert","ruleId":"reason-string","fix":null,"filePath":"Benchmarks/Study_SamplesSet/796130bea0e92bd03923f7c797983c39.sol"},{"line":185,"column":3,"severity":"Warning","message":"Use Custom Errors instead of revert statements","ruleId":"custom-errors","fix":null,"filePath":"Benchmarks/Study_SamplesSet/796130bea0e92bd03923f7c797983c39.sol"},{"line":189,"column":9,"severity":"Warning","message":"Provide an error message for require","ruleId":"reason-string","fix":null,"filePath":"Benchmarks/Study_SamplesSet/796130bea0e92bd03923f7c797983c39.sol"},{"line":189,"column":9,"severity":"Warning","message":"Use Custom Errors instead of require statements","ruleId":"custom-errors","fix":null,"filePath":"Benchmarks/Study_SamplesSet/796130bea0e92bd03923f7c797983c39.sol"},{"line":190,"column":9,"severity":"Warning","message":"Provide an error message for require","ruleId":"reason-string","fix":null,"filePath":"Benchmarks/Study_SamplesSet/796130bea0e92bd03923f7c797983c39.sol"},{"line":190,"column":9,"severity":"Warning","message":"Use Custom Errors instead of require statements","ruleId":"custom-errors","fix":null,"filePath":"Benchmarks/Study_SamplesSet/796130bea0e92bd03923f7c797983c39.sol"},{"line":197,"column":1,"severity":"Warning","message":"Variable name must be in mixedCase","ruleId":"var-name-mixedcase","fix":null,"filePath":"Benchmarks/Study_SamplesSet/796130bea0e92bd03923f7c797983c39.sol"},{"line":199,"column":1,"severity":"Warning","message":"Function name must be in mixedCase","ruleId":"func-name-mixedcase","fix":null,"filePath":"Benchmarks/Study_SamplesSet/796130bea0e92bd03923f7c797983c39.sol"},{"line":200,"column":9,"severity":"Warning","message":"Provide an error message for require","ruleId":"reason-string","fix":null,"filePath":"Benchmarks/Study_SamplesSet/796130bea0e92bd03923f7c797983c39.sol"},{"line":200,"column":9,"severity":"Warning","message":"Use Custom Errors instead of require statements","ruleId":"custom-errors","fix":null,"filePath":"Benchmarks/Study_SamplesSet/796130bea0e92bd03923f7c797983c39.sol"},{"line":201,"column":9,"severity":"Error","message":"Check result of \"send\" call","ruleId":"check-send-result","fix":null,"filePath":"Benchmarks/Study_SamplesSet/796130bea0e92bd03923f7c797983c39.sol"},{"line":211,"column":1,"severity":"Warning","message":"Function name must be in mixedCase","ruleId":"func-name-mixedcase","fix":null,"filePath":"Benchmarks/Study_SamplesSet/796130bea0e92bd03923f7c797983c39.sol"},{"line":212,"column":5,"severity":"Error","message":"Avoid to use low level calls.","ruleId":"avoid-low-level-calls","fix":null,"filePath":"Benchmarks/Study_SamplesSet/796130bea0e92bd03923f7c797983c39.sol"},{"line":212,"column":5,"severity":"Error","message":"Avoid to use \".call.value()()\"","ruleId":"avoid-call-value","fix":null,"filePath":"Benchmarks/Study_SamplesSet/796130bea0e92bd03923f7c797983c39.sol"},{"conclusion":"114 problem/s (27 error/s, 87 warning/s)"}]
