[{"line":1,"column":1,"severity":"Warning","message":"Found more than One contract per file. 5 contracts found!","ruleId":"one-contract-per-file","fix":null,"filePath":"Benchmarks/Study_SamplesSet/7a0eb9f303356003d534556ac308f4be.sol"},{"line":1,"column":1,"severity":"Error","message":"Compiler version ^0.4.24 does not satisfy the ^0.8.0 semver requirement","ruleId":"compiler-version","fix":null,"filePath":"Benchmarks/Study_SamplesSet/7a0eb9f303356003d534556ac308f4be.sol"},{"line":21,"column":5,"severity":"Error","message":"Avoid to use inline assembly. It is acceptable only in rare cases","ruleId":"no-inline-assembly","fix":null,"filePath":"Benchmarks/Study_SamplesSet/7a0eb9f303356003d534556ac308f4be.sol"},{"line":32,"column":23,"severity":"Warning","message":"Visibility modifier must be first in list of modifiers","ruleId":"visibility-modifier-order","fix":null,"filePath":"Benchmarks/Study_SamplesSet/7a0eb9f303356003d534556ac308f4be.sol"},{"line":48,"column":5,"severity":"Error","message":"Avoid to use inline assembly. It is acceptable only in rare cases","ruleId":"no-inline-assembly","fix":null,"filePath":"Benchmarks/Study_SamplesSet/7a0eb9f303356003d534556ac308f4be.sol"},{"line":73,"column":37,"severity":"Warning","message":"Code contains empty blocks","ruleId":"no-empty-blocks","fix":null,"filePath":"Benchmarks/Study_SamplesSet/7a0eb9f303356003d534556ac308f4be.sol"},{"line":104,"column":12,"severity":"Error","message":"Explicitly mark all external contracts as trusted or untrusted","ruleId":"mark-callable-contracts","filePath":"Benchmarks/Study_SamplesSet/7a0eb9f303356003d534556ac308f4be.sol"},{"line":115,"column":5,"severity":"Error","message":"Avoid to use inline assembly. It is acceptable only in rare cases","ruleId":"no-inline-assembly","fix":null,"filePath":"Benchmarks/Study_SamplesSet/7a0eb9f303356003d534556ac308f4be.sol"},{"line":134,"column":5,"severity":"Warning","message":"Error message for require is too long: 59 counted / 32 allowed","ruleId":"reason-string","fix":null,"filePath":"Benchmarks/Study_SamplesSet/7a0eb9f303356003d534556ac308f4be.sol"},{"line":134,"column":5,"severity":"Warning","message":"Use Custom Errors instead of require statements","ruleId":"custom-errors","fix":null,"filePath":"Benchmarks/Study_SamplesSet/7a0eb9f303356003d534556ac308f4be.sol"},{"line":134,"column":13,"severity":"Error","message":"Explicitly mark all external contracts as trusted or untrusted","ruleId":"mark-callable-contracts","filePath":"Benchmarks/Study_SamplesSet/7a0eb9f303356003d534556ac308f4be.sol"},{"line":138,"column":5,"severity":"Error","message":"Avoid to use inline assembly. It is acceptable only in rare cases","ruleId":"no-inline-assembly","fix":null,"filePath":"Benchmarks/Study_SamplesSet/7a0eb9f303356003d534556ac308f4be.sol"},{"line":176,"column":39,"severity":"Warning","message":"Visibility modifier must be first in list of modifiers","ruleId":"visibility-modifier-order","fix":null,"filePath":"Benchmarks/Study_SamplesSet/7a0eb9f303356003d534556ac308f4be.sol"},{"line":177,"column":12,"severity":"Error","message":"Explicitly mark all external contracts as trusted or untrusted","ruleId":"mark-callable-contracts","filePath":"Benchmarks/Study_SamplesSet/7a0eb9f303356003d534556ac308f4be.sol"},{"line":202,"column":5,"severity":"Warning","message":"Error message for require is too long: 54 counted / 32 allowed","ruleId":"reason-string","fix":null,"filePath":"Benchmarks/Study_SamplesSet/7a0eb9f303356003d534556ac308f4be.sol"},{"line":202,"column":5,"severity":"Warning","message":"Use Custom Errors instead of require statements","ruleId":"custom-errors","fix":null,"filePath":"Benchmarks/Study_SamplesSet/7a0eb9f303356003d534556ac308f4be.sol"},{"line":226,"column":76,"severity":"Warning","message":"Visibility modifier must be first in list of modifiers","ruleId":"visibility-modifier-order","fix":null,"filePath":"Benchmarks/Study_SamplesSet/7a0eb9f303356003d534556ac308f4be.sol"},{"line":228,"column":5,"severity":"Warning","message":"Provide an error message for require","ruleId":"reason-string","fix":null,"filePath":"Benchmarks/Study_SamplesSet/7a0eb9f303356003d534556ac308f4be.sol"},{"line":228,"column":5,"severity":"Warning","message":"Use Custom Errors instead of require statements","ruleId":"custom-errors","fix":null,"filePath":"Benchmarks/Study_SamplesSet/7a0eb9f303356003d534556ac308f4be.sol"},{"line":228,"column":13,"severity":"Error","message":"Avoid to use low level calls.","ruleId":"avoid-low-level-calls","fix":null,"filePath":"Benchmarks/Study_SamplesSet/7a0eb9f303356003d534556ac308f4be.sol"},{"line":228,"column":13,"severity":"Error","message":"Avoid to use \".call.value()()\"","ruleId":"avoid-call-value","fix":null,"filePath":"Benchmarks/Study_SamplesSet/7a0eb9f303356003d534556ac308f4be.sol"},{"line":236,"column":5,"severity":"Error","message":"Avoid to use inline assembly. It is acceptable only in rare cases","ruleId":"no-inline-assembly","fix":null,"filePath":"Benchmarks/Study_SamplesSet/7a0eb9f303356003d534556ac308f4be.sol"},{"line":248,"column":5,"severity":"Error","message":"Avoid to use inline assembly. It is acceptable only in rare cases","ruleId":"no-inline-assembly","fix":null,"filePath":"Benchmarks/Study_SamplesSet/7a0eb9f303356003d534556ac308f4be.sol"},{"line":257,"column":5,"severity":"Warning","message":"Error message for require is too long: 50 counted / 32 allowed","ruleId":"reason-string","fix":null,"filePath":"Benchmarks/Study_SamplesSet/7a0eb9f303356003d534556ac308f4be.sol"},{"line":257,"column":5,"severity":"Warning","message":"Use Custom Errors instead of require statements","ruleId":"custom-errors","fix":null,"filePath":"Benchmarks/Study_SamplesSet/7a0eb9f303356003d534556ac308f4be.sol"},{"conclusion":"25 problem/s (12 error/s, 13 warning/s)"}]
