[{"line":1,"column":1,"severity":"Warning","message":"Found more than One contract per file. 6 contracts found!","ruleId":"one-contract-per-file","fix":null,"filePath":"Benchmarks/Study_SamplesSet/7ebd71a2ad69c9f4bcb733c440646994.sol"},{"line":1,"column":1,"severity":"Error","message":"Compiler version ^0.4.13 does not satisfy the ^0.8.0 semver requirement","ruleId":"compiler-version","fix":null,"filePath":"Benchmarks/Study_SamplesSet/7ebd71a2ad69c9f4bcb733c440646994.sol"},{"line":40,"column":3,"severity":"Error","message":"Explicitly mark visibility in function","ruleId":"func-visibility","fix":null,"filePath":"Benchmarks/Study_SamplesSet/7ebd71a2ad69c9f4bcb733c440646994.sol"},{"line":41,"column":3,"severity":"Error","message":"Explicitly mark visibility in function","ruleId":"func-visibility","fix":null,"filePath":"Benchmarks/Study_SamplesSet/7ebd71a2ad69c9f4bcb733c440646994.sol"},{"line":49,"column":3,"severity":"Error","message":"Explicitly mark visibility in function","ruleId":"func-visibility","fix":null,"filePath":"Benchmarks/Study_SamplesSet/7ebd71a2ad69c9f4bcb733c440646994.sol"},{"line":50,"column":3,"severity":"Error","message":"Explicitly mark visibility in function","ruleId":"func-visibility","fix":null,"filePath":"Benchmarks/Study_SamplesSet/7ebd71a2ad69c9f4bcb733c440646994.sol"},{"line":51,"column":3,"severity":"Error","message":"Explicitly mark visibility in function","ruleId":"func-visibility","fix":null,"filePath":"Benchmarks/Study_SamplesSet/7ebd71a2ad69c9f4bcb733c440646994.sol"},{"line":62,"column":3,"severity":"Error","message":"Explicitly mark visibility of state","ruleId":"state-visibility","fix":null,"filePath":"Benchmarks/Study_SamplesSet/7ebd71a2ad69c9f4bcb733c440646994.sol"},{"line":69,"column":3,"severity":"Error","message":"Explicitly mark visibility in function","ruleId":"func-visibility","fix":null,"filePath":"Benchmarks/Study_SamplesSet/7ebd71a2ad69c9f4bcb733c440646994.sol"},{"line":72,"column":5,"severity":"Error","message":"Explicitly mark all external contracts as trusted or untrusted","ruleId":"mark-callable-contracts","filePath":"Benchmarks/Study_SamplesSet/7ebd71a2ad69c9f4bcb733c440646994.sol"},{"line":81,"column":3,"severity":"Error","message":"Explicitly mark visibility in function","ruleId":"func-visibility","fix":null,"filePath":"Benchmarks/Study_SamplesSet/7ebd71a2ad69c9f4bcb733c440646994.sol"},{"line":96,"column":3,"severity":"Error","message":"Explicitly mark visibility of state","ruleId":"state-visibility","fix":null,"filePath":"Benchmarks/Study_SamplesSet/7ebd71a2ad69c9f4bcb733c440646994.sol"},{"line":105,"column":3,"severity":"Error","message":"Explicitly mark visibility in function","ruleId":"func-visibility","fix":null,"filePath":"Benchmarks/Study_SamplesSet/7ebd71a2ad69c9f4bcb733c440646994.sol"},{"line":114,"column":5,"severity":"Error","message":"Explicitly mark all external contracts as trusted or untrusted","ruleId":"mark-callable-contracts","filePath":"Benchmarks/Study_SamplesSet/7ebd71a2ad69c9f4bcb733c440646994.sol"},{"line":123,"column":3,"severity":"Error","message":"Explicitly mark visibility in function","ruleId":"func-visibility","fix":null,"filePath":"Benchmarks/Study_SamplesSet/7ebd71a2ad69c9f4bcb733c440646994.sol"},{"line":129,"column":5,"severity":"Warning","message":"Provide an error message for require","ruleId":"reason-string","fix":null,"filePath":"Benchmarks/Study_SamplesSet/7ebd71a2ad69c9f4bcb733c440646994.sol"},{"line":129,"column":5,"severity":"Warning","message":"Use Custom Errors instead of require statements","ruleId":"custom-errors","fix":null,"filePath":"Benchmarks/Study_SamplesSet/7ebd71a2ad69c9f4bcb733c440646994.sol"},{"line":132,"column":5,"severity":"Error","message":"Explicitly mark all external contracts as trusted or untrusted","ruleId":"mark-callable-contracts","filePath":"Benchmarks/Study_SamplesSet/7ebd71a2ad69c9f4bcb733c440646994.sol"},{"line":142,"column":3,"severity":"Error","message":"Explicitly mark visibility in function","ruleId":"func-visibility","fix":null,"filePath":"Benchmarks/Study_SamplesSet/7ebd71a2ad69c9f4bcb733c440646994.sol"},{"line":153,"column":23,"severity":"Error","message":"Use double quotes for string literals","ruleId":"quotes","filePath":"Benchmarks/Study_SamplesSet/7ebd71a2ad69c9f4bcb733c440646994.sol"},{"line":154,"column":25,"severity":"Error","message":"Use double quotes for string literals","ruleId":"quotes","filePath":"Benchmarks/Study_SamplesSet/7ebd71a2ad69c9f4bcb733c440646994.sol"},{"line":155,"column":2,"severity":"Warning","message":"Rule is set with explicit type [var/s: uint]","ruleId":"explicit-types","filePath":"Benchmarks/Study_SamplesSet/7ebd71a2ad69c9f4bcb733c440646994.sol"},{"line":156,"column":2,"severity":"Warning","message":"Rule is set with explicit type [var/s: uint]","ruleId":"explicit-types","filePath":"Benchmarks/Study_SamplesSet/7ebd71a2ad69c9f4bcb733c440646994.sol"},{"line":157,"column":28,"severity":"Error","message":"Use double quotes for string literals","ruleId":"quotes","filePath":"Benchmarks/Study_SamplesSet/7ebd71a2ad69c9f4bcb733c440646994.sol"},{"line":158,"column":2,"severity":"Warning","message":"Rule is set with explicit type [var/s: uint]","ruleId":"explicit-types","filePath":"Benchmarks/Study_SamplesSet/7ebd71a2ad69c9f4bcb733c440646994.sol"},{"line":158,"column":2,"severity":"Warning","message":"Variable name must be in mixedCase","ruleId":"var-name-mixedcase","fix":null,"filePath":"Benchmarks/Study_SamplesSet/7ebd71a2ad69c9f4bcb733c440646994.sol"},{"line":160,"column":2,"severity":"Error","message":"Explicitly mark visibility in function (Set ignoreConstructors to true if using solidity >=0.7.0)","ruleId":"func-visibility","fix":null,"filePath":"Benchmarks/Study_SamplesSet/7ebd71a2ad69c9f4bcb733c440646994.sol"},{"line":163,"column":3,"severity":"Error","message":"Explicitly mark all external contracts as trusted or untrusted","ruleId":"mark-callable-contracts","filePath":"Benchmarks/Study_SamplesSet/7ebd71a2ad69c9f4bcb733c440646994.sol"},{"line":163,"column":18,"severity":"Error","message":"Avoid making time-based decisions in your business logic","ruleId":"not-rely-on-time","fix":null,"filePath":"Benchmarks/Study_SamplesSet/7ebd71a2ad69c9f4bcb733c440646994.sol"},{"conclusion":"29 problem/s (22 error/s, 7 warning/s)"}]
