[{"line":1,"column":1,"severity":"Warning","message":"Found more than One contract per file. 5 contracts found!","ruleId":"one-contract-per-file","fix":null,"filePath":"Benchmarks/Study_SamplesSet/7f952b5e12ba42f73e89998f14c1c7f6.sol"},{"line":1,"column":1,"severity":"Error","message":"Compiler version ^0.4.24 does not satisfy the ^0.8.0 semver requirement","ruleId":"compiler-version","fix":null,"filePath":"Benchmarks/Study_SamplesSet/7f952b5e12ba42f73e89998f14c1c7f6.sol"},{"line":34,"column":49,"severity":"Warning","message":"Visibility modifier must be first in list of modifiers","ruleId":"visibility-modifier-order","fix":null,"filePath":"Benchmarks/Study_SamplesSet/7f952b5e12ba42f73e89998f14c1c7f6.sol"},{"line":55,"column":5,"severity":"Error","message":"Explicitly mark visibility of state","ruleId":"state-visibility","fix":null,"filePath":"Benchmarks/Study_SamplesSet/7f952b5e12ba42f73e89998f14c1c7f6.sol"},{"line":57,"column":5,"severity":"Error","message":"Explicitly mark visibility of state","ruleId":"state-visibility","fix":null,"filePath":"Benchmarks/Study_SamplesSet/7f952b5e12ba42f73e89998f14c1c7f6.sol"},{"line":58,"column":5,"severity":"Error","message":"Explicitly mark visibility of state","ruleId":"state-visibility","fix":null,"filePath":"Benchmarks/Study_SamplesSet/7f952b5e12ba42f73e89998f14c1c7f6.sol"},{"line":59,"column":5,"severity":"Warning","message":"Variable name must be in mixedCase","ruleId":"var-name-mixedcase","fix":null,"filePath":"Benchmarks/Study_SamplesSet/7f952b5e12ba42f73e89998f14c1c7f6.sol"},{"line":61,"column":5,"severity":"Warning","message":"Constant name must be in capitalized SNAKE_CASE","ruleId":"const-name-snakecase","fix":null,"filePath":"Benchmarks/Study_SamplesSet/7f952b5e12ba42f73e89998f14c1c7f6.sol"},{"line":62,"column":5,"severity":"Warning","message":"Constant name must be in capitalized SNAKE_CASE","ruleId":"const-name-snakecase","fix":null,"filePath":"Benchmarks/Study_SamplesSet/7f952b5e12ba42f73e89998f14c1c7f6.sol"},{"line":63,"column":5,"severity":"Warning","message":"Rule is set with explicit type [var/s: uint]","ruleId":"explicit-types","filePath":"Benchmarks/Study_SamplesSet/7f952b5e12ba42f73e89998f14c1c7f6.sol"},{"line":63,"column":5,"severity":"Warning","message":"Constant name must be in capitalized SNAKE_CASE","ruleId":"const-name-snakecase","fix":null,"filePath":"Benchmarks/Study_SamplesSet/7f952b5e12ba42f73e89998f14c1c7f6.sol"},{"line":64,"column":5,"severity":"Warning","message":"Rule is set with explicit type [var/s: uint]","ruleId":"explicit-types","filePath":"Benchmarks/Study_SamplesSet/7f952b5e12ba42f73e89998f14c1c7f6.sol"},{"line":64,"column":28,"severity":"Error","message":"Avoid making time-based decisions in your business logic","ruleId":"not-rely-on-time","fix":null,"filePath":"Benchmarks/Study_SamplesSet/7f952b5e12ba42f73e89998f14c1c7f6.sol"},{"line":64,"column":28,"severity":"Error","message":"Avoid making time-based decisions in your business logic","ruleId":"not-rely-on-time","fix":null,"filePath":"Benchmarks/Study_SamplesSet/7f952b5e12ba42f73e89998f14c1c7f6.sol"},{"line":65,"column":5,"severity":"Warning","message":"Rule is set with explicit type [var/s: uint]","ruleId":"explicit-types","filePath":"Benchmarks/Study_SamplesSet/7f952b5e12ba42f73e89998f14c1c7f6.sol"},{"line":65,"column":26,"severity":"Error","message":"Avoid making time-based decisions in your business logic","ruleId":"not-rely-on-time","fix":null,"filePath":"Benchmarks/Study_SamplesSet/7f952b5e12ba42f73e89998f14c1c7f6.sol"},{"line":65,"column":26,"severity":"Error","message":"Avoid making time-based decisions in your business logic","ruleId":"not-rely-on-time","fix":null,"filePath":"Benchmarks/Study_SamplesSet/7f952b5e12ba42f73e89998f14c1c7f6.sol"},{"line":66,"column":5,"severity":"Warning","message":"Rule is set with explicit type [var/s: uint]","ruleId":"explicit-types","filePath":"Benchmarks/Study_SamplesSet/7f952b5e12ba42f73e89998f14c1c7f6.sol"},{"line":66,"column":26,"severity":"Error","message":"Avoid making time-based decisions in your business logic","ruleId":"not-rely-on-time","fix":null,"filePath":"Benchmarks/Study_SamplesSet/7f952b5e12ba42f73e89998f14c1c7f6.sol"},{"line":66,"column":26,"severity":"Error","message":"Avoid making time-based decisions in your business logic","ruleId":"not-rely-on-time","fix":null,"filePath":"Benchmarks/Study_SamplesSet/7f952b5e12ba42f73e89998f14c1c7f6.sol"},{"line":70,"column":5,"severity":"Warning","message":"Constant name must be in capitalized SNAKE_CASE","ruleId":"const-name-snakecase","fix":null,"filePath":"Benchmarks/Study_SamplesSet/7f952b5e12ba42f73e89998f14c1c7f6.sol"},{"line":73,"column":5,"severity":"Warning","message":"Rule is set with explicit type [var/s: uint]","ruleId":"explicit-types","filePath":"Benchmarks/Study_SamplesSet/7f952b5e12ba42f73e89998f14c1c7f6.sol"},{"line":74,"column":5,"severity":"Warning","message":"Rule is set with explicit type [var/s: uint]","ruleId":"explicit-types","filePath":"Benchmarks/Study_SamplesSet/7f952b5e12ba42f73e89998f14c1c7f6.sol"},{"line":76,"column":5,"severity":"Error","message":"Explicitly mark visibility of state","ruleId":"state-visibility","fix":null,"filePath":"Benchmarks/Study_SamplesSet/7f952b5e12ba42f73e89998f14c1c7f6.sol"},{"line":85,"column":43,"severity":"Warning","message":"Rule is set with explicit type [var/s: uint]","ruleId":"explicit-types","filePath":"Benchmarks/Study_SamplesSet/7f952b5e12ba42f73e89998f14c1c7f6.sol"},{"line":85,"column":57,"severity":"Warning","message":"Rule is set with explicit type [var/s: uint]","ruleId":"explicit-types","filePath":"Benchmarks/Study_SamplesSet/7f952b5e12ba42f73e89998f14c1c7f6.sol"},{"line":87,"column":31,"severity":"Warning","message":"Rule is set with explicit type [var/s: uint]","ruleId":"explicit-types","filePath":"Benchmarks/Study_SamplesSet/7f952b5e12ba42f73e89998f14c1c7f6.sol"},{"line":96,"column":9,"severity":"Warning","message":"Provide an error message for require","ruleId":"reason-string","fix":null,"filePath":"Benchmarks/Study_SamplesSet/7f952b5e12ba42f73e89998f14c1c7f6.sol"},{"line":96,"column":9,"severity":"Warning","message":"Use Custom Errors instead of require statements","ruleId":"custom-errors","fix":null,"filePath":"Benchmarks/Study_SamplesSet/7f952b5e12ba42f73e89998f14c1c7f6.sol"},{"line":101,"column":9,"severity":"Warning","message":"Provide an error message for require","ruleId":"reason-string","fix":null,"filePath":"Benchmarks/Study_SamplesSet/7f952b5e12ba42f73e89998f14c1c7f6.sol"},{"line":101,"column":9,"severity":"Warning","message":"Use Custom Errors instead of require statements","ruleId":"custom-errors","fix":null,"filePath":"Benchmarks/Study_SamplesSet/7f952b5e12ba42f73e89998f14c1c7f6.sol"},{"line":111,"column":60,"severity":"Warning","message":"Visibility modifier must be first in list of modifiers","ruleId":"visibility-modifier-order","fix":null,"filePath":"Benchmarks/Study_SamplesSet/7f952b5e12ba42f73e89998f14c1c7f6.sol"},{"line":117,"column":54,"severity":"Warning","message":"Visibility modifier must be first in list of modifiers","ruleId":"visibility-modifier-order","fix":null,"filePath":"Benchmarks/Study_SamplesSet/7f952b5e12ba42f73e89998f14c1c7f6.sol"},{"line":123,"column":59,"severity":"Warning","message":"Visibility modifier must be first in list of modifiers","ruleId":"visibility-modifier-order","fix":null,"filePath":"Benchmarks/Study_SamplesSet/7f952b5e12ba42f73e89998f14c1c7f6.sol"},{"line":132,"column":5,"severity":"Warning","message":"Function name must be in mixedCase","ruleId":"func-name-mixedcase","fix":null,"filePath":"Benchmarks/Study_SamplesSet/7f952b5e12ba42f73e89998f14c1c7f6.sol"},{"line":132,"column":71,"severity":"Warning","message":"Visibility modifier must be first in list of modifiers","ruleId":"visibility-modifier-order","fix":null,"filePath":"Benchmarks/Study_SamplesSet/7f952b5e12ba42f73e89998f14c1c7f6.sol"},{"line":132,"column":47,"severity":"Warning","message":"Rule is set with explicit type [var/s: uint]","ruleId":"explicit-types","filePath":"Benchmarks/Study_SamplesSet/7f952b5e12ba42f73e89998f14c1c7f6.sol"},{"line":134,"column":9,"severity":"Warning","message":"Provide an error message for require","ruleId":"reason-string","fix":null,"filePath":"Benchmarks/Study_SamplesSet/7f952b5e12ba42f73e89998f14c1c7f6.sol"},{"line":134,"column":9,"severity":"Warning","message":"Use Custom Errors instead of require statements","ruleId":"custom-errors","fix":null,"filePath":"Benchmarks/Study_SamplesSet/7f952b5e12ba42f73e89998f14c1c7f6.sol"},{"line":135,"column":9,"severity":"Warning","message":"Provide an error message for require","ruleId":"reason-string","fix":null,"filePath":"Benchmarks/Study_SamplesSet/7f952b5e12ba42f73e89998f14c1c7f6.sol"},{"line":135,"column":9,"severity":"Warning","message":"Use Custom Errors instead of require statements","ruleId":"custom-errors","fix":null,"filePath":"Benchmarks/Study_SamplesSet/7f952b5e12ba42f73e89998f14c1c7f6.sol"},{"line":147,"column":5,"severity":"Warning","message":"Function name must be in mixedCase","ruleId":"func-name-mixedcase","fix":null,"filePath":"Benchmarks/Study_SamplesSet/7f952b5e12ba42f73e89998f14c1c7f6.sol"},{"line":147,"column":78,"severity":"Warning","message":"Visibility modifier must be first in list of modifiers","ruleId":"visibility-modifier-order","fix":null,"filePath":"Benchmarks/Study_SamplesSet/7f952b5e12ba42f73e89998f14c1c7f6.sol"},{"line":147,"column":54,"severity":"Warning","message":"Rule is set with explicit type [var/s: uint]","ruleId":"explicit-types","filePath":"Benchmarks/Study_SamplesSet/7f952b5e12ba42f73e89998f14c1c7f6.sol"},{"line":148,"column":9,"severity":"Error","message":"Explicitly mark all external contracts as trusted or untrusted","ruleId":"mark-callable-contracts","filePath":"Benchmarks/Study_SamplesSet/7f952b5e12ba42f73e89998f14c1c7f6.sol"},{"line":151,"column":5,"severity":"Warning","message":"Function name must be in mixedCase","ruleId":"func-name-mixedcase","fix":null,"filePath":"Benchmarks/Study_SamplesSet/7f952b5e12ba42f73e89998f14c1c7f6.sol"},{"line":151,"column":86,"severity":"Warning","message":"Visibility modifier must be first in list of modifiers","ruleId":"visibility-modifier-order","fix":null,"filePath":"Benchmarks/Study_SamplesSet/7f952b5e12ba42f73e89998f14c1c7f6.sol"},{"line":151,"column":62,"severity":"Warning","message":"Rule is set with explicit type [var/s: uint]","ruleId":"explicit-types","filePath":"Benchmarks/Study_SamplesSet/7f952b5e12ba42f73e89998f14c1c7f6.sol"},{"line":152,"column":14,"severity":"Warning","message":"Rule is set with explicit type [var/s: uint]","ruleId":"explicit-types","filePath":"Benchmarks/Study_SamplesSet/7f952b5e12ba42f73e89998f14c1c7f6.sol"},{"line":152,"column":54,"severity":"Error","message":"Explicitly mark all external contracts as trusted or untrusted","ruleId":"mark-callable-contracts","filePath":"Benchmarks/Study_SamplesSet/7f952b5e12ba42f73e89998f14c1c7f6.sol"},{"line":155,"column":33,"severity":"Warning","message":"Rule is set with explicit type [var/s: uint]","ruleId":"explicit-types","filePath":"Benchmarks/Study_SamplesSet/7f952b5e12ba42f73e89998f14c1c7f6.sol"},{"line":164,"column":44,"severity":"Warning","message":"Visibility modifier must be first in list of modifiers","ruleId":"visibility-modifier-order","fix":null,"filePath":"Benchmarks/Study_SamplesSet/7f952b5e12ba42f73e89998f14c1c7f6.sol"},{"line":175,"column":44,"severity":"Error","message":"Avoid making time-based decisions in your business logic","ruleId":"not-rely-on-time","fix":null,"filePath":"Benchmarks/Study_SamplesSet/7f952b5e12ba42f73e89998f14c1c7f6.sol"},{"line":175,"column":62,"severity":"Error","message":"Avoid making time-based decisions in your business logic","ruleId":"not-rely-on-time","fix":null,"filePath":"Benchmarks/Study_SamplesSet/7f952b5e12ba42f73e89998f14c1c7f6.sol"},{"line":175,"column":78,"severity":"Error","message":"Avoid making time-based decisions in your business logic","ruleId":"not-rely-on-time","fix":null,"filePath":"Benchmarks/Study_SamplesSet/7f952b5e12ba42f73e89998f14c1c7f6.sol"},{"line":183,"column":49,"severity":"Error","message":"Avoid making time-based decisions in your business logic","ruleId":"not-rely-on-time","fix":null,"filePath":"Benchmarks/Study_SamplesSet/7f952b5e12ba42f73e89998f14c1c7f6.sol"},{"line":183,"column":67,"severity":"Error","message":"Avoid making time-based decisions in your business logic","ruleId":"not-rely-on-time","fix":null,"filePath":"Benchmarks/Study_SamplesSet/7f952b5e12ba42f73e89998f14c1c7f6.sol"},{"line":183,"column":83,"severity":"Error","message":"Avoid making time-based decisions in your business logic","ruleId":"not-rely-on-time","fix":null,"filePath":"Benchmarks/Study_SamplesSet/7f952b5e12ba42f73e89998f14c1c7f6.sol"},{"line":199,"column":17,"severity":"Error","message":"Explicitly mark all external contracts as trusted or untrusted","ruleId":"mark-callable-contracts","filePath":"Benchmarks/Study_SamplesSet/7f952b5e12ba42f73e89998f14c1c7f6.sol"},{"line":202,"column":17,"severity":"Warning","message":"Provide an error message for require","ruleId":"reason-string","fix":null,"filePath":"Benchmarks/Study_SamplesSet/7f952b5e12ba42f73e89998f14c1c7f6.sol"},{"line":202,"column":17,"severity":"Warning","message":"Use Custom Errors instead of require statements","ruleId":"custom-errors","fix":null,"filePath":"Benchmarks/Study_SamplesSet/7f952b5e12ba42f73e89998f14c1c7f6.sol"},{"line":205,"column":17,"severity":"Error","message":"Avoid making time-based decisions in your business logic","ruleId":"not-rely-on-time","fix":null,"filePath":"Benchmarks/Study_SamplesSet/7f952b5e12ba42f73e89998f14c1c7f6.sol"},{"line":205,"column":36,"severity":"Error","message":"Avoid making time-based decisions in your business logic","ruleId":"not-rely-on-time","fix":null,"filePath":"Benchmarks/Study_SamplesSet/7f952b5e12ba42f73e89998f14c1c7f6.sol"},{"line":205,"column":53,"severity":"Error","message":"Avoid making time-based decisions in your business logic","ruleId":"not-rely-on-time","fix":null,"filePath":"Benchmarks/Study_SamplesSet/7f952b5e12ba42f73e89998f14c1c7f6.sol"},{"line":215,"column":13,"severity":"Warning","message":"Provide an error message for require","ruleId":"reason-string","fix":null,"filePath":"Benchmarks/Study_SamplesSet/7f952b5e12ba42f73e89998f14c1c7f6.sol"},{"line":215,"column":13,"severity":"Warning","message":"Use Custom Errors instead of require statements","ruleId":"custom-errors","fix":null,"filePath":"Benchmarks/Study_SamplesSet/7f952b5e12ba42f73e89998f14c1c7f6.sol"},{"line":225,"column":49,"severity":"Warning","message":"Visibility modifier must be first in list of modifiers","ruleId":"visibility-modifier-order","fix":null,"filePath":"Benchmarks/Study_SamplesSet/7f952b5e12ba42f73e89998f14c1c7f6.sol"},{"line":229,"column":30,"severity":"Warning","message":"Rule is set with explicit type [var/s: uint]","ruleId":"explicit-types","filePath":"Benchmarks/Study_SamplesSet/7f952b5e12ba42f73e89998f14c1c7f6.sol"},{"line":234,"column":77,"severity":"Warning","message":"Visibility modifier must be first in list of modifiers","ruleId":"visibility-modifier-order","fix":null,"filePath":"Benchmarks/Study_SamplesSet/7f952b5e12ba42f73e89998f14c1c7f6.sol"},{"line":236,"column":9,"severity":"Warning","message":"Provide an error message for require","ruleId":"reason-string","fix":null,"filePath":"Benchmarks/Study_SamplesSet/7f952b5e12ba42f73e89998f14c1c7f6.sol"},{"line":236,"column":9,"severity":"Warning","message":"Use Custom Errors instead of require statements","ruleId":"custom-errors","fix":null,"filePath":"Benchmarks/Study_SamplesSet/7f952b5e12ba42f73e89998f14c1c7f6.sol"},{"line":237,"column":9,"severity":"Warning","message":"Provide an error message for require","ruleId":"reason-string","fix":null,"filePath":"Benchmarks/Study_SamplesSet/7f952b5e12ba42f73e89998f14c1c7f6.sol"},{"line":237,"column":9,"severity":"Warning","message":"Use Custom Errors instead of require statements","ruleId":"custom-errors","fix":null,"filePath":"Benchmarks/Study_SamplesSet/7f952b5e12ba42f73e89998f14c1c7f6.sol"},{"line":245,"column":96,"severity":"Warning","message":"Visibility modifier must be first in list of modifiers","ruleId":"visibility-modifier-order","fix":null,"filePath":"Benchmarks/Study_SamplesSet/7f952b5e12ba42f73e89998f14c1c7f6.sol"},{"line":247,"column":9,"severity":"Warning","message":"Provide an error message for require","ruleId":"reason-string","fix":null,"filePath":"Benchmarks/Study_SamplesSet/7f952b5e12ba42f73e89998f14c1c7f6.sol"},{"line":247,"column":9,"severity":"Warning","message":"Use Custom Errors instead of require statements","ruleId":"custom-errors","fix":null,"filePath":"Benchmarks/Study_SamplesSet/7f952b5e12ba42f73e89998f14c1c7f6.sol"},{"line":248,"column":9,"severity":"Warning","message":"Provide an error message for require","ruleId":"reason-string","fix":null,"filePath":"Benchmarks/Study_SamplesSet/7f952b5e12ba42f73e89998f14c1c7f6.sol"},{"line":248,"column":9,"severity":"Warning","message":"Use Custom Errors instead of require statements","ruleId":"custom-errors","fix":null,"filePath":"Benchmarks/Study_SamplesSet/7f952b5e12ba42f73e89998f14c1c7f6.sol"},{"line":249,"column":9,"severity":"Warning","message":"Provide an error message for require","ruleId":"reason-string","fix":null,"filePath":"Benchmarks/Study_SamplesSet/7f952b5e12ba42f73e89998f14c1c7f6.sol"},{"line":249,"column":9,"severity":"Warning","message":"Use Custom Errors instead of require statements","ruleId":"custom-errors","fix":null,"filePath":"Benchmarks/Study_SamplesSet/7f952b5e12ba42f73e89998f14c1c7f6.sol"},{"line":265,"column":67,"severity":"Warning","message":"Visibility modifier must be first in list of modifiers","ruleId":"visibility-modifier-order","fix":null,"filePath":"Benchmarks/Study_SamplesSet/7f952b5e12ba42f73e89998f14c1c7f6.sol"},{"line":269,"column":74,"severity":"Warning","message":"Visibility modifier must be first in list of modifiers","ruleId":"visibility-modifier-order","fix":null,"filePath":"Benchmarks/Study_SamplesSet/7f952b5e12ba42f73e89998f14c1c7f6.sol"},{"line":269,"column":90,"severity":"Warning","message":"Rule is set with explicit type [var/s: uint]","ruleId":"explicit-types","filePath":"Benchmarks/Study_SamplesSet/7f952b5e12ba42f73e89998f14c1c7f6.sol"},{"line":271,"column":9,"severity":"Warning","message":"Rule is set with explicit type [var/s: uint]","ruleId":"explicit-types","filePath":"Benchmarks/Study_SamplesSet/7f952b5e12ba42f73e89998f14c1c7f6.sol"},{"line":275,"column":38,"severity":"Warning","message":"Visibility modifier must be first in list of modifiers","ruleId":"visibility-modifier-order","fix":null,"filePath":"Benchmarks/Study_SamplesSet/7f952b5e12ba42f73e89998f14c1c7f6.sol"},{"line":281,"column":52,"severity":"Warning","message":"Visibility modifier must be first in list of modifiers","ruleId":"visibility-modifier-order","fix":null,"filePath":"Benchmarks/Study_SamplesSet/7f952b5e12ba42f73e89998f14c1c7f6.sol"},{"line":286,"column":45,"severity":"Warning","message":"Visibility modifier must be first in list of modifiers","ruleId":"visibility-modifier-order","fix":null,"filePath":"Benchmarks/Study_SamplesSet/7f952b5e12ba42f73e89998f14c1c7f6.sol"},{"line":287,"column":9,"severity":"Warning","message":"Provide an error message for require","ruleId":"reason-string","fix":null,"filePath":"Benchmarks/Study_SamplesSet/7f952b5e12ba42f73e89998f14c1c7f6.sol"},{"line":287,"column":9,"severity":"Warning","message":"Use Custom Errors instead of require statements","ruleId":"custom-errors","fix":null,"filePath":"Benchmarks/Study_SamplesSet/7f952b5e12ba42f73e89998f14c1c7f6.sol"},{"line":295,"column":44,"severity":"Warning","message":"Visibility modifier must be first in list of modifiers","ruleId":"visibility-modifier-order","fix":null,"filePath":"Benchmarks/Study_SamplesSet/7f952b5e12ba42f73e89998f14c1c7f6.sol"},{"line":302,"column":70,"severity":"Warning","message":"Visibility modifier must be first in list of modifiers","ruleId":"visibility-modifier-order","fix":null,"filePath":"Benchmarks/Study_SamplesSet/7f952b5e12ba42f73e89998f14c1c7f6.sol"},{"conclusion":"91 problem/s (23 error/s, 68 warning/s)"}]
