[{"line":1,"column":1,"severity":"Warning","message":"Found more than One contract per file. 2 contracts found!","ruleId":"one-contract-per-file","fix":null,"filePath":"Benchmarks/Study_SamplesSet/82f07116ae65b2cfbb79bb9b0b985a56.sol"},{"line":1,"column":1,"severity":"Error","message":"Compiler version ^0.4.2 does not satisfy the ^0.8.0 semver requirement","ruleId":"compiler-version","fix":null,"filePath":"Benchmarks/Study_SamplesSet/82f07116ae65b2cfbb79bb9b0b985a56.sol"},{"line":2,"column":1,"severity":"Warning","message":"Contract, Structs and Enums should be in CamelCase","ruleId":"contract-name-camelcase","filePath":"Benchmarks/Study_SamplesSet/82f07116ae65b2cfbb79bb9b0b985a56.sol"},{"line":2,"column":27,"severity":"Error","message":"Explicitly mark visibility in function","ruleId":"func-visibility","fix":null,"filePath":"Benchmarks/Study_SamplesSet/82f07116ae65b2cfbb79bb9b0b985a56.sol"},{"line":6,"column":30,"severity":"Error","message":"Use double quotes for string literals","ruleId":"quotes","filePath":"Benchmarks/Study_SamplesSet/82f07116ae65b2cfbb79bb9b0b985a56.sol"},{"line":20,"column":5,"severity":"Error","message":"Explicitly mark visibility in function (Set ignoreConstructors to true if using solidity >=0.7.0)","ruleId":"func-visibility","fix":null,"filePath":"Benchmarks/Study_SamplesSet/82f07116ae65b2cfbb79bb9b0b985a56.sol"},{"line":29,"column":5,"severity":"Error","message":"Explicitly mark visibility in function","ruleId":"func-visibility","fix":null,"filePath":"Benchmarks/Study_SamplesSet/82f07116ae65b2cfbb79bb9b0b985a56.sol"},{"line":30,"column":45,"severity":"Error","message":"\"throw\" is deprecated, avoid to use it","ruleId":"avoid-throw","filePath":"Benchmarks/Study_SamplesSet/82f07116ae65b2cfbb79bb9b0b985a56.sol"},{"line":31,"column":55,"severity":"Error","message":"\"throw\" is deprecated, avoid to use it","ruleId":"avoid-throw","filePath":"Benchmarks/Study_SamplesSet/82f07116ae65b2cfbb79bb9b0b985a56.sol"},{"line":34,"column":9,"severity":"Error","message":"Explicitly mark all external contracts as trusted or untrusted","ruleId":"mark-callable-contracts","filePath":"Benchmarks/Study_SamplesSet/82f07116ae65b2cfbb79bb9b0b985a56.sol"},{"line":38,"column":5,"severity":"Error","message":"Explicitly mark visibility in function","ruleId":"func-visibility","fix":null,"filePath":"Benchmarks/Study_SamplesSet/82f07116ae65b2cfbb79bb9b0b985a56.sol"},{"line":45,"column":5,"severity":"Error","message":"Explicitly mark visibility in function","ruleId":"func-visibility","fix":null,"filePath":"Benchmarks/Study_SamplesSet/82f07116ae65b2cfbb79bb9b0b985a56.sol"},{"line":55,"column":5,"severity":"Error","message":"Explicitly mark visibility in function","ruleId":"func-visibility","fix":null,"filePath":"Benchmarks/Study_SamplesSet/82f07116ae65b2cfbb79bb9b0b985a56.sol"},{"line":56,"column":40,"severity":"Error","message":"\"throw\" is deprecated, avoid to use it","ruleId":"avoid-throw","filePath":"Benchmarks/Study_SamplesSet/82f07116ae65b2cfbb79bb9b0b985a56.sol"},{"line":57,"column":55,"severity":"Error","message":"\"throw\" is deprecated, avoid to use it","ruleId":"avoid-throw","filePath":"Benchmarks/Study_SamplesSet/82f07116ae65b2cfbb79bb9b0b985a56.sol"},{"line":58,"column":52,"severity":"Error","message":"\"throw\" is deprecated, avoid to use it","ruleId":"avoid-throw","filePath":"Benchmarks/Study_SamplesSet/82f07116ae65b2cfbb79bb9b0b985a56.sol"},{"line":62,"column":9,"severity":"Error","message":"Explicitly mark all external contracts as trusted or untrusted","ruleId":"mark-callable-contracts","filePath":"Benchmarks/Study_SamplesSet/82f07116ae65b2cfbb79bb9b0b985a56.sol"},{"line":67,"column":5,"severity":"Warning","message":"Fallback should be external and payable to accept native currency","ruleId":"payable-fallback","filePath":"Benchmarks/Study_SamplesSet/82f07116ae65b2cfbb79bb9b0b985a56.sol"},{"line":67,"column":5,"severity":"Error","message":"Explicitly mark visibility in function","ruleId":"func-visibility","fix":null,"filePath":"Benchmarks/Study_SamplesSet/82f07116ae65b2cfbb79bb9b0b985a56.sol"},{"line":68,"column":9,"severity":"Error","message":"\"throw\" is deprecated, avoid to use it","ruleId":"avoid-throw","filePath":"Benchmarks/Study_SamplesSet/82f07116ae65b2cfbb79bb9b0b985a56.sol"},{"conclusion":"20 problem/s (17 error/s, 3 warning/s)"}]
