[{"line":1,"column":1,"severity":"Warning","message":"Found more than One contract per file. 4 contracts found!","ruleId":"one-contract-per-file","fix":null,"filePath":"Benchmarks/Study_SamplesSet/8946eeeafec2cc7c5ca9b5e50cd3e3e2.sol"},{"line":1,"column":1,"severity":"Error","message":"Compiler version ^0.4.0 does not satisfy the ^0.8.0 semver requirement","ruleId":"compiler-version","fix":null,"filePath":"Benchmarks/Study_SamplesSet/8946eeeafec2cc7c5ca9b5e50cd3e3e2.sol"},{"line":33,"column":1,"severity":"Error","message":"Compiler version ^0.4.0 does not satisfy the ^0.8.0 semver requirement","ruleId":"compiler-version","fix":null,"filePath":"Benchmarks/Study_SamplesSet/8946eeeafec2cc7c5ca9b5e50cd3e3e2.sol"},{"line":37,"column":5,"severity":"Error","message":"Explicitly mark visibility in function","ruleId":"func-visibility","fix":null,"filePath":"Benchmarks/Study_SamplesSet/8946eeeafec2cc7c5ca9b5e50cd3e3e2.sol"},{"line":37,"column":20,"severity":"Warning","message":"Rule is set with explicit type [var/s: uint]","ruleId":"explicit-types","filePath":"Benchmarks/Study_SamplesSet/8946eeeafec2cc7c5ca9b5e50cd3e3e2.sol"},{"line":38,"column":5,"severity":"Warning","message":"Function name must be in mixedCase","ruleId":"func-name-mixedcase","fix":null,"filePath":"Benchmarks/Study_SamplesSet/8946eeeafec2cc7c5ca9b5e50cd3e3e2.sol"},{"line":38,"column":5,"severity":"Error","message":"Explicitly mark visibility in function","ruleId":"func-visibility","fix":null,"filePath":"Benchmarks/Study_SamplesSet/8946eeeafec2cc7c5ca9b5e50cd3e3e2.sol"},{"line":38,"column":33,"severity":"Warning","message":"Rule is set with explicit type [var/s: uint]","ruleId":"explicit-types","filePath":"Benchmarks/Study_SamplesSet/8946eeeafec2cc7c5ca9b5e50cd3e3e2.sol"},{"line":38,"column":83,"severity":"Warning","message":"Rule is set with explicit type [var/s: uint]","ruleId":"explicit-types","filePath":"Benchmarks/Study_SamplesSet/8946eeeafec2cc7c5ca9b5e50cd3e3e2.sol"},{"line":39,"column":5,"severity":"Error","message":"Explicitly mark visibility in function","ruleId":"func-visibility","fix":null,"filePath":"Benchmarks/Study_SamplesSet/8946eeeafec2cc7c5ca9b5e50cd3e3e2.sol"},{"line":39,"column":21,"severity":"Warning","message":"Rule is set with explicit type [var/s: uint]","ruleId":"explicit-types","filePath":"Benchmarks/Study_SamplesSet/8946eeeafec2cc7c5ca9b5e50cd3e3e2.sol"},{"line":40,"column":5,"severity":"Warning","message":"Function name must be in mixedCase","ruleId":"func-name-mixedcase","fix":null,"filePath":"Benchmarks/Study_SamplesSet/8946eeeafec2cc7c5ca9b5e50cd3e3e2.sol"},{"line":40,"column":5,"severity":"Error","message":"Explicitly mark visibility in function","ruleId":"func-visibility","fix":null,"filePath":"Benchmarks/Study_SamplesSet/8946eeeafec2cc7c5ca9b5e50cd3e3e2.sol"},{"line":40,"column":34,"severity":"Warning","message":"Rule is set with explicit type [var/s: uint]","ruleId":"explicit-types","filePath":"Benchmarks/Study_SamplesSet/8946eeeafec2cc7c5ca9b5e50cd3e3e2.sol"},{"line":40,"column":99,"severity":"Warning","message":"Rule is set with explicit type [var/s: uint]","ruleId":"explicit-types","filePath":"Benchmarks/Study_SamplesSet/8946eeeafec2cc7c5ca9b5e50cd3e3e2.sol"},{"line":41,"column":5,"severity":"Error","message":"Explicitly mark visibility in function","ruleId":"func-visibility","fix":null,"filePath":"Benchmarks/Study_SamplesSet/8946eeeafec2cc7c5ca9b5e50cd3e3e2.sol"},{"line":41,"column":52,"severity":"Warning","message":"Rule is set with explicit type [var/s: uint]","ruleId":"explicit-types","filePath":"Benchmarks/Study_SamplesSet/8946eeeafec2cc7c5ca9b5e50cd3e3e2.sol"},{"line":42,"column":5,"severity":"Error","message":"Explicitly mark visibility in function","ruleId":"func-visibility","fix":null,"filePath":"Benchmarks/Study_SamplesSet/8946eeeafec2cc7c5ca9b5e50cd3e3e2.sol"},{"line":42,"column":43,"severity":"Warning","message":"Rule is set with explicit type [var/s: uint]","ruleId":"explicit-types","filePath":"Benchmarks/Study_SamplesSet/8946eeeafec2cc7c5ca9b5e50cd3e3e2.sol"},{"line":42,"column":67,"severity":"Warning","message":"Rule is set with explicit type [var/s: uint]","ruleId":"explicit-types","filePath":"Benchmarks/Study_SamplesSet/8946eeeafec2cc7c5ca9b5e50cd3e3e2.sol"},{"line":43,"column":5,"severity":"Error","message":"Explicitly mark visibility in function","ruleId":"func-visibility","fix":null,"filePath":"Benchmarks/Study_SamplesSet/8946eeeafec2cc7c5ca9b5e50cd3e3e2.sol"},{"line":44,"column":5,"severity":"Error","message":"Explicitly mark visibility in function","ruleId":"func-visibility","fix":null,"filePath":"Benchmarks/Study_SamplesSet/8946eeeafec2cc7c5ca9b5e50cd3e3e2.sol"},{"line":45,"column":5,"severity":"Error","message":"Explicitly mark visibility in function","ruleId":"func-visibility","fix":null,"filePath":"Benchmarks/Study_SamplesSet/8946eeeafec2cc7c5ca9b5e50cd3e3e2.sol"},{"line":46,"column":5,"severity":"Error","message":"Explicitly mark visibility in function","ruleId":"func-visibility","fix":null,"filePath":"Benchmarks/Study_SamplesSet/8946eeeafec2cc7c5ca9b5e50cd3e3e2.sol"},{"line":46,"column":32,"severity":"Warning","message":"Rule is set with explicit type [var/s: uint]","ruleId":"explicit-types","filePath":"Benchmarks/Study_SamplesSet/8946eeeafec2cc7c5ca9b5e50cd3e3e2.sol"},{"line":49,"column":5,"severity":"Error","message":"Explicitly mark visibility in function","ruleId":"func-visibility","fix":null,"filePath":"Benchmarks/Study_SamplesSet/8946eeeafec2cc7c5ca9b5e50cd3e3e2.sol"},{"line":51,"column":1,"severity":"Warning","message":"Contract, Structs and Enums should be in CamelCase","ruleId":"contract-name-camelcase","filePath":"Benchmarks/Study_SamplesSet/8946eeeafec2cc7c5ca9b5e50cd3e3e2.sol"},{"line":52,"column":5,"severity":"Error","message":"Explicitly mark visibility of state","ruleId":"state-visibility","fix":null,"filePath":"Benchmarks/Study_SamplesSet/8946eeeafec2cc7c5ca9b5e50cd3e3e2.sol"},{"line":52,"column":5,"severity":"Warning","message":"Rule is set with explicit type [var/s: uint]","ruleId":"explicit-types","filePath":"Benchmarks/Study_SamplesSet/8946eeeafec2cc7c5ca9b5e50cd3e3e2.sol"},{"line":52,"column":5,"severity":"Warning","message":"Constant name must be in capitalized SNAKE_CASE","ruleId":"const-name-snakecase","fix":null,"filePath":"Benchmarks/Study_SamplesSet/8946eeeafec2cc7c5ca9b5e50cd3e3e2.sol"},{"line":53,"column":5,"severity":"Error","message":"Explicitly mark visibility of state","ruleId":"state-visibility","fix":null,"filePath":"Benchmarks/Study_SamplesSet/8946eeeafec2cc7c5ca9b5e50cd3e3e2.sol"},{"line":53,"column":5,"severity":"Warning","message":"Rule is set with explicit type [var/s: uint]","ruleId":"explicit-types","filePath":"Benchmarks/Study_SamplesSet/8946eeeafec2cc7c5ca9b5e50cd3e3e2.sol"},{"line":53,"column":5,"severity":"Warning","message":"Constant name must be in capitalized SNAKE_CASE","ruleId":"const-name-snakecase","fix":null,"filePath":"Benchmarks/Study_SamplesSet/8946eeeafec2cc7c5ca9b5e50cd3e3e2.sol"},{"line":54,"column":5,"severity":"Error","message":"Explicitly mark visibility of state","ruleId":"state-visibility","fix":null,"filePath":"Benchmarks/Study_SamplesSet/8946eeeafec2cc7c5ca9b5e50cd3e3e2.sol"},{"line":54,"column":5,"severity":"Warning","message":"Rule is set with explicit type [var/s: uint]","ruleId":"explicit-types","filePath":"Benchmarks/Study_SamplesSet/8946eeeafec2cc7c5ca9b5e50cd3e3e2.sol"},{"line":54,"column":5,"severity":"Warning","message":"Constant name must be in capitalized SNAKE_CASE","ruleId":"const-name-snakecase","fix":null,"filePath":"Benchmarks/Study_SamplesSet/8946eeeafec2cc7c5ca9b5e50cd3e3e2.sol"},{"line":55,"column":5,"severity":"Error","message":"Explicitly mark visibility of state","ruleId":"state-visibility","fix":null,"filePath":"Benchmarks/Study_SamplesSet/8946eeeafec2cc7c5ca9b5e50cd3e3e2.sol"},{"line":55,"column":5,"severity":"Warning","message":"Constant name must be in capitalized SNAKE_CASE","ruleId":"const-name-snakecase","fix":null,"filePath":"Benchmarks/Study_SamplesSet/8946eeeafec2cc7c5ca9b5e50cd3e3e2.sol"},{"line":56,"column":5,"severity":"Error","message":"Explicitly mark visibility of state","ruleId":"state-visibility","fix":null,"filePath":"Benchmarks/Study_SamplesSet/8946eeeafec2cc7c5ca9b5e50cd3e3e2.sol"},{"line":56,"column":5,"severity":"Warning","message":"Constant name must be in capitalized SNAKE_CASE","ruleId":"const-name-snakecase","fix":null,"filePath":"Benchmarks/Study_SamplesSet/8946eeeafec2cc7c5ca9b5e50cd3e3e2.sol"},{"line":57,"column":5,"severity":"Error","message":"Explicitly mark visibility of state","ruleId":"state-visibility","fix":null,"filePath":"Benchmarks/Study_SamplesSet/8946eeeafec2cc7c5ca9b5e50cd3e3e2.sol"},{"line":57,"column":5,"severity":"Warning","message":"Constant name must be in capitalized SNAKE_CASE","ruleId":"const-name-snakecase","fix":null,"filePath":"Benchmarks/Study_SamplesSet/8946eeeafec2cc7c5ca9b5e50cd3e3e2.sol"},{"line":58,"column":5,"severity":"Error","message":"Explicitly mark visibility of state","ruleId":"state-visibility","fix":null,"filePath":"Benchmarks/Study_SamplesSet/8946eeeafec2cc7c5ca9b5e50cd3e3e2.sol"},{"line":58,"column":5,"severity":"Warning","message":"Constant name must be in capitalized SNAKE_CASE","ruleId":"const-name-snakecase","fix":null,"filePath":"Benchmarks/Study_SamplesSet/8946eeeafec2cc7c5ca9b5e50cd3e3e2.sol"},{"line":59,"column":5,"severity":"Error","message":"Explicitly mark visibility of state","ruleId":"state-visibility","fix":null,"filePath":"Benchmarks/Study_SamplesSet/8946eeeafec2cc7c5ca9b5e50cd3e3e2.sol"},{"line":59,"column":5,"severity":"Warning","message":"Constant name must be in capitalized SNAKE_CASE","ruleId":"const-name-snakecase","fix":null,"filePath":"Benchmarks/Study_SamplesSet/8946eeeafec2cc7c5ca9b5e50cd3e3e2.sol"},{"line":60,"column":5,"severity":"Error","message":"Explicitly mark visibility of state","ruleId":"state-visibility","fix":null,"filePath":"Benchmarks/Study_SamplesSet/8946eeeafec2cc7c5ca9b5e50cd3e3e2.sol"},{"line":60,"column":5,"severity":"Warning","message":"Constant name must be in capitalized SNAKE_CASE","ruleId":"const-name-snakecase","fix":null,"filePath":"Benchmarks/Study_SamplesSet/8946eeeafec2cc7c5ca9b5e50cd3e3e2.sol"},{"line":61,"column":5,"severity":"Error","message":"Explicitly mark visibility of state","ruleId":"state-visibility","fix":null,"filePath":"Benchmarks/Study_SamplesSet/8946eeeafec2cc7c5ca9b5e50cd3e3e2.sol"},{"line":61,"column":5,"severity":"Warning","message":"Constant name must be in capitalized SNAKE_CASE","ruleId":"const-name-snakecase","fix":null,"filePath":"Benchmarks/Study_SamplesSet/8946eeeafec2cc7c5ca9b5e50cd3e3e2.sol"},{"line":62,"column":5,"severity":"Error","message":"Explicitly mark visibility of state","ruleId":"state-visibility","fix":null,"filePath":"Benchmarks/Study_SamplesSet/8946eeeafec2cc7c5ca9b5e50cd3e3e2.sol"},{"line":62,"column":5,"severity":"Warning","message":"Constant name must be in capitalized SNAKE_CASE","ruleId":"const-name-snakecase","fix":null,"filePath":"Benchmarks/Study_SamplesSet/8946eeeafec2cc7c5ca9b5e50cd3e3e2.sol"},{"line":64,"column":5,"severity":"Error","message":"Explicitly mark visibility of state","ruleId":"state-visibility","fix":null,"filePath":"Benchmarks/Study_SamplesSet/8946eeeafec2cc7c5ca9b5e50cd3e3e2.sol"},{"line":64,"column":5,"severity":"Warning","message":"Variable name must be in mixedCase","ruleId":"var-name-mixedcase","fix":null,"filePath":"Benchmarks/Study_SamplesSet/8946eeeafec2cc7c5ca9b5e50cd3e3e2.sol"},{"line":66,"column":5,"severity":"Error","message":"Explicitly mark visibility of state","ruleId":"state-visibility","fix":null,"filePath":"Benchmarks/Study_SamplesSet/8946eeeafec2cc7c5ca9b5e50cd3e3e2.sol"},{"line":69,"column":20,"severity":"Error","message":"Explicitly mark all external contracts as trusted or untrusted","ruleId":"mark-callable-contracts","filePath":"Benchmarks/Study_SamplesSet/8946eeeafec2cc7c5ca9b5e50cd3e3e2.sol"},{"line":69,"column":30,"severity":"Error","message":"Explicitly mark all external contracts as trusted or untrusted","ruleId":"mark-callable-contracts","filePath":"Benchmarks/Study_SamplesSet/8946eeeafec2cc7c5ca9b5e50cd3e3e2.sol"},{"line":73,"column":20,"severity":"Error","message":"Explicitly mark all external contracts as trusted or untrusted","ruleId":"mark-callable-contracts","filePath":"Benchmarks/Study_SamplesSet/8946eeeafec2cc7c5ca9b5e50cd3e3e2.sol"},{"line":73,"column":30,"severity":"Error","message":"Explicitly mark all external contracts as trusted or untrusted","ruleId":"mark-callable-contracts","filePath":"Benchmarks/Study_SamplesSet/8946eeeafec2cc7c5ca9b5e50cd3e3e2.sol"},{"line":78,"column":5,"severity":"Warning","message":"Function name must be in mixedCase","ruleId":"func-name-mixedcase","fix":null,"filePath":"Benchmarks/Study_SamplesSet/8946eeeafec2cc7c5ca9b5e50cd3e3e2.sol"},{"line":78,"column":34,"severity":"Warning","message":"Variable \"networkID\" is unused","ruleId":"no-unused-vars","fix":null,"filePath":"Benchmarks/Study_SamplesSet/8946eeeafec2cc7c5ca9b5e50cd3e3e2.sol"},{"line":80,"column":13,"severity":"Error","message":"Explicitly mark all external contracts as trusted or untrusted","ruleId":"mark-callable-contracts","filePath":"Benchmarks/Study_SamplesSet/8946eeeafec2cc7c5ca9b5e50cd3e3e2.sol"},{"line":80,"column":19,"severity":"Error","message":"Explicitly mark all external contracts as trusted or untrusted","ruleId":"mark-callable-contracts","filePath":"Benchmarks/Study_SamplesSet/8946eeeafec2cc7c5ca9b5e50cd3e3e2.sol"},{"line":84,"column":13,"severity":"Error","message":"Explicitly mark all external contracts as trusted or untrusted","ruleId":"mark-callable-contracts","filePath":"Benchmarks/Study_SamplesSet/8946eeeafec2cc7c5ca9b5e50cd3e3e2.sol"},{"line":84,"column":19,"severity":"Error","message":"Explicitly mark all external contracts as trusted or untrusted","ruleId":"mark-callable-contracts","filePath":"Benchmarks/Study_SamplesSet/8946eeeafec2cc7c5ca9b5e50cd3e3e2.sol"},{"line":88,"column":13,"severity":"Error","message":"Explicitly mark all external contracts as trusted or untrusted","ruleId":"mark-callable-contracts","filePath":"Benchmarks/Study_SamplesSet/8946eeeafec2cc7c5ca9b5e50cd3e3e2.sol"},{"line":88,"column":19,"severity":"Error","message":"Explicitly mark all external contracts as trusted or untrusted","ruleId":"mark-callable-contracts","filePath":"Benchmarks/Study_SamplesSet/8946eeeafec2cc7c5ca9b5e50cd3e3e2.sol"},{"line":94,"column":5,"severity":"Warning","message":"Function name must be in mixedCase","ruleId":"func-name-mixedcase","fix":null,"filePath":"Benchmarks/Study_SamplesSet/8946eeeafec2cc7c5ca9b5e50cd3e3e2.sol"},{"line":94,"column":72,"severity":"Warning","message":"Visibility modifier must be first in list of modifiers","ruleId":"visibility-modifier-order","fix":null,"filePath":"Benchmarks/Study_SamplesSet/8946eeeafec2cc7c5ca9b5e50cd3e3e2.sol"},{"line":95,"column":9,"severity":"Warning","message":"Rule is set with explicit type [var/s: uint]","ruleId":"explicit-types","filePath":"Benchmarks/Study_SamplesSet/8946eeeafec2cc7c5ca9b5e50cd3e3e2.sol"},{"line":99,"column":5,"severity":"Warning","message":"Function name must be in mixedCase","ruleId":"func-name-mixedcase","fix":null,"filePath":"Benchmarks/Study_SamplesSet/8946eeeafec2cc7c5ca9b5e50cd3e3e2.sol"},{"line":99,"column":88,"severity":"Warning","message":"Visibility modifier must be first in list of modifiers","ruleId":"visibility-modifier-order","fix":null,"filePath":"Benchmarks/Study_SamplesSet/8946eeeafec2cc7c5ca9b5e50cd3e3e2.sol"},{"line":99,"column":29,"severity":"Warning","message":"Rule is set with explicit type [var/s: uint]","ruleId":"explicit-types","filePath":"Benchmarks/Study_SamplesSet/8946eeeafec2cc7c5ca9b5e50cd3e3e2.sol"},{"line":100,"column":9,"severity":"Warning","message":"Rule is set with explicit type [var/s: uint]","ruleId":"explicit-types","filePath":"Benchmarks/Study_SamplesSet/8946eeeafec2cc7c5ca9b5e50cd3e3e2.sol"},{"line":104,"column":5,"severity":"Warning","message":"Function name must be in mixedCase","ruleId":"func-name-mixedcase","fix":null,"filePath":"Benchmarks/Study_SamplesSet/8946eeeafec2cc7c5ca9b5e50cd3e3e2.sol"},{"line":104,"column":103,"severity":"Warning","message":"Visibility modifier must be first in list of modifiers","ruleId":"visibility-modifier-order","fix":null,"filePath":"Benchmarks/Study_SamplesSet/8946eeeafec2cc7c5ca9b5e50cd3e3e2.sol"},{"line":104,"column":29,"severity":"Warning","message":"Rule is set with explicit type [var/s: uint]","ruleId":"explicit-types","filePath":"Benchmarks/Study_SamplesSet/8946eeeafec2cc7c5ca9b5e50cd3e3e2.sol"},{"line":104,"column":76,"severity":"Warning","message":"Rule is set with explicit type [var/s: uint]","ruleId":"explicit-types","filePath":"Benchmarks/Study_SamplesSet/8946eeeafec2cc7c5ca9b5e50cd3e3e2.sol"},{"line":105,"column":9,"severity":"Warning","message":"Rule is set with explicit type [var/s: uint]","ruleId":"explicit-types","filePath":"Benchmarks/Study_SamplesSet/8946eeeafec2cc7c5ca9b5e50cd3e3e2.sol"},{"line":109,"column":5,"severity":"Warning","message":"Function name must be in mixedCase","ruleId":"func-name-mixedcase","fix":null,"filePath":"Benchmarks/Study_SamplesSet/8946eeeafec2cc7c5ca9b5e50cd3e3e2.sol"},{"line":109,"column":87,"severity":"Warning","message":"Visibility modifier must be first in list of modifiers","ruleId":"visibility-modifier-order","fix":null,"filePath":"Benchmarks/Study_SamplesSet/8946eeeafec2cc7c5ca9b5e50cd3e3e2.sol"},{"line":109,"column":60,"severity":"Warning","message":"Rule is set with explicit type [var/s: uint]","ruleId":"explicit-types","filePath":"Benchmarks/Study_SamplesSet/8946eeeafec2cc7c5ca9b5e50cd3e3e2.sol"},{"line":110,"column":9,"severity":"Warning","message":"Rule is set with explicit type [var/s: uint]","ruleId":"explicit-types","filePath":"Benchmarks/Study_SamplesSet/8946eeeafec2cc7c5ca9b5e50cd3e3e2.sol"},{"line":114,"column":5,"severity":"Warning","message":"Function name must be in mixedCase","ruleId":"func-name-mixedcase","fix":null,"filePath":"Benchmarks/Study_SamplesSet/8946eeeafec2cc7c5ca9b5e50cd3e3e2.sol"},{"line":114,"column":86,"severity":"Warning","message":"Visibility modifier must be first in list of modifiers","ruleId":"visibility-modifier-order","fix":null,"filePath":"Benchmarks/Study_SamplesSet/8946eeeafec2cc7c5ca9b5e50cd3e3e2.sol"},{"line":115,"column":9,"severity":"Warning","message":"Rule is set with explicit type [var/s: uint]","ruleId":"explicit-types","filePath":"Benchmarks/Study_SamplesSet/8946eeeafec2cc7c5ca9b5e50cd3e3e2.sol"},{"line":119,"column":5,"severity":"Warning","message":"Function name must be in mixedCase","ruleId":"func-name-mixedcase","fix":null,"filePath":"Benchmarks/Study_SamplesSet/8946eeeafec2cc7c5ca9b5e50cd3e3e2.sol"},{"line":119,"column":102,"severity":"Warning","message":"Visibility modifier must be first in list of modifiers","ruleId":"visibility-modifier-order","fix":null,"filePath":"Benchmarks/Study_SamplesSet/8946eeeafec2cc7c5ca9b5e50cd3e3e2.sol"},{"line":119,"column":29,"severity":"Warning","message":"Rule is set with explicit type [var/s: uint]","ruleId":"explicit-types","filePath":"Benchmarks/Study_SamplesSet/8946eeeafec2cc7c5ca9b5e50cd3e3e2.sol"},{"line":120,"column":9,"severity":"Warning","message":"Rule is set with explicit type [var/s: uint]","ruleId":"explicit-types","filePath":"Benchmarks/Study_SamplesSet/8946eeeafec2cc7c5ca9b5e50cd3e3e2.sol"},{"line":124,"column":5,"severity":"Warning","message":"Function name must be in mixedCase","ruleId":"func-name-mixedcase","fix":null,"filePath":"Benchmarks/Study_SamplesSet/8946eeeafec2cc7c5ca9b5e50cd3e3e2.sol"},{"line":124,"column":117,"severity":"Warning","message":"Visibility modifier must be first in list of modifiers","ruleId":"visibility-modifier-order","fix":null,"filePath":"Benchmarks/Study_SamplesSet/8946eeeafec2cc7c5ca9b5e50cd3e3e2.sol"},{"line":124,"column":29,"severity":"Warning","message":"Rule is set with explicit type [var/s: uint]","ruleId":"explicit-types","filePath":"Benchmarks/Study_SamplesSet/8946eeeafec2cc7c5ca9b5e50cd3e3e2.sol"},{"line":124,"column":90,"severity":"Warning","message":"Rule is set with explicit type [var/s: uint]","ruleId":"explicit-types","filePath":"Benchmarks/Study_SamplesSet/8946eeeafec2cc7c5ca9b5e50cd3e3e2.sol"},{"line":125,"column":9,"severity":"Warning","message":"Rule is set with explicit type [var/s: uint]","ruleId":"explicit-types","filePath":"Benchmarks/Study_SamplesSet/8946eeeafec2cc7c5ca9b5e50cd3e3e2.sol"},{"line":129,"column":5,"severity":"Warning","message":"Function name must be in mixedCase","ruleId":"func-name-mixedcase","fix":null,"filePath":"Benchmarks/Study_SamplesSet/8946eeeafec2cc7c5ca9b5e50cd3e3e2.sol"},{"line":129,"column":101,"severity":"Warning","message":"Visibility modifier must be first in list of modifiers","ruleId":"visibility-modifier-order","fix":null,"filePath":"Benchmarks/Study_SamplesSet/8946eeeafec2cc7c5ca9b5e50cd3e3e2.sol"},{"line":129,"column":74,"severity":"Warning","message":"Rule is set with explicit type [var/s: uint]","ruleId":"explicit-types","filePath":"Benchmarks/Study_SamplesSet/8946eeeafec2cc7c5ca9b5e50cd3e3e2.sol"},{"line":130,"column":9,"severity":"Warning","message":"Rule is set with explicit type [var/s: uint]","ruleId":"explicit-types","filePath":"Benchmarks/Study_SamplesSet/8946eeeafec2cc7c5ca9b5e50cd3e3e2.sol"},{"line":134,"column":5,"severity":"Warning","message":"Function name must be in mixedCase","ruleId":"func-name-mixedcase","fix":null,"filePath":"Benchmarks/Study_SamplesSet/8946eeeafec2cc7c5ca9b5e50cd3e3e2.sol"},{"line":134,"column":47,"severity":"Warning","message":"Visibility modifier must be first in list of modifiers","ruleId":"visibility-modifier-order","fix":null,"filePath":"Benchmarks/Study_SamplesSet/8946eeeafec2cc7c5ca9b5e50cd3e3e2.sol"},{"line":137,"column":5,"severity":"Warning","message":"Function name must be in mixedCase","ruleId":"func-name-mixedcase","fix":null,"filePath":"Benchmarks/Study_SamplesSet/8946eeeafec2cc7c5ca9b5e50cd3e3e2.sol"},{"line":137,"column":57,"severity":"Warning","message":"Visibility modifier must be first in list of modifiers","ruleId":"visibility-modifier-order","fix":null,"filePath":"Benchmarks/Study_SamplesSet/8946eeeafec2cc7c5ca9b5e50cd3e3e2.sol"},{"line":140,"column":5,"severity":"Warning","message":"Function name must be in mixedCase","ruleId":"func-name-mixedcase","fix":null,"filePath":"Benchmarks/Study_SamplesSet/8946eeeafec2cc7c5ca9b5e50cd3e3e2.sol"},{"line":140,"column":68,"severity":"Warning","message":"Visibility modifier must be first in list of modifiers","ruleId":"visibility-modifier-order","fix":null,"filePath":"Benchmarks/Study_SamplesSet/8946eeeafec2cc7c5ca9b5e50cd3e3e2.sol"},{"line":140,"column":41,"severity":"Warning","message":"Rule is set with explicit type [var/s: uint]","ruleId":"explicit-types","filePath":"Benchmarks/Study_SamplesSet/8946eeeafec2cc7c5ca9b5e50cd3e3e2.sol"},{"line":143,"column":5,"severity":"Warning","message":"Function name must be in mixedCase","ruleId":"func-name-mixedcase","fix":null,"filePath":"Benchmarks/Study_SamplesSet/8946eeeafec2cc7c5ca9b5e50cd3e3e2.sol"},{"line":143,"column":61,"severity":"Warning","message":"Visibility modifier must be first in list of modifiers","ruleId":"visibility-modifier-order","fix":null,"filePath":"Benchmarks/Study_SamplesSet/8946eeeafec2cc7c5ca9b5e50cd3e3e2.sol"},{"line":147,"column":50,"severity":"Warning","message":"Visibility modifier must be first in list of modifiers","ruleId":"visibility-modifier-order","fix":null,"filePath":"Benchmarks/Study_SamplesSet/8946eeeafec2cc7c5ca9b5e50cd3e3e2.sol"},{"line":147,"column":67,"severity":"Warning","message":"Rule is set with explicit type [var/s: uint]","ruleId":"explicit-types","filePath":"Benchmarks/Study_SamplesSet/8946eeeafec2cc7c5ca9b5e50cd3e3e2.sol"},{"line":148,"column":9,"severity":"Error","message":"Avoid to use inline assembly. It is acceptable only in rare cases","ruleId":"no-inline-assembly","fix":null,"filePath":"Benchmarks/Study_SamplesSet/8946eeeafec2cc7c5ca9b5e50cd3e3e2.sol"},{"line":159,"column":14,"severity":"Warning","message":"Rule is set with explicit type [var/s: uint]","ruleId":"explicit-types","filePath":"Benchmarks/Study_SamplesSet/8946eeeafec2cc7c5ca9b5e50cd3e3e2.sol"},{"line":173,"column":65,"severity":"Warning","message":"Rule is set with explicit type [var/s: int]","ruleId":"explicit-types","filePath":"Benchmarks/Study_SamplesSet/8946eeeafec2cc7c5ca9b5e50cd3e3e2.sol"},{"line":176,"column":9,"severity":"Warning","message":"Rule is set with explicit type [var/s: uint]","ruleId":"explicit-types","filePath":"Benchmarks/Study_SamplesSet/8946eeeafec2cc7c5ca9b5e50cd3e3e2.sol"},{"line":178,"column":14,"severity":"Warning","message":"Rule is set with explicit type [var/s: uint]","ruleId":"explicit-types","filePath":"Benchmarks/Study_SamplesSet/8946eeeafec2cc7c5ca9b5e50cd3e3e2.sol"},{"line":191,"column":74,"severity":"Warning","message":"Rule is set with explicit type [var/s: int]","ruleId":"explicit-types","filePath":"Benchmarks/Study_SamplesSet/8946eeeafec2cc7c5ca9b5e50cd3e3e2.sol"},{"line":201,"column":13,"severity":"Warning","message":"Rule is set with explicit type [var/s: uint]","ruleId":"explicit-types","filePath":"Benchmarks/Study_SamplesSet/8946eeeafec2cc7c5ca9b5e50cd3e3e2.sol"},{"line":202,"column":18,"severity":"Warning","message":"Rule is set with explicit type [var/s: uint]","ruleId":"explicit-types","filePath":"Benchmarks/Study_SamplesSet/8946eeeafec2cc7c5ca9b5e50cd3e3e2.sol"},{"line":227,"column":9,"severity":"Warning","message":"Rule is set with explicit type [var/s: uint]","ruleId":"explicit-types","filePath":"Benchmarks/Study_SamplesSet/8946eeeafec2cc7c5ca9b5e50cd3e3e2.sol"},{"line":228,"column":14,"severity":"Warning","message":"Rule is set with explicit type [var/s: uint]","ruleId":"explicit-types","filePath":"Benchmarks/Study_SamplesSet/8946eeeafec2cc7c5ca9b5e50cd3e3e2.sol"},{"line":249,"column":52,"severity":"Warning","message":"Rule is set with explicit type [var/s: uint]","ruleId":"explicit-types","filePath":"Benchmarks/Study_SamplesSet/8946eeeafec2cc7c5ca9b5e50cd3e3e2.sol"},{"line":254,"column":34,"severity":"Warning","message":"Rule is set with explicit type [var/s: uint]","ruleId":"explicit-types","filePath":"Benchmarks/Study_SamplesSet/8946eeeafec2cc7c5ca9b5e50cd3e3e2.sol"},{"line":254,"column":61,"severity":"Warning","message":"Rule is set with explicit type [var/s: uint]","ruleId":"explicit-types","filePath":"Benchmarks/Study_SamplesSet/8946eeeafec2cc7c5ca9b5e50cd3e3e2.sol"},{"line":256,"column":9,"severity":"Warning","message":"Rule is set with explicit type [var/s: uint]","ruleId":"explicit-types","filePath":"Benchmarks/Study_SamplesSet/8946eeeafec2cc7c5ca9b5e50cd3e3e2.sol"},{"line":258,"column":14,"severity":"Warning","message":"Rule is set with explicit type [var/s: uint]","ruleId":"explicit-types","filePath":"Benchmarks/Study_SamplesSet/8946eeeafec2cc7c5ca9b5e50cd3e3e2.sol"},{"line":265,"column":17,"severity":"Warning","message":"Rule is set with explicit type [var/s: uint]","ruleId":"explicit-types","filePath":"Benchmarks/Study_SamplesSet/8946eeeafec2cc7c5ca9b5e50cd3e3e2.sol"},{"line":272,"column":23,"severity":"Warning","message":"Rule is set with explicit type [var/s: uint]","ruleId":"explicit-types","filePath":"Benchmarks/Study_SamplesSet/8946eeeafec2cc7c5ca9b5e50cd3e3e2.sol"},{"line":274,"column":9,"severity":"Warning","message":"Rule is set with explicit type [var/s: uint]","ruleId":"explicit-types","filePath":"Benchmarks/Study_SamplesSet/8946eeeafec2cc7c5ca9b5e50cd3e3e2.sol"},{"line":275,"column":9,"severity":"Warning","message":"Rule is set with explicit type [var/s: uint]","ruleId":"explicit-types","filePath":"Benchmarks/Study_SamplesSet/8946eeeafec2cc7c5ca9b5e50cd3e3e2.sol"},{"line":281,"column":9,"severity":"Warning","message":"Rule is set with explicit type [var/s: uint]","ruleId":"explicit-types","filePath":"Benchmarks/Study_SamplesSet/8946eeeafec2cc7c5ca9b5e50cd3e3e2.sol"},{"line":296,"column":5,"severity":"Error","message":"Explicitly mark visibility of state","ruleId":"state-visibility","fix":null,"filePath":"Benchmarks/Study_SamplesSet/8946eeeafec2cc7c5ca9b5e50cd3e3e2.sol"},{"line":296,"column":5,"severity":"Warning","message":"Rule is set with explicit type [var/s: uint]","ruleId":"explicit-types","filePath":"Benchmarks/Study_SamplesSet/8946eeeafec2cc7c5ca9b5e50cd3e3e2.sol"},{"line":296,"column":5,"severity":"Warning","message":"Constant name must be in capitalized SNAKE_CASE","ruleId":"const-name-snakecase","fix":null,"filePath":"Benchmarks/Study_SamplesSet/8946eeeafec2cc7c5ca9b5e50cd3e3e2.sol"},{"line":297,"column":5,"severity":"Error","message":"Explicitly mark visibility of state","ruleId":"state-visibility","fix":null,"filePath":"Benchmarks/Study_SamplesSet/8946eeeafec2cc7c5ca9b5e50cd3e3e2.sol"},{"line":297,"column":5,"severity":"Warning","message":"Rule is set with explicit type [var/s: uint]","ruleId":"explicit-types","filePath":"Benchmarks/Study_SamplesSet/8946eeeafec2cc7c5ca9b5e50cd3e3e2.sol"},{"line":297,"column":5,"severity":"Warning","message":"Constant name must be in capitalized SNAKE_CASE","ruleId":"const-name-snakecase","fix":null,"filePath":"Benchmarks/Study_SamplesSet/8946eeeafec2cc7c5ca9b5e50cd3e3e2.sol"},{"line":298,"column":5,"severity":"Error","message":"Explicitly mark visibility of state","ruleId":"state-visibility","fix":null,"filePath":"Benchmarks/Study_SamplesSet/8946eeeafec2cc7c5ca9b5e50cd3e3e2.sol"},{"line":298,"column":5,"severity":"Warning","message":"Rule is set with explicit type [var/s: uint]","ruleId":"explicit-types","filePath":"Benchmarks/Study_SamplesSet/8946eeeafec2cc7c5ca9b5e50cd3e3e2.sol"},{"line":298,"column":5,"severity":"Warning","message":"Constant name must be in capitalized SNAKE_CASE","ruleId":"const-name-snakecase","fix":null,"filePath":"Benchmarks/Study_SamplesSet/8946eeeafec2cc7c5ca9b5e50cd3e3e2.sol"},{"line":299,"column":5,"severity":"Error","message":"Explicitly mark visibility of state","ruleId":"state-visibility","fix":null,"filePath":"Benchmarks/Study_SamplesSet/8946eeeafec2cc7c5ca9b5e50cd3e3e2.sol"},{"line":299,"column":5,"severity":"Warning","message":"Rule is set with explicit type [var/s: uint]","ruleId":"explicit-types","filePath":"Benchmarks/Study_SamplesSet/8946eeeafec2cc7c5ca9b5e50cd3e3e2.sol"},{"line":299,"column":5,"severity":"Warning","message":"Constant name must be in capitalized SNAKE_CASE","ruleId":"const-name-snakecase","fix":null,"filePath":"Benchmarks/Study_SamplesSet/8946eeeafec2cc7c5ca9b5e50cd3e3e2.sol"},{"line":300,"column":5,"severity":"Error","message":"Explicitly mark visibility of state","ruleId":"state-visibility","fix":null,"filePath":"Benchmarks/Study_SamplesSet/8946eeeafec2cc7c5ca9b5e50cd3e3e2.sol"},{"line":300,"column":5,"severity":"Warning","message":"Rule is set with explicit type [var/s: uint]","ruleId":"explicit-types","filePath":"Benchmarks/Study_SamplesSet/8946eeeafec2cc7c5ca9b5e50cd3e3e2.sol"},{"line":300,"column":5,"severity":"Warning","message":"Constant name must be in capitalized SNAKE_CASE","ruleId":"const-name-snakecase","fix":null,"filePath":"Benchmarks/Study_SamplesSet/8946eeeafec2cc7c5ca9b5e50cd3e3e2.sol"},{"line":301,"column":5,"severity":"Error","message":"Explicitly mark visibility of state","ruleId":"state-visibility","fix":null,"filePath":"Benchmarks/Study_SamplesSet/8946eeeafec2cc7c5ca9b5e50cd3e3e2.sol"},{"line":301,"column":5,"severity":"Warning","message":"Rule is set with explicit type [var/s: uint]","ruleId":"explicit-types","filePath":"Benchmarks/Study_SamplesSet/8946eeeafec2cc7c5ca9b5e50cd3e3e2.sol"},{"line":301,"column":5,"severity":"Warning","message":"Constant name must be in capitalized SNAKE_CASE","ruleId":"const-name-snakecase","fix":null,"filePath":"Benchmarks/Study_SamplesSet/8946eeeafec2cc7c5ca9b5e50cd3e3e2.sol"},{"line":302,"column":5,"severity":"Error","message":"Explicitly mark visibility of state","ruleId":"state-visibility","fix":null,"filePath":"Benchmarks/Study_SamplesSet/8946eeeafec2cc7c5ca9b5e50cd3e3e2.sol"},{"line":302,"column":5,"severity":"Warning","message":"Rule is set with explicit type [var/s: uint]","ruleId":"explicit-types","filePath":"Benchmarks/Study_SamplesSet/8946eeeafec2cc7c5ca9b5e50cd3e3e2.sol"},{"line":302,"column":5,"severity":"Warning","message":"Constant name must be in capitalized SNAKE_CASE","ruleId":"const-name-snakecase","fix":null,"filePath":"Benchmarks/Study_SamplesSet/8946eeeafec2cc7c5ca9b5e50cd3e3e2.sol"},{"line":303,"column":5,"severity":"Error","message":"Explicitly mark visibility of state","ruleId":"state-visibility","fix":null,"filePath":"Benchmarks/Study_SamplesSet/8946eeeafec2cc7c5ca9b5e50cd3e3e2.sol"},{"line":303,"column":5,"severity":"Warning","message":"Rule is set with explicit type [var/s: uint]","ruleId":"explicit-types","filePath":"Benchmarks/Study_SamplesSet/8946eeeafec2cc7c5ca9b5e50cd3e3e2.sol"},{"line":303,"column":5,"severity":"Warning","message":"Constant name must be in capitalized SNAKE_CASE","ruleId":"const-name-snakecase","fix":null,"filePath":"Benchmarks/Study_SamplesSet/8946eeeafec2cc7c5ca9b5e50cd3e3e2.sol"},{"line":305,"column":5,"severity":"Error","message":"Explicitly mark visibility of state","ruleId":"state-visibility","fix":null,"filePath":"Benchmarks/Study_SamplesSet/8946eeeafec2cc7c5ca9b5e50cd3e3e2.sol"},{"line":305,"column":5,"severity":"Warning","message":"Rule is set with explicit type [var/s: uint]","ruleId":"explicit-types","filePath":"Benchmarks/Study_SamplesSet/8946eeeafec2cc7c5ca9b5e50cd3e3e2.sol"},{"line":306,"column":5,"severity":"Error","message":"Explicitly mark visibility of state","ruleId":"state-visibility","fix":null,"filePath":"Benchmarks/Study_SamplesSet/8946eeeafec2cc7c5ca9b5e50cd3e3e2.sol"},{"line":306,"column":5,"severity":"Warning","message":"Rule is set with explicit type [var/s: uint]","ruleId":"explicit-types","filePath":"Benchmarks/Study_SamplesSet/8946eeeafec2cc7c5ca9b5e50cd3e3e2.sol"},{"line":307,"column":5,"severity":"Error","message":"Explicitly mark visibility of state","ruleId":"state-visibility","fix":null,"filePath":"Benchmarks/Study_SamplesSet/8946eeeafec2cc7c5ca9b5e50cd3e3e2.sol"},{"line":307,"column":5,"severity":"Warning","message":"Rule is set with explicit type [var/s: uint]","ruleId":"explicit-types","filePath":"Benchmarks/Study_SamplesSet/8946eeeafec2cc7c5ca9b5e50cd3e3e2.sol"},{"line":308,"column":5,"severity":"Error","message":"Explicitly mark visibility of state","ruleId":"state-visibility","fix":null,"filePath":"Benchmarks/Study_SamplesSet/8946eeeafec2cc7c5ca9b5e50cd3e3e2.sol"},{"line":308,"column":5,"severity":"Warning","message":"Rule is set with explicit type [var/s: uint]","ruleId":"explicit-types","filePath":"Benchmarks/Study_SamplesSet/8946eeeafec2cc7c5ca9b5e50cd3e3e2.sol"},{"line":312,"column":9,"severity":"Warning","message":"Rule is set with explicit type [var/s: uint]","ruleId":"explicit-types","filePath":"Benchmarks/Study_SamplesSet/8946eeeafec2cc7c5ca9b5e50cd3e3e2.sol"},{"line":318,"column":9,"severity":"Warning","message":"Rule is set with explicit type [var/s: uint]","ruleId":"explicit-types","filePath":"Benchmarks/Study_SamplesSet/8946eeeafec2cc7c5ca9b5e50cd3e3e2.sol"},{"line":319,"column":9,"severity":"Warning","message":"Rule is set with explicit type [var/s: uint]","ruleId":"explicit-types","filePath":"Benchmarks/Study_SamplesSet/8946eeeafec2cc7c5ca9b5e50cd3e3e2.sol"},{"line":324,"column":9,"severity":"Warning","message":"Rule is set with explicit type [var/s: uint]","ruleId":"explicit-types","filePath":"Benchmarks/Study_SamplesSet/8946eeeafec2cc7c5ca9b5e50cd3e3e2.sol"},{"line":328,"column":5,"severity":"Warning","message":"Rule is set with explicit type [var/s: uint]","ruleId":"explicit-types","filePath":"Benchmarks/Study_SamplesSet/8946eeeafec2cc7c5ca9b5e50cd3e3e2.sol"},{"line":329,"column":5,"severity":"Warning","message":"Rule is set with explicit type [var/s: uint]","ruleId":"explicit-types","filePath":"Benchmarks/Study_SamplesSet/8946eeeafec2cc7c5ca9b5e50cd3e3e2.sol"},{"line":330,"column":5,"severity":"Warning","message":"Rule is set with explicit type [var/s: uint]","ruleId":"explicit-types","filePath":"Benchmarks/Study_SamplesSet/8946eeeafec2cc7c5ca9b5e50cd3e3e2.sol"},{"line":332,"column":5,"severity":"Warning","message":"Rule is set with explicit type [var/s: uint]","ruleId":"explicit-types","filePath":"Benchmarks/Study_SamplesSet/8946eeeafec2cc7c5ca9b5e50cd3e3e2.sol"},{"line":343,"column":5,"severity":"Warning","message":"Rule is set with explicit type [var/s: uint]","ruleId":"explicit-types","filePath":"Benchmarks/Study_SamplesSet/8946eeeafec2cc7c5ca9b5e50cd3e3e2.sol"},{"line":344,"column":5,"severity":"Warning","message":"Rule is set with explicit type [var/s: uint]","ruleId":"explicit-types","filePath":"Benchmarks/Study_SamplesSet/8946eeeafec2cc7c5ca9b5e50cd3e3e2.sol"},{"line":345,"column":5,"severity":"Error","message":"Explicitly mark visibility of state","ruleId":"state-visibility","fix":null,"filePath":"Benchmarks/Study_SamplesSet/8946eeeafec2cc7c5ca9b5e50cd3e3e2.sol"},{"line":347,"column":5,"severity":"Warning","message":"Event name must be in CamelCase","ruleId":"event-name-camelcase","filePath":"Benchmarks/Study_SamplesSet/8946eeeafec2cc7c5ca9b5e50cd3e3e2.sol"},{"line":347,"column":45,"severity":"Warning","message":"Rule is set with explicit type [var/s: uint]","ruleId":"explicit-types","filePath":"Benchmarks/Study_SamplesSet/8946eeeafec2cc7c5ca9b5e50cd3e3e2.sol"},{"line":348,"column":5,"severity":"Warning","message":"Event name must be in CamelCase","ruleId":"event-name-camelcase","filePath":"Benchmarks/Study_SamplesSet/8946eeeafec2cc7c5ca9b5e50cd3e3e2.sol"},{"line":348,"column":45,"severity":"Warning","message":"Rule is set with explicit type [var/s: uint]","ruleId":"explicit-types","filePath":"Benchmarks/Study_SamplesSet/8946eeeafec2cc7c5ca9b5e50cd3e3e2.sol"},{"line":348,"column":64,"severity":"Warning","message":"Rule is set with explicit type [var/s: uint]","ruleId":"explicit-types","filePath":"Benchmarks/Study_SamplesSet/8946eeeafec2cc7c5ca9b5e50cd3e3e2.sol"},{"line":349,"column":5,"severity":"Warning","message":"Event name must be in CamelCase","ruleId":"event-name-camelcase","filePath":"Benchmarks/Study_SamplesSet/8946eeeafec2cc7c5ca9b5e50cd3e3e2.sol"},{"line":349,"column":46,"severity":"Warning","message":"Rule is set with explicit type [var/s: uint]","ruleId":"explicit-types","filePath":"Benchmarks/Study_SamplesSet/8946eeeafec2cc7c5ca9b5e50cd3e3e2.sol"},{"line":350,"column":5,"severity":"Warning","message":"Event name must be in CamelCase","ruleId":"event-name-camelcase","filePath":"Benchmarks/Study_SamplesSet/8946eeeafec2cc7c5ca9b5e50cd3e3e2.sol"},{"line":351,"column":5,"severity":"Warning","message":"Event name must be in CamelCase","ruleId":"event-name-camelcase","filePath":"Benchmarks/Study_SamplesSet/8946eeeafec2cc7c5ca9b5e50cd3e3e2.sol"},{"line":352,"column":5,"severity":"Warning","message":"Event name must be in CamelCase","ruleId":"event-name-camelcase","filePath":"Benchmarks/Study_SamplesSet/8946eeeafec2cc7c5ca9b5e50cd3e3e2.sol"},{"line":352,"column":71,"severity":"Warning","message":"Rule is set with explicit type [var/s: uint]","ruleId":"explicit-types","filePath":"Benchmarks/Study_SamplesSet/8946eeeafec2cc7c5ca9b5e50cd3e3e2.sol"},{"line":353,"column":5,"severity":"Warning","message":"Event name must be in CamelCase","ruleId":"event-name-camelcase","filePath":"Benchmarks/Study_SamplesSet/8946eeeafec2cc7c5ca9b5e50cd3e3e2.sol"},{"line":353,"column":44,"severity":"Warning","message":"Rule is set with explicit type [var/s: uint]","ruleId":"explicit-types","filePath":"Benchmarks/Study_SamplesSet/8946eeeafec2cc7c5ca9b5e50cd3e3e2.sol"},{"line":354,"column":5,"severity":"Warning","message":"Event name must be in CamelCase","ruleId":"event-name-camelcase","filePath":"Benchmarks/Study_SamplesSet/8946eeeafec2cc7c5ca9b5e50cd3e3e2.sol"},{"line":355,"column":5,"severity":"Warning","message":"Event name must be in CamelCase","ruleId":"event-name-camelcase","filePath":"Benchmarks/Study_SamplesSet/8946eeeafec2cc7c5ca9b5e50cd3e3e2.sol"},{"line":355,"column":50,"severity":"Warning","message":"Rule is set with explicit type [var/s: uint]","ruleId":"explicit-types","filePath":"Benchmarks/Study_SamplesSet/8946eeeafec2cc7c5ca9b5e50cd3e3e2.sol"},{"line":356,"column":5,"severity":"Warning","message":"Event name must be in CamelCase","ruleId":"event-name-camelcase","filePath":"Benchmarks/Study_SamplesSet/8946eeeafec2cc7c5ca9b5e50cd3e3e2.sol"},{"line":356,"column":55,"severity":"Warning","message":"Rule is set with explicit type [var/s: int]","ruleId":"explicit-types","filePath":"Benchmarks/Study_SamplesSet/8946eeeafec2cc7c5ca9b5e50cd3e3e2.sol"},{"line":357,"column":5,"severity":"Warning","message":"Event name must be in CamelCase","ruleId":"event-name-camelcase","filePath":"Benchmarks/Study_SamplesSet/8946eeeafec2cc7c5ca9b5e50cd3e3e2.sol"},{"line":357,"column":46,"severity":"Warning","message":"Rule is set with explicit type [var/s: uint]","ruleId":"explicit-types","filePath":"Benchmarks/Study_SamplesSet/8946eeeafec2cc7c5ca9b5e50cd3e3e2.sol"},{"line":358,"column":5,"severity":"Warning","message":"Event name must be in CamelCase","ruleId":"event-name-camelcase","filePath":"Benchmarks/Study_SamplesSet/8946eeeafec2cc7c5ca9b5e50cd3e3e2.sol"},{"line":359,"column":5,"severity":"Warning","message":"Event name must be in CamelCase","ruleId":"event-name-camelcase","filePath":"Benchmarks/Study_SamplesSet/8946eeeafec2cc7c5ca9b5e50cd3e3e2.sol"},{"line":360,"column":5,"severity":"Warning","message":"Event name must be in CamelCase","ruleId":"event-name-camelcase","filePath":"Benchmarks/Study_SamplesSet/8946eeeafec2cc7c5ca9b5e50cd3e3e2.sol"},{"line":361,"column":5,"severity":"Warning","message":"Event name must be in CamelCase","ruleId":"event-name-camelcase","filePath":"Benchmarks/Study_SamplesSet/8946eeeafec2cc7c5ca9b5e50cd3e3e2.sol"},{"line":362,"column":5,"severity":"Warning","message":"Event name must be in CamelCase","ruleId":"event-name-camelcase","filePath":"Benchmarks/Study_SamplesSet/8946eeeafec2cc7c5ca9b5e50cd3e3e2.sol"},{"line":362,"column":31,"severity":"Warning","message":"Rule is set with explicit type [var/s: uint]","ruleId":"explicit-types","filePath":"Benchmarks/Study_SamplesSet/8946eeeafec2cc7c5ca9b5e50cd3e3e2.sol"},{"line":362,"column":49,"severity":"Warning","message":"Rule is set with explicit type [var/s: uint]","ruleId":"explicit-types","filePath":"Benchmarks/Study_SamplesSet/8946eeeafec2cc7c5ca9b5e50cd3e3e2.sol"},{"line":363,"column":5,"severity":"Warning","message":"Event name must be in CamelCase","ruleId":"event-name-camelcase","filePath":"Benchmarks/Study_SamplesSet/8946eeeafec2cc7c5ca9b5e50cd3e3e2.sol"},{"line":364,"column":5,"severity":"Warning","message":"Event name must be in CamelCase","ruleId":"event-name-camelcase","filePath":"Benchmarks/Study_SamplesSet/8946eeeafec2cc7c5ca9b5e50cd3e3e2.sol"},{"line":365,"column":5,"severity":"Warning","message":"Event name must be in CamelCase","ruleId":"event-name-camelcase","filePath":"Benchmarks/Study_SamplesSet/8946eeeafec2cc7c5ca9b5e50cd3e3e2.sol"},{"line":366,"column":5,"severity":"Warning","message":"Event name must be in CamelCase","ruleId":"event-name-camelcase","filePath":"Benchmarks/Study_SamplesSet/8946eeeafec2cc7c5ca9b5e50cd3e3e2.sol"},{"line":366,"column":44,"severity":"Warning","message":"Rule is set with explicit type [var/s: uint]","ruleId":"explicit-types","filePath":"Benchmarks/Study_SamplesSet/8946eeeafec2cc7c5ca9b5e50cd3e3e2.sol"},{"line":368,"column":5,"severity":"Error","message":"Explicitly mark visibility in function (Set ignoreConstructors to true if using solidity >=0.7.0)","ruleId":"func-visibility","fix":null,"filePath":"Benchmarks/Study_SamplesSet/8946eeeafec2cc7c5ca9b5e50cd3e3e2.sol"},{"line":379,"column":24,"severity":"Error","message":"\"throw\" is deprecated, avoid to use it","ruleId":"avoid-throw","filePath":"Benchmarks/Study_SamplesSet/8946eeeafec2cc7c5ca9b5e50cd3e3e2.sol"},{"line":384,"column":25,"severity":"Error","message":"\"throw\" is deprecated, avoid to use it","ruleId":"avoid-throw","filePath":"Benchmarks/Study_SamplesSet/8946eeeafec2cc7c5ca9b5e50cd3e3e2.sol"},{"line":389,"column":43,"severity":"Error","message":"\"throw\" is deprecated, avoid to use it","ruleId":"avoid-throw","filePath":"Benchmarks/Study_SamplesSet/8946eeeafec2cc7c5ca9b5e50cd3e3e2.sol"},{"line":394,"column":43,"severity":"Error","message":"\"throw\" is deprecated, avoid to use it","ruleId":"avoid-throw","filePath":"Benchmarks/Study_SamplesSet/8946eeeafec2cc7c5ca9b5e50cd3e3e2.sol"},{"line":399,"column":34,"severity":"Error","message":"\"throw\" is deprecated, avoid to use it","ruleId":"avoid-throw","filePath":"Benchmarks/Study_SamplesSet/8946eeeafec2cc7c5ca9b5e50cd3e3e2.sol"},{"line":404,"column":49,"severity":"Error","message":"\"throw\" is deprecated, avoid to use it","ruleId":"avoid-throw","filePath":"Benchmarks/Study_SamplesSet/8946eeeafec2cc7c5ca9b5e50cd3e3e2.sol"},{"line":409,"column":46,"severity":"Error","message":"\"throw\" is deprecated, avoid to use it","ruleId":"avoid-throw","filePath":"Benchmarks/Study_SamplesSet/8946eeeafec2cc7c5ca9b5e50cd3e3e2.sol"},{"line":414,"column":29,"severity":"Error","message":"\"throw\" is deprecated, avoid to use it","ruleId":"avoid-throw","filePath":"Benchmarks/Study_SamplesSet/8946eeeafec2cc7c5ca9b5e50cd3e3e2.sol"},{"line":419,"column":54,"severity":"Error","message":"\"throw\" is deprecated, avoid to use it","ruleId":"avoid-throw","filePath":"Benchmarks/Study_SamplesSet/8946eeeafec2cc7c5ca9b5e50cd3e3e2.sol"},{"line":428,"column":39,"severity":"Error","message":"Explicitly mark all external contracts as trusted or untrusted","ruleId":"mark-callable-contracts","filePath":"Benchmarks/Study_SamplesSet/8946eeeafec2cc7c5ca9b5e50cd3e3e2.sol"},{"line":435,"column":9,"severity":"Warning","message":"Rule is set with explicit type [var/s: uint]","ruleId":"explicit-types","filePath":"Benchmarks/Study_SamplesSet/8946eeeafec2cc7c5ca9b5e50cd3e3e2.sol"},{"line":437,"column":39,"severity":"Error","message":"Explicitly mark all external contracts as trusted or untrusted","ruleId":"mark-callable-contracts","filePath":"Benchmarks/Study_SamplesSet/8946eeeafec2cc7c5ca9b5e50cd3e3e2.sol"},{"line":444,"column":30,"severity":"Warning","message":"Rule is set with explicit type [var/s: uint]","ruleId":"explicit-types","filePath":"Benchmarks/Study_SamplesSet/8946eeeafec2cc7c5ca9b5e50cd3e3e2.sol"},{"line":450,"column":29,"severity":"Warning","message":"Rule is set with explicit type [var/s: uint]","ruleId":"explicit-types","filePath":"Benchmarks/Study_SamplesSet/8946eeeafec2cc7c5ca9b5e50cd3e3e2.sol"},{"line":457,"column":48,"severity":"Error","message":"\"throw\" is deprecated, avoid to use it","ruleId":"avoid-throw","filePath":"Benchmarks/Study_SamplesSet/8946eeeafec2cc7c5ca9b5e50cd3e3e2.sol"},{"line":467,"column":29,"severity":"Warning","message":"Rule is set with explicit type [var/s: uint]","ruleId":"explicit-types","filePath":"Benchmarks/Study_SamplesSet/8946eeeafec2cc7c5ca9b5e50cd3e3e2.sol"},{"line":468,"column":68,"severity":"Error","message":"\"throw\" is deprecated, avoid to use it","ruleId":"avoid-throw","filePath":"Benchmarks/Study_SamplesSet/8946eeeafec2cc7c5ca9b5e50cd3e3e2.sol"},{"line":469,"column":34,"severity":"Error","message":"\"throw\" is deprecated, avoid to use it","ruleId":"avoid-throw","filePath":"Benchmarks/Study_SamplesSet/8946eeeafec2cc7c5ca9b5e50cd3e3e2.sol"},{"line":474,"column":42,"severity":"Error","message":"\"throw\" is deprecated, avoid to use it","ruleId":"avoid-throw","filePath":"Benchmarks/Study_SamplesSet/8946eeeafec2cc7c5ca9b5e50cd3e3e2.sol"},{"line":479,"column":61,"severity":"Error","message":"Avoid making time-based decisions in your business logic","ruleId":"not-rely-on-time","fix":null,"filePath":"Benchmarks/Study_SamplesSet/8946eeeafec2cc7c5ca9b5e50cd3e3e2.sol"},{"line":479,"column":66,"severity":"Error","message":"\"throw\" is deprecated, avoid to use it","ruleId":"avoid-throw","filePath":"Benchmarks/Study_SamplesSet/8946eeeafec2cc7c5ca9b5e50cd3e3e2.sol"},{"line":485,"column":42,"severity":"Error","message":"\"throw\" is deprecated, avoid to use it","ruleId":"avoid-throw","filePath":"Benchmarks/Study_SamplesSet/8946eeeafec2cc7c5ca9b5e50cd3e3e2.sol"},{"line":490,"column":5,"severity":"Error","message":"Explicitly mark visibility in function","ruleId":"func-visibility","fix":null,"filePath":"Benchmarks/Study_SamplesSet/8946eeeafec2cc7c5ca9b5e50cd3e3e2.sol"},{"line":492,"column":17,"severity":"Warning","message":"Rule is set with explicit type [var/s: uint]","ruleId":"explicit-types","filePath":"Benchmarks/Study_SamplesSet/8946eeeafec2cc7c5ca9b5e50cd3e3e2.sol"},{"line":504,"column":5,"severity":"Error","message":"Explicitly mark visibility in function","ruleId":"func-visibility","fix":null,"filePath":"Benchmarks/Study_SamplesSet/8946eeeafec2cc7c5ca9b5e50cd3e3e2.sol"},{"line":506,"column":17,"severity":"Warning","message":"Rule is set with explicit type [var/s: uint]","ruleId":"explicit-types","filePath":"Benchmarks/Study_SamplesSet/8946eeeafec2cc7c5ca9b5e50cd3e3e2.sol"},{"line":509,"column":13,"severity":"Warning","message":"Rule is set with explicit type [var/s: uint]","ruleId":"explicit-types","filePath":"Benchmarks/Study_SamplesSet/8946eeeafec2cc7c5ca9b5e50cd3e3e2.sol"},{"line":517,"column":5,"severity":"Error","message":"Explicitly mark visibility in function","ruleId":"func-visibility","fix":null,"filePath":"Benchmarks/Study_SamplesSet/8946eeeafec2cc7c5ca9b5e50cd3e3e2.sol"},{"line":519,"column":17,"severity":"Warning","message":"Rule is set with explicit type [var/s: uint]","ruleId":"explicit-types","filePath":"Benchmarks/Study_SamplesSet/8946eeeafec2cc7c5ca9b5e50cd3e3e2.sol"},{"line":519,"column":23,"severity":"Warning","message":"Rule is set with explicit type [var/s: uint]","ruleId":"explicit-types","filePath":"Benchmarks/Study_SamplesSet/8946eeeafec2cc7c5ca9b5e50cd3e3e2.sol"},{"line":519,"column":29,"severity":"Warning","message":"Rule is set with explicit type [var/s: uint]","ruleId":"explicit-types","filePath":"Benchmarks/Study_SamplesSet/8946eeeafec2cc7c5ca9b5e50cd3e3e2.sol"},{"line":519,"column":35,"severity":"Warning","message":"Rule is set with explicit type [var/s: uint]","ruleId":"explicit-types","filePath":"Benchmarks/Study_SamplesSet/8946eeeafec2cc7c5ca9b5e50cd3e3e2.sol"},{"line":519,"column":41,"severity":"Warning","message":"Rule is set with explicit type [var/s: uint]","ruleId":"explicit-types","filePath":"Benchmarks/Study_SamplesSet/8946eeeafec2cc7c5ca9b5e50cd3e3e2.sol"},{"line":519,"column":47,"severity":"Warning","message":"Rule is set with explicit type [var/s: uint]","ruleId":"explicit-types","filePath":"Benchmarks/Study_SamplesSet/8946eeeafec2cc7c5ca9b5e50cd3e3e2.sol"},{"line":519,"column":53,"severity":"Warning","message":"Rule is set with explicit type [var/s: uint]","ruleId":"explicit-types","filePath":"Benchmarks/Study_SamplesSet/8946eeeafec2cc7c5ca9b5e50cd3e3e2.sol"},{"line":519,"column":59,"severity":"Warning","message":"Rule is set with explicit type [var/s: uint]","ruleId":"explicit-types","filePath":"Benchmarks/Study_SamplesSet/8946eeeafec2cc7c5ca9b5e50cd3e3e2.sol"},{"line":521,"column":9,"severity":"Warning","message":"Rule is set with explicit type [var/s: uint]","ruleId":"explicit-types","filePath":"Benchmarks/Study_SamplesSet/8946eeeafec2cc7c5ca9b5e50cd3e3e2.sol"},{"line":522,"column":9,"severity":"Warning","message":"Rule is set with explicit type [var/s: uint]","ruleId":"explicit-types","filePath":"Benchmarks/Study_SamplesSet/8946eeeafec2cc7c5ca9b5e50cd3e3e2.sol"},{"line":526,"column":5,"severity":"Error","message":"Explicitly mark visibility in function","ruleId":"func-visibility","fix":null,"filePath":"Benchmarks/Study_SamplesSet/8946eeeafec2cc7c5ca9b5e50cd3e3e2.sol"},{"line":526,"column":21,"severity":"Warning","message":"Rule is set with explicit type [var/s: uint]","ruleId":"explicit-types","filePath":"Benchmarks/Study_SamplesSet/8946eeeafec2cc7c5ca9b5e50cd3e3e2.sol"},{"line":528,"column":26,"severity":"Warning","message":"Rule is set with explicit type [var/s: uint]","ruleId":"explicit-types","filePath":"Benchmarks/Study_SamplesSet/8946eeeafec2cc7c5ca9b5e50cd3e3e2.sol"},{"line":528,"column":32,"severity":"Warning","message":"Rule is set with explicit type [var/s: uint]","ruleId":"explicit-types","filePath":"Benchmarks/Study_SamplesSet/8946eeeafec2cc7c5ca9b5e50cd3e3e2.sol"},{"line":536,"column":5,"severity":"Error","message":"Explicitly mark visibility in function","ruleId":"func-visibility","fix":null,"filePath":"Benchmarks/Study_SamplesSet/8946eeeafec2cc7c5ca9b5e50cd3e3e2.sol"},{"line":538,"column":17,"severity":"Warning","message":"Rule is set with explicit type [var/s: uint]","ruleId":"explicit-types","filePath":"Benchmarks/Study_SamplesSet/8946eeeafec2cc7c5ca9b5e50cd3e3e2.sol"},{"line":543,"column":5,"severity":"Error","message":"Explicitly mark visibility in function","ruleId":"func-visibility","fix":null,"filePath":"Benchmarks/Study_SamplesSet/8946eeeafec2cc7c5ca9b5e50cd3e3e2.sol"},{"line":545,"column":17,"severity":"Warning","message":"Rule is set with explicit type [var/s: uint]","ruleId":"explicit-types","filePath":"Benchmarks/Study_SamplesSet/8946eeeafec2cc7c5ca9b5e50cd3e3e2.sol"},{"line":547,"column":9,"severity":"Warning","message":"Rule is set with explicit type [var/s: uint]","ruleId":"explicit-types","filePath":"Benchmarks/Study_SamplesSet/8946eeeafec2cc7c5ca9b5e50cd3e3e2.sol"},{"line":551,"column":5,"severity":"Error","message":"Explicitly mark visibility in function","ruleId":"func-visibility","fix":null,"filePath":"Benchmarks/Study_SamplesSet/8946eeeafec2cc7c5ca9b5e50cd3e3e2.sol"},{"line":553,"column":17,"severity":"Warning","message":"Rule is set with explicit type [var/s: uint]","ruleId":"explicit-types","filePath":"Benchmarks/Study_SamplesSet/8946eeeafec2cc7c5ca9b5e50cd3e3e2.sol"},{"line":555,"column":9,"severity":"Warning","message":"Rule is set with explicit type [var/s: uint]","ruleId":"explicit-types","filePath":"Benchmarks/Study_SamplesSet/8946eeeafec2cc7c5ca9b5e50cd3e3e2.sol"},{"line":556,"column":9,"severity":"Warning","message":"Rule is set with explicit type [var/s: uint]","ruleId":"explicit-types","filePath":"Benchmarks/Study_SamplesSet/8946eeeafec2cc7c5ca9b5e50cd3e3e2.sol"},{"line":560,"column":5,"severity":"Error","message":"Explicitly mark visibility in function","ruleId":"func-visibility","fix":null,"filePath":"Benchmarks/Study_SamplesSet/8946eeeafec2cc7c5ca9b5e50cd3e3e2.sol"},{"line":562,"column":18,"severity":"Warning","message":"Rule is set with explicit type [var/s: uint]","ruleId":"explicit-types","filePath":"Benchmarks/Study_SamplesSet/8946eeeafec2cc7c5ca9b5e50cd3e3e2.sol"},{"line":567,"column":5,"severity":"Error","message":"Explicitly mark visibility in function","ruleId":"func-visibility","fix":null,"filePath":"Benchmarks/Study_SamplesSet/8946eeeafec2cc7c5ca9b5e50cd3e3e2.sol"},{"line":569,"column":18,"severity":"Warning","message":"Rule is set with explicit type [var/s: uint]","ruleId":"explicit-types","filePath":"Benchmarks/Study_SamplesSet/8946eeeafec2cc7c5ca9b5e50cd3e3e2.sol"},{"line":574,"column":5,"severity":"Error","message":"Explicitly mark visibility in function","ruleId":"func-visibility","fix":null,"filePath":"Benchmarks/Study_SamplesSet/8946eeeafec2cc7c5ca9b5e50cd3e3e2.sol"},{"line":576,"column":18,"severity":"Warning","message":"Rule is set with explicit type [var/s: uint]","ruleId":"explicit-types","filePath":"Benchmarks/Study_SamplesSet/8946eeeafec2cc7c5ca9b5e50cd3e3e2.sol"},{"line":578,"column":9,"severity":"Warning","message":"Rule is set with explicit type [var/s: uint]","ruleId":"explicit-types","filePath":"Benchmarks/Study_SamplesSet/8946eeeafec2cc7c5ca9b5e50cd3e3e2.sol"},{"line":579,"column":9,"severity":"Warning","message":"Rule is set with explicit type [var/s: uint]","ruleId":"explicit-types","filePath":"Benchmarks/Study_SamplesSet/8946eeeafec2cc7c5ca9b5e50cd3e3e2.sol"},{"line":580,"column":9,"severity":"Warning","message":"Rule is set with explicit type [var/s: uint]","ruleId":"explicit-types","filePath":"Benchmarks/Study_SamplesSet/8946eeeafec2cc7c5ca9b5e50cd3e3e2.sol"},{"line":590,"column":5,"severity":"Error","message":"Explicitly mark visibility in function","ruleId":"func-visibility","fix":null,"filePath":"Benchmarks/Study_SamplesSet/8946eeeafec2cc7c5ca9b5e50cd3e3e2.sol"},{"line":592,"column":17,"severity":"Warning","message":"Rule is set with explicit type [var/s: uint]","ruleId":"explicit-types","filePath":"Benchmarks/Study_SamplesSet/8946eeeafec2cc7c5ca9b5e50cd3e3e2.sol"},{"line":594,"column":9,"severity":"Warning","message":"Rule is set with explicit type [var/s: uint]","ruleId":"explicit-types","filePath":"Benchmarks/Study_SamplesSet/8946eeeafec2cc7c5ca9b5e50cd3e3e2.sol"},{"line":595,"column":14,"severity":"Warning","message":"Rule is set with explicit type [var/s: uint]","ruleId":"explicit-types","filePath":"Benchmarks/Study_SamplesSet/8946eeeafec2cc7c5ca9b5e50cd3e3e2.sol"},{"line":604,"column":5,"severity":"Error","message":"Explicitly mark visibility in function","ruleId":"func-visibility","fix":null,"filePath":"Benchmarks/Study_SamplesSet/8946eeeafec2cc7c5ca9b5e50cd3e3e2.sol"},{"line":607,"column":33,"severity":"Error","message":"\"throw\" is deprecated, avoid to use it","ruleId":"avoid-throw","filePath":"Benchmarks/Study_SamplesSet/8946eeeafec2cc7c5ca9b5e50cd3e3e2.sol"},{"line":611,"column":5,"severity":"Error","message":"Explicitly mark visibility in function","ruleId":"func-visibility","fix":null,"filePath":"Benchmarks/Study_SamplesSet/8946eeeafec2cc7c5ca9b5e50cd3e3e2.sol"},{"line":619,"column":37,"severity":"Warning","message":"Rule is set with explicit type [var/s: uint]","ruleId":"explicit-types","filePath":"Benchmarks/Study_SamplesSet/8946eeeafec2cc7c5ca9b5e50cd3e3e2.sol"},{"line":623,"column":13,"severity":"Error","message":"Explicitly mark all external contracts as trusted or untrusted","ruleId":"mark-callable-contracts","filePath":"Benchmarks/Study_SamplesSet/8946eeeafec2cc7c5ca9b5e50cd3e3e2.sol"},{"line":628,"column":13,"severity":"Error","message":"Explicitly mark all external contracts as trusted or untrusted","ruleId":"mark-callable-contracts","filePath":"Benchmarks/Study_SamplesSet/8946eeeafec2cc7c5ca9b5e50cd3e3e2.sol"},{"line":633,"column":13,"severity":"Error","message":"Explicitly mark all external contracts as trusted or untrusted","ruleId":"mark-callable-contracts","filePath":"Benchmarks/Study_SamplesSet/8946eeeafec2cc7c5ca9b5e50cd3e3e2.sol"},{"line":636,"column":71,"severity":"Error","message":"Explicitly mark all external contracts as trusted or untrusted","ruleId":"mark-callable-contracts","filePath":"Benchmarks/Study_SamplesSet/8946eeeafec2cc7c5ca9b5e50cd3e3e2.sol"},{"line":640,"column":9,"severity":"Error","message":"Explicitly mark all external contracts as trusted or untrusted","ruleId":"mark-callable-contracts","filePath":"Benchmarks/Study_SamplesSet/8946eeeafec2cc7c5ca9b5e50cd3e3e2.sol"},{"line":643,"column":30,"severity":"Warning","message":"Rule is set with explicit type [var/s: uint]","ruleId":"explicit-types","filePath":"Benchmarks/Study_SamplesSet/8946eeeafec2cc7c5ca9b5e50cd3e3e2.sol"},{"line":651,"column":9,"severity":"Error","message":"Explicitly mark all external contracts as trusted or untrusted","ruleId":"mark-callable-contracts","filePath":"Benchmarks/Study_SamplesSet/8946eeeafec2cc7c5ca9b5e50cd3e3e2.sol"},{"line":658,"column":9,"severity":"Warning","message":"Rule is set with explicit type [var/s: uint]","ruleId":"explicit-types","filePath":"Benchmarks/Study_SamplesSet/8946eeeafec2cc7c5ca9b5e50cd3e3e2.sol"},{"line":660,"column":14,"severity":"Warning","message":"Rule is set with explicit type [var/s: uint]","ruleId":"explicit-types","filePath":"Benchmarks/Study_SamplesSet/8946eeeafec2cc7c5ca9b5e50cd3e3e2.sol"},{"line":662,"column":13,"severity":"Warning","message":"Rule is set with explicit type [var/s: uint]","ruleId":"explicit-types","filePath":"Benchmarks/Study_SamplesSet/8946eeeafec2cc7c5ca9b5e50cd3e3e2.sol"},{"line":663,"column":13,"severity":"Warning","message":"Rule is set with explicit type [var/s: uint]","ruleId":"explicit-types","filePath":"Benchmarks/Study_SamplesSet/8946eeeafec2cc7c5ca9b5e50cd3e3e2.sol"},{"line":668,"column":17,"severity":"Warning","message":"Rule is set with explicit type [var/s: int]","ruleId":"explicit-types","filePath":"Benchmarks/Study_SamplesSet/8946eeeafec2cc7c5ca9b5e50cd3e3e2.sol"},{"line":668,"column":17,"severity":"Error","message":"Explicitly mark all external contracts as trusted or untrusted","ruleId":"mark-callable-contracts","filePath":"Benchmarks/Study_SamplesSet/8946eeeafec2cc7c5ca9b5e50cd3e3e2.sol"},{"line":672,"column":17,"severity":"Error","message":"Explicitly mark all external contracts as trusted or untrusted","ruleId":"mark-callable-contracts","filePath":"Benchmarks/Study_SamplesSet/8946eeeafec2cc7c5ca9b5e50cd3e3e2.sol"},{"line":688,"column":5,"severity":"Error","message":"Explicitly mark visibility in function","ruleId":"func-visibility","fix":null,"filePath":"Benchmarks/Study_SamplesSet/8946eeeafec2cc7c5ca9b5e50cd3e3e2.sol"},{"line":694,"column":5,"severity":"Error","message":"Explicitly mark visibility in function","ruleId":"func-visibility","fix":null,"filePath":"Benchmarks/Study_SamplesSet/8946eeeafec2cc7c5ca9b5e50cd3e3e2.sol"},{"line":698,"column":9,"severity":"Warning","message":"Rule is set with explicit type [var/s: uint]","ruleId":"explicit-types","filePath":"Benchmarks/Study_SamplesSet/8946eeeafec2cc7c5ca9b5e50cd3e3e2.sol"},{"line":699,"column":39,"severity":"Error","message":"\"throw\" is deprecated, avoid to use it","ruleId":"avoid-throw","filePath":"Benchmarks/Study_SamplesSet/8946eeeafec2cc7c5ca9b5e50cd3e3e2.sol"},{"line":700,"column":9,"severity":"Warning","message":"Rule is set with explicit type [var/s: uint]","ruleId":"explicit-types","filePath":"Benchmarks/Study_SamplesSet/8946eeeafec2cc7c5ca9b5e50cd3e3e2.sol"},{"line":702,"column":13,"severity":"Error","message":"Explicitly mark all external contracts as trusted or untrusted","ruleId":"mark-callable-contracts","filePath":"Benchmarks/Study_SamplesSet/8946eeeafec2cc7c5ca9b5e50cd3e3e2.sol"},{"line":709,"column":26,"severity":"Error","message":"Explicitly mark all external contracts as trusted or untrusted","ruleId":"mark-callable-contracts","filePath":"Benchmarks/Study_SamplesSet/8946eeeafec2cc7c5ca9b5e50cd3e3e2.sol"},{"line":713,"column":13,"severity":"Error","message":"\"throw\" is deprecated, avoid to use it","ruleId":"avoid-throw","filePath":"Benchmarks/Study_SamplesSet/8946eeeafec2cc7c5ca9b5e50cd3e3e2.sol"},{"line":717,"column":5,"severity":"Error","message":"Explicitly mark visibility in function","ruleId":"func-visibility","fix":null,"filePath":"Benchmarks/Study_SamplesSet/8946eeeafec2cc7c5ca9b5e50cd3e3e2.sol"},{"line":717,"column":54,"severity":"Warning","message":"Variable \"proof\" is unused","ruleId":"no-unused-vars","fix":null,"filePath":"Benchmarks/Study_SamplesSet/8946eeeafec2cc7c5ca9b5e50cd3e3e2.sol"},{"line":724,"column":9,"severity":"Warning","message":"Rule is set with explicit type [var/s: uint]","ruleId":"explicit-types","filePath":"Benchmarks/Study_SamplesSet/8946eeeafec2cc7c5ca9b5e50cd3e3e2.sol"},{"line":731,"column":40,"severity":"Warning","message":"Rule is set with explicit type [var/s: uint]","ruleId":"explicit-types","filePath":"Benchmarks/Study_SamplesSet/8946eeeafec2cc7c5ca9b5e50cd3e3e2.sol"},{"line":735,"column":9,"severity":"Warning","message":"Rule is set with explicit type [var/s: uint]","ruleId":"explicit-types","filePath":"Benchmarks/Study_SamplesSet/8946eeeafec2cc7c5ca9b5e50cd3e3e2.sol"},{"line":736,"column":9,"severity":"Error","message":"Explicitly mark all external contracts as trusted or untrusted","ruleId":"mark-callable-contracts","filePath":"Benchmarks/Study_SamplesSet/8946eeeafec2cc7c5ca9b5e50cd3e3e2.sol"},{"line":742,"column":17,"severity":"Error","message":"\"throw\" is deprecated, avoid to use it","ruleId":"avoid-throw","filePath":"Benchmarks/Study_SamplesSet/8946eeeafec2cc7c5ca9b5e50cd3e3e2.sol"},{"line":748,"column":39,"severity":"Warning","message":"Rule is set with explicit type [var/s: uint]","ruleId":"explicit-types","filePath":"Benchmarks/Study_SamplesSet/8946eeeafec2cc7c5ca9b5e50cd3e3e2.sol"},{"line":752,"column":9,"severity":"Error","message":"Explicitly mark all external contracts as trusted or untrusted","ruleId":"mark-callable-contracts","filePath":"Benchmarks/Study_SamplesSet/8946eeeafec2cc7c5ca9b5e50cd3e3e2.sol"},{"line":759,"column":17,"severity":"Error","message":"\"throw\" is deprecated, avoid to use it","ruleId":"avoid-throw","filePath":"Benchmarks/Study_SamplesSet/8946eeeafec2cc7c5ca9b5e50cd3e3e2.sol"},{"line":762,"column":9,"severity":"Warning","message":"Rule is set with explicit type [var/s: uint]","ruleId":"explicit-types","filePath":"Benchmarks/Study_SamplesSet/8946eeeafec2cc7c5ca9b5e50cd3e3e2.sol"},{"line":764,"column":9,"severity":"Warning","message":"Rule is set with explicit type [var/s: uint]","ruleId":"explicit-types","filePath":"Benchmarks/Study_SamplesSet/8946eeeafec2cc7c5ca9b5e50cd3e3e2.sol"},{"line":770,"column":5,"severity":"Error","message":"Explicitly mark visibility in function","ruleId":"func-visibility","fix":null,"filePath":"Benchmarks/Study_SamplesSet/8946eeeafec2cc7c5ca9b5e50cd3e3e2.sol"},{"line":781,"column":5,"severity":"Error","message":"Explicitly mark visibility in function","ruleId":"func-visibility","fix":null,"filePath":"Benchmarks/Study_SamplesSet/8946eeeafec2cc7c5ca9b5e50cd3e3e2.sol"},{"line":792,"column":13,"severity":"Warning","message":"Rule is set with explicit type [var/s: uint]","ruleId":"explicit-types","filePath":"Benchmarks/Study_SamplesSet/8946eeeafec2cc7c5ca9b5e50cd3e3e2.sol"},{"line":800,"column":5,"severity":"Error","message":"Explicitly mark visibility in function","ruleId":"func-visibility","fix":null,"filePath":"Benchmarks/Study_SamplesSet/8946eeeafec2cc7c5ca9b5e50cd3e3e2.sol"},{"line":812,"column":9,"severity":"Warning","message":"Rule is set with explicit type [var/s: uint]","ruleId":"explicit-types","filePath":"Benchmarks/Study_SamplesSet/8946eeeafec2cc7c5ca9b5e50cd3e3e2.sol"},{"line":813,"column":9,"severity":"Warning","message":"Rule is set with explicit type [var/s: uint]","ruleId":"explicit-types","filePath":"Benchmarks/Study_SamplesSet/8946eeeafec2cc7c5ca9b5e50cd3e3e2.sol"},{"line":817,"column":13,"severity":"Warning","message":"Rule is set with explicit type [var/s: uint]","ruleId":"explicit-types","filePath":"Benchmarks/Study_SamplesSet/8946eeeafec2cc7c5ca9b5e50cd3e3e2.sol"},{"line":838,"column":13,"severity":"Error","message":"Explicitly mark all external contracts as trusted or untrusted","ruleId":"mark-callable-contracts","filePath":"Benchmarks/Study_SamplesSet/8946eeeafec2cc7c5ca9b5e50cd3e3e2.sol"},{"line":841,"column":13,"severity":"Error","message":"Explicitly mark all external contracts as trusted or untrusted","ruleId":"mark-callable-contracts","filePath":"Benchmarks/Study_SamplesSet/8946eeeafec2cc7c5ca9b5e50cd3e3e2.sol"},{"line":845,"column":5,"severity":"Error","message":"Explicitly mark visibility in function","ruleId":"func-visibility","fix":null,"filePath":"Benchmarks/Study_SamplesSet/8946eeeafec2cc7c5ca9b5e50cd3e3e2.sol"},{"line":848,"column":9,"severity":"Warning","message":"Rule is set with explicit type [var/s: uint]","ruleId":"explicit-types","filePath":"Benchmarks/Study_SamplesSet/8946eeeafec2cc7c5ca9b5e50cd3e3e2.sol"},{"line":849,"column":14,"severity":"Warning","message":"Rule is set with explicit type [var/s: uint]","ruleId":"explicit-types","filePath":"Benchmarks/Study_SamplesSet/8946eeeafec2cc7c5ca9b5e50cd3e3e2.sol"},{"line":861,"column":5,"severity":"Error","message":"Explicitly mark visibility in function","ruleId":"func-visibility","fix":null,"filePath":"Benchmarks/Study_SamplesSet/8946eeeafec2cc7c5ca9b5e50cd3e3e2.sol"},{"line":872,"column":5,"severity":"Error","message":"Explicitly mark visibility in function","ruleId":"func-visibility","fix":null,"filePath":"Benchmarks/Study_SamplesSet/8946eeeafec2cc7c5ca9b5e50cd3e3e2.sol"},{"line":876,"column":9,"severity":"Error","message":"Explicitly mark all external contracts as trusted or untrusted","ruleId":"mark-callable-contracts","filePath":"Benchmarks/Study_SamplesSet/8946eeeafec2cc7c5ca9b5e50cd3e3e2.sol"},{"line":879,"column":5,"severity":"Error","message":"Explicitly mark visibility in function","ruleId":"func-visibility","fix":null,"filePath":"Benchmarks/Study_SamplesSet/8946eeeafec2cc7c5ca9b5e50cd3e3e2.sol"},{"line":883,"column":9,"severity":"Error","message":"Explicitly mark all external contracts as trusted or untrusted","ruleId":"mark-callable-contracts","filePath":"Benchmarks/Study_SamplesSet/8946eeeafec2cc7c5ca9b5e50cd3e3e2.sol"},{"line":886,"column":5,"severity":"Error","message":"Explicitly mark visibility in function","ruleId":"func-visibility","fix":null,"filePath":"Benchmarks/Study_SamplesSet/8946eeeafec2cc7c5ca9b5e50cd3e3e2.sol"},{"line":889,"column":39,"severity":"Error","message":"\"throw\" is deprecated, avoid to use it","ruleId":"avoid-throw","filePath":"Benchmarks/Study_SamplesSet/8946eeeafec2cc7c5ca9b5e50cd3e3e2.sol"},{"line":891,"column":9,"severity":"Error","message":"Explicitly mark all external contracts as trusted or untrusted","ruleId":"mark-callable-contracts","filePath":"Benchmarks/Study_SamplesSet/8946eeeafec2cc7c5ca9b5e50cd3e3e2.sol"},{"line":894,"column":5,"severity":"Error","message":"Explicitly mark visibility in function","ruleId":"func-visibility","fix":null,"filePath":"Benchmarks/Study_SamplesSet/8946eeeafec2cc7c5ca9b5e50cd3e3e2.sol"},{"line":897,"column":39,"severity":"Error","message":"\"throw\" is deprecated, avoid to use it","ruleId":"avoid-throw","filePath":"Benchmarks/Study_SamplesSet/8946eeeafec2cc7c5ca9b5e50cd3e3e2.sol"},{"line":899,"column":9,"severity":"Error","message":"Explicitly mark all external contracts as trusted or untrusted","ruleId":"mark-callable-contracts","filePath":"Benchmarks/Study_SamplesSet/8946eeeafec2cc7c5ca9b5e50cd3e3e2.sol"},{"line":902,"column":5,"severity":"Error","message":"Explicitly mark visibility in function","ruleId":"func-visibility","fix":null,"filePath":"Benchmarks/Study_SamplesSet/8946eeeafec2cc7c5ca9b5e50cd3e3e2.sol"},{"line":902,"column":39,"severity":"Warning","message":"Rule is set with explicit type [var/s: uint]","ruleId":"explicit-types","filePath":"Benchmarks/Study_SamplesSet/8946eeeafec2cc7c5ca9b5e50cd3e3e2.sol"},{"line":907,"column":9,"severity":"Error","message":"Explicitly mark all external contracts as trusted or untrusted","ruleId":"mark-callable-contracts","filePath":"Benchmarks/Study_SamplesSet/8946eeeafec2cc7c5ca9b5e50cd3e3e2.sol"},{"line":912,"column":5,"severity":"Error","message":"Explicitly mark visibility in function","ruleId":"func-visibility","fix":null,"filePath":"Benchmarks/Study_SamplesSet/8946eeeafec2cc7c5ca9b5e50cd3e3e2.sol"},{"line":918,"column":9,"severity":"Error","message":"Explicitly mark all external contracts as trusted or untrusted","ruleId":"mark-callable-contracts","filePath":"Benchmarks/Study_SamplesSet/8946eeeafec2cc7c5ca9b5e50cd3e3e2.sol"},{"line":921,"column":5,"severity":"Error","message":"Explicitly mark visibility in function","ruleId":"func-visibility","fix":null,"filePath":"Benchmarks/Study_SamplesSet/8946eeeafec2cc7c5ca9b5e50cd3e3e2.sol"},{"line":926,"column":14,"severity":"Warning","message":"Rule is set with explicit type [var/s: uint]","ruleId":"explicit-types","filePath":"Benchmarks/Study_SamplesSet/8946eeeafec2cc7c5ca9b5e50cd3e3e2.sol"},{"line":930,"column":30,"severity":"Error","message":"Explicitly mark all external contracts as trusted or untrusted","ruleId":"mark-callable-contracts","filePath":"Benchmarks/Study_SamplesSet/8946eeeafec2cc7c5ca9b5e50cd3e3e2.sol"},{"line":930,"column":68,"severity":"Error","message":"Avoid making time-based decisions in your business logic","ruleId":"not-rely-on-time","fix":null,"filePath":"Benchmarks/Study_SamplesSet/8946eeeafec2cc7c5ca9b5e50cd3e3e2.sol"},{"line":931,"column":9,"severity":"Error","message":"Explicitly mark all external contracts as trusted or untrusted","ruleId":"mark-callable-contracts","filePath":"Benchmarks/Study_SamplesSet/8946eeeafec2cc7c5ca9b5e50cd3e3e2.sol"},{"line":934,"column":5,"severity":"Error","message":"Explicitly mark visibility in function","ruleId":"func-visibility","fix":null,"filePath":"Benchmarks/Study_SamplesSet/8946eeeafec2cc7c5ca9b5e50cd3e3e2.sol"},{"line":940,"column":9,"severity":"Warning","message":"Rule is set with explicit type [var/s: uint]","ruleId":"explicit-types","filePath":"Benchmarks/Study_SamplesSet/8946eeeafec2cc7c5ca9b5e50cd3e3e2.sol"},{"line":941,"column":9,"severity":"Warning","message":"Rule is set with explicit type [var/s: uint]","ruleId":"explicit-types","filePath":"Benchmarks/Study_SamplesSet/8946eeeafec2cc7c5ca9b5e50cd3e3e2.sol"},{"line":943,"column":14,"severity":"Warning","message":"Rule is set with explicit type [var/s: uint]","ruleId":"explicit-types","filePath":"Benchmarks/Study_SamplesSet/8946eeeafec2cc7c5ca9b5e50cd3e3e2.sol"},{"line":952,"column":17,"severity":"Error","message":"Explicitly mark all external contracts as trusted or untrusted","ruleId":"mark-callable-contracts","filePath":"Benchmarks/Study_SamplesSet/8946eeeafec2cc7c5ca9b5e50cd3e3e2.sol"},{"line":955,"column":17,"severity":"Error","message":"Explicitly mark all external contracts as trusted or untrusted","ruleId":"mark-callable-contracts","filePath":"Benchmarks/Study_SamplesSet/8946eeeafec2cc7c5ca9b5e50cd3e3e2.sol"},{"line":959,"column":13,"severity":"Error","message":"\"throw\" is deprecated, avoid to use it","ruleId":"avoid-throw","filePath":"Benchmarks/Study_SamplesSet/8946eeeafec2cc7c5ca9b5e50cd3e3e2.sol"},{"conclusion":"348 problem/s (131 error/s, 217 warning/s)"}]
