[{"line":1,"column":1,"severity":"Warning","message":"Found more than One contract per file. 5 contracts found!","ruleId":"one-contract-per-file","fix":null,"filePath":"Benchmarks/Study_SamplesSet/89ce613d0449302d16140b2ab4c3aa5d.sol"},{"line":1,"column":1,"severity":"Error","message":"Compiler version 0.4.18 does not satisfy the ^0.8.0 semver requirement","ruleId":"compiler-version","fix":null,"filePath":"Benchmarks/Study_SamplesSet/89ce613d0449302d16140b2ab4c3aa5d.sol"},{"line":7,"column":9,"severity":"Warning","message":"Rule is set with explicit type [var/s: int]","ruleId":"explicit-types","filePath":"Benchmarks/Study_SamplesSet/89ce613d0449302d16140b2ab4c3aa5d.sol"},{"line":8,"column":9,"severity":"Warning","message":"Rule is set with explicit type [var/s: uint]","ruleId":"explicit-types","filePath":"Benchmarks/Study_SamplesSet/89ce613d0449302d16140b2ab4c3aa5d.sol"},{"line":9,"column":9,"severity":"Warning","message":"Rule is set with explicit type [var/s: uint]","ruleId":"explicit-types","filePath":"Benchmarks/Study_SamplesSet/89ce613d0449302d16140b2ab4c3aa5d.sol"},{"line":13,"column":35,"severity":"Warning","message":"Rule is set with explicit type [var/s: uint]","ruleId":"explicit-types","filePath":"Benchmarks/Study_SamplesSet/89ce613d0449302d16140b2ab4c3aa5d.sol"},{"line":13,"column":70,"severity":"Warning","message":"Rule is set with explicit type [var/s: uint]","ruleId":"explicit-types","filePath":"Benchmarks/Study_SamplesSet/89ce613d0449302d16140b2ab4c3aa5d.sol"},{"line":13,"column":100,"severity":"Warning","message":"Rule is set with explicit type [var/s: uint]","ruleId":"explicit-types","filePath":"Benchmarks/Study_SamplesSet/89ce613d0449302d16140b2ab4c3aa5d.sol"},{"line":19,"column":5,"severity":"Warning","message":"Rule is set with explicit type [var/s: uint]","ruleId":"explicit-types","filePath":"Benchmarks/Study_SamplesSet/89ce613d0449302d16140b2ab4c3aa5d.sol"},{"line":20,"column":5,"severity":"Warning","message":"Rule is set with explicit type [var/s: uint]","ruleId":"explicit-types","filePath":"Benchmarks/Study_SamplesSet/89ce613d0449302d16140b2ab4c3aa5d.sol"},{"line":21,"column":5,"severity":"Warning","message":"Rule is set with explicit type [var/s: uint]","ruleId":"explicit-types","filePath":"Benchmarks/Study_SamplesSet/89ce613d0449302d16140b2ab4c3aa5d.sol"},{"line":22,"column":5,"severity":"Warning","message":"Rule is set with explicit type [var/s: uint]","ruleId":"explicit-types","filePath":"Benchmarks/Study_SamplesSet/89ce613d0449302d16140b2ab4c3aa5d.sol"},{"line":23,"column":5,"severity":"Warning","message":"Rule is set with explicit type [var/s: uint]","ruleId":"explicit-types","filePath":"Benchmarks/Study_SamplesSet/89ce613d0449302d16140b2ab4c3aa5d.sol"},{"line":24,"column":5,"severity":"Warning","message":"Rule is set with explicit type [var/s: uint]","ruleId":"explicit-types","filePath":"Benchmarks/Study_SamplesSet/89ce613d0449302d16140b2ab4c3aa5d.sol"},{"line":27,"column":59,"severity":"Error","message":"Explicitly mark all external contracts as trusted or untrusted","ruleId":"mark-callable-contracts","filePath":"Benchmarks/Study_SamplesSet/89ce613d0449302d16140b2ab4c3aa5d.sol"},{"line":31,"column":61,"severity":"Warning","message":"Rule is set with explicit type [var/s: uint]","ruleId":"explicit-types","filePath":"Benchmarks/Study_SamplesSet/89ce613d0449302d16140b2ab4c3aa5d.sol"},{"line":33,"column":9,"severity":"Warning","message":"Rule is set with explicit type [var/s: uint]","ruleId":"explicit-types","filePath":"Benchmarks/Study_SamplesSet/89ce613d0449302d16140b2ab4c3aa5d.sol"},{"line":42,"column":25,"severity":"Warning","message":"Rule is set with explicit type [var/s: uint]","ruleId":"explicit-types","filePath":"Benchmarks/Study_SamplesSet/89ce613d0449302d16140b2ab4c3aa5d.sol"},{"line":42,"column":38,"severity":"Warning","message":"Rule is set with explicit type [var/s: uint]","ruleId":"explicit-types","filePath":"Benchmarks/Study_SamplesSet/89ce613d0449302d16140b2ab4c3aa5d.sol"},{"line":42,"column":56,"severity":"Warning","message":"Rule is set with explicit type [var/s: uint]","ruleId":"explicit-types","filePath":"Benchmarks/Study_SamplesSet/89ce613d0449302d16140b2ab4c3aa5d.sol"},{"line":42,"column":74,"severity":"Warning","message":"Rule is set with explicit type [var/s: uint]","ruleId":"explicit-types","filePath":"Benchmarks/Study_SamplesSet/89ce613d0449302d16140b2ab4c3aa5d.sol"},{"line":42,"column":107,"severity":"Warning","message":"Rule is set with explicit type [var/s: uint]","ruleId":"explicit-types","filePath":"Benchmarks/Study_SamplesSet/89ce613d0449302d16140b2ab4c3aa5d.sol"},{"line":43,"column":9,"severity":"Warning","message":"Provide an error message for require","ruleId":"reason-string","fix":null,"filePath":"Benchmarks/Study_SamplesSet/89ce613d0449302d16140b2ab4c3aa5d.sol"},{"line":43,"column":9,"severity":"Warning","message":"Use Custom Errors instead of require statements","ruleId":"custom-errors","fix":null,"filePath":"Benchmarks/Study_SamplesSet/89ce613d0449302d16140b2ab4c3aa5d.sol"},{"line":43,"column":27,"severity":"Error","message":"Explicitly mark all external contracts as trusted or untrusted","ruleId":"mark-callable-contracts","filePath":"Benchmarks/Study_SamplesSet/89ce613d0449302d16140b2ab4c3aa5d.sol"},{"line":44,"column":9,"severity":"Warning","message":"Provide an error message for require","ruleId":"reason-string","fix":null,"filePath":"Benchmarks/Study_SamplesSet/89ce613d0449302d16140b2ab4c3aa5d.sol"},{"line":44,"column":9,"severity":"Warning","message":"Use Custom Errors instead of require statements","ruleId":"custom-errors","fix":null,"filePath":"Benchmarks/Study_SamplesSet/89ce613d0449302d16140b2ab4c3aa5d.sol"},{"line":44,"column":25,"severity":"Error","message":"Explicitly mark all external contracts as trusted or untrusted","ruleId":"mark-callable-contracts","filePath":"Benchmarks/Study_SamplesSet/89ce613d0449302d16140b2ab4c3aa5d.sol"},{"line":47,"column":13,"severity":"Warning","message":"Provide an error message for require","ruleId":"reason-string","fix":null,"filePath":"Benchmarks/Study_SamplesSet/89ce613d0449302d16140b2ab4c3aa5d.sol"},{"line":47,"column":13,"severity":"Warning","message":"Use Custom Errors instead of require statements","ruleId":"custom-errors","fix":null,"filePath":"Benchmarks/Study_SamplesSet/89ce613d0449302d16140b2ab4c3aa5d.sol"},{"line":47,"column":52,"severity":"Error","message":"Explicitly mark all external contracts as trusted or untrusted","ruleId":"mark-callable-contracts","filePath":"Benchmarks/Study_SamplesSet/89ce613d0449302d16140b2ab4c3aa5d.sol"},{"line":50,"column":13,"severity":"Warning","message":"Provide an error message for require","ruleId":"reason-string","fix":null,"filePath":"Benchmarks/Study_SamplesSet/89ce613d0449302d16140b2ab4c3aa5d.sol"},{"line":50,"column":13,"severity":"Warning","message":"Use Custom Errors instead of require statements","ruleId":"custom-errors","fix":null,"filePath":"Benchmarks/Study_SamplesSet/89ce613d0449302d16140b2ab4c3aa5d.sol"},{"line":50,"column":52,"severity":"Error","message":"Explicitly mark all external contracts as trusted or untrusted","ruleId":"mark-callable-contracts","filePath":"Benchmarks/Study_SamplesSet/89ce613d0449302d16140b2ab4c3aa5d.sol"},{"line":55,"column":25,"severity":"Warning","message":"Rule is set with explicit type [var/s: uint]","ruleId":"explicit-types","filePath":"Benchmarks/Study_SamplesSet/89ce613d0449302d16140b2ab4c3aa5d.sol"},{"line":55,"column":38,"severity":"Warning","message":"Rule is set with explicit type [var/s: uint]","ruleId":"explicit-types","filePath":"Benchmarks/Study_SamplesSet/89ce613d0449302d16140b2ab4c3aa5d.sol"},{"line":55,"column":56,"severity":"Warning","message":"Rule is set with explicit type [var/s: uint]","ruleId":"explicit-types","filePath":"Benchmarks/Study_SamplesSet/89ce613d0449302d16140b2ab4c3aa5d.sol"},{"line":55,"column":74,"severity":"Warning","message":"Rule is set with explicit type [var/s: uint]","ruleId":"explicit-types","filePath":"Benchmarks/Study_SamplesSet/89ce613d0449302d16140b2ab4c3aa5d.sol"},{"line":55,"column":107,"severity":"Warning","message":"Rule is set with explicit type [var/s: uint]","ruleId":"explicit-types","filePath":"Benchmarks/Study_SamplesSet/89ce613d0449302d16140b2ab4c3aa5d.sol"},{"line":56,"column":9,"severity":"Warning","message":"Provide an error message for require","ruleId":"reason-string","fix":null,"filePath":"Benchmarks/Study_SamplesSet/89ce613d0449302d16140b2ab4c3aa5d.sol"},{"line":56,"column":9,"severity":"Warning","message":"Use Custom Errors instead of require statements","ruleId":"custom-errors","fix":null,"filePath":"Benchmarks/Study_SamplesSet/89ce613d0449302d16140b2ab4c3aa5d.sol"},{"line":56,"column":27,"severity":"Error","message":"Explicitly mark all external contracts as trusted or untrusted","ruleId":"mark-callable-contracts","filePath":"Benchmarks/Study_SamplesSet/89ce613d0449302d16140b2ab4c3aa5d.sol"},{"line":57,"column":9,"severity":"Warning","message":"Provide an error message for require","ruleId":"reason-string","fix":null,"filePath":"Benchmarks/Study_SamplesSet/89ce613d0449302d16140b2ab4c3aa5d.sol"},{"line":57,"column":9,"severity":"Warning","message":"Use Custom Errors instead of require statements","ruleId":"custom-errors","fix":null,"filePath":"Benchmarks/Study_SamplesSet/89ce613d0449302d16140b2ab4c3aa5d.sol"},{"line":57,"column":25,"severity":"Error","message":"Explicitly mark all external contracts as trusted or untrusted","ruleId":"mark-callable-contracts","filePath":"Benchmarks/Study_SamplesSet/89ce613d0449302d16140b2ab4c3aa5d.sol"},{"line":60,"column":9,"severity":"Warning","message":"Rule is set with explicit type [var/s: uint]","ruleId":"explicit-types","filePath":"Benchmarks/Study_SamplesSet/89ce613d0449302d16140b2ab4c3aa5d.sol"},{"line":61,"column":9,"severity":"Warning","message":"Rule is set with explicit type [var/s: uint]","ruleId":"explicit-types","filePath":"Benchmarks/Study_SamplesSet/89ce613d0449302d16140b2ab4c3aa5d.sol"},{"line":63,"column":13,"severity":"Warning","message":"Provide an error message for require","ruleId":"reason-string","fix":null,"filePath":"Benchmarks/Study_SamplesSet/89ce613d0449302d16140b2ab4c3aa5d.sol"},{"line":63,"column":13,"severity":"Warning","message":"Use Custom Errors instead of require statements","ruleId":"custom-errors","fix":null,"filePath":"Benchmarks/Study_SamplesSet/89ce613d0449302d16140b2ab4c3aa5d.sol"},{"line":63,"column":52,"severity":"Error","message":"Explicitly mark all external contracts as trusted or untrusted","ruleId":"mark-callable-contracts","filePath":"Benchmarks/Study_SamplesSet/89ce613d0449302d16140b2ab4c3aa5d.sol"},{"line":64,"column":26,"severity":"Error","message":"Explicitly mark all external contracts as trusted or untrusted","ruleId":"mark-callable-contracts","filePath":"Benchmarks/Study_SamplesSet/89ce613d0449302d16140b2ab4c3aa5d.sol"},{"line":67,"column":13,"severity":"Warning","message":"Provide an error message for require","ruleId":"reason-string","fix":null,"filePath":"Benchmarks/Study_SamplesSet/89ce613d0449302d16140b2ab4c3aa5d.sol"},{"line":67,"column":13,"severity":"Warning","message":"Use Custom Errors instead of require statements","ruleId":"custom-errors","fix":null,"filePath":"Benchmarks/Study_SamplesSet/89ce613d0449302d16140b2ab4c3aa5d.sol"},{"line":67,"column":52,"severity":"Error","message":"Explicitly mark all external contracts as trusted or untrusted","ruleId":"mark-callable-contracts","filePath":"Benchmarks/Study_SamplesSet/89ce613d0449302d16140b2ab4c3aa5d.sol"},{"line":68,"column":26,"severity":"Error","message":"Explicitly mark all external contracts as trusted or untrusted","ruleId":"mark-callable-contracts","filePath":"Benchmarks/Study_SamplesSet/89ce613d0449302d16140b2ab4c3aa5d.sol"},{"line":83,"column":5,"severity":"Warning","message":"Rule is set with explicit type [var/s: uint]","ruleId":"explicit-types","filePath":"Benchmarks/Study_SamplesSet/89ce613d0449302d16140b2ab4c3aa5d.sol"},{"line":90,"column":9,"severity":"Warning","message":"Provide an error message for require","ruleId":"reason-string","fix":null,"filePath":"Benchmarks/Study_SamplesSet/89ce613d0449302d16140b2ab4c3aa5d.sol"},{"line":90,"column":9,"severity":"Warning","message":"Use Custom Errors instead of require statements","ruleId":"custom-errors","fix":null,"filePath":"Benchmarks/Study_SamplesSet/89ce613d0449302d16140b2ab4c3aa5d.sol"},{"line":95,"column":9,"severity":"Warning","message":"Provide an error message for require","ruleId":"reason-string","fix":null,"filePath":"Benchmarks/Study_SamplesSet/89ce613d0449302d16140b2ab4c3aa5d.sol"},{"line":95,"column":9,"severity":"Warning","message":"Use Custom Errors instead of require statements","ruleId":"custom-errors","fix":null,"filePath":"Benchmarks/Study_SamplesSet/89ce613d0449302d16140b2ab4c3aa5d.sol"},{"line":100,"column":9,"severity":"Warning","message":"Provide an error message for require","ruleId":"reason-string","fix":null,"filePath":"Benchmarks/Study_SamplesSet/89ce613d0449302d16140b2ab4c3aa5d.sol"},{"line":100,"column":9,"severity":"Warning","message":"Use Custom Errors instead of require statements","ruleId":"custom-errors","fix":null,"filePath":"Benchmarks/Study_SamplesSet/89ce613d0449302d16140b2ab4c3aa5d.sol"},{"line":119,"column":9,"severity":"Warning","message":"Provide an error message for require","ruleId":"reason-string","fix":null,"filePath":"Benchmarks/Study_SamplesSet/89ce613d0449302d16140b2ab4c3aa5d.sol"},{"line":119,"column":9,"severity":"Warning","message":"Use Custom Errors instead of require statements","ruleId":"custom-errors","fix":null,"filePath":"Benchmarks/Study_SamplesSet/89ce613d0449302d16140b2ab4c3aa5d.sol"},{"line":120,"column":9,"severity":"Error","message":"Explicitly mark all external contracts as trusted or untrusted","ruleId":"mark-callable-contracts","filePath":"Benchmarks/Study_SamplesSet/89ce613d0449302d16140b2ab4c3aa5d.sol"},{"line":129,"column":9,"severity":"Warning","message":"Provide an error message for require","ruleId":"reason-string","fix":null,"filePath":"Benchmarks/Study_SamplesSet/89ce613d0449302d16140b2ab4c3aa5d.sol"},{"line":129,"column":9,"severity":"Warning","message":"Use Custom Errors instead of require statements","ruleId":"custom-errors","fix":null,"filePath":"Benchmarks/Study_SamplesSet/89ce613d0449302d16140b2ab4c3aa5d.sol"},{"line":130,"column":9,"severity":"Error","message":"Explicitly mark all external contracts as trusted or untrusted","ruleId":"mark-callable-contracts","filePath":"Benchmarks/Study_SamplesSet/89ce613d0449302d16140b2ab4c3aa5d.sol"},{"line":131,"column":9,"severity":"Error","message":"Explicitly mark all external contracts as trusted or untrusted","ruleId":"mark-callable-contracts","filePath":"Benchmarks/Study_SamplesSet/89ce613d0449302d16140b2ab4c3aa5d.sol"},{"line":141,"column":9,"severity":"Warning","message":"Provide an error message for require","ruleId":"reason-string","fix":null,"filePath":"Benchmarks/Study_SamplesSet/89ce613d0449302d16140b2ab4c3aa5d.sol"},{"line":141,"column":9,"severity":"Warning","message":"Use Custom Errors instead of require statements","ruleId":"custom-errors","fix":null,"filePath":"Benchmarks/Study_SamplesSet/89ce613d0449302d16140b2ab4c3aa5d.sol"},{"line":142,"column":9,"severity":"Error","message":"Explicitly mark all external contracts as trusted or untrusted","ruleId":"mark-callable-contracts","filePath":"Benchmarks/Study_SamplesSet/89ce613d0449302d16140b2ab4c3aa5d.sol"},{"line":150,"column":9,"severity":"Warning","message":"Provide an error message for require","ruleId":"reason-string","fix":null,"filePath":"Benchmarks/Study_SamplesSet/89ce613d0449302d16140b2ab4c3aa5d.sol"},{"line":150,"column":9,"severity":"Warning","message":"Use Custom Errors instead of require statements","ruleId":"custom-errors","fix":null,"filePath":"Benchmarks/Study_SamplesSet/89ce613d0449302d16140b2ab4c3aa5d.sol"},{"line":151,"column":9,"severity":"Warning","message":"Provide an error message for require","ruleId":"reason-string","fix":null,"filePath":"Benchmarks/Study_SamplesSet/89ce613d0449302d16140b2ab4c3aa5d.sol"},{"line":151,"column":9,"severity":"Warning","message":"Use Custom Errors instead of require statements","ruleId":"custom-errors","fix":null,"filePath":"Benchmarks/Study_SamplesSet/89ce613d0449302d16140b2ab4c3aa5d.sol"},{"line":151,"column":40,"severity":"Error","message":"Explicitly mark all external contracts as trusted or untrusted","ruleId":"mark-callable-contracts","filePath":"Benchmarks/Study_SamplesSet/89ce613d0449302d16140b2ab4c3aa5d.sol"},{"line":153,"column":9,"severity":"Error","message":"Explicitly mark all external contracts as trusted or untrusted","ruleId":"mark-callable-contracts","filePath":"Benchmarks/Study_SamplesSet/89ce613d0449302d16140b2ab4c3aa5d.sol"},{"line":159,"column":9,"severity":"Warning","message":"Provide an error message for require","ruleId":"reason-string","fix":null,"filePath":"Benchmarks/Study_SamplesSet/89ce613d0449302d16140b2ab4c3aa5d.sol"},{"line":159,"column":9,"severity":"Warning","message":"Use Custom Errors instead of require statements","ruleId":"custom-errors","fix":null,"filePath":"Benchmarks/Study_SamplesSet/89ce613d0449302d16140b2ab4c3aa5d.sol"},{"line":162,"column":14,"severity":"Warning","message":"Rule is set with explicit type [var/s: uint]","ruleId":"explicit-types","filePath":"Benchmarks/Study_SamplesSet/89ce613d0449302d16140b2ab4c3aa5d.sol"},{"line":166,"column":17,"severity":"Error","message":"Explicitly mark all external contracts as trusted or untrusted","ruleId":"mark-callable-contracts","filePath":"Benchmarks/Study_SamplesSet/89ce613d0449302d16140b2ab4c3aa5d.sol"},{"line":175,"column":9,"severity":"Warning","message":"Provide an error message for require","ruleId":"reason-string","fix":null,"filePath":"Benchmarks/Study_SamplesSet/89ce613d0449302d16140b2ab4c3aa5d.sol"},{"line":175,"column":9,"severity":"Warning","message":"Use Custom Errors instead of require statements","ruleId":"custom-errors","fix":null,"filePath":"Benchmarks/Study_SamplesSet/89ce613d0449302d16140b2ab4c3aa5d.sol"},{"line":176,"column":9,"severity":"Warning","message":"Provide an error message for require","ruleId":"reason-string","fix":null,"filePath":"Benchmarks/Study_SamplesSet/89ce613d0449302d16140b2ab4c3aa5d.sol"},{"line":176,"column":9,"severity":"Warning","message":"Use Custom Errors instead of require statements","ruleId":"custom-errors","fix":null,"filePath":"Benchmarks/Study_SamplesSet/89ce613d0449302d16140b2ab4c3aa5d.sol"},{"line":176,"column":41,"severity":"Error","message":"Explicitly mark all external contracts as trusted or untrusted","ruleId":"mark-callable-contracts","filePath":"Benchmarks/Study_SamplesSet/89ce613d0449302d16140b2ab4c3aa5d.sol"},{"line":178,"column":9,"severity":"Error","message":"Explicitly mark all external contracts as trusted or untrusted","ruleId":"mark-callable-contracts","filePath":"Benchmarks/Study_SamplesSet/89ce613d0449302d16140b2ab4c3aa5d.sol"},{"line":184,"column":9,"severity":"Warning","message":"Provide an error message for require","ruleId":"reason-string","fix":null,"filePath":"Benchmarks/Study_SamplesSet/89ce613d0449302d16140b2ab4c3aa5d.sol"},{"line":184,"column":9,"severity":"Warning","message":"Use Custom Errors instead of require statements","ruleId":"custom-errors","fix":null,"filePath":"Benchmarks/Study_SamplesSet/89ce613d0449302d16140b2ab4c3aa5d.sol"},{"line":187,"column":14,"severity":"Warning","message":"Rule is set with explicit type [var/s: uint]","ruleId":"explicit-types","filePath":"Benchmarks/Study_SamplesSet/89ce613d0449302d16140b2ab4c3aa5d.sol"},{"line":191,"column":17,"severity":"Error","message":"Explicitly mark all external contracts as trusted or untrusted","ruleId":"mark-callable-contracts","filePath":"Benchmarks/Study_SamplesSet/89ce613d0449302d16140b2ab4c3aa5d.sol"},{"line":200,"column":38,"severity":"Warning","message":"Rule is set with explicit type [var/s: uint]","ruleId":"explicit-types","filePath":"Benchmarks/Study_SamplesSet/89ce613d0449302d16140b2ab4c3aa5d.sol"},{"line":206,"column":41,"severity":"Warning","message":"Rule is set with explicit type [var/s: uint]","ruleId":"explicit-types","filePath":"Benchmarks/Study_SamplesSet/89ce613d0449302d16140b2ab4c3aa5d.sol"},{"line":207,"column":9,"severity":"Warning","message":"Provide an error message for require","ruleId":"reason-string","fix":null,"filePath":"Benchmarks/Study_SamplesSet/89ce613d0449302d16140b2ab4c3aa5d.sol"},{"line":207,"column":9,"severity":"Warning","message":"Use Custom Errors instead of require statements","ruleId":"custom-errors","fix":null,"filePath":"Benchmarks/Study_SamplesSet/89ce613d0449302d16140b2ab4c3aa5d.sol"},{"line":208,"column":9,"severity":"Error","message":"Explicitly mark all external contracts as trusted or untrusted","ruleId":"mark-callable-contracts","filePath":"Benchmarks/Study_SamplesSet/89ce613d0449302d16140b2ab4c3aa5d.sol"},{"line":211,"column":25,"severity":"Warning","message":"Rule is set with explicit type [var/s: uint]","ruleId":"explicit-types","filePath":"Benchmarks/Study_SamplesSet/89ce613d0449302d16140b2ab4c3aa5d.sol"},{"line":216,"column":28,"severity":"Warning","message":"Rule is set with explicit type [var/s: uint]","ruleId":"explicit-types","filePath":"Benchmarks/Study_SamplesSet/89ce613d0449302d16140b2ab4c3aa5d.sol"},{"line":218,"column":9,"severity":"Error","message":"Explicitly mark all external contracts as trusted or untrusted","ruleId":"mark-callable-contracts","filePath":"Benchmarks/Study_SamplesSet/89ce613d0449302d16140b2ab4c3aa5d.sol"},{"line":224,"column":5,"severity":"Warning","message":"Rule is set with explicit type [var/s: uint]","ruleId":"explicit-types","filePath":"Benchmarks/Study_SamplesSet/89ce613d0449302d16140b2ab4c3aa5d.sol"},{"line":225,"column":5,"severity":"Warning","message":"Rule is set with explicit type [var/s: uint]","ruleId":"explicit-types","filePath":"Benchmarks/Study_SamplesSet/89ce613d0449302d16140b2ab4c3aa5d.sol"},{"line":228,"column":9,"severity":"Warning","message":"Rule is set with explicit type [var/s: uint]","ruleId":"explicit-types","filePath":"Benchmarks/Study_SamplesSet/89ce613d0449302d16140b2ab4c3aa5d.sol"},{"line":229,"column":9,"severity":"Warning","message":"Rule is set with explicit type [var/s: uint]","ruleId":"explicit-types","filePath":"Benchmarks/Study_SamplesSet/89ce613d0449302d16140b2ab4c3aa5d.sol"},{"line":230,"column":9,"severity":"Warning","message":"Rule is set with explicit type [var/s: uint]","ruleId":"explicit-types","filePath":"Benchmarks/Study_SamplesSet/89ce613d0449302d16140b2ab4c3aa5d.sol"},{"line":237,"column":9,"severity":"Warning","message":"Rule is set with explicit type [var/s: int]","ruleId":"explicit-types","filePath":"Benchmarks/Study_SamplesSet/89ce613d0449302d16140b2ab4c3aa5d.sol"},{"line":238,"column":9,"severity":"Warning","message":"Rule is set with explicit type [var/s: uint]","ruleId":"explicit-types","filePath":"Benchmarks/Study_SamplesSet/89ce613d0449302d16140b2ab4c3aa5d.sol"},{"line":240,"column":9,"severity":"Warning","message":"Rule is set with explicit type [var/s: int]","ruleId":"explicit-types","filePath":"Benchmarks/Study_SamplesSet/89ce613d0449302d16140b2ab4c3aa5d.sol"},{"line":241,"column":9,"severity":"Warning","message":"Rule is set with explicit type [var/s: uint]","ruleId":"explicit-types","filePath":"Benchmarks/Study_SamplesSet/89ce613d0449302d16140b2ab4c3aa5d.sol"},{"line":244,"column":5,"severity":"Warning","message":"Rule is set with explicit type [var/s: uint]","ruleId":"explicit-types","filePath":"Benchmarks/Study_SamplesSet/89ce613d0449302d16140b2ab4c3aa5d.sol"},{"line":244,"column":5,"severity":"Warning","message":"Rule is set with explicit type [var/s: uint]","ruleId":"explicit-types","filePath":"Benchmarks/Study_SamplesSet/89ce613d0449302d16140b2ab4c3aa5d.sol"},{"line":247,"column":9,"severity":"Warning","message":"Provide an error message for require","ruleId":"reason-string","fix":null,"filePath":"Benchmarks/Study_SamplesSet/89ce613d0449302d16140b2ab4c3aa5d.sol"},{"line":247,"column":9,"severity":"Warning","message":"Use Custom Errors instead of require statements","ruleId":"custom-errors","fix":null,"filePath":"Benchmarks/Study_SamplesSet/89ce613d0449302d16140b2ab4c3aa5d.sol"},{"line":253,"column":9,"severity":"Warning","message":"Rule is set with explicit type [var/s: uint]","ruleId":"explicit-types","filePath":"Benchmarks/Study_SamplesSet/89ce613d0449302d16140b2ab4c3aa5d.sol"},{"line":254,"column":9,"severity":"Warning","message":"Rule is set with explicit type [var/s: uint]","ruleId":"explicit-types","filePath":"Benchmarks/Study_SamplesSet/89ce613d0449302d16140b2ab4c3aa5d.sol"},{"line":255,"column":9,"severity":"Warning","message":"Rule is set with explicit type [var/s: uint]","ruleId":"explicit-types","filePath":"Benchmarks/Study_SamplesSet/89ce613d0449302d16140b2ab4c3aa5d.sol"},{"line":261,"column":13,"severity":"Error","message":"Explicitly mark all external contracts as trusted or untrusted","ruleId":"mark-callable-contracts","filePath":"Benchmarks/Study_SamplesSet/89ce613d0449302d16140b2ab4c3aa5d.sol"},{"line":268,"column":67,"severity":"Warning","message":"Rule is set with explicit type [var/s: uint]","ruleId":"explicit-types","filePath":"Benchmarks/Study_SamplesSet/89ce613d0449302d16140b2ab4c3aa5d.sol"},{"line":268,"column":73,"severity":"Warning","message":"Rule is set with explicit type [var/s: uint]","ruleId":"explicit-types","filePath":"Benchmarks/Study_SamplesSet/89ce613d0449302d16140b2ab4c3aa5d.sol"},{"line":268,"column":79,"severity":"Warning","message":"Rule is set with explicit type [var/s: uint]","ruleId":"explicit-types","filePath":"Benchmarks/Study_SamplesSet/89ce613d0449302d16140b2ab4c3aa5d.sol"},{"line":276,"column":9,"severity":"Warning","message":"Rule is set with explicit type [var/s: int]","ruleId":"explicit-types","filePath":"Benchmarks/Study_SamplesSet/89ce613d0449302d16140b2ab4c3aa5d.sol"},{"line":277,"column":9,"severity":"Warning","message":"Rule is set with explicit type [var/s: uint]","ruleId":"explicit-types","filePath":"Benchmarks/Study_SamplesSet/89ce613d0449302d16140b2ab4c3aa5d.sol"},{"line":278,"column":9,"severity":"Warning","message":"Rule is set with explicit type [var/s: uint]","ruleId":"explicit-types","filePath":"Benchmarks/Study_SamplesSet/89ce613d0449302d16140b2ab4c3aa5d.sol"},{"line":282,"column":9,"severity":"Warning","message":"Rule is set with explicit type [var/s: uint]","ruleId":"explicit-types","filePath":"Benchmarks/Study_SamplesSet/89ce613d0449302d16140b2ab4c3aa5d.sol"},{"line":283,"column":33,"severity":"Warning","message":"Rule is set with explicit type [var/s: int]","ruleId":"explicit-types","filePath":"Benchmarks/Study_SamplesSet/89ce613d0449302d16140b2ab4c3aa5d.sol"},{"line":283,"column":33,"severity":"Warning","message":"Rule is set with explicit type [var/s: int]","ruleId":"explicit-types","filePath":"Benchmarks/Study_SamplesSet/89ce613d0449302d16140b2ab4c3aa5d.sol"},{"line":283,"column":9,"severity":"Warning","message":"Rule is set with explicit type [var/s: int]","ruleId":"explicit-types","filePath":"Benchmarks/Study_SamplesSet/89ce613d0449302d16140b2ab4c3aa5d.sol"},{"line":285,"column":9,"severity":"Warning","message":"Rule is set with explicit type [var/s: int]","ruleId":"explicit-types","filePath":"Benchmarks/Study_SamplesSet/89ce613d0449302d16140b2ab4c3aa5d.sol"},{"line":299,"column":17,"severity":"Warning","message":"Rule is set with explicit type [var/s: int]","ruleId":"explicit-types","filePath":"Benchmarks/Study_SamplesSet/89ce613d0449302d16140b2ab4c3aa5d.sol"},{"line":301,"column":17,"severity":"Warning","message":"Rule is set with explicit type [var/s: uint]","ruleId":"explicit-types","filePath":"Benchmarks/Study_SamplesSet/89ce613d0449302d16140b2ab4c3aa5d.sol"},{"line":305,"column":13,"severity":"Warning","message":"Rule is set with explicit type [var/s: int]","ruleId":"explicit-types","filePath":"Benchmarks/Study_SamplesSet/89ce613d0449302d16140b2ab4c3aa5d.sol"},{"line":309,"column":13,"severity":"Warning","message":"Rule is set with explicit type [var/s: uint]","ruleId":"explicit-types","filePath":"Benchmarks/Study_SamplesSet/89ce613d0449302d16140b2ab4c3aa5d.sol"},{"line":310,"column":13,"severity":"Warning","message":"Rule is set with explicit type [var/s: uint]","ruleId":"explicit-types","filePath":"Benchmarks/Study_SamplesSet/89ce613d0449302d16140b2ab4c3aa5d.sol"},{"line":311,"column":13,"severity":"Warning","message":"Rule is set with explicit type [var/s: int]","ruleId":"explicit-types","filePath":"Benchmarks/Study_SamplesSet/89ce613d0449302d16140b2ab4c3aa5d.sol"},{"line":318,"column":14,"severity":"Warning","message":"Rule is set with explicit type [var/s: uint]","ruleId":"explicit-types","filePath":"Benchmarks/Study_SamplesSet/89ce613d0449302d16140b2ab4c3aa5d.sol"},{"line":323,"column":47,"severity":"Warning","message":"Rule is set with explicit type [var/s: uint]","ruleId":"explicit-types","filePath":"Benchmarks/Study_SamplesSet/89ce613d0449302d16140b2ab4c3aa5d.sol"},{"line":323,"column":64,"severity":"Warning","message":"Rule is set with explicit type [var/s: uint]","ruleId":"explicit-types","filePath":"Benchmarks/Study_SamplesSet/89ce613d0449302d16140b2ab4c3aa5d.sol"},{"line":323,"column":101,"severity":"Warning","message":"Rule is set with explicit type [var/s: int]","ruleId":"explicit-types","filePath":"Benchmarks/Study_SamplesSet/89ce613d0449302d16140b2ab4c3aa5d.sol"},{"line":325,"column":9,"severity":"Warning","message":"Provide an error message for require","ruleId":"reason-string","fix":null,"filePath":"Benchmarks/Study_SamplesSet/89ce613d0449302d16140b2ab4c3aa5d.sol"},{"line":325,"column":9,"severity":"Warning","message":"Use Custom Errors instead of require statements","ruleId":"custom-errors","fix":null,"filePath":"Benchmarks/Study_SamplesSet/89ce613d0449302d16140b2ab4c3aa5d.sol"},{"line":329,"column":14,"severity":"Warning","message":"Rule is set with explicit type [var/s: uint]","ruleId":"explicit-types","filePath":"Benchmarks/Study_SamplesSet/89ce613d0449302d16140b2ab4c3aa5d.sol"},{"line":333,"column":17,"severity":"Warning","message":"Rule is set with explicit type [var/s: int]","ruleId":"explicit-types","filePath":"Benchmarks/Study_SamplesSet/89ce613d0449302d16140b2ab4c3aa5d.sol"},{"line":338,"column":55,"severity":"Warning","message":"Rule is set with explicit type [var/s: uint]","ruleId":"explicit-types","filePath":"Benchmarks/Study_SamplesSet/89ce613d0449302d16140b2ab4c3aa5d.sol"},{"line":338,"column":77,"severity":"Warning","message":"Rule is set with explicit type [var/s: uint]","ruleId":"explicit-types","filePath":"Benchmarks/Study_SamplesSet/89ce613d0449302d16140b2ab4c3aa5d.sol"},{"line":340,"column":17,"severity":"Warning","message":"Rule is set with explicit type [var/s: int]","ruleId":"explicit-types","filePath":"Benchmarks/Study_SamplesSet/89ce613d0449302d16140b2ab4c3aa5d.sol"},{"line":340,"column":35,"severity":"Warning","message":"Rule is set with explicit type [var/s: int]","ruleId":"explicit-types","filePath":"Benchmarks/Study_SamplesSet/89ce613d0449302d16140b2ab4c3aa5d.sol"},{"line":344,"column":9,"severity":"Warning","message":"Rule is set with explicit type [var/s: uint]","ruleId":"explicit-types","filePath":"Benchmarks/Study_SamplesSet/89ce613d0449302d16140b2ab4c3aa5d.sol"},{"line":345,"column":9,"severity":"Warning","message":"Rule is set with explicit type [var/s: int]","ruleId":"explicit-types","filePath":"Benchmarks/Study_SamplesSet/89ce613d0449302d16140b2ab4c3aa5d.sol"},{"line":346,"column":9,"severity":"Warning","message":"Rule is set with explicit type [var/s: uint]","ruleId":"explicit-types","filePath":"Benchmarks/Study_SamplesSet/89ce613d0449302d16140b2ab4c3aa5d.sol"},{"line":347,"column":9,"severity":"Warning","message":"Rule is set with explicit type [var/s: uint]","ruleId":"explicit-types","filePath":"Benchmarks/Study_SamplesSet/89ce613d0449302d16140b2ab4c3aa5d.sol"},{"line":349,"column":14,"severity":"Warning","message":"Rule is set with explicit type [var/s: uint]","ruleId":"explicit-types","filePath":"Benchmarks/Study_SamplesSet/89ce613d0449302d16140b2ab4c3aa5d.sol"},{"line":371,"column":40,"severity":"Warning","message":"Rule is set with explicit type [var/s: uint]","ruleId":"explicit-types","filePath":"Benchmarks/Study_SamplesSet/89ce613d0449302d16140b2ab4c3aa5d.sol"},{"line":371,"column":62,"severity":"Warning","message":"Rule is set with explicit type [var/s: uint]","ruleId":"explicit-types","filePath":"Benchmarks/Study_SamplesSet/89ce613d0449302d16140b2ab4c3aa5d.sol"},{"line":373,"column":17,"severity":"Warning","message":"Rule is set with explicit type [var/s: int]","ruleId":"explicit-types","filePath":"Benchmarks/Study_SamplesSet/89ce613d0449302d16140b2ab4c3aa5d.sol"},{"line":373,"column":37,"severity":"Warning","message":"Rule is set with explicit type [var/s: int]","ruleId":"explicit-types","filePath":"Benchmarks/Study_SamplesSet/89ce613d0449302d16140b2ab4c3aa5d.sol"},{"line":376,"column":26,"severity":"Warning","message":"Rule is set with explicit type [var/s: int]","ruleId":"explicit-types","filePath":"Benchmarks/Study_SamplesSet/89ce613d0449302d16140b2ab4c3aa5d.sol"},{"line":376,"column":9,"severity":"Warning","message":"Rule is set with explicit type [var/s: int]","ruleId":"explicit-types","filePath":"Benchmarks/Study_SamplesSet/89ce613d0449302d16140b2ab4c3aa5d.sol"},{"line":388,"column":73,"severity":"Warning","message":"Rule is set with explicit type [var/s: uint]","ruleId":"explicit-types","filePath":"Benchmarks/Study_SamplesSet/89ce613d0449302d16140b2ab4c3aa5d.sol"},{"line":392,"column":70,"severity":"Warning","message":"Rule is set with explicit type [var/s: uint]","ruleId":"explicit-types","filePath":"Benchmarks/Study_SamplesSet/89ce613d0449302d16140b2ab4c3aa5d.sol"},{"line":396,"column":86,"severity":"Warning","message":"Rule is set with explicit type [var/s: uint]","ruleId":"explicit-types","filePath":"Benchmarks/Study_SamplesSet/89ce613d0449302d16140b2ab4c3aa5d.sol"},{"line":398,"column":9,"severity":"Warning","message":"Rule is set with explicit type [var/s: int]","ruleId":"explicit-types","filePath":"Benchmarks/Study_SamplesSet/89ce613d0449302d16140b2ab4c3aa5d.sol"},{"line":398,"column":9,"severity":"Warning","message":"Provide an error message for require","ruleId":"reason-string","fix":null,"filePath":"Benchmarks/Study_SamplesSet/89ce613d0449302d16140b2ab4c3aa5d.sol"},{"line":398,"column":9,"severity":"Warning","message":"Use Custom Errors instead of require statements","ruleId":"custom-errors","fix":null,"filePath":"Benchmarks/Study_SamplesSet/89ce613d0449302d16140b2ab4c3aa5d.sol"},{"line":398,"column":55,"severity":"Error","message":"Explicitly mark all external contracts as trusted or untrusted","ruleId":"mark-callable-contracts","filePath":"Benchmarks/Study_SamplesSet/89ce613d0449302d16140b2ab4c3aa5d.sol"},{"line":399,"column":9,"severity":"Warning","message":"Rule is set with explicit type [var/s: int]","ruleId":"explicit-types","filePath":"Benchmarks/Study_SamplesSet/89ce613d0449302d16140b2ab4c3aa5d.sol"},{"line":399,"column":9,"severity":"Warning","message":"Rule is set with explicit type [var/s: int]","ruleId":"explicit-types","filePath":"Benchmarks/Study_SamplesSet/89ce613d0449302d16140b2ab4c3aa5d.sol"},{"line":399,"column":9,"severity":"Warning","message":"Provide an error message for require","ruleId":"reason-string","fix":null,"filePath":"Benchmarks/Study_SamplesSet/89ce613d0449302d16140b2ab4c3aa5d.sol"},{"line":399,"column":9,"severity":"Warning","message":"Use Custom Errors instead of require statements","ruleId":"custom-errors","fix":null,"filePath":"Benchmarks/Study_SamplesSet/89ce613d0449302d16140b2ab4c3aa5d.sol"},{"line":399,"column":64,"severity":"Error","message":"Explicitly mark all external contracts as trusted or untrusted","ruleId":"mark-callable-contracts","filePath":"Benchmarks/Study_SamplesSet/89ce613d0449302d16140b2ab4c3aa5d.sol"},{"line":400,"column":9,"severity":"Warning","message":"Provide an error message for require","ruleId":"reason-string","fix":null,"filePath":"Benchmarks/Study_SamplesSet/89ce613d0449302d16140b2ab4c3aa5d.sol"},{"line":400,"column":9,"severity":"Warning","message":"Use Custom Errors instead of require statements","ruleId":"custom-errors","fix":null,"filePath":"Benchmarks/Study_SamplesSet/89ce613d0449302d16140b2ab4c3aa5d.sol"},{"line":400,"column":34,"severity":"Error","message":"Explicitly mark all external contracts as trusted or untrusted","ruleId":"mark-callable-contracts","filePath":"Benchmarks/Study_SamplesSet/89ce613d0449302d16140b2ab4c3aa5d.sol"},{"line":401,"column":9,"severity":"Warning","message":"Rule is set with explicit type [var/s: int]","ruleId":"explicit-types","filePath":"Benchmarks/Study_SamplesSet/89ce613d0449302d16140b2ab4c3aa5d.sol"},{"line":401,"column":9,"severity":"Warning","message":"Provide an error message for require","ruleId":"reason-string","fix":null,"filePath":"Benchmarks/Study_SamplesSet/89ce613d0449302d16140b2ab4c3aa5d.sol"},{"line":401,"column":9,"severity":"Warning","message":"Use Custom Errors instead of require statements","ruleId":"custom-errors","fix":null,"filePath":"Benchmarks/Study_SamplesSet/89ce613d0449302d16140b2ab4c3aa5d.sol"},{"line":401,"column":51,"severity":"Error","message":"Explicitly mark all external contracts as trusted or untrusted","ruleId":"mark-callable-contracts","filePath":"Benchmarks/Study_SamplesSet/89ce613d0449302d16140b2ab4c3aa5d.sol"},{"line":402,"column":9,"severity":"Warning","message":"Rule is set with explicit type [var/s: int]","ruleId":"explicit-types","filePath":"Benchmarks/Study_SamplesSet/89ce613d0449302d16140b2ab4c3aa5d.sol"},{"line":402,"column":9,"severity":"Warning","message":"Rule is set with explicit type [var/s: int]","ruleId":"explicit-types","filePath":"Benchmarks/Study_SamplesSet/89ce613d0449302d16140b2ab4c3aa5d.sol"},{"line":402,"column":9,"severity":"Warning","message":"Provide an error message for require","ruleId":"reason-string","fix":null,"filePath":"Benchmarks/Study_SamplesSet/89ce613d0449302d16140b2ab4c3aa5d.sol"},{"line":402,"column":9,"severity":"Warning","message":"Use Custom Errors instead of require statements","ruleId":"custom-errors","fix":null,"filePath":"Benchmarks/Study_SamplesSet/89ce613d0449302d16140b2ab4c3aa5d.sol"},{"line":402,"column":60,"severity":"Error","message":"Explicitly mark all external contracts as trusted or untrusted","ruleId":"mark-callable-contracts","filePath":"Benchmarks/Study_SamplesSet/89ce613d0449302d16140b2ab4c3aa5d.sol"},{"line":403,"column":9,"severity":"Warning","message":"Provide an error message for require","ruleId":"reason-string","fix":null,"filePath":"Benchmarks/Study_SamplesSet/89ce613d0449302d16140b2ab4c3aa5d.sol"},{"line":403,"column":9,"severity":"Warning","message":"Use Custom Errors instead of require statements","ruleId":"custom-errors","fix":null,"filePath":"Benchmarks/Study_SamplesSet/89ce613d0449302d16140b2ab4c3aa5d.sol"},{"line":403,"column":44,"severity":"Error","message":"Explicitly mark all external contracts as trusted or untrusted","ruleId":"mark-callable-contracts","filePath":"Benchmarks/Study_SamplesSet/89ce613d0449302d16140b2ab4c3aa5d.sol"},{"line":406,"column":23,"severity":"Warning","message":"Rule is set with explicit type [var/s: uint]","ruleId":"explicit-types","filePath":"Benchmarks/Study_SamplesSet/89ce613d0449302d16140b2ab4c3aa5d.sol"},{"line":406,"column":9,"severity":"Warning","message":"Rule is set with explicit type [var/s: uint]","ruleId":"explicit-types","filePath":"Benchmarks/Study_SamplesSet/89ce613d0449302d16140b2ab4c3aa5d.sol"},{"line":407,"column":36,"severity":"Error","message":"Explicitly mark all external contracts as trusted or untrusted","ruleId":"mark-callable-contracts","filePath":"Benchmarks/Study_SamplesSet/89ce613d0449302d16140b2ab4c3aa5d.sol"},{"line":408,"column":9,"severity":"Warning","message":"Rule is set with explicit type [var/s: uint]","ruleId":"explicit-types","filePath":"Benchmarks/Study_SamplesSet/89ce613d0449302d16140b2ab4c3aa5d.sol"},{"line":408,"column":57,"severity":"Error","message":"Explicitly mark all external contracts as trusted or untrusted","ruleId":"mark-callable-contracts","filePath":"Benchmarks/Study_SamplesSet/89ce613d0449302d16140b2ab4c3aa5d.sol"},{"line":408,"column":74,"severity":"Error","message":"Explicitly mark all external contracts as trusted or untrusted","ruleId":"mark-callable-contracts","filePath":"Benchmarks/Study_SamplesSet/89ce613d0449302d16140b2ab4c3aa5d.sol"},{"line":408,"column":85,"severity":"Error","message":"Explicitly mark all external contracts as trusted or untrusted","ruleId":"mark-callable-contracts","filePath":"Benchmarks/Study_SamplesSet/89ce613d0449302d16140b2ab4c3aa5d.sol"},{"line":409,"column":46,"severity":"Error","message":"Explicitly mark all external contracts as trusted or untrusted","ruleId":"mark-callable-contracts","filePath":"Benchmarks/Study_SamplesSet/89ce613d0449302d16140b2ab4c3aa5d.sol"},{"line":409,"column":57,"severity":"Error","message":"Explicitly mark all external contracts as trusted or untrusted","ruleId":"mark-callable-contracts","filePath":"Benchmarks/Study_SamplesSet/89ce613d0449302d16140b2ab4c3aa5d.sol"},{"line":409,"column":68,"severity":"Error","message":"Explicitly mark all external contracts as trusted or untrusted","ruleId":"mark-callable-contracts","filePath":"Benchmarks/Study_SamplesSet/89ce613d0449302d16140b2ab4c3aa5d.sol"},{"line":414,"column":39,"severity":"Warning","message":"Rule is set with explicit type [var/s: uint]","ruleId":"explicit-types","filePath":"Benchmarks/Study_SamplesSet/89ce613d0449302d16140b2ab4c3aa5d.sol"},{"line":417,"column":9,"severity":"Warning","message":"Rule is set with explicit type [var/s: int]","ruleId":"explicit-types","filePath":"Benchmarks/Study_SamplesSet/89ce613d0449302d16140b2ab4c3aa5d.sol"},{"line":417,"column":62,"severity":"Error","message":"Explicitly mark all external contracts as trusted or untrusted","ruleId":"mark-callable-contracts","filePath":"Benchmarks/Study_SamplesSet/89ce613d0449302d16140b2ab4c3aa5d.sol"},{"line":418,"column":9,"severity":"Warning","message":"Rule is set with explicit type [var/s: uint]","ruleId":"explicit-types","filePath":"Benchmarks/Study_SamplesSet/89ce613d0449302d16140b2ab4c3aa5d.sol"},{"line":418,"column":47,"severity":"Error","message":"Explicitly mark all external contracts as trusted or untrusted","ruleId":"mark-callable-contracts","filePath":"Benchmarks/Study_SamplesSet/89ce613d0449302d16140b2ab4c3aa5d.sol"},{"line":418,"column":60,"severity":"Error","message":"Explicitly mark all external contracts as trusted or untrusted","ruleId":"mark-callable-contracts","filePath":"Benchmarks/Study_SamplesSet/89ce613d0449302d16140b2ab4c3aa5d.sol"},{"line":419,"column":9,"severity":"Warning","message":"Rule is set with explicit type [var/s: int]","ruleId":"explicit-types","filePath":"Benchmarks/Study_SamplesSet/89ce613d0449302d16140b2ab4c3aa5d.sol"},{"line":419,"column":59,"severity":"Error","message":"Explicitly mark all external contracts as trusted or untrusted","ruleId":"mark-callable-contracts","filePath":"Benchmarks/Study_SamplesSet/89ce613d0449302d16140b2ab4c3aa5d.sol"},{"line":419,"column":70,"severity":"Error","message":"Explicitly mark all external contracts as trusted or untrusted","ruleId":"mark-callable-contracts","filePath":"Benchmarks/Study_SamplesSet/89ce613d0449302d16140b2ab4c3aa5d.sol"},{"line":419,"column":84,"severity":"Error","message":"Explicitly mark all external contracts as trusted or untrusted","ruleId":"mark-callable-contracts","filePath":"Benchmarks/Study_SamplesSet/89ce613d0449302d16140b2ab4c3aa5d.sol"},{"line":420,"column":9,"severity":"Warning","message":"Rule is set with explicit type [var/s: uint]","ruleId":"explicit-types","filePath":"Benchmarks/Study_SamplesSet/89ce613d0449302d16140b2ab4c3aa5d.sol"},{"line":420,"column":58,"severity":"Error","message":"Explicitly mark all external contracts as trusted or untrusted","ruleId":"mark-callable-contracts","filePath":"Benchmarks/Study_SamplesSet/89ce613d0449302d16140b2ab4c3aa5d.sol"},{"line":420,"column":69,"severity":"Error","message":"Explicitly mark all external contracts as trusted or untrusted","ruleId":"mark-callable-contracts","filePath":"Benchmarks/Study_SamplesSet/89ce613d0449302d16140b2ab4c3aa5d.sol"},{"line":420,"column":80,"severity":"Error","message":"Explicitly mark all external contracts as trusted or untrusted","ruleId":"mark-callable-contracts","filePath":"Benchmarks/Study_SamplesSet/89ce613d0449302d16140b2ab4c3aa5d.sol"},{"line":430,"column":9,"severity":"Warning","message":"Rule is set with explicit type [var/s: int]","ruleId":"explicit-types","filePath":"Benchmarks/Study_SamplesSet/89ce613d0449302d16140b2ab4c3aa5d.sol"},{"line":431,"column":9,"severity":"Warning","message":"Rule is set with explicit type [var/s: int]","ruleId":"explicit-types","filePath":"Benchmarks/Study_SamplesSet/89ce613d0449302d16140b2ab4c3aa5d.sol"},{"line":439,"column":9,"severity":"Warning","message":"Rule is set with explicit type [var/s: uint]","ruleId":"explicit-types","filePath":"Benchmarks/Study_SamplesSet/89ce613d0449302d16140b2ab4c3aa5d.sol"},{"line":440,"column":9,"severity":"Warning","message":"Rule is set with explicit type [var/s: uint]","ruleId":"explicit-types","filePath":"Benchmarks/Study_SamplesSet/89ce613d0449302d16140b2ab4c3aa5d.sol"},{"line":444,"column":9,"severity":"Warning","message":"Rule is set with explicit type [var/s: uint]","ruleId":"explicit-types","filePath":"Benchmarks/Study_SamplesSet/89ce613d0449302d16140b2ab4c3aa5d.sol"},{"line":445,"column":9,"severity":"Warning","message":"Rule is set with explicit type [var/s: uint]","ruleId":"explicit-types","filePath":"Benchmarks/Study_SamplesSet/89ce613d0449302d16140b2ab4c3aa5d.sol"},{"line":462,"column":5,"severity":"Warning","message":"Rule is set with explicit type [var/s: uint]","ruleId":"explicit-types","filePath":"Benchmarks/Study_SamplesSet/89ce613d0449302d16140b2ab4c3aa5d.sol"},{"line":466,"column":5,"severity":"Warning","message":"Rule is set with explicit type [var/s: uint]","ruleId":"explicit-types","filePath":"Benchmarks/Study_SamplesSet/89ce613d0449302d16140b2ab4c3aa5d.sol"},{"line":468,"column":5,"severity":"Warning","message":"Rule is set with explicit type [var/s: uint]","ruleId":"explicit-types","filePath":"Benchmarks/Study_SamplesSet/89ce613d0449302d16140b2ab4c3aa5d.sol"},{"line":469,"column":5,"severity":"Warning","message":"Rule is set with explicit type [var/s: uint]","ruleId":"explicit-types","filePath":"Benchmarks/Study_SamplesSet/89ce613d0449302d16140b2ab4c3aa5d.sol"},{"line":476,"column":9,"severity":"Warning","message":"Provide an error message for require","ruleId":"reason-string","fix":null,"filePath":"Benchmarks/Study_SamplesSet/89ce613d0449302d16140b2ab4c3aa5d.sol"},{"line":476,"column":9,"severity":"Warning","message":"Use Custom Errors instead of require statements","ruleId":"custom-errors","fix":null,"filePath":"Benchmarks/Study_SamplesSet/89ce613d0449302d16140b2ab4c3aa5d.sol"},{"line":487,"column":79,"severity":"Error","message":"Explicitly mark all external contracts as trusted or untrusted","ruleId":"mark-callable-contracts","filePath":"Benchmarks/Study_SamplesSet/89ce613d0449302d16140b2ab4c3aa5d.sol"},{"line":494,"column":60,"severity":"Warning","message":"Rule is set with explicit type [var/s: uint]","ruleId":"explicit-types","filePath":"Benchmarks/Study_SamplesSet/89ce613d0449302d16140b2ab4c3aa5d.sol"},{"line":494,"column":78,"severity":"Warning","message":"Rule is set with explicit type [var/s: uint]","ruleId":"explicit-types","filePath":"Benchmarks/Study_SamplesSet/89ce613d0449302d16140b2ab4c3aa5d.sol"},{"line":496,"column":9,"severity":"Warning","message":"Provide an error message for require","ruleId":"reason-string","fix":null,"filePath":"Benchmarks/Study_SamplesSet/89ce613d0449302d16140b2ab4c3aa5d.sol"},{"line":496,"column":9,"severity":"Warning","message":"Use Custom Errors instead of require statements","ruleId":"custom-errors","fix":null,"filePath":"Benchmarks/Study_SamplesSet/89ce613d0449302d16140b2ab4c3aa5d.sol"},{"line":497,"column":9,"severity":"Warning","message":"Provide an error message for require","ruleId":"reason-string","fix":null,"filePath":"Benchmarks/Study_SamplesSet/89ce613d0449302d16140b2ab4c3aa5d.sol"},{"line":497,"column":9,"severity":"Warning","message":"Use Custom Errors instead of require statements","ruleId":"custom-errors","fix":null,"filePath":"Benchmarks/Study_SamplesSet/89ce613d0449302d16140b2ab4c3aa5d.sol"},{"line":498,"column":9,"severity":"Warning","message":"Provide an error message for require","ruleId":"reason-string","fix":null,"filePath":"Benchmarks/Study_SamplesSet/89ce613d0449302d16140b2ab4c3aa5d.sol"},{"line":498,"column":9,"severity":"Warning","message":"Use Custom Errors instead of require statements","ruleId":"custom-errors","fix":null,"filePath":"Benchmarks/Study_SamplesSet/89ce613d0449302d16140b2ab4c3aa5d.sol"},{"line":500,"column":9,"severity":"Warning","message":"Rule is set with explicit type [var/s: uint]","ruleId":"explicit-types","filePath":"Benchmarks/Study_SamplesSet/89ce613d0449302d16140b2ab4c3aa5d.sol"},{"line":502,"column":14,"severity":"Warning","message":"Rule is set with explicit type [var/s: uint]","ruleId":"explicit-types","filePath":"Benchmarks/Study_SamplesSet/89ce613d0449302d16140b2ab4c3aa5d.sol"},{"line":503,"column":13,"severity":"Warning","message":"Provide an error message for require","ruleId":"reason-string","fix":null,"filePath":"Benchmarks/Study_SamplesSet/89ce613d0449302d16140b2ab4c3aa5d.sol"},{"line":503,"column":13,"severity":"Warning","message":"Use Custom Errors instead of require statements","ruleId":"custom-errors","fix":null,"filePath":"Benchmarks/Study_SamplesSet/89ce613d0449302d16140b2ab4c3aa5d.sol"},{"line":504,"column":25,"severity":"Warning","message":"Rule is set with explicit type [var/s: uint]","ruleId":"explicit-types","filePath":"Benchmarks/Study_SamplesSet/89ce613d0449302d16140b2ab4c3aa5d.sol"},{"line":504,"column":25,"severity":"Warning","message":"Rule is set with explicit type [var/s: uint]","ruleId":"explicit-types","filePath":"Benchmarks/Study_SamplesSet/89ce613d0449302d16140b2ab4c3aa5d.sol"},{"line":504,"column":13,"severity":"Warning","message":"Rule is set with explicit type [var/s: uint]","ruleId":"explicit-types","filePath":"Benchmarks/Study_SamplesSet/89ce613d0449302d16140b2ab4c3aa5d.sol"},{"line":511,"column":9,"severity":"Warning","message":"Rule is set with explicit type [var/s: uint]","ruleId":"explicit-types","filePath":"Benchmarks/Study_SamplesSet/89ce613d0449302d16140b2ab4c3aa5d.sol"},{"line":512,"column":9,"severity":"Warning","message":"Rule is set with explicit type [var/s: uint]","ruleId":"explicit-types","filePath":"Benchmarks/Study_SamplesSet/89ce613d0449302d16140b2ab4c3aa5d.sol"},{"line":515,"column":9,"severity":"Warning","message":"Rule is set with explicit type [var/s: uint]","ruleId":"explicit-types","filePath":"Benchmarks/Study_SamplesSet/89ce613d0449302d16140b2ab4c3aa5d.sol"},{"line":516,"column":9,"severity":"Warning","message":"Rule is set with explicit type [var/s: uint]","ruleId":"explicit-types","filePath":"Benchmarks/Study_SamplesSet/89ce613d0449302d16140b2ab4c3aa5d.sol"},{"line":521,"column":9,"severity":"Warning","message":"Provide an error message for require","ruleId":"reason-string","fix":null,"filePath":"Benchmarks/Study_SamplesSet/89ce613d0449302d16140b2ab4c3aa5d.sol"},{"line":521,"column":9,"severity":"Warning","message":"Use Custom Errors instead of require statements","ruleId":"custom-errors","fix":null,"filePath":"Benchmarks/Study_SamplesSet/89ce613d0449302d16140b2ab4c3aa5d.sol"},{"line":522,"column":9,"severity":"Warning","message":"Provide an error message for require","ruleId":"reason-string","fix":null,"filePath":"Benchmarks/Study_SamplesSet/89ce613d0449302d16140b2ab4c3aa5d.sol"},{"line":522,"column":9,"severity":"Warning","message":"Use Custom Errors instead of require statements","ruleId":"custom-errors","fix":null,"filePath":"Benchmarks/Study_SamplesSet/89ce613d0449302d16140b2ab4c3aa5d.sol"},{"line":523,"column":9,"severity":"Warning","message":"Provide an error message for require","ruleId":"reason-string","fix":null,"filePath":"Benchmarks/Study_SamplesSet/89ce613d0449302d16140b2ab4c3aa5d.sol"},{"line":523,"column":9,"severity":"Warning","message":"Use Custom Errors instead of require statements","ruleId":"custom-errors","fix":null,"filePath":"Benchmarks/Study_SamplesSet/89ce613d0449302d16140b2ab4c3aa5d.sol"},{"line":524,"column":9,"severity":"Warning","message":"Provide an error message for require","ruleId":"reason-string","fix":null,"filePath":"Benchmarks/Study_SamplesSet/89ce613d0449302d16140b2ab4c3aa5d.sol"},{"line":524,"column":9,"severity":"Warning","message":"Use Custom Errors instead of require statements","ruleId":"custom-errors","fix":null,"filePath":"Benchmarks/Study_SamplesSet/89ce613d0449302d16140b2ab4c3aa5d.sol"},{"line":526,"column":14,"severity":"Warning","message":"Rule is set with explicit type [var/s: uint]","ruleId":"explicit-types","filePath":"Benchmarks/Study_SamplesSet/89ce613d0449302d16140b2ab4c3aa5d.sol"},{"line":527,"column":13,"severity":"Warning","message":"Provide an error message for require","ruleId":"reason-string","fix":null,"filePath":"Benchmarks/Study_SamplesSet/89ce613d0449302d16140b2ab4c3aa5d.sol"},{"line":527,"column":13,"severity":"Warning","message":"Use Custom Errors instead of require statements","ruleId":"custom-errors","fix":null,"filePath":"Benchmarks/Study_SamplesSet/89ce613d0449302d16140b2ab4c3aa5d.sol"},{"line":537,"column":9,"severity":"Warning","message":"Rule is set with explicit type [var/s: int]","ruleId":"explicit-types","filePath":"Benchmarks/Study_SamplesSet/89ce613d0449302d16140b2ab4c3aa5d.sol"},{"line":538,"column":9,"severity":"Warning","message":"Rule is set with explicit type [var/s: int]","ruleId":"explicit-types","filePath":"Benchmarks/Study_SamplesSet/89ce613d0449302d16140b2ab4c3aa5d.sol"},{"line":539,"column":9,"severity":"Warning","message":"Rule is set with explicit type [var/s: int]","ruleId":"explicit-types","filePath":"Benchmarks/Study_SamplesSet/89ce613d0449302d16140b2ab4c3aa5d.sol"},{"line":540,"column":9,"severity":"Warning","message":"Rule is set with explicit type [var/s: int]","ruleId":"explicit-types","filePath":"Benchmarks/Study_SamplesSet/89ce613d0449302d16140b2ab4c3aa5d.sol"},{"line":545,"column":9,"severity":"Warning","message":"Provide an error message for require","ruleId":"reason-string","fix":null,"filePath":"Benchmarks/Study_SamplesSet/89ce613d0449302d16140b2ab4c3aa5d.sol"},{"line":545,"column":9,"severity":"Warning","message":"Use Custom Errors instead of require statements","ruleId":"custom-errors","fix":null,"filePath":"Benchmarks/Study_SamplesSet/89ce613d0449302d16140b2ab4c3aa5d.sol"},{"line":546,"column":9,"severity":"Warning","message":"Provide an error message for require","ruleId":"reason-string","fix":null,"filePath":"Benchmarks/Study_SamplesSet/89ce613d0449302d16140b2ab4c3aa5d.sol"},{"line":546,"column":9,"severity":"Warning","message":"Use Custom Errors instead of require statements","ruleId":"custom-errors","fix":null,"filePath":"Benchmarks/Study_SamplesSet/89ce613d0449302d16140b2ab4c3aa5d.sol"},{"line":547,"column":9,"severity":"Warning","message":"Provide an error message for require","ruleId":"reason-string","fix":null,"filePath":"Benchmarks/Study_SamplesSet/89ce613d0449302d16140b2ab4c3aa5d.sol"},{"line":547,"column":9,"severity":"Warning","message":"Use Custom Errors instead of require statements","ruleId":"custom-errors","fix":null,"filePath":"Benchmarks/Study_SamplesSet/89ce613d0449302d16140b2ab4c3aa5d.sol"},{"line":549,"column":51,"severity":"Error","message":"Explicitly mark all external contracts as trusted or untrusted","ruleId":"mark-callable-contracts","filePath":"Benchmarks/Study_SamplesSet/89ce613d0449302d16140b2ab4c3aa5d.sol"},{"line":550,"column":52,"severity":"Error","message":"Explicitly mark all external contracts as trusted or untrusted","ruleId":"mark-callable-contracts","filePath":"Benchmarks/Study_SamplesSet/89ce613d0449302d16140b2ab4c3aa5d.sol"},{"line":555,"column":9,"severity":"Warning","message":"Rule is set with explicit type [var/s: int]","ruleId":"explicit-types","filePath":"Benchmarks/Study_SamplesSet/89ce613d0449302d16140b2ab4c3aa5d.sol"},{"line":556,"column":9,"severity":"Warning","message":"Rule is set with explicit type [var/s: int]","ruleId":"explicit-types","filePath":"Benchmarks/Study_SamplesSet/89ce613d0449302d16140b2ab4c3aa5d.sol"},{"line":557,"column":9,"severity":"Warning","message":"Rule is set with explicit type [var/s: int]","ruleId":"explicit-types","filePath":"Benchmarks/Study_SamplesSet/89ce613d0449302d16140b2ab4c3aa5d.sol"},{"line":558,"column":9,"severity":"Warning","message":"Rule is set with explicit type [var/s: int]","ruleId":"explicit-types","filePath":"Benchmarks/Study_SamplesSet/89ce613d0449302d16140b2ab4c3aa5d.sol"},{"line":563,"column":9,"severity":"Warning","message":"Provide an error message for require","ruleId":"reason-string","fix":null,"filePath":"Benchmarks/Study_SamplesSet/89ce613d0449302d16140b2ab4c3aa5d.sol"},{"line":563,"column":9,"severity":"Warning","message":"Use Custom Errors instead of require statements","ruleId":"custom-errors","fix":null,"filePath":"Benchmarks/Study_SamplesSet/89ce613d0449302d16140b2ab4c3aa5d.sol"},{"line":564,"column":9,"severity":"Warning","message":"Provide an error message for require","ruleId":"reason-string","fix":null,"filePath":"Benchmarks/Study_SamplesSet/89ce613d0449302d16140b2ab4c3aa5d.sol"},{"line":564,"column":9,"severity":"Warning","message":"Use Custom Errors instead of require statements","ruleId":"custom-errors","fix":null,"filePath":"Benchmarks/Study_SamplesSet/89ce613d0449302d16140b2ab4c3aa5d.sol"},{"line":565,"column":9,"severity":"Warning","message":"Provide an error message for require","ruleId":"reason-string","fix":null,"filePath":"Benchmarks/Study_SamplesSet/89ce613d0449302d16140b2ab4c3aa5d.sol"},{"line":565,"column":9,"severity":"Warning","message":"Use Custom Errors instead of require statements","ruleId":"custom-errors","fix":null,"filePath":"Benchmarks/Study_SamplesSet/89ce613d0449302d16140b2ab4c3aa5d.sol"},{"line":567,"column":57,"severity":"Error","message":"Explicitly mark all external contracts as trusted or untrusted","ruleId":"mark-callable-contracts","filePath":"Benchmarks/Study_SamplesSet/89ce613d0449302d16140b2ab4c3aa5d.sol"},{"line":568,"column":58,"severity":"Error","message":"Explicitly mark all external contracts as trusted or untrusted","ruleId":"mark-callable-contracts","filePath":"Benchmarks/Study_SamplesSet/89ce613d0449302d16140b2ab4c3aa5d.sol"},{"line":571,"column":43,"severity":"Warning","message":"Rule is set with explicit type [var/s: uint]","ruleId":"explicit-types","filePath":"Benchmarks/Study_SamplesSet/89ce613d0449302d16140b2ab4c3aa5d.sol"},{"line":576,"column":9,"severity":"Warning","message":"Provide an error message for require","ruleId":"reason-string","fix":null,"filePath":"Benchmarks/Study_SamplesSet/89ce613d0449302d16140b2ab4c3aa5d.sol"},{"line":576,"column":9,"severity":"Warning","message":"Use Custom Errors instead of require statements","ruleId":"custom-errors","fix":null,"filePath":"Benchmarks/Study_SamplesSet/89ce613d0449302d16140b2ab4c3aa5d.sol"},{"line":577,"column":9,"severity":"Warning","message":"Provide an error message for require","ruleId":"reason-string","fix":null,"filePath":"Benchmarks/Study_SamplesSet/89ce613d0449302d16140b2ab4c3aa5d.sol"},{"line":577,"column":9,"severity":"Warning","message":"Use Custom Errors instead of require statements","ruleId":"custom-errors","fix":null,"filePath":"Benchmarks/Study_SamplesSet/89ce613d0449302d16140b2ab4c3aa5d.sol"},{"line":582,"column":9,"severity":"Warning","message":"Provide an error message for require","ruleId":"reason-string","fix":null,"filePath":"Benchmarks/Study_SamplesSet/89ce613d0449302d16140b2ab4c3aa5d.sol"},{"line":582,"column":9,"severity":"Warning","message":"Use Custom Errors instead of require statements","ruleId":"custom-errors","fix":null,"filePath":"Benchmarks/Study_SamplesSet/89ce613d0449302d16140b2ab4c3aa5d.sol"},{"line":592,"column":9,"severity":"Warning","message":"Rule is set with explicit type [var/s: int]","ruleId":"explicit-types","filePath":"Benchmarks/Study_SamplesSet/89ce613d0449302d16140b2ab4c3aa5d.sol"},{"line":593,"column":9,"severity":"Warning","message":"Rule is set with explicit type [var/s: uint]","ruleId":"explicit-types","filePath":"Benchmarks/Study_SamplesSet/89ce613d0449302d16140b2ab4c3aa5d.sol"},{"line":594,"column":9,"severity":"Warning","message":"Rule is set with explicit type [var/s: uint]","ruleId":"explicit-types","filePath":"Benchmarks/Study_SamplesSet/89ce613d0449302d16140b2ab4c3aa5d.sol"},{"line":598,"column":9,"severity":"Warning","message":"Provide an error message for require","ruleId":"reason-string","fix":null,"filePath":"Benchmarks/Study_SamplesSet/89ce613d0449302d16140b2ab4c3aa5d.sol"},{"line":598,"column":9,"severity":"Warning","message":"Use Custom Errors instead of require statements","ruleId":"custom-errors","fix":null,"filePath":"Benchmarks/Study_SamplesSet/89ce613d0449302d16140b2ab4c3aa5d.sol"},{"line":606,"column":35,"severity":"Warning","message":"Rule is set with explicit type [var/s: uint]","ruleId":"explicit-types","filePath":"Benchmarks/Study_SamplesSet/89ce613d0449302d16140b2ab4c3aa5d.sol"},{"line":606,"column":70,"severity":"Warning","message":"Rule is set with explicit type [var/s: uint]","ruleId":"explicit-types","filePath":"Benchmarks/Study_SamplesSet/89ce613d0449302d16140b2ab4c3aa5d.sol"},{"line":606,"column":100,"severity":"Warning","message":"Rule is set with explicit type [var/s: uint]","ruleId":"explicit-types","filePath":"Benchmarks/Study_SamplesSet/89ce613d0449302d16140b2ab4c3aa5d.sol"},{"line":614,"column":9,"severity":"Warning","message":"Rule is set with explicit type [var/s: uint]","ruleId":"explicit-types","filePath":"Benchmarks/Study_SamplesSet/89ce613d0449302d16140b2ab4c3aa5d.sol"},{"line":617,"column":9,"severity":"Warning","message":"Rule is set with explicit type [var/s: int]","ruleId":"explicit-types","filePath":"Benchmarks/Study_SamplesSet/89ce613d0449302d16140b2ab4c3aa5d.sol"},{"line":618,"column":9,"severity":"Warning","message":"Rule is set with explicit type [var/s: int]","ruleId":"explicit-types","filePath":"Benchmarks/Study_SamplesSet/89ce613d0449302d16140b2ab4c3aa5d.sol"},{"line":622,"column":9,"severity":"Warning","message":"Rule is set with explicit type [var/s: int]","ruleId":"explicit-types","filePath":"Benchmarks/Study_SamplesSet/89ce613d0449302d16140b2ab4c3aa5d.sol"},{"line":623,"column":9,"severity":"Warning","message":"Rule is set with explicit type [var/s: int]","ruleId":"explicit-types","filePath":"Benchmarks/Study_SamplesSet/89ce613d0449302d16140b2ab4c3aa5d.sol"},{"line":625,"column":9,"severity":"Warning","message":"Rule is set with explicit type [var/s: uint]","ruleId":"explicit-types","filePath":"Benchmarks/Study_SamplesSet/89ce613d0449302d16140b2ab4c3aa5d.sol"},{"line":633,"column":13,"severity":"Warning","message":"Rule is set with explicit type [var/s: int]","ruleId":"explicit-types","filePath":"Benchmarks/Study_SamplesSet/89ce613d0449302d16140b2ab4c3aa5d.sol"},{"line":638,"column":13,"severity":"Warning","message":"Rule is set with explicit type [var/s: int]","ruleId":"explicit-types","filePath":"Benchmarks/Study_SamplesSet/89ce613d0449302d16140b2ab4c3aa5d.sol"},{"line":642,"column":13,"severity":"Warning","message":"Rule is set with explicit type [var/s: int]","ruleId":"explicit-types","filePath":"Benchmarks/Study_SamplesSet/89ce613d0449302d16140b2ab4c3aa5d.sol"},{"line":654,"column":13,"severity":"Warning","message":"Rule is set with explicit type [var/s: int]","ruleId":"explicit-types","filePath":"Benchmarks/Study_SamplesSet/89ce613d0449302d16140b2ab4c3aa5d.sol"},{"line":658,"column":13,"severity":"Warning","message":"Rule is set with explicit type [var/s: int]","ruleId":"explicit-types","filePath":"Benchmarks/Study_SamplesSet/89ce613d0449302d16140b2ab4c3aa5d.sol"},{"line":662,"column":13,"severity":"Warning","message":"Rule is set with explicit type [var/s: int]","ruleId":"explicit-types","filePath":"Benchmarks/Study_SamplesSet/89ce613d0449302d16140b2ab4c3aa5d.sol"},{"line":677,"column":70,"severity":"Warning","message":"Rule is set with explicit type [var/s: uint]","ruleId":"explicit-types","filePath":"Benchmarks/Study_SamplesSet/89ce613d0449302d16140b2ab4c3aa5d.sol"},{"line":684,"column":62,"severity":"Warning","message":"Rule is set with explicit type [var/s: uint]","ruleId":"explicit-types","filePath":"Benchmarks/Study_SamplesSet/89ce613d0449302d16140b2ab4c3aa5d.sol"},{"line":684,"column":68,"severity":"Warning","message":"Rule is set with explicit type [var/s: uint]","ruleId":"explicit-types","filePath":"Benchmarks/Study_SamplesSet/89ce613d0449302d16140b2ab4c3aa5d.sol"},{"line":685,"column":9,"severity":"Warning","message":"Provide an error message for require","ruleId":"reason-string","fix":null,"filePath":"Benchmarks/Study_SamplesSet/89ce613d0449302d16140b2ab4c3aa5d.sol"},{"line":685,"column":9,"severity":"Warning","message":"Use Custom Errors instead of require statements","ruleId":"custom-errors","fix":null,"filePath":"Benchmarks/Study_SamplesSet/89ce613d0449302d16140b2ab4c3aa5d.sol"},{"line":687,"column":9,"severity":"Warning","message":"Rule is set with explicit type [var/s: uint]","ruleId":"explicit-types","filePath":"Benchmarks/Study_SamplesSet/89ce613d0449302d16140b2ab4c3aa5d.sol"},{"line":688,"column":9,"severity":"Warning","message":"Rule is set with explicit type [var/s: uint]","ruleId":"explicit-types","filePath":"Benchmarks/Study_SamplesSet/89ce613d0449302d16140b2ab4c3aa5d.sol"},{"line":703,"column":47,"severity":"Warning","message":"Rule is set with explicit type [var/s: uint]","ruleId":"explicit-types","filePath":"Benchmarks/Study_SamplesSet/89ce613d0449302d16140b2ab4c3aa5d.sol"},{"line":703,"column":61,"severity":"Warning","message":"Rule is set with explicit type [var/s: uint]","ruleId":"explicit-types","filePath":"Benchmarks/Study_SamplesSet/89ce613d0449302d16140b2ab4c3aa5d.sol"},{"line":703,"column":93,"severity":"Warning","message":"Rule is set with explicit type [var/s: int]","ruleId":"explicit-types","filePath":"Benchmarks/Study_SamplesSet/89ce613d0449302d16140b2ab4c3aa5d.sol"},{"line":724,"column":9,"severity":"Warning","message":"Provide an error message for revert","ruleId":"reason-string","fix":null,"filePath":"Benchmarks/Study_SamplesSet/89ce613d0449302d16140b2ab4c3aa5d.sol"},{"line":724,"column":9,"severity":"Warning","message":"Use Custom Errors instead of revert statements","ruleId":"custom-errors","fix":null,"filePath":"Benchmarks/Study_SamplesSet/89ce613d0449302d16140b2ab4c3aa5d.sol"},{"line":728,"column":66,"severity":"Warning","message":"Rule is set with explicit type [var/s: uint]","ruleId":"explicit-types","filePath":"Benchmarks/Study_SamplesSet/89ce613d0449302d16140b2ab4c3aa5d.sol"},{"line":737,"column":39,"severity":"Warning","message":"Rule is set with explicit type [var/s: uint]","ruleId":"explicit-types","filePath":"Benchmarks/Study_SamplesSet/89ce613d0449302d16140b2ab4c3aa5d.sol"},{"line":737,"column":52,"severity":"Warning","message":"Rule is set with explicit type [var/s: uint]","ruleId":"explicit-types","filePath":"Benchmarks/Study_SamplesSet/89ce613d0449302d16140b2ab4c3aa5d.sol"},{"line":737,"column":85,"severity":"Warning","message":"Rule is set with explicit type [var/s: uint]","ruleId":"explicit-types","filePath":"Benchmarks/Study_SamplesSet/89ce613d0449302d16140b2ab4c3aa5d.sol"},{"line":738,"column":9,"severity":"Warning","message":"Rule is set with explicit type [var/s: uint]","ruleId":"explicit-types","filePath":"Benchmarks/Study_SamplesSet/89ce613d0449302d16140b2ab4c3aa5d.sol"},{"line":739,"column":9,"severity":"Warning","message":"Rule is set with explicit type [var/s: uint]","ruleId":"explicit-types","filePath":"Benchmarks/Study_SamplesSet/89ce613d0449302d16140b2ab4c3aa5d.sol"},{"line":744,"column":61,"severity":"Warning","message":"Rule is set with explicit type [var/s: uint]","ruleId":"explicit-types","filePath":"Benchmarks/Study_SamplesSet/89ce613d0449302d16140b2ab4c3aa5d.sol"},{"line":750,"column":9,"severity":"Warning","message":"Rule is set with explicit type [var/s: uint]","ruleId":"explicit-types","filePath":"Benchmarks/Study_SamplesSet/89ce613d0449302d16140b2ab4c3aa5d.sol"},{"line":751,"column":9,"severity":"Warning","message":"Rule is set with explicit type [var/s: uint]","ruleId":"explicit-types","filePath":"Benchmarks/Study_SamplesSet/89ce613d0449302d16140b2ab4c3aa5d.sol"},{"line":753,"column":31,"severity":"Error","message":"Explicitly mark all external contracts as trusted or untrusted","ruleId":"mark-callable-contracts","filePath":"Benchmarks/Study_SamplesSet/89ce613d0449302d16140b2ab4c3aa5d.sol"},{"line":760,"column":50,"severity":"Warning","message":"Rule is set with explicit type [var/s: int]","ruleId":"explicit-types","filePath":"Benchmarks/Study_SamplesSet/89ce613d0449302d16140b2ab4c3aa5d.sol"},{"line":760,"column":79,"severity":"Warning","message":"Rule is set with explicit type [var/s: int]","ruleId":"explicit-types","filePath":"Benchmarks/Study_SamplesSet/89ce613d0449302d16140b2ab4c3aa5d.sol"},{"line":761,"column":9,"severity":"Warning","message":"Rule is set with explicit type [var/s: uint]","ruleId":"explicit-types","filePath":"Benchmarks/Study_SamplesSet/89ce613d0449302d16140b2ab4c3aa5d.sol"},{"line":762,"column":14,"severity":"Warning","message":"Rule is set with explicit type [var/s: uint]","ruleId":"explicit-types","filePath":"Benchmarks/Study_SamplesSet/89ce613d0449302d16140b2ab4c3aa5d.sol"},{"line":769,"column":21,"severity":"Warning","message":"Rule is set with explicit type [var/s: uint]","ruleId":"explicit-types","filePath":"Benchmarks/Study_SamplesSet/89ce613d0449302d16140b2ab4c3aa5d.sol"},{"line":769,"column":32,"severity":"Warning","message":"Rule is set with explicit type [var/s: int]","ruleId":"explicit-types","filePath":"Benchmarks/Study_SamplesSet/89ce613d0449302d16140b2ab4c3aa5d.sol"},{"line":769,"column":63,"severity":"Warning","message":"Rule is set with explicit type [var/s: uint]","ruleId":"explicit-types","filePath":"Benchmarks/Study_SamplesSet/89ce613d0449302d16140b2ab4c3aa5d.sol"},{"line":770,"column":9,"severity":"Warning","message":"Rule is set with explicit type [var/s: uint]","ruleId":"explicit-types","filePath":"Benchmarks/Study_SamplesSet/89ce613d0449302d16140b2ab4c3aa5d.sol"},{"line":774,"column":18,"severity":"Warning","message":"Rule is set with explicit type [var/s: int]","ruleId":"explicit-types","filePath":"Benchmarks/Study_SamplesSet/89ce613d0449302d16140b2ab4c3aa5d.sol"},{"line":774,"column":47,"severity":"Warning","message":"Rule is set with explicit type [var/s: uint]","ruleId":"explicit-types","filePath":"Benchmarks/Study_SamplesSet/89ce613d0449302d16140b2ab4c3aa5d.sol"},{"line":783,"column":49,"severity":"Warning","message":"Rule is set with explicit type [var/s: uint]","ruleId":"explicit-types","filePath":"Benchmarks/Study_SamplesSet/89ce613d0449302d16140b2ab4c3aa5d.sol"},{"line":784,"column":61,"severity":"Warning","message":"Rule is set with explicit type [var/s: uint]","ruleId":"explicit-types","filePath":"Benchmarks/Study_SamplesSet/89ce613d0449302d16140b2ab4c3aa5d.sol"},{"line":785,"column":36,"severity":"Warning","message":"Rule is set with explicit type [var/s: uint]","ruleId":"explicit-types","filePath":"Benchmarks/Study_SamplesSet/89ce613d0449302d16140b2ab4c3aa5d.sol"},{"line":786,"column":55,"severity":"Warning","message":"Rule is set with explicit type [var/s: uint]","ruleId":"explicit-types","filePath":"Benchmarks/Study_SamplesSet/89ce613d0449302d16140b2ab4c3aa5d.sol"},{"line":787,"column":40,"severity":"Warning","message":"Rule is set with explicit type [var/s: uint]","ruleId":"explicit-types","filePath":"Benchmarks/Study_SamplesSet/89ce613d0449302d16140b2ab4c3aa5d.sol"},{"line":788,"column":79,"severity":"Warning","message":"Rule is set with explicit type [var/s: uint]","ruleId":"explicit-types","filePath":"Benchmarks/Study_SamplesSet/89ce613d0449302d16140b2ab4c3aa5d.sol"},{"line":789,"column":45,"severity":"Warning","message":"Rule is set with explicit type [var/s: uint]","ruleId":"explicit-types","filePath":"Benchmarks/Study_SamplesSet/89ce613d0449302d16140b2ab4c3aa5d.sol"},{"line":790,"column":70,"severity":"Warning","message":"Rule is set with explicit type [var/s: uint]","ruleId":"explicit-types","filePath":"Benchmarks/Study_SamplesSet/89ce613d0449302d16140b2ab4c3aa5d.sol"},{"conclusion":"342 problem/s (53 error/s, 289 warning/s)"}]
