[{"line":1,"column":1,"severity":"Warning","message":"Found more than One contract per file. 4 contracts found!","ruleId":"one-contract-per-file","fix":null,"filePath":"Benchmarks/Study_SamplesSet/8a35865555cb0d51c7a6a344877e26c8.sol"},{"line":1,"column":1,"severity":"Error","message":"Compiler version ^0.4.6 does not satisfy the ^0.8.0 semver requirement","ruleId":"compiler-version","fix":null,"filePath":"Benchmarks/Study_SamplesSet/8a35865555cb0d51c7a6a344877e26c8.sol"},{"line":5,"column":9,"severity":"Warning","message":"Variable name must be in mixedCase","ruleId":"var-name-mixedcase","fix":null,"filePath":"Benchmarks/Study_SamplesSet/8a35865555cb0d51c7a6a344877e26c8.sol"},{"line":8,"column":9,"severity":"Error","message":"Explicitly mark visibility in function (Set ignoreConstructors to true if using solidity >=0.7.0)","ruleId":"func-visibility","fix":null,"filePath":"Benchmarks/Study_SamplesSet/8a35865555cb0d51c7a6a344877e26c8.sol"},{"line":9,"column":17,"severity":"Error","message":"Explicitly mark all external contracts as trusted or untrusted","ruleId":"mark-callable-contracts","filePath":"Benchmarks/Study_SamplesSet/8a35865555cb0d51c7a6a344877e26c8.sol"},{"line":14,"column":48,"severity":"Error","message":"\"throw\" is deprecated, avoid to use it","ruleId":"avoid-throw","filePath":"Benchmarks/Study_SamplesSet/8a35865555cb0d51c7a6a344877e26c8.sol"},{"line":19,"column":43,"severity":"Error","message":"\"throw\" is deprecated, avoid to use it","ruleId":"avoid-throw","filePath":"Benchmarks/Study_SamplesSet/8a35865555cb0d51c7a6a344877e26c8.sol"},{"line":23,"column":9,"severity":"Error","message":"Explicitly mark visibility in function","ruleId":"func-visibility","fix":null,"filePath":"Benchmarks/Study_SamplesSet/8a35865555cb0d51c7a6a344877e26c8.sol"},{"line":38,"column":9,"severity":"Warning","message":"Rule is set with explicit type [var/s: uint]","ruleId":"explicit-types","filePath":"Benchmarks/Study_SamplesSet/8a35865555cb0d51c7a6a344877e26c8.sol"},{"line":48,"column":36,"severity":"Warning","message":"Rule is set with explicit type [var/s: uint]","ruleId":"explicit-types","filePath":"Benchmarks/Study_SamplesSet/8a35865555cb0d51c7a6a344877e26c8.sol"},{"line":49,"column":34,"severity":"Warning","message":"Rule is set with explicit type [var/s: uint]","ruleId":"explicit-types","filePath":"Benchmarks/Study_SamplesSet/8a35865555cb0d51c7a6a344877e26c8.sol"},{"line":53,"column":9,"severity":"Error","message":"Explicitly mark visibility in function (Set ignoreConstructors to true if using solidity >=0.7.0)","ruleId":"func-visibility","fix":null,"filePath":"Benchmarks/Study_SamplesSet/8a35865555cb0d51c7a6a344877e26c8.sol"},{"line":59,"column":31,"severity":"Warning","message":"Visibility modifier must be first in list of modifiers","ruleId":"visibility-modifier-order","fix":null,"filePath":"Benchmarks/Study_SamplesSet/8a35865555cb0d51c7a6a344877e26c8.sol"},{"line":62,"column":17,"severity":"Error","message":"Explicitly mark all external contracts as trusted or untrusted","ruleId":"mark-callable-contracts","filePath":"Benchmarks/Study_SamplesSet/8a35865555cb0d51c7a6a344877e26c8.sol"},{"line":66,"column":53,"severity":"Error","message":"\"throw\" is deprecated, avoid to use it","ruleId":"avoid-throw","filePath":"Benchmarks/Study_SamplesSet/8a35865555cb0d51c7a6a344877e26c8.sol"},{"line":69,"column":47,"severity":"Error","message":"\"throw\" is deprecated, avoid to use it","ruleId":"avoid-throw","filePath":"Benchmarks/Study_SamplesSet/8a35865555cb0d51c7a6a344877e26c8.sol"},{"line":71,"column":17,"severity":"Error","message":"Possible reentrancy vulnerabilities. Avoid state changes after transfer.","ruleId":"reentrancy","fix":null,"filePath":"Benchmarks/Study_SamplesSet/8a35865555cb0d51c7a6a344877e26c8.sol"},{"line":72,"column":17,"severity":"Error","message":"Explicitly mark all external contracts as trusted or untrusted","ruleId":"mark-callable-contracts","filePath":"Benchmarks/Study_SamplesSet/8a35865555cb0d51c7a6a344877e26c8.sol"},{"line":80,"column":9,"severity":"Warning","message":"Contract, Structs and Enums should be in CamelCase","ruleId":"contract-name-camelcase","filePath":"Benchmarks/Study_SamplesSet/8a35865555cb0d51c7a6a344877e26c8.sol"},{"line":82,"column":17,"severity":"Warning","message":"Rule is set with explicit type [var/s: uint]","ruleId":"explicit-types","filePath":"Benchmarks/Study_SamplesSet/8a35865555cb0d51c7a6a344877e26c8.sol"},{"line":83,"column":17,"severity":"Warning","message":"Rule is set with explicit type [var/s: uint]","ruleId":"explicit-types","filePath":"Benchmarks/Study_SamplesSet/8a35865555cb0d51c7a6a344877e26c8.sol"},{"line":92,"column":9,"severity":"Error","message":"Explicitly mark visibility of state","ruleId":"state-visibility","fix":null,"filePath":"Benchmarks/Study_SamplesSet/8a35865555cb0d51c7a6a344877e26c8.sol"},{"line":92,"column":9,"severity":"Warning","message":"Rule is set with explicit type [var/s: uint]","ruleId":"explicit-types","filePath":"Benchmarks/Study_SamplesSet/8a35865555cb0d51c7a6a344877e26c8.sol"},{"line":93,"column":9,"severity":"Error","message":"Explicitly mark visibility of state","ruleId":"state-visibility","fix":null,"filePath":"Benchmarks/Study_SamplesSet/8a35865555cb0d51c7a6a344877e26c8.sol"},{"line":93,"column":9,"severity":"Warning","message":"Rule is set with explicit type [var/s: uint]","ruleId":"explicit-types","filePath":"Benchmarks/Study_SamplesSet/8a35865555cb0d51c7a6a344877e26c8.sol"},{"line":95,"column":9,"severity":"Error","message":"Explicitly mark visibility of state","ruleId":"state-visibility","fix":null,"filePath":"Benchmarks/Study_SamplesSet/8a35865555cb0d51c7a6a344877e26c8.sol"},{"line":96,"column":9,"severity":"Error","message":"Explicitly mark visibility of state","ruleId":"state-visibility","fix":null,"filePath":"Benchmarks/Study_SamplesSet/8a35865555cb0d51c7a6a344877e26c8.sol"},{"line":100,"column":9,"severity":"Error","message":"Explicitly mark visibility in function (Set ignoreConstructors to true if using solidity >=0.7.0)","ruleId":"func-visibility","fix":null,"filePath":"Benchmarks/Study_SamplesSet/8a35865555cb0d51c7a6a344877e26c8.sol"},{"line":111,"column":9,"severity":"Error","message":"Explicitly mark visibility in function","ruleId":"func-visibility","fix":null,"filePath":"Benchmarks/Study_SamplesSet/8a35865555cb0d51c7a6a344877e26c8.sol"},{"line":113,"column":40,"severity":"Error","message":"\"throw\" is deprecated, avoid to use it","ruleId":"avoid-throw","filePath":"Benchmarks/Study_SamplesSet/8a35865555cb0d51c7a6a344877e26c8.sol"},{"line":116,"column":53,"severity":"Error","message":"\"throw\" is deprecated, avoid to use it","ruleId":"avoid-throw","filePath":"Benchmarks/Study_SamplesSet/8a35865555cb0d51c7a6a344877e26c8.sol"},{"line":117,"column":63,"severity":"Error","message":"\"throw\" is deprecated, avoid to use it","ruleId":"avoid-throw","filePath":"Benchmarks/Study_SamplesSet/8a35865555cb0d51c7a6a344877e26c8.sol"},{"line":127,"column":36,"severity":"Error","message":"Avoid making time-based decisions in your business logic","ruleId":"not-rely-on-time","fix":null,"filePath":"Benchmarks/Study_SamplesSet/8a35865555cb0d51c7a6a344877e26c8.sol"},{"line":130,"column":42,"severity":"Error","message":"Avoid making time-based decisions in your business logic","ruleId":"not-rely-on-time","fix":null,"filePath":"Benchmarks/Study_SamplesSet/8a35865555cb0d51c7a6a344877e26c8.sol"},{"line":144,"column":17,"severity":"Error","message":"Explicitly mark all external contracts as trusted or untrusted","ruleId":"mark-callable-contracts","filePath":"Benchmarks/Study_SamplesSet/8a35865555cb0d51c7a6a344877e26c8.sol"},{"line":148,"column":53,"severity":"Warning","message":"Rule is set with explicit type [var/s: uint]","ruleId":"explicit-types","filePath":"Benchmarks/Study_SamplesSet/8a35865555cb0d51c7a6a344877e26c8.sol"},{"line":148,"column":70,"severity":"Warning","message":"Rule is set with explicit type [var/s: uint]","ruleId":"explicit-types","filePath":"Benchmarks/Study_SamplesSet/8a35865555cb0d51c7a6a344877e26c8.sol"},{"line":149,"column":22,"severity":"Warning","message":"Rule is set with explicit type [var/s: uint]","ruleId":"explicit-types","filePath":"Benchmarks/Study_SamplesSet/8a35865555cb0d51c7a6a344877e26c8.sol"},{"line":151,"column":25,"severity":"Warning","message":"Rule is set with explicit type [var/s: uint]","ruleId":"explicit-types","filePath":"Benchmarks/Study_SamplesSet/8a35865555cb0d51c7a6a344877e26c8.sol"},{"line":177,"column":22,"severity":"Warning","message":"Rule is set with explicit type [var/s: uint]","ruleId":"explicit-types","filePath":"Benchmarks/Study_SamplesSet/8a35865555cb0d51c7a6a344877e26c8.sol"},{"line":185,"column":25,"severity":"Error","message":"Explicitly mark all external contracts as trusted or untrusted","ruleId":"mark-callable-contracts","filePath":"Benchmarks/Study_SamplesSet/8a35865555cb0d51c7a6a344877e26c8.sol"},{"line":190,"column":54,"severity":"Warning","message":"Rule is set with explicit type [var/s: uint]","ruleId":"explicit-types","filePath":"Benchmarks/Study_SamplesSet/8a35865555cb0d51c7a6a344877e26c8.sol"},{"line":192,"column":22,"severity":"Warning","message":"Rule is set with explicit type [var/s: uint]","ruleId":"explicit-types","filePath":"Benchmarks/Study_SamplesSet/8a35865555cb0d51c7a6a344877e26c8.sol"},{"line":202,"column":59,"severity":"Warning","message":"Rule is set with explicit type [var/s: uint]","ruleId":"explicit-types","filePath":"Benchmarks/Study_SamplesSet/8a35865555cb0d51c7a6a344877e26c8.sol"},{"line":204,"column":9,"severity":"Error","message":"Explicitly mark visibility in function (Set ignoreConstructors to true if using solidity >=0.7.0)","ruleId":"func-visibility","fix":null,"filePath":"Benchmarks/Study_SamplesSet/8a35865555cb0d51c7a6a344877e26c8.sol"},{"line":205,"column":25,"severity":"Error","message":"Explicitly mark all external contracts as trusted or untrusted","ruleId":"mark-callable-contracts","filePath":"Benchmarks/Study_SamplesSet/8a35865555cb0d51c7a6a344877e26c8.sol"},{"line":208,"column":58,"severity":"Warning","message":"Visibility modifier must be first in list of modifiers","ruleId":"visibility-modifier-order","fix":null,"filePath":"Benchmarks/Study_SamplesSet/8a35865555cb0d51c7a6a344877e26c8.sol"},{"line":214,"column":31,"severity":"Error","message":"Explicitly mark all external contracts as trusted or untrusted","ruleId":"mark-callable-contracts","filePath":"Benchmarks/Study_SamplesSet/8a35865555cb0d51c7a6a344877e26c8.sol"},{"line":216,"column":36,"severity":"Error","message":"Avoid making time-based decisions in your business logic","ruleId":"not-rely-on-time","fix":null,"filePath":"Benchmarks/Study_SamplesSet/8a35865555cb0d51c7a6a344877e26c8.sol"},{"line":219,"column":17,"severity":"Error","message":"Explicitly mark all external contracts as trusted or untrusted","ruleId":"mark-callable-contracts","filePath":"Benchmarks/Study_SamplesSet/8a35865555cb0d51c7a6a344877e26c8.sol"},{"conclusion":"50 problem/s (30 error/s, 20 warning/s)"}]
