[{"line":1,"column":1,"severity":"Warning","message":"Found more than One contract per file. 2 contracts found!","ruleId":"one-contract-per-file","fix":null,"filePath":"Benchmarks/Study_SamplesSet/8aa5f339acb2ed1105fbf1d3e55525ac.sol"},{"line":1,"column":1,"severity":"Error","message":"Compiler version ^0.4.9 does not satisfy the ^0.8.0 semver requirement","ruleId":"compiler-version","fix":null,"filePath":"Benchmarks/Study_SamplesSet/8aa5f339acb2ed1105fbf1d3e55525ac.sol"},{"line":4,"column":7,"severity":"Error","message":"Explicitly mark visibility in function","ruleId":"func-visibility","fix":null,"filePath":"Benchmarks/Study_SamplesSet/8aa5f339acb2ed1105fbf1d3e55525ac.sol"},{"line":4,"column":56,"severity":"Warning","message":"Rule is set with explicit type [var/s: uint]","ruleId":"explicit-types","filePath":"Benchmarks/Study_SamplesSet/8aa5f339acb2ed1105fbf1d3e55525ac.sol"},{"line":5,"column":7,"severity":"Error","message":"Explicitly mark visibility in function","ruleId":"func-visibility","fix":null,"filePath":"Benchmarks/Study_SamplesSet/8aa5f339acb2ed1105fbf1d3e55525ac.sol"},{"line":5,"column":25,"severity":"Warning","message":"Rule is set with explicit type [var/s: uint]","ruleId":"explicit-types","filePath":"Benchmarks/Study_SamplesSet/8aa5f339acb2ed1105fbf1d3e55525ac.sol"},{"line":5,"column":49,"severity":"Warning","message":"Rule is set with explicit type [var/s: uint]","ruleId":"explicit-types","filePath":"Benchmarks/Study_SamplesSet/8aa5f339acb2ed1105fbf1d3e55525ac.sol"},{"line":6,"column":7,"severity":"Error","message":"Explicitly mark visibility in function","ruleId":"func-visibility","fix":null,"filePath":"Benchmarks/Study_SamplesSet/8aa5f339acb2ed1105fbf1d3e55525ac.sol"},{"line":6,"column":51,"severity":"Warning","message":"Rule is set with explicit type [var/s: uint]","ruleId":"explicit-types","filePath":"Benchmarks/Study_SamplesSet/8aa5f339acb2ed1105fbf1d3e55525ac.sol"},{"line":11,"column":5,"severity":"Error","message":"Explicitly mark visibility of state","ruleId":"state-visibility","fix":null,"filePath":"Benchmarks/Study_SamplesSet/8aa5f339acb2ed1105fbf1d3e55525ac.sol"},{"line":11,"column":5,"severity":"Warning","message":"Variable name must be in mixedCase","ruleId":"var-name-mixedcase","fix":null,"filePath":"Benchmarks/Study_SamplesSet/8aa5f339acb2ed1105fbf1d3e55525ac.sol"},{"line":12,"column":5,"severity":"Warning","message":"Variable name must be in mixedCase","ruleId":"var-name-mixedcase","fix":null,"filePath":"Benchmarks/Study_SamplesSet/8aa5f339acb2ed1105fbf1d3e55525ac.sol"},{"line":13,"column":5,"severity":"Warning","message":"Variable name must be in mixedCase","ruleId":"var-name-mixedcase","fix":null,"filePath":"Benchmarks/Study_SamplesSet/8aa5f339acb2ed1105fbf1d3e55525ac.sol"},{"line":14,"column":5,"severity":"Warning","message":"Rule is set with explicit type [var/s: uint]","ruleId":"explicit-types","filePath":"Benchmarks/Study_SamplesSet/8aa5f339acb2ed1105fbf1d3e55525ac.sol"},{"line":14,"column":5,"severity":"Warning","message":"Variable name must be in mixedCase","ruleId":"var-name-mixedcase","fix":null,"filePath":"Benchmarks/Study_SamplesSet/8aa5f339acb2ed1105fbf1d3e55525ac.sol"},{"line":15,"column":5,"severity":"Warning","message":"Rule is set with explicit type [var/s: uint]","ruleId":"explicit-types","filePath":"Benchmarks/Study_SamplesSet/8aa5f339acb2ed1105fbf1d3e55525ac.sol"},{"line":16,"column":5,"severity":"Warning","message":"Rule is set with explicit type [var/s: uint]","ruleId":"explicit-types","filePath":"Benchmarks/Study_SamplesSet/8aa5f339acb2ed1105fbf1d3e55525ac.sol"},{"line":17,"column":5,"severity":"Warning","message":"Rule is set with explicit type [var/s: uint]","ruleId":"explicit-types","filePath":"Benchmarks/Study_SamplesSet/8aa5f339acb2ed1105fbf1d3e55525ac.sol"},{"line":21,"column":7,"severity":"Warning","message":"Rule is set with explicit type [var/s: uint]","ruleId":"explicit-types","filePath":"Benchmarks/Study_SamplesSet/8aa5f339acb2ed1105fbf1d3e55525ac.sol"},{"line":22,"column":7,"severity":"Warning","message":"Rule is set with explicit type [var/s: uint]","ruleId":"explicit-types","filePath":"Benchmarks/Study_SamplesSet/8aa5f339acb2ed1105fbf1d3e55525ac.sol"},{"line":23,"column":7,"severity":"Warning","message":"Rule is set with explicit type [var/s: uint]","ruleId":"explicit-types","filePath":"Benchmarks/Study_SamplesSet/8aa5f339acb2ed1105fbf1d3e55525ac.sol"},{"line":26,"column":5,"severity":"Warning","message":"Rule is set with explicit type [var/s: uint]","ruleId":"explicit-types","filePath":"Benchmarks/Study_SamplesSet/8aa5f339acb2ed1105fbf1d3e55525ac.sol"},{"line":27,"column":5,"severity":"Warning","message":"Rule is set with explicit type [var/s: uint]","ruleId":"explicit-types","filePath":"Benchmarks/Study_SamplesSet/8aa5f339acb2ed1105fbf1d3e55525ac.sol"},{"line":29,"column":5,"severity":"Warning","message":"Event name must be in CamelCase","ruleId":"event-name-camelcase","filePath":"Benchmarks/Study_SamplesSet/8aa5f339acb2ed1105fbf1d3e55525ac.sol"},{"line":29,"column":42,"severity":"Warning","message":"Rule is set with explicit type [var/s: uint]","ruleId":"explicit-types","filePath":"Benchmarks/Study_SamplesSet/8aa5f339acb2ed1105fbf1d3e55525ac.sol"},{"line":30,"column":5,"severity":"Warning","message":"Event name must be in CamelCase","ruleId":"event-name-camelcase","filePath":"Benchmarks/Study_SamplesSet/8aa5f339acb2ed1105fbf1d3e55525ac.sol"},{"line":30,"column":40,"severity":"Warning","message":"Rule is set with explicit type [var/s: uint]","ruleId":"explicit-types","filePath":"Benchmarks/Study_SamplesSet/8aa5f339acb2ed1105fbf1d3e55525ac.sol"},{"line":32,"column":5,"severity":"Error","message":"Explicitly mark visibility in function (Set ignoreConstructors to true if using solidity >=0.7.0)","ruleId":"func-visibility","fix":null,"filePath":"Benchmarks/Study_SamplesSet/8aa5f339acb2ed1105fbf1d3e55525ac.sol"},{"line":33,"column":7,"severity":"Error","message":"Explicitly mark all external contracts as trusted or untrusted","ruleId":"mark-callable-contracts","filePath":"Benchmarks/Study_SamplesSet/8aa5f339acb2ed1105fbf1d3e55525ac.sol"},{"line":36,"column":7,"severity":"Error","message":"Explicitly mark all external contracts as trusted or untrusted","ruleId":"mark-callable-contracts","filePath":"Benchmarks/Study_SamplesSet/8aa5f339acb2ed1105fbf1d3e55525ac.sol"},{"line":38,"column":7,"severity":"Error","message":"Explicitly mark all external contracts as trusted or untrusted","ruleId":"mark-callable-contracts","filePath":"Benchmarks/Study_SamplesSet/8aa5f339acb2ed1105fbf1d3e55525ac.sol"},{"line":38,"column":23,"severity":"Error","message":"Explicitly mark all external contracts as trusted or untrusted","ruleId":"mark-callable-contracts","filePath":"Benchmarks/Study_SamplesSet/8aa5f339acb2ed1105fbf1d3e55525ac.sol"},{"line":41,"column":5,"severity":"Error","message":"Explicitly mark visibility in function","ruleId":"func-visibility","fix":null,"filePath":"Benchmarks/Study_SamplesSet/8aa5f339acb2ed1105fbf1d3e55525ac.sol"},{"line":44,"column":7,"severity":"Warning","message":"Rule is set with explicit type [var/s: uint]","ruleId":"explicit-types","filePath":"Benchmarks/Study_SamplesSet/8aa5f339acb2ed1105fbf1d3e55525ac.sol"},{"line":45,"column":7,"severity":"Warning","message":"Rule is set with explicit type [var/s: uint]","ruleId":"explicit-types","filePath":"Benchmarks/Study_SamplesSet/8aa5f339acb2ed1105fbf1d3e55525ac.sol"},{"line":48,"column":9,"severity":"Error","message":"\"throw\" is deprecated, avoid to use it","ruleId":"avoid-throw","filePath":"Benchmarks/Study_SamplesSet/8aa5f339acb2ed1105fbf1d3e55525ac.sol"},{"line":51,"column":9,"severity":"Error","message":"\"throw\" is deprecated, avoid to use it","ruleId":"avoid-throw","filePath":"Benchmarks/Study_SamplesSet/8aa5f339acb2ed1105fbf1d3e55525ac.sol"},{"line":54,"column":9,"severity":"Error","message":"\"throw\" is deprecated, avoid to use it","ruleId":"avoid-throw","filePath":"Benchmarks/Study_SamplesSet/8aa5f339acb2ed1105fbf1d3e55525ac.sol"},{"line":60,"column":25,"severity":"Error","message":"Explicitly mark all external contracts as trusted or untrusted","ruleId":"mark-callable-contracts","filePath":"Benchmarks/Study_SamplesSet/8aa5f339acb2ed1105fbf1d3e55525ac.sol"},{"line":67,"column":5,"severity":"Error","message":"Explicitly mark visibility in function","ruleId":"func-visibility","fix":null,"filePath":"Benchmarks/Study_SamplesSet/8aa5f339acb2ed1105fbf1d3e55525ac.sol"},{"line":67,"column":24,"severity":"Warning","message":"Rule is set with explicit type [var/s: uint]","ruleId":"explicit-types","filePath":"Benchmarks/Study_SamplesSet/8aa5f339acb2ed1105fbf1d3e55525ac.sol"},{"line":75,"column":9,"severity":"Error","message":"\"throw\" is deprecated, avoid to use it","ruleId":"avoid-throw","filePath":"Benchmarks/Study_SamplesSet/8aa5f339acb2ed1105fbf1d3e55525ac.sol"},{"line":77,"column":11,"severity":"Error","message":"Avoid making time-based decisions in your business logic","ruleId":"not-rely-on-time","fix":null,"filePath":"Benchmarks/Study_SamplesSet/8aa5f339acb2ed1105fbf1d3e55525ac.sol"},{"line":85,"column":9,"severity":"Error","message":"\"throw\" is deprecated, avoid to use it","ruleId":"avoid-throw","filePath":"Benchmarks/Study_SamplesSet/8aa5f339acb2ed1105fbf1d3e55525ac.sol"},{"line":95,"column":9,"severity":"Warning","message":"Rule is set with explicit type [var/s: uint]","ruleId":"explicit-types","filePath":"Benchmarks/Study_SamplesSet/8aa5f339acb2ed1105fbf1d3e55525ac.sol"},{"line":99,"column":9,"severity":"Warning","message":"Rule is set with explicit type [var/s: uint]","ruleId":"explicit-types","filePath":"Benchmarks/Study_SamplesSet/8aa5f339acb2ed1105fbf1d3e55525ac.sol"},{"line":101,"column":21,"severity":"Error","message":"Check result of \"send\" call","ruleId":"check-send-result","fix":null,"filePath":"Benchmarks/Study_SamplesSet/8aa5f339acb2ed1105fbf1d3e55525ac.sol"},{"line":101,"column":9,"severity":"Warning","message":"Variable \"sent\" is unused","ruleId":"no-unused-vars","fix":null,"filePath":"Benchmarks/Study_SamplesSet/8aa5f339acb2ed1105fbf1d3e55525ac.sol"},{"line":108,"column":5,"severity":"Error","message":"Explicitly mark visibility in function","ruleId":"func-visibility","fix":null,"filePath":"Benchmarks/Study_SamplesSet/8aa5f339acb2ed1105fbf1d3e55525ac.sol"},{"line":108,"column":49,"severity":"Warning","message":"Rule is set with explicit type [var/s: uint]","ruleId":"explicit-types","filePath":"Benchmarks/Study_SamplesSet/8aa5f339acb2ed1105fbf1d3e55525ac.sol"},{"line":113,"column":5,"severity":"Error","message":"Explicitly mark visibility in function","ruleId":"func-visibility","fix":null,"filePath":"Benchmarks/Study_SamplesSet/8aa5f339acb2ed1105fbf1d3e55525ac.sol"},{"line":113,"column":23,"severity":"Warning","message":"Rule is set with explicit type [var/s: uint]","ruleId":"explicit-types","filePath":"Benchmarks/Study_SamplesSet/8aa5f339acb2ed1105fbf1d3e55525ac.sol"},{"line":113,"column":54,"severity":"Warning","message":"Rule is set with explicit type [var/s: uint]","ruleId":"explicit-types","filePath":"Benchmarks/Study_SamplesSet/8aa5f339acb2ed1105fbf1d3e55525ac.sol"},{"line":113,"column":64,"severity":"Warning","message":"Rule is set with explicit type [var/s: uint]","ruleId":"explicit-types","filePath":"Benchmarks/Study_SamplesSet/8aa5f339acb2ed1105fbf1d3e55525ac.sol"},{"line":113,"column":75,"severity":"Warning","message":"Rule is set with explicit type [var/s: uint]","ruleId":"explicit-types","filePath":"Benchmarks/Study_SamplesSet/8aa5f339acb2ed1105fbf1d3e55525ac.sol"},{"line":119,"column":5,"severity":"Error","message":"Explicitly mark visibility in function","ruleId":"func-visibility","fix":null,"filePath":"Benchmarks/Study_SamplesSet/8aa5f339acb2ed1105fbf1d3e55525ac.sol"},{"line":119,"column":50,"severity":"Warning","message":"Rule is set with explicit type [var/s: uint]","ruleId":"explicit-types","filePath":"Benchmarks/Study_SamplesSet/8aa5f339acb2ed1105fbf1d3e55525ac.sol"},{"line":124,"column":5,"severity":"Error","message":"Explicitly mark visibility in function","ruleId":"func-visibility","fix":null,"filePath":"Benchmarks/Study_SamplesSet/8aa5f339acb2ed1105fbf1d3e55525ac.sol"},{"line":124,"column":23,"severity":"Warning","message":"Rule is set with explicit type [var/s: uint]","ruleId":"explicit-types","filePath":"Benchmarks/Study_SamplesSet/8aa5f339acb2ed1105fbf1d3e55525ac.sol"},{"line":124,"column":53,"severity":"Warning","message":"Rule is set with explicit type [var/s: uint]","ruleId":"explicit-types","filePath":"Benchmarks/Study_SamplesSet/8aa5f339acb2ed1105fbf1d3e55525ac.sol"},{"line":129,"column":5,"severity":"Error","message":"Explicitly mark visibility in function","ruleId":"func-visibility","fix":null,"filePath":"Benchmarks/Study_SamplesSet/8aa5f339acb2ed1105fbf1d3e55525ac.sol"},{"line":129,"column":54,"severity":"Warning","message":"Rule is set with explicit type [var/s: uint]","ruleId":"explicit-types","filePath":"Benchmarks/Study_SamplesSet/8aa5f339acb2ed1105fbf1d3e55525ac.sol"},{"line":134,"column":5,"severity":"Warning","message":"Function name must be in mixedCase","ruleId":"func-name-mixedcase","fix":null,"filePath":"Benchmarks/Study_SamplesSet/8aa5f339acb2ed1105fbf1d3e55525ac.sol"},{"line":134,"column":5,"severity":"Error","message":"Explicitly mark visibility in function","ruleId":"func-visibility","fix":null,"filePath":"Benchmarks/Study_SamplesSet/8aa5f339acb2ed1105fbf1d3e55525ac.sol"},{"line":137,"column":11,"severity":"Error","message":"\"throw\" is deprecated, avoid to use it","ruleId":"avoid-throw","filePath":"Benchmarks/Study_SamplesSet/8aa5f339acb2ed1105fbf1d3e55525ac.sol"},{"line":138,"column":7,"severity":"Error","message":"Explicitly mark all external contracts as trusted or untrusted","ruleId":"mark-callable-contracts","filePath":"Benchmarks/Study_SamplesSet/8aa5f339acb2ed1105fbf1d3e55525ac.sol"},{"line":141,"column":5,"severity":"Error","message":"Explicitly mark visibility in function","ruleId":"func-visibility","fix":null,"filePath":"Benchmarks/Study_SamplesSet/8aa5f339acb2ed1105fbf1d3e55525ac.sol"},{"line":141,"column":21,"severity":"Warning","message":"Rule is set with explicit type [var/s: uint]","ruleId":"explicit-types","filePath":"Benchmarks/Study_SamplesSet/8aa5f339acb2ed1105fbf1d3e55525ac.sol"},{"line":144,"column":11,"severity":"Error","message":"\"throw\" is deprecated, avoid to use it","ruleId":"avoid-throw","filePath":"Benchmarks/Study_SamplesSet/8aa5f339acb2ed1105fbf1d3e55525ac.sol"},{"line":145,"column":7,"severity":"Error","message":"Explicitly mark all external contracts as trusted or untrusted","ruleId":"mark-callable-contracts","filePath":"Benchmarks/Study_SamplesSet/8aa5f339acb2ed1105fbf1d3e55525ac.sol"},{"line":148,"column":5,"severity":"Error","message":"Explicitly mark visibility in function","ruleId":"func-visibility","fix":null,"filePath":"Benchmarks/Study_SamplesSet/8aa5f339acb2ed1105fbf1d3e55525ac.sol"},{"line":148,"column":30,"severity":"Warning","message":"Rule is set with explicit type [var/s: uint]","ruleId":"explicit-types","filePath":"Benchmarks/Study_SamplesSet/8aa5f339acb2ed1105fbf1d3e55525ac.sol"},{"line":151,"column":11,"severity":"Error","message":"\"throw\" is deprecated, avoid to use it","ruleId":"avoid-throw","filePath":"Benchmarks/Study_SamplesSet/8aa5f339acb2ed1105fbf1d3e55525ac.sol"},{"line":155,"column":5,"severity":"Error","message":"Explicitly mark visibility in function","ruleId":"func-visibility","fix":null,"filePath":"Benchmarks/Study_SamplesSet/8aa5f339acb2ed1105fbf1d3e55525ac.sol"},{"line":157,"column":11,"severity":"Error","message":"\"throw\" is deprecated, avoid to use it","ruleId":"avoid-throw","filePath":"Benchmarks/Study_SamplesSet/8aa5f339acb2ed1105fbf1d3e55525ac.sol"},{"line":161,"column":5,"severity":"Error","message":"Explicitly mark visibility in function","ruleId":"func-visibility","fix":null,"filePath":"Benchmarks/Study_SamplesSet/8aa5f339acb2ed1105fbf1d3e55525ac.sol"},{"line":161,"column":32,"severity":"Warning","message":"Rule is set with explicit type [var/s: uint]","ruleId":"explicit-types","filePath":"Benchmarks/Study_SamplesSet/8aa5f339acb2ed1105fbf1d3e55525ac.sol"},{"line":164,"column":11,"severity":"Error","message":"\"throw\" is deprecated, avoid to use it","ruleId":"avoid-throw","filePath":"Benchmarks/Study_SamplesSet/8aa5f339acb2ed1105fbf1d3e55525ac.sol"},{"line":167,"column":11,"severity":"Error","message":"\"throw\" is deprecated, avoid to use it","ruleId":"avoid-throw","filePath":"Benchmarks/Study_SamplesSet/8aa5f339acb2ed1105fbf1d3e55525ac.sol"},{"line":172,"column":9,"severity":"Error","message":"\"throw\" is deprecated, avoid to use it","ruleId":"avoid-throw","filePath":"Benchmarks/Study_SamplesSet/8aa5f339acb2ed1105fbf1d3e55525ac.sol"},{"conclusion":"80 problem/s (39 error/s, 41 warning/s)"}]
