[{"line":5,"column":1,"severity":"Warning","message":"Found more than One contract per file. 7 contracts found!","ruleId":"one-contract-per-file","fix":null,"filePath":"Benchmarks/Study_SamplesSet/8b2450b8ebcddaa8b0514caaa289d554.sol"},{"line":5,"column":1,"severity":"Error","message":"Compiler version >=0.4.23 <0.6.0 does not satisfy the ^0.8.0 semver requirement","ruleId":"compiler-version","fix":null,"filePath":"Benchmarks/Study_SamplesSet/8b2450b8ebcddaa8b0514caaa289d554.sol"},{"line":24,"column":9,"severity":"Warning","message":"Provide an error message for require","ruleId":"reason-string","fix":null,"filePath":"Benchmarks/Study_SamplesSet/8b2450b8ebcddaa8b0514caaa289d554.sol"},{"line":24,"column":9,"severity":"Warning","message":"Use Custom Errors instead of require statements","ruleId":"custom-errors","fix":null,"filePath":"Benchmarks/Study_SamplesSet/8b2450b8ebcddaa8b0514caaa289d554.sol"},{"line":34,"column":9,"severity":"Warning","message":"Provide an error message for require","ruleId":"reason-string","fix":null,"filePath":"Benchmarks/Study_SamplesSet/8b2450b8ebcddaa8b0514caaa289d554.sol"},{"line":34,"column":9,"severity":"Warning","message":"Use Custom Errors instead of require statements","ruleId":"custom-errors","fix":null,"filePath":"Benchmarks/Study_SamplesSet/8b2450b8ebcddaa8b0514caaa289d554.sol"},{"line":45,"column":9,"severity":"Warning","message":"Provide an error message for require","ruleId":"reason-string","fix":null,"filePath":"Benchmarks/Study_SamplesSet/8b2450b8ebcddaa8b0514caaa289d554.sol"},{"line":45,"column":9,"severity":"Warning","message":"Use Custom Errors instead of require statements","ruleId":"custom-errors","fix":null,"filePath":"Benchmarks/Study_SamplesSet/8b2450b8ebcddaa8b0514caaa289d554.sol"},{"line":56,"column":9,"severity":"Warning","message":"Provide an error message for require","ruleId":"reason-string","fix":null,"filePath":"Benchmarks/Study_SamplesSet/8b2450b8ebcddaa8b0514caaa289d554.sol"},{"line":56,"column":9,"severity":"Warning","message":"Use Custom Errors instead of require statements","ruleId":"custom-errors","fix":null,"filePath":"Benchmarks/Study_SamplesSet/8b2450b8ebcddaa8b0514caaa289d554.sol"},{"line":66,"column":9,"severity":"Warning","message":"Provide an error message for require","ruleId":"reason-string","fix":null,"filePath":"Benchmarks/Study_SamplesSet/8b2450b8ebcddaa8b0514caaa289d554.sol"},{"line":66,"column":9,"severity":"Warning","message":"Use Custom Errors instead of require statements","ruleId":"custom-errors","fix":null,"filePath":"Benchmarks/Study_SamplesSet/8b2450b8ebcddaa8b0514caaa289d554.sol"},{"line":98,"column":1,"severity":"Warning","message":"Function name must be in mixedCase","ruleId":"func-name-mixedcase","fix":null,"filePath":"Benchmarks/Study_SamplesSet/8b2450b8ebcddaa8b0514caaa289d554.sol"},{"line":98,"column":36,"severity":"Warning","message":"Visibility modifier must be first in list of modifiers","ruleId":"visibility-modifier-order","fix":null,"filePath":"Benchmarks/Study_SamplesSet/8b2450b8ebcddaa8b0514caaa289d554.sol"},{"line":101,"column":1,"severity":"Warning","message":"Function name must be in mixedCase","ruleId":"func-name-mixedcase","fix":null,"filePath":"Benchmarks/Study_SamplesSet/8b2450b8ebcddaa8b0514caaa289d554.sol"},{"line":101,"column":37,"severity":"Warning","message":"Visibility modifier must be first in list of modifiers","ruleId":"visibility-modifier-order","fix":null,"filePath":"Benchmarks/Study_SamplesSet/8b2450b8ebcddaa8b0514caaa289d554.sol"},{"line":104,"column":1,"severity":"Warning","message":"Function name must be in mixedCase","ruleId":"func-name-mixedcase","fix":null,"filePath":"Benchmarks/Study_SamplesSet/8b2450b8ebcddaa8b0514caaa289d554.sol"},{"line":104,"column":37,"severity":"Warning","message":"Visibility modifier must be first in list of modifiers","ruleId":"visibility-modifier-order","fix":null,"filePath":"Benchmarks/Study_SamplesSet/8b2450b8ebcddaa8b0514caaa289d554.sol"},{"line":107,"column":1,"severity":"Warning","message":"Function name must be in mixedCase","ruleId":"func-name-mixedcase","fix":null,"filePath":"Benchmarks/Study_SamplesSet/8b2450b8ebcddaa8b0514caaa289d554.sol"},{"line":107,"column":36,"severity":"Warning","message":"Visibility modifier must be first in list of modifiers","ruleId":"visibility-modifier-order","fix":null,"filePath":"Benchmarks/Study_SamplesSet/8b2450b8ebcddaa8b0514caaa289d554.sol"},{"line":110,"column":1,"severity":"Warning","message":"Function name must be in mixedCase","ruleId":"func-name-mixedcase","fix":null,"filePath":"Benchmarks/Study_SamplesSet/8b2450b8ebcddaa8b0514caaa289d554.sol"},{"line":110,"column":37,"severity":"Warning","message":"Visibility modifier must be first in list of modifiers","ruleId":"visibility-modifier-order","fix":null,"filePath":"Benchmarks/Study_SamplesSet/8b2450b8ebcddaa8b0514caaa289d554.sol"},{"line":113,"column":1,"severity":"Warning","message":"Function name must be in mixedCase","ruleId":"func-name-mixedcase","fix":null,"filePath":"Benchmarks/Study_SamplesSet/8b2450b8ebcddaa8b0514caaa289d554.sol"},{"line":113,"column":37,"severity":"Warning","message":"Visibility modifier must be first in list of modifiers","ruleId":"visibility-modifier-order","fix":null,"filePath":"Benchmarks/Study_SamplesSet/8b2450b8ebcddaa8b0514caaa289d554.sol"},{"line":115,"column":3,"severity":"Warning","message":"Function name must be in mixedCase","ruleId":"func-name-mixedcase","fix":null,"filePath":"Benchmarks/Study_SamplesSet/8b2450b8ebcddaa8b0514caaa289d554.sol"},{"line":115,"column":39,"severity":"Warning","message":"Visibility modifier must be first in list of modifiers","ruleId":"visibility-modifier-order","fix":null,"filePath":"Benchmarks/Study_SamplesSet/8b2450b8ebcddaa8b0514caaa289d554.sol"},{"line":118,"column":3,"severity":"Warning","message":"Function name must be in mixedCase","ruleId":"func-name-mixedcase","fix":null,"filePath":"Benchmarks/Study_SamplesSet/8b2450b8ebcddaa8b0514caaa289d554.sol"},{"line":118,"column":39,"severity":"Warning","message":"Visibility modifier must be first in list of modifiers","ruleId":"visibility-modifier-order","fix":null,"filePath":"Benchmarks/Study_SamplesSet/8b2450b8ebcddaa8b0514caaa289d554.sol"},{"line":125,"column":43,"severity":"Warning","message":"Rule is set with explicit type [var/s: uint]","ruleId":"explicit-types","filePath":"Benchmarks/Study_SamplesSet/8b2450b8ebcddaa8b0514caaa289d554.sol"},{"line":126,"column":1,"severity":"Warning","message":"Function name must be in mixedCase","ruleId":"func-name-mixedcase","fix":null,"filePath":"Benchmarks/Study_SamplesSet/8b2450b8ebcddaa8b0514caaa289d554.sol"},{"line":126,"column":37,"severity":"Warning","message":"Visibility modifier must be first in list of modifiers","ruleId":"visibility-modifier-order","fix":null,"filePath":"Benchmarks/Study_SamplesSet/8b2450b8ebcddaa8b0514caaa289d554.sol"},{"line":131,"column":58,"severity":"Warning","message":"Rule is set with explicit type [var/s: uint]","ruleId":"explicit-types","filePath":"Benchmarks/Study_SamplesSet/8b2450b8ebcddaa8b0514caaa289d554.sol"},{"line":132,"column":1,"severity":"Warning","message":"Function name must be in mixedCase","ruleId":"func-name-mixedcase","fix":null,"filePath":"Benchmarks/Study_SamplesSet/8b2450b8ebcddaa8b0514caaa289d554.sol"},{"line":132,"column":37,"severity":"Warning","message":"Visibility modifier must be first in list of modifiers","ruleId":"visibility-modifier-order","fix":null,"filePath":"Benchmarks/Study_SamplesSet/8b2450b8ebcddaa8b0514caaa289d554.sol"},{"line":134,"column":35,"severity":"Warning","message":"Rule is set with explicit type [var/s: uint]","ruleId":"explicit-types","filePath":"Benchmarks/Study_SamplesSet/8b2450b8ebcddaa8b0514caaa289d554.sol"},{"line":135,"column":1,"severity":"Warning","message":"Function name must be in mixedCase","ruleId":"func-name-mixedcase","fix":null,"filePath":"Benchmarks/Study_SamplesSet/8b2450b8ebcddaa8b0514caaa289d554.sol"},{"line":135,"column":37,"severity":"Warning","message":"Visibility modifier must be first in list of modifiers","ruleId":"visibility-modifier-order","fix":null,"filePath":"Benchmarks/Study_SamplesSet/8b2450b8ebcddaa8b0514caaa289d554.sol"},{"line":137,"column":35,"severity":"Warning","message":"Rule is set with explicit type [var/s: uint]","ruleId":"explicit-types","filePath":"Benchmarks/Study_SamplesSet/8b2450b8ebcddaa8b0514caaa289d554.sol"},{"line":138,"column":1,"severity":"Warning","message":"Function name must be in mixedCase","ruleId":"func-name-mixedcase","fix":null,"filePath":"Benchmarks/Study_SamplesSet/8b2450b8ebcddaa8b0514caaa289d554.sol"},{"line":138,"column":37,"severity":"Warning","message":"Visibility modifier must be first in list of modifiers","ruleId":"visibility-modifier-order","fix":null,"filePath":"Benchmarks/Study_SamplesSet/8b2450b8ebcddaa8b0514caaa289d554.sol"},{"line":140,"column":3,"severity":"Warning","message":"Function name must be in mixedCase","ruleId":"func-name-mixedcase","fix":null,"filePath":"Benchmarks/Study_SamplesSet/8b2450b8ebcddaa8b0514caaa289d554.sol"},{"line":140,"column":39,"severity":"Warning","message":"Visibility modifier must be first in list of modifiers","ruleId":"visibility-modifier-order","fix":null,"filePath":"Benchmarks/Study_SamplesSet/8b2450b8ebcddaa8b0514caaa289d554.sol"},{"line":142,"column":60,"severity":"Warning","message":"Rule is set with explicit type [var/s: uint]","ruleId":"explicit-types","filePath":"Benchmarks/Study_SamplesSet/8b2450b8ebcddaa8b0514caaa289d554.sol"},{"line":150,"column":5,"severity":"Error","message":"Explicitly mark visibility of state","ruleId":"state-visibility","fix":null,"filePath":"Benchmarks/Study_SamplesSet/8b2450b8ebcddaa8b0514caaa289d554.sol"},{"line":152,"column":36,"severity":"Warning","message":"Rule is set with explicit type [var/s: uint]","ruleId":"explicit-types","filePath":"Benchmarks/Study_SamplesSet/8b2450b8ebcddaa8b0514caaa289d554.sol"},{"line":153,"column":9,"severity":"Warning","message":"Rule is set with explicit type [var/s: uint]","ruleId":"explicit-types","filePath":"Benchmarks/Study_SamplesSet/8b2450b8ebcddaa8b0514caaa289d554.sol"},{"line":156,"column":9,"severity":"Error","message":"Avoid to use inline assembly. It is acceptable only in rare cases","ruleId":"no-inline-assembly","fix":null,"filePath":"Benchmarks/Study_SamplesSet/8b2450b8ebcddaa8b0514caaa289d554.sol"},{"line":161,"column":9,"severity":"Warning","message":"Provide an error message for require","ruleId":"reason-string","fix":null,"filePath":"Benchmarks/Study_SamplesSet/8b2450b8ebcddaa8b0514caaa289d554.sol"},{"line":161,"column":9,"severity":"Warning","message":"Use Custom Errors instead of require statements","ruleId":"custom-errors","fix":null,"filePath":"Benchmarks/Study_SamplesSet/8b2450b8ebcddaa8b0514caaa289d554.sol"},{"line":162,"column":9,"severity":"Warning","message":"Provide an error message for require","ruleId":"reason-string","fix":null,"filePath":"Benchmarks/Study_SamplesSet/8b2450b8ebcddaa8b0514caaa289d554.sol"},{"line":162,"column":9,"severity":"Warning","message":"Use Custom Errors instead of require statements","ruleId":"custom-errors","fix":null,"filePath":"Benchmarks/Study_SamplesSet/8b2450b8ebcddaa8b0514caaa289d554.sol"},{"line":163,"column":9,"severity":"Warning","message":"Provide an error message for require","ruleId":"reason-string","fix":null,"filePath":"Benchmarks/Study_SamplesSet/8b2450b8ebcddaa8b0514caaa289d554.sol"},{"line":163,"column":9,"severity":"Warning","message":"Use Custom Errors instead of require statements","ruleId":"custom-errors","fix":null,"filePath":"Benchmarks/Study_SamplesSet/8b2450b8ebcddaa8b0514caaa289d554.sol"},{"line":164,"column":9,"severity":"Warning","message":"Provide an error message for require","ruleId":"reason-string","fix":null,"filePath":"Benchmarks/Study_SamplesSet/8b2450b8ebcddaa8b0514caaa289d554.sol"},{"line":164,"column":9,"severity":"Warning","message":"Use Custom Errors instead of require statements","ruleId":"custom-errors","fix":null,"filePath":"Benchmarks/Study_SamplesSet/8b2450b8ebcddaa8b0514caaa289d554.sol"},{"line":177,"column":1,"severity":"Warning","message":"Function name must be in mixedCase","ruleId":"func-name-mixedcase","fix":null,"filePath":"Benchmarks/Study_SamplesSet/8b2450b8ebcddaa8b0514caaa289d554.sol"},{"line":177,"column":37,"severity":"Warning","message":"Visibility modifier must be first in list of modifiers","ruleId":"visibility-modifier-order","fix":null,"filePath":"Benchmarks/Study_SamplesSet/8b2450b8ebcddaa8b0514caaa289d554.sol"},{"line":180,"column":36,"severity":"Warning","message":"Rule is set with explicit type [var/s: uint]","ruleId":"explicit-types","filePath":"Benchmarks/Study_SamplesSet/8b2450b8ebcddaa8b0514caaa289d554.sol"},{"line":183,"column":9,"severity":"Warning","message":"Rule is set with explicit type [var/s: uint]","ruleId":"explicit-types","filePath":"Benchmarks/Study_SamplesSet/8b2450b8ebcddaa8b0514caaa289d554.sol"},{"line":184,"column":9,"severity":"Error","message":"Avoid to use inline assembly. It is acceptable only in rare cases","ruleId":"no-inline-assembly","fix":null,"filePath":"Benchmarks/Study_SamplesSet/8b2450b8ebcddaa8b0514caaa289d554.sol"},{"line":189,"column":9,"severity":"Warning","message":"Provide an error message for require","ruleId":"reason-string","fix":null,"filePath":"Benchmarks/Study_SamplesSet/8b2450b8ebcddaa8b0514caaa289d554.sol"},{"line":189,"column":9,"severity":"Warning","message":"Use Custom Errors instead of require statements","ruleId":"custom-errors","fix":null,"filePath":"Benchmarks/Study_SamplesSet/8b2450b8ebcddaa8b0514caaa289d554.sol"},{"line":190,"column":9,"severity":"Warning","message":"Provide an error message for require","ruleId":"reason-string","fix":null,"filePath":"Benchmarks/Study_SamplesSet/8b2450b8ebcddaa8b0514caaa289d554.sol"},{"line":190,"column":9,"severity":"Warning","message":"Use Custom Errors instead of require statements","ruleId":"custom-errors","fix":null,"filePath":"Benchmarks/Study_SamplesSet/8b2450b8ebcddaa8b0514caaa289d554.sol"},{"line":191,"column":9,"severity":"Warning","message":"Provide an error message for require","ruleId":"reason-string","fix":null,"filePath":"Benchmarks/Study_SamplesSet/8b2450b8ebcddaa8b0514caaa289d554.sol"},{"line":191,"column":9,"severity":"Warning","message":"Use Custom Errors instead of require statements","ruleId":"custom-errors","fix":null,"filePath":"Benchmarks/Study_SamplesSet/8b2450b8ebcddaa8b0514caaa289d554.sol"},{"line":192,"column":9,"severity":"Warning","message":"Provide an error message for require","ruleId":"reason-string","fix":null,"filePath":"Benchmarks/Study_SamplesSet/8b2450b8ebcddaa8b0514caaa289d554.sol"},{"line":192,"column":9,"severity":"Warning","message":"Use Custom Errors instead of require statements","ruleId":"custom-errors","fix":null,"filePath":"Benchmarks/Study_SamplesSet/8b2450b8ebcddaa8b0514caaa289d554.sol"},{"line":206,"column":1,"severity":"Warning","message":"Function name must be in mixedCase","ruleId":"func-name-mixedcase","fix":null,"filePath":"Benchmarks/Study_SamplesSet/8b2450b8ebcddaa8b0514caaa289d554.sol"},{"line":206,"column":36,"severity":"Warning","message":"Visibility modifier must be first in list of modifiers","ruleId":"visibility-modifier-order","fix":null,"filePath":"Benchmarks/Study_SamplesSet/8b2450b8ebcddaa8b0514caaa289d554.sol"},{"line":212,"column":1,"severity":"Warning","message":"Function name must be in mixedCase","ruleId":"func-name-mixedcase","fix":null,"filePath":"Benchmarks/Study_SamplesSet/8b2450b8ebcddaa8b0514caaa289d554.sol"},{"line":212,"column":36,"severity":"Warning","message":"Visibility modifier must be first in list of modifiers","ruleId":"visibility-modifier-order","fix":null,"filePath":"Benchmarks/Study_SamplesSet/8b2450b8ebcddaa8b0514caaa289d554.sol"},{"line":228,"column":1,"severity":"Warning","message":"Function name must be in mixedCase","ruleId":"func-name-mixedcase","fix":null,"filePath":"Benchmarks/Study_SamplesSet/8b2450b8ebcddaa8b0514caaa289d554.sol"},{"line":228,"column":37,"severity":"Warning","message":"Visibility modifier must be first in list of modifiers","ruleId":"visibility-modifier-order","fix":null,"filePath":"Benchmarks/Study_SamplesSet/8b2450b8ebcddaa8b0514caaa289d554.sol"},{"line":232,"column":9,"severity":"Warning","message":"Provide an error message for require","ruleId":"reason-string","fix":null,"filePath":"Benchmarks/Study_SamplesSet/8b2450b8ebcddaa8b0514caaa289d554.sol"},{"line":232,"column":9,"severity":"Warning","message":"Use Custom Errors instead of require statements","ruleId":"custom-errors","fix":null,"filePath":"Benchmarks/Study_SamplesSet/8b2450b8ebcddaa8b0514caaa289d554.sol"},{"line":239,"column":5,"severity":"Warning","message":"Constant name must be in capitalized SNAKE_CASE","ruleId":"const-name-snakecase","fix":null,"filePath":"Benchmarks/Study_SamplesSet/8b2450b8ebcddaa8b0514caaa289d554.sol"},{"line":240,"column":5,"severity":"Warning","message":"Constant name must be in capitalized SNAKE_CASE","ruleId":"const-name-snakecase","fix":null,"filePath":"Benchmarks/Study_SamplesSet/8b2450b8ebcddaa8b0514caaa289d554.sol"},{"line":241,"column":5,"severity":"Warning","message":"Constant name must be in capitalized SNAKE_CASE","ruleId":"const-name-snakecase","fix":null,"filePath":"Benchmarks/Study_SamplesSet/8b2450b8ebcddaa8b0514caaa289d554.sol"},{"line":243,"column":5,"severity":"Warning","message":"Rule is set with explicit type [var/s: uint]","ruleId":"explicit-types","filePath":"Benchmarks/Study_SamplesSet/8b2450b8ebcddaa8b0514caaa289d554.sol"},{"line":244,"column":5,"severity":"Warning","message":"Rule is set with explicit type [var/s: uint]","ruleId":"explicit-types","filePath":"Benchmarks/Study_SamplesSet/8b2450b8ebcddaa8b0514caaa289d554.sol"},{"line":246,"column":3,"severity":"Warning","message":"Function name must be in mixedCase","ruleId":"func-name-mixedcase","fix":null,"filePath":"Benchmarks/Study_SamplesSet/8b2450b8ebcddaa8b0514caaa289d554.sol"},{"line":246,"column":39,"severity":"Warning","message":"Visibility modifier must be first in list of modifiers","ruleId":"visibility-modifier-order","fix":null,"filePath":"Benchmarks/Study_SamplesSet/8b2450b8ebcddaa8b0514caaa289d554.sol"},{"line":250,"column":3,"severity":"Warning","message":"Function name must be in mixedCase","ruleId":"func-name-mixedcase","fix":null,"filePath":"Benchmarks/Study_SamplesSet/8b2450b8ebcddaa8b0514caaa289d554.sol"},{"line":250,"column":39,"severity":"Warning","message":"Visibility modifier must be first in list of modifiers","ruleId":"visibility-modifier-order","fix":null,"filePath":"Benchmarks/Study_SamplesSet/8b2450b8ebcddaa8b0514caaa289d554.sol"},{"line":252,"column":3,"severity":"Error","message":"Explicitly mark visibility of state","ruleId":"state-visibility","fix":null,"filePath":"Benchmarks/Study_SamplesSet/8b2450b8ebcddaa8b0514caaa289d554.sol"},{"line":259,"column":1,"severity":"Warning","message":"Function name must be in mixedCase","ruleId":"func-name-mixedcase","fix":null,"filePath":"Benchmarks/Study_SamplesSet/8b2450b8ebcddaa8b0514caaa289d554.sol"},{"line":259,"column":36,"severity":"Warning","message":"Visibility modifier must be first in list of modifiers","ruleId":"visibility-modifier-order","fix":null,"filePath":"Benchmarks/Study_SamplesSet/8b2450b8ebcddaa8b0514caaa289d554.sol"},{"line":264,"column":6,"severity":"Warning","message":"Provide an error message for require","ruleId":"reason-string","fix":null,"filePath":"Benchmarks/Study_SamplesSet/8b2450b8ebcddaa8b0514caaa289d554.sol"},{"line":264,"column":6,"severity":"Warning","message":"Use Custom Errors instead of require statements","ruleId":"custom-errors","fix":null,"filePath":"Benchmarks/Study_SamplesSet/8b2450b8ebcddaa8b0514caaa289d554.sol"},{"line":267,"column":1,"severity":"Warning","message":"Function name must be in mixedCase","ruleId":"func-name-mixedcase","fix":null,"filePath":"Benchmarks/Study_SamplesSet/8b2450b8ebcddaa8b0514caaa289d554.sol"},{"line":267,"column":36,"severity":"Warning","message":"Visibility modifier must be first in list of modifiers","ruleId":"visibility-modifier-order","fix":null,"filePath":"Benchmarks/Study_SamplesSet/8b2450b8ebcddaa8b0514caaa289d554.sol"},{"line":274,"column":1,"severity":"Warning","message":"Function name must be in mixedCase","ruleId":"func-name-mixedcase","fix":null,"filePath":"Benchmarks/Study_SamplesSet/8b2450b8ebcddaa8b0514caaa289d554.sol"},{"line":274,"column":37,"severity":"Warning","message":"Visibility modifier must be first in list of modifiers","ruleId":"visibility-modifier-order","fix":null,"filePath":"Benchmarks/Study_SamplesSet/8b2450b8ebcddaa8b0514caaa289d554.sol"},{"line":280,"column":1,"severity":"Warning","message":"Function name must be in mixedCase","ruleId":"func-name-mixedcase","fix":null,"filePath":"Benchmarks/Study_SamplesSet/8b2450b8ebcddaa8b0514caaa289d554.sol"},{"line":280,"column":37,"severity":"Warning","message":"Visibility modifier must be first in list of modifiers","ruleId":"visibility-modifier-order","fix":null,"filePath":"Benchmarks/Study_SamplesSet/8b2450b8ebcddaa8b0514caaa289d554.sol"},{"line":283,"column":5,"severity":"Warning","message":"Function name must be in mixedCase","ruleId":"func-name-mixedcase","fix":null,"filePath":"Benchmarks/Study_SamplesSet/8b2450b8ebcddaa8b0514caaa289d554.sol"},{"line":286,"column":1,"severity":"Warning","message":"Function name must be in mixedCase","ruleId":"func-name-mixedcase","fix":null,"filePath":"Benchmarks/Study_SamplesSet/8b2450b8ebcddaa8b0514caaa289d554.sol"},{"line":286,"column":37,"severity":"Warning","message":"Visibility modifier must be first in list of modifiers","ruleId":"visibility-modifier-order","fix":null,"filePath":"Benchmarks/Study_SamplesSet/8b2450b8ebcddaa8b0514caaa289d554.sol"},{"line":293,"column":1,"severity":"Warning","message":"Function name must be in mixedCase","ruleId":"func-name-mixedcase","fix":null,"filePath":"Benchmarks/Study_SamplesSet/8b2450b8ebcddaa8b0514caaa289d554.sol"},{"line":293,"column":37,"severity":"Warning","message":"Visibility modifier must be first in list of modifiers","ruleId":"visibility-modifier-order","fix":null,"filePath":"Benchmarks/Study_SamplesSet/8b2450b8ebcddaa8b0514caaa289d554.sol"},{"line":299,"column":1,"severity":"Warning","message":"Function name must be in mixedCase","ruleId":"func-name-mixedcase","fix":null,"filePath":"Benchmarks/Study_SamplesSet/8b2450b8ebcddaa8b0514caaa289d554.sol"},{"line":299,"column":37,"severity":"Warning","message":"Visibility modifier must be first in list of modifiers","ruleId":"visibility-modifier-order","fix":null,"filePath":"Benchmarks/Study_SamplesSet/8b2450b8ebcddaa8b0514caaa289d554.sol"},{"line":302,"column":5,"severity":"Warning","message":"Function name must be in mixedCase","ruleId":"func-name-mixedcase","fix":null,"filePath":"Benchmarks/Study_SamplesSet/8b2450b8ebcddaa8b0514caaa289d554.sol"},{"line":305,"column":1,"severity":"Warning","message":"Function name must be in mixedCase","ruleId":"func-name-mixedcase","fix":null,"filePath":"Benchmarks/Study_SamplesSet/8b2450b8ebcddaa8b0514caaa289d554.sol"},{"line":305,"column":36,"severity":"Warning","message":"Visibility modifier must be first in list of modifiers","ruleId":"visibility-modifier-order","fix":null,"filePath":"Benchmarks/Study_SamplesSet/8b2450b8ebcddaa8b0514caaa289d554.sol"},{"line":310,"column":1,"severity":"Warning","message":"Function name must be in mixedCase","ruleId":"func-name-mixedcase","fix":null,"filePath":"Benchmarks/Study_SamplesSet/8b2450b8ebcddaa8b0514caaa289d554.sol"},{"line":310,"column":36,"severity":"Warning","message":"Visibility modifier must be first in list of modifiers","ruleId":"visibility-modifier-order","fix":null,"filePath":"Benchmarks/Study_SamplesSet/8b2450b8ebcddaa8b0514caaa289d554.sol"},{"line":317,"column":1,"severity":"Warning","message":"Function name must be in mixedCase","ruleId":"func-name-mixedcase","fix":null,"filePath":"Benchmarks/Study_SamplesSet/8b2450b8ebcddaa8b0514caaa289d554.sol"},{"line":317,"column":37,"severity":"Warning","message":"Visibility modifier must be first in list of modifiers","ruleId":"visibility-modifier-order","fix":null,"filePath":"Benchmarks/Study_SamplesSet/8b2450b8ebcddaa8b0514caaa289d554.sol"},{"line":324,"column":9,"severity":"Warning","message":"Provide an error message for require","ruleId":"reason-string","fix":null,"filePath":"Benchmarks/Study_SamplesSet/8b2450b8ebcddaa8b0514caaa289d554.sol"},{"line":324,"column":9,"severity":"Warning","message":"Use Custom Errors instead of require statements","ruleId":"custom-errors","fix":null,"filePath":"Benchmarks/Study_SamplesSet/8b2450b8ebcddaa8b0514caaa289d554.sol"},{"line":325,"column":9,"severity":"Warning","message":"Provide an error message for require","ruleId":"reason-string","fix":null,"filePath":"Benchmarks/Study_SamplesSet/8b2450b8ebcddaa8b0514caaa289d554.sol"},{"line":325,"column":9,"severity":"Warning","message":"Use Custom Errors instead of require statements","ruleId":"custom-errors","fix":null,"filePath":"Benchmarks/Study_SamplesSet/8b2450b8ebcddaa8b0514caaa289d554.sol"},{"line":329,"column":36,"severity":"Warning","message":"Rule is set with explicit type [var/s: uint]","ruleId":"explicit-types","filePath":"Benchmarks/Study_SamplesSet/8b2450b8ebcddaa8b0514caaa289d554.sol"},{"line":332,"column":1,"severity":"Warning","message":"Function name must be in mixedCase","ruleId":"func-name-mixedcase","fix":null,"filePath":"Benchmarks/Study_SamplesSet/8b2450b8ebcddaa8b0514caaa289d554.sol"},{"line":332,"column":37,"severity":"Warning","message":"Visibility modifier must be first in list of modifiers","ruleId":"visibility-modifier-order","fix":null,"filePath":"Benchmarks/Study_SamplesSet/8b2450b8ebcddaa8b0514caaa289d554.sol"},{"line":335,"column":36,"severity":"Warning","message":"Rule is set with explicit type [var/s: uint]","ruleId":"explicit-types","filePath":"Benchmarks/Study_SamplesSet/8b2450b8ebcddaa8b0514caaa289d554.sol"},{"line":338,"column":1,"severity":"Warning","message":"Function name must be in mixedCase","ruleId":"func-name-mixedcase","fix":null,"filePath":"Benchmarks/Study_SamplesSet/8b2450b8ebcddaa8b0514caaa289d554.sol"},{"line":338,"column":37,"severity":"Warning","message":"Visibility modifier must be first in list of modifiers","ruleId":"visibility-modifier-order","fix":null,"filePath":"Benchmarks/Study_SamplesSet/8b2450b8ebcddaa8b0514caaa289d554.sol"},{"line":347,"column":1,"severity":"Warning","message":"Function name must be in mixedCase","ruleId":"func-name-mixedcase","fix":null,"filePath":"Benchmarks/Study_SamplesSet/8b2450b8ebcddaa8b0514caaa289d554.sol"},{"line":347,"column":36,"severity":"Warning","message":"Visibility modifier must be first in list of modifiers","ruleId":"visibility-modifier-order","fix":null,"filePath":"Benchmarks/Study_SamplesSet/8b2450b8ebcddaa8b0514caaa289d554.sol"},{"conclusion":"122 problem/s (5 error/s, 117 warning/s)"}]
