[{"line":32,"column":1,"severity":"Warning","message":"Found more than One contract per file. 4 contracts found!","ruleId":"one-contract-per-file","fix":null,"filePath":"Benchmarks/Study_SamplesSet/8d6461ba55fee8ee89a5a6525476f36f.sol"},{"line":32,"column":1,"severity":"Error","message":"Compiler version ^0.4.18 does not satisfy the ^0.8.0 semver requirement","ruleId":"compiler-version","fix":null,"filePath":"Benchmarks/Study_SamplesSet/8d6461ba55fee8ee89a5a6525476f36f.sol"},{"line":36,"column":20,"severity":"Warning","message":"Rule is set with explicit type [var/s: uint]","ruleId":"explicit-types","filePath":"Benchmarks/Study_SamplesSet/8d6461ba55fee8ee89a5a6525476f36f.sol"},{"line":37,"column":5,"severity":"Warning","message":"Function name must be in mixedCase","ruleId":"func-name-mixedcase","fix":null,"filePath":"Benchmarks/Study_SamplesSet/8d6461ba55fee8ee89a5a6525476f36f.sol"},{"line":37,"column":33,"severity":"Warning","message":"Rule is set with explicit type [var/s: uint]","ruleId":"explicit-types","filePath":"Benchmarks/Study_SamplesSet/8d6461ba55fee8ee89a5a6525476f36f.sol"},{"line":37,"column":83,"severity":"Warning","message":"Rule is set with explicit type [var/s: uint]","ruleId":"explicit-types","filePath":"Benchmarks/Study_SamplesSet/8d6461ba55fee8ee89a5a6525476f36f.sol"},{"line":38,"column":21,"severity":"Warning","message":"Rule is set with explicit type [var/s: uint]","ruleId":"explicit-types","filePath":"Benchmarks/Study_SamplesSet/8d6461ba55fee8ee89a5a6525476f36f.sol"},{"line":39,"column":5,"severity":"Warning","message":"Function name must be in mixedCase","ruleId":"func-name-mixedcase","fix":null,"filePath":"Benchmarks/Study_SamplesSet/8d6461ba55fee8ee89a5a6525476f36f.sol"},{"line":39,"column":34,"severity":"Warning","message":"Rule is set with explicit type [var/s: uint]","ruleId":"explicit-types","filePath":"Benchmarks/Study_SamplesSet/8d6461ba55fee8ee89a5a6525476f36f.sol"},{"line":39,"column":99,"severity":"Warning","message":"Rule is set with explicit type [var/s: uint]","ruleId":"explicit-types","filePath":"Benchmarks/Study_SamplesSet/8d6461ba55fee8ee89a5a6525476f36f.sol"},{"line":40,"column":21,"severity":"Warning","message":"Rule is set with explicit type [var/s: uint]","ruleId":"explicit-types","filePath":"Benchmarks/Study_SamplesSet/8d6461ba55fee8ee89a5a6525476f36f.sol"},{"line":41,"column":5,"severity":"Warning","message":"Function name must be in mixedCase","ruleId":"func-name-mixedcase","fix":null,"filePath":"Benchmarks/Study_SamplesSet/8d6461ba55fee8ee89a5a6525476f36f.sol"},{"line":41,"column":34,"severity":"Warning","message":"Rule is set with explicit type [var/s: uint]","ruleId":"explicit-types","filePath":"Benchmarks/Study_SamplesSet/8d6461ba55fee8ee89a5a6525476f36f.sol"},{"line":41,"column":84,"severity":"Warning","message":"Rule is set with explicit type [var/s: uint]","ruleId":"explicit-types","filePath":"Benchmarks/Study_SamplesSet/8d6461ba55fee8ee89a5a6525476f36f.sol"},{"line":42,"column":59,"severity":"Warning","message":"Rule is set with explicit type [var/s: uint]","ruleId":"explicit-types","filePath":"Benchmarks/Study_SamplesSet/8d6461ba55fee8ee89a5a6525476f36f.sol"},{"line":43,"column":43,"severity":"Warning","message":"Rule is set with explicit type [var/s: uint]","ruleId":"explicit-types","filePath":"Benchmarks/Study_SamplesSet/8d6461ba55fee8ee89a5a6525476f36f.sol"},{"line":43,"column":74,"severity":"Warning","message":"Rule is set with explicit type [var/s: uint]","ruleId":"explicit-types","filePath":"Benchmarks/Study_SamplesSet/8d6461ba55fee8ee89a5a6525476f36f.sol"},{"line":45,"column":32,"severity":"Warning","message":"Rule is set with explicit type [var/s: uint]","ruleId":"explicit-types","filePath":"Benchmarks/Study_SamplesSet/8d6461ba55fee8ee89a5a6525476f36f.sol"},{"line":46,"column":5,"severity":"Warning","message":"Function name must be in mixedCase","ruleId":"func-name-mixedcase","fix":null,"filePath":"Benchmarks/Study_SamplesSet/8d6461ba55fee8ee89a5a6525476f36f.sol"},{"line":51,"column":1,"severity":"Warning","message":"Contract, Structs and Enums should be in CamelCase","ruleId":"contract-name-camelcase","filePath":"Benchmarks/Study_SamplesSet/8d6461ba55fee8ee89a5a6525476f36f.sol"},{"line":52,"column":5,"severity":"Error","message":"Explicitly mark visibility of state","ruleId":"state-visibility","fix":null,"filePath":"Benchmarks/Study_SamplesSet/8d6461ba55fee8ee89a5a6525476f36f.sol"},{"line":52,"column":5,"severity":"Warning","message":"Rule is set with explicit type [var/s: uint]","ruleId":"explicit-types","filePath":"Benchmarks/Study_SamplesSet/8d6461ba55fee8ee89a5a6525476f36f.sol"},{"line":52,"column":5,"severity":"Warning","message":"Constant name must be in capitalized SNAKE_CASE","ruleId":"const-name-snakecase","fix":null,"filePath":"Benchmarks/Study_SamplesSet/8d6461ba55fee8ee89a5a6525476f36f.sol"},{"line":53,"column":5,"severity":"Error","message":"Explicitly mark visibility of state","ruleId":"state-visibility","fix":null,"filePath":"Benchmarks/Study_SamplesSet/8d6461ba55fee8ee89a5a6525476f36f.sol"},{"line":53,"column":5,"severity":"Warning","message":"Rule is set with explicit type [var/s: uint]","ruleId":"explicit-types","filePath":"Benchmarks/Study_SamplesSet/8d6461ba55fee8ee89a5a6525476f36f.sol"},{"line":53,"column":5,"severity":"Warning","message":"Constant name must be in capitalized SNAKE_CASE","ruleId":"const-name-snakecase","fix":null,"filePath":"Benchmarks/Study_SamplesSet/8d6461ba55fee8ee89a5a6525476f36f.sol"},{"line":54,"column":5,"severity":"Error","message":"Explicitly mark visibility of state","ruleId":"state-visibility","fix":null,"filePath":"Benchmarks/Study_SamplesSet/8d6461ba55fee8ee89a5a6525476f36f.sol"},{"line":54,"column":5,"severity":"Warning","message":"Rule is set with explicit type [var/s: uint]","ruleId":"explicit-types","filePath":"Benchmarks/Study_SamplesSet/8d6461ba55fee8ee89a5a6525476f36f.sol"},{"line":54,"column":5,"severity":"Warning","message":"Constant name must be in capitalized SNAKE_CASE","ruleId":"const-name-snakecase","fix":null,"filePath":"Benchmarks/Study_SamplesSet/8d6461ba55fee8ee89a5a6525476f36f.sol"},{"line":55,"column":5,"severity":"Error","message":"Explicitly mark visibility of state","ruleId":"state-visibility","fix":null,"filePath":"Benchmarks/Study_SamplesSet/8d6461ba55fee8ee89a5a6525476f36f.sol"},{"line":55,"column":5,"severity":"Warning","message":"Constant name must be in capitalized SNAKE_CASE","ruleId":"const-name-snakecase","fix":null,"filePath":"Benchmarks/Study_SamplesSet/8d6461ba55fee8ee89a5a6525476f36f.sol"},{"line":56,"column":5,"severity":"Error","message":"Explicitly mark visibility of state","ruleId":"state-visibility","fix":null,"filePath":"Benchmarks/Study_SamplesSet/8d6461ba55fee8ee89a5a6525476f36f.sol"},{"line":56,"column":5,"severity":"Warning","message":"Constant name must be in capitalized SNAKE_CASE","ruleId":"const-name-snakecase","fix":null,"filePath":"Benchmarks/Study_SamplesSet/8d6461ba55fee8ee89a5a6525476f36f.sol"},{"line":57,"column":5,"severity":"Error","message":"Explicitly mark visibility of state","ruleId":"state-visibility","fix":null,"filePath":"Benchmarks/Study_SamplesSet/8d6461ba55fee8ee89a5a6525476f36f.sol"},{"line":57,"column":5,"severity":"Warning","message":"Constant name must be in capitalized SNAKE_CASE","ruleId":"const-name-snakecase","fix":null,"filePath":"Benchmarks/Study_SamplesSet/8d6461ba55fee8ee89a5a6525476f36f.sol"},{"line":58,"column":5,"severity":"Error","message":"Explicitly mark visibility of state","ruleId":"state-visibility","fix":null,"filePath":"Benchmarks/Study_SamplesSet/8d6461ba55fee8ee89a5a6525476f36f.sol"},{"line":58,"column":5,"severity":"Warning","message":"Constant name must be in capitalized SNAKE_CASE","ruleId":"const-name-snakecase","fix":null,"filePath":"Benchmarks/Study_SamplesSet/8d6461ba55fee8ee89a5a6525476f36f.sol"},{"line":59,"column":5,"severity":"Error","message":"Explicitly mark visibility of state","ruleId":"state-visibility","fix":null,"filePath":"Benchmarks/Study_SamplesSet/8d6461ba55fee8ee89a5a6525476f36f.sol"},{"line":59,"column":5,"severity":"Warning","message":"Constant name must be in capitalized SNAKE_CASE","ruleId":"const-name-snakecase","fix":null,"filePath":"Benchmarks/Study_SamplesSet/8d6461ba55fee8ee89a5a6525476f36f.sol"},{"line":60,"column":5,"severity":"Error","message":"Explicitly mark visibility of state","ruleId":"state-visibility","fix":null,"filePath":"Benchmarks/Study_SamplesSet/8d6461ba55fee8ee89a5a6525476f36f.sol"},{"line":60,"column":5,"severity":"Warning","message":"Constant name must be in capitalized SNAKE_CASE","ruleId":"const-name-snakecase","fix":null,"filePath":"Benchmarks/Study_SamplesSet/8d6461ba55fee8ee89a5a6525476f36f.sol"},{"line":61,"column":5,"severity":"Error","message":"Explicitly mark visibility of state","ruleId":"state-visibility","fix":null,"filePath":"Benchmarks/Study_SamplesSet/8d6461ba55fee8ee89a5a6525476f36f.sol"},{"line":61,"column":5,"severity":"Warning","message":"Constant name must be in capitalized SNAKE_CASE","ruleId":"const-name-snakecase","fix":null,"filePath":"Benchmarks/Study_SamplesSet/8d6461ba55fee8ee89a5a6525476f36f.sol"},{"line":62,"column":5,"severity":"Error","message":"Explicitly mark visibility of state","ruleId":"state-visibility","fix":null,"filePath":"Benchmarks/Study_SamplesSet/8d6461ba55fee8ee89a5a6525476f36f.sol"},{"line":62,"column":5,"severity":"Warning","message":"Constant name must be in capitalized SNAKE_CASE","ruleId":"const-name-snakecase","fix":null,"filePath":"Benchmarks/Study_SamplesSet/8d6461ba55fee8ee89a5a6525476f36f.sol"},{"line":63,"column":5,"severity":"Error","message":"Explicitly mark visibility of state","ruleId":"state-visibility","fix":null,"filePath":"Benchmarks/Study_SamplesSet/8d6461ba55fee8ee89a5a6525476f36f.sol"},{"line":63,"column":5,"severity":"Warning","message":"Constant name must be in capitalized SNAKE_CASE","ruleId":"const-name-snakecase","fix":null,"filePath":"Benchmarks/Study_SamplesSet/8d6461ba55fee8ee89a5a6525476f36f.sol"},{"line":64,"column":5,"severity":"Error","message":"Explicitly mark visibility of state","ruleId":"state-visibility","fix":null,"filePath":"Benchmarks/Study_SamplesSet/8d6461ba55fee8ee89a5a6525476f36f.sol"},{"line":64,"column":5,"severity":"Warning","message":"Constant name must be in capitalized SNAKE_CASE","ruleId":"const-name-snakecase","fix":null,"filePath":"Benchmarks/Study_SamplesSet/8d6461ba55fee8ee89a5a6525476f36f.sol"},{"line":65,"column":5,"severity":"Error","message":"Explicitly mark visibility of state","ruleId":"state-visibility","fix":null,"filePath":"Benchmarks/Study_SamplesSet/8d6461ba55fee8ee89a5a6525476f36f.sol"},{"line":65,"column":5,"severity":"Warning","message":"Constant name must be in capitalized SNAKE_CASE","ruleId":"const-name-snakecase","fix":null,"filePath":"Benchmarks/Study_SamplesSet/8d6461ba55fee8ee89a5a6525476f36f.sol"},{"line":67,"column":5,"severity":"Error","message":"Explicitly mark visibility of state","ruleId":"state-visibility","fix":null,"filePath":"Benchmarks/Study_SamplesSet/8d6461ba55fee8ee89a5a6525476f36f.sol"},{"line":67,"column":5,"severity":"Warning","message":"Variable name must be in mixedCase","ruleId":"var-name-mixedcase","fix":null,"filePath":"Benchmarks/Study_SamplesSet/8d6461ba55fee8ee89a5a6525476f36f.sol"},{"line":69,"column":5,"severity":"Error","message":"Explicitly mark visibility of state","ruleId":"state-visibility","fix":null,"filePath":"Benchmarks/Study_SamplesSet/8d6461ba55fee8ee89a5a6525476f36f.sol"},{"line":75,"column":24,"severity":"Error","message":"Explicitly mark all external contracts as trusted or untrusted","ruleId":"mark-callable-contracts","filePath":"Benchmarks/Study_SamplesSet/8d6461ba55fee8ee89a5a6525476f36f.sol"},{"line":75,"column":34,"severity":"Error","message":"Explicitly mark all external contracts as trusted or untrusted","ruleId":"mark-callable-contracts","filePath":"Benchmarks/Study_SamplesSet/8d6461ba55fee8ee89a5a6525476f36f.sol"},{"line":80,"column":20,"severity":"Error","message":"Explicitly mark all external contracts as trusted or untrusted","ruleId":"mark-callable-contracts","filePath":"Benchmarks/Study_SamplesSet/8d6461ba55fee8ee89a5a6525476f36f.sol"},{"line":80,"column":30,"severity":"Error","message":"Explicitly mark all external contracts as trusted or untrusted","ruleId":"mark-callable-contracts","filePath":"Benchmarks/Study_SamplesSet/8d6461ba55fee8ee89a5a6525476f36f.sol"},{"line":84,"column":5,"severity":"Warning","message":"Function name must be in mixedCase","ruleId":"func-name-mixedcase","fix":null,"filePath":"Benchmarks/Study_SamplesSet/8d6461ba55fee8ee89a5a6525476f36f.sol"},{"line":88,"column":5,"severity":"Warning","message":"Function name must be in mixedCase","ruleId":"func-name-mixedcase","fix":null,"filePath":"Benchmarks/Study_SamplesSet/8d6461ba55fee8ee89a5a6525476f36f.sol"},{"line":90,"column":13,"severity":"Error","message":"Explicitly mark all external contracts as trusted or untrusted","ruleId":"mark-callable-contracts","filePath":"Benchmarks/Study_SamplesSet/8d6461ba55fee8ee89a5a6525476f36f.sol"},{"line":90,"column":19,"severity":"Error","message":"Explicitly mark all external contracts as trusted or untrusted","ruleId":"mark-callable-contracts","filePath":"Benchmarks/Study_SamplesSet/8d6461ba55fee8ee89a5a6525476f36f.sol"},{"line":95,"column":13,"severity":"Error","message":"Explicitly mark all external contracts as trusted or untrusted","ruleId":"mark-callable-contracts","filePath":"Benchmarks/Study_SamplesSet/8d6461ba55fee8ee89a5a6525476f36f.sol"},{"line":95,"column":19,"severity":"Error","message":"Explicitly mark all external contracts as trusted or untrusted","ruleId":"mark-callable-contracts","filePath":"Benchmarks/Study_SamplesSet/8d6461ba55fee8ee89a5a6525476f36f.sol"},{"line":100,"column":13,"severity":"Error","message":"Explicitly mark all external contracts as trusted or untrusted","ruleId":"mark-callable-contracts","filePath":"Benchmarks/Study_SamplesSet/8d6461ba55fee8ee89a5a6525476f36f.sol"},{"line":100,"column":19,"severity":"Error","message":"Explicitly mark all external contracts as trusted or untrusted","ruleId":"mark-callable-contracts","filePath":"Benchmarks/Study_SamplesSet/8d6461ba55fee8ee89a5a6525476f36f.sol"},{"line":105,"column":13,"severity":"Error","message":"Explicitly mark all external contracts as trusted or untrusted","ruleId":"mark-callable-contracts","filePath":"Benchmarks/Study_SamplesSet/8d6461ba55fee8ee89a5a6525476f36f.sol"},{"line":105,"column":19,"severity":"Error","message":"Explicitly mark all external contracts as trusted or untrusted","ruleId":"mark-callable-contracts","filePath":"Benchmarks/Study_SamplesSet/8d6461ba55fee8ee89a5a6525476f36f.sol"},{"line":110,"column":13,"severity":"Error","message":"Explicitly mark all external contracts as trusted or untrusted","ruleId":"mark-callable-contracts","filePath":"Benchmarks/Study_SamplesSet/8d6461ba55fee8ee89a5a6525476f36f.sol"},{"line":110,"column":19,"severity":"Error","message":"Explicitly mark all external contracts as trusted or untrusted","ruleId":"mark-callable-contracts","filePath":"Benchmarks/Study_SamplesSet/8d6461ba55fee8ee89a5a6525476f36f.sol"},{"line":114,"column":13,"severity":"Error","message":"Explicitly mark all external contracts as trusted or untrusted","ruleId":"mark-callable-contracts","filePath":"Benchmarks/Study_SamplesSet/8d6461ba55fee8ee89a5a6525476f36f.sol"},{"line":114,"column":19,"severity":"Error","message":"Explicitly mark all external contracts as trusted or untrusted","ruleId":"mark-callable-contracts","filePath":"Benchmarks/Study_SamplesSet/8d6461ba55fee8ee89a5a6525476f36f.sol"},{"line":118,"column":13,"severity":"Error","message":"Explicitly mark all external contracts as trusted or untrusted","ruleId":"mark-callable-contracts","filePath":"Benchmarks/Study_SamplesSet/8d6461ba55fee8ee89a5a6525476f36f.sol"},{"line":118,"column":19,"severity":"Error","message":"Explicitly mark all external contracts as trusted or untrusted","ruleId":"mark-callable-contracts","filePath":"Benchmarks/Study_SamplesSet/8d6461ba55fee8ee89a5a6525476f36f.sol"},{"line":132,"column":5,"severity":"Warning","message":"Function name must be in mixedCase","ruleId":"func-name-mixedcase","fix":null,"filePath":"Benchmarks/Study_SamplesSet/8d6461ba55fee8ee89a5a6525476f36f.sol"},{"line":132,"column":63,"severity":"Warning","message":"Visibility modifier must be first in list of modifiers","ruleId":"visibility-modifier-order","fix":null,"filePath":"Benchmarks/Study_SamplesSet/8d6461ba55fee8ee89a5a6525476f36f.sol"},{"line":132,"column":81,"severity":"Warning","message":"Rule is set with explicit type [var/s: uint]","ruleId":"explicit-types","filePath":"Benchmarks/Study_SamplesSet/8d6461ba55fee8ee89a5a6525476f36f.sol"},{"line":136,"column":5,"severity":"Warning","message":"Function name must be in mixedCase","ruleId":"func-name-mixedcase","fix":null,"filePath":"Benchmarks/Study_SamplesSet/8d6461ba55fee8ee89a5a6525476f36f.sol"},{"line":136,"column":78,"severity":"Warning","message":"Visibility modifier must be first in list of modifiers","ruleId":"visibility-modifier-order","fix":null,"filePath":"Benchmarks/Study_SamplesSet/8d6461ba55fee8ee89a5a6525476f36f.sol"},{"line":136,"column":51,"severity":"Warning","message":"Rule is set with explicit type [var/s: uint]","ruleId":"explicit-types","filePath":"Benchmarks/Study_SamplesSet/8d6461ba55fee8ee89a5a6525476f36f.sol"},{"line":136,"column":96,"severity":"Warning","message":"Rule is set with explicit type [var/s: uint]","ruleId":"explicit-types","filePath":"Benchmarks/Study_SamplesSet/8d6461ba55fee8ee89a5a6525476f36f.sol"},{"line":140,"column":5,"severity":"Warning","message":"Function name must be in mixedCase","ruleId":"func-name-mixedcase","fix":null,"filePath":"Benchmarks/Study_SamplesSet/8d6461ba55fee8ee89a5a6525476f36f.sol"},{"line":140,"column":72,"severity":"Warning","message":"Visibility modifier must be first in list of modifiers","ruleId":"visibility-modifier-order","fix":null,"filePath":"Benchmarks/Study_SamplesSet/8d6461ba55fee8ee89a5a6525476f36f.sol"},{"line":141,"column":9,"severity":"Warning","message":"Rule is set with explicit type [var/s: uint]","ruleId":"explicit-types","filePath":"Benchmarks/Study_SamplesSet/8d6461ba55fee8ee89a5a6525476f36f.sol"},{"line":145,"column":5,"severity":"Warning","message":"Function name must be in mixedCase","ruleId":"func-name-mixedcase","fix":null,"filePath":"Benchmarks/Study_SamplesSet/8d6461ba55fee8ee89a5a6525476f36f.sol"},{"line":145,"column":88,"severity":"Warning","message":"Visibility modifier must be first in list of modifiers","ruleId":"visibility-modifier-order","fix":null,"filePath":"Benchmarks/Study_SamplesSet/8d6461ba55fee8ee89a5a6525476f36f.sol"},{"line":145,"column":29,"severity":"Warning","message":"Rule is set with explicit type [var/s: uint]","ruleId":"explicit-types","filePath":"Benchmarks/Study_SamplesSet/8d6461ba55fee8ee89a5a6525476f36f.sol"},{"line":146,"column":9,"severity":"Warning","message":"Rule is set with explicit type [var/s: uint]","ruleId":"explicit-types","filePath":"Benchmarks/Study_SamplesSet/8d6461ba55fee8ee89a5a6525476f36f.sol"},{"line":150,"column":5,"severity":"Warning","message":"Function name must be in mixedCase","ruleId":"func-name-mixedcase","fix":null,"filePath":"Benchmarks/Study_SamplesSet/8d6461ba55fee8ee89a5a6525476f36f.sol"},{"line":150,"column":103,"severity":"Warning","message":"Visibility modifier must be first in list of modifiers","ruleId":"visibility-modifier-order","fix":null,"filePath":"Benchmarks/Study_SamplesSet/8d6461ba55fee8ee89a5a6525476f36f.sol"},{"line":150,"column":29,"severity":"Warning","message":"Rule is set with explicit type [var/s: uint]","ruleId":"explicit-types","filePath":"Benchmarks/Study_SamplesSet/8d6461ba55fee8ee89a5a6525476f36f.sol"},{"line":150,"column":76,"severity":"Warning","message":"Rule is set with explicit type [var/s: uint]","ruleId":"explicit-types","filePath":"Benchmarks/Study_SamplesSet/8d6461ba55fee8ee89a5a6525476f36f.sol"},{"line":151,"column":9,"severity":"Warning","message":"Rule is set with explicit type [var/s: uint]","ruleId":"explicit-types","filePath":"Benchmarks/Study_SamplesSet/8d6461ba55fee8ee89a5a6525476f36f.sol"},{"line":155,"column":5,"severity":"Warning","message":"Function name must be in mixedCase","ruleId":"func-name-mixedcase","fix":null,"filePath":"Benchmarks/Study_SamplesSet/8d6461ba55fee8ee89a5a6525476f36f.sol"},{"line":155,"column":87,"severity":"Warning","message":"Visibility modifier must be first in list of modifiers","ruleId":"visibility-modifier-order","fix":null,"filePath":"Benchmarks/Study_SamplesSet/8d6461ba55fee8ee89a5a6525476f36f.sol"},{"line":155,"column":60,"severity":"Warning","message":"Rule is set with explicit type [var/s: uint]","ruleId":"explicit-types","filePath":"Benchmarks/Study_SamplesSet/8d6461ba55fee8ee89a5a6525476f36f.sol"},{"line":156,"column":9,"severity":"Warning","message":"Rule is set with explicit type [var/s: uint]","ruleId":"explicit-types","filePath":"Benchmarks/Study_SamplesSet/8d6461ba55fee8ee89a5a6525476f36f.sol"},{"line":160,"column":5,"severity":"Warning","message":"Function name must be in mixedCase","ruleId":"func-name-mixedcase","fix":null,"filePath":"Benchmarks/Study_SamplesSet/8d6461ba55fee8ee89a5a6525476f36f.sol"},{"line":160,"column":86,"severity":"Warning","message":"Visibility modifier must be first in list of modifiers","ruleId":"visibility-modifier-order","fix":null,"filePath":"Benchmarks/Study_SamplesSet/8d6461ba55fee8ee89a5a6525476f36f.sol"},{"line":161,"column":9,"severity":"Warning","message":"Rule is set with explicit type [var/s: uint]","ruleId":"explicit-types","filePath":"Benchmarks/Study_SamplesSet/8d6461ba55fee8ee89a5a6525476f36f.sol"},{"line":165,"column":5,"severity":"Warning","message":"Function name must be in mixedCase","ruleId":"func-name-mixedcase","fix":null,"filePath":"Benchmarks/Study_SamplesSet/8d6461ba55fee8ee89a5a6525476f36f.sol"},{"line":165,"column":102,"severity":"Warning","message":"Visibility modifier must be first in list of modifiers","ruleId":"visibility-modifier-order","fix":null,"filePath":"Benchmarks/Study_SamplesSet/8d6461ba55fee8ee89a5a6525476f36f.sol"},{"line":165,"column":29,"severity":"Warning","message":"Rule is set with explicit type [var/s: uint]","ruleId":"explicit-types","filePath":"Benchmarks/Study_SamplesSet/8d6461ba55fee8ee89a5a6525476f36f.sol"},{"line":166,"column":9,"severity":"Warning","message":"Rule is set with explicit type [var/s: uint]","ruleId":"explicit-types","filePath":"Benchmarks/Study_SamplesSet/8d6461ba55fee8ee89a5a6525476f36f.sol"},{"line":170,"column":5,"severity":"Warning","message":"Function name must be in mixedCase","ruleId":"func-name-mixedcase","fix":null,"filePath":"Benchmarks/Study_SamplesSet/8d6461ba55fee8ee89a5a6525476f36f.sol"},{"line":170,"column":117,"severity":"Warning","message":"Visibility modifier must be first in list of modifiers","ruleId":"visibility-modifier-order","fix":null,"filePath":"Benchmarks/Study_SamplesSet/8d6461ba55fee8ee89a5a6525476f36f.sol"},{"line":170,"column":29,"severity":"Warning","message":"Rule is set with explicit type [var/s: uint]","ruleId":"explicit-types","filePath":"Benchmarks/Study_SamplesSet/8d6461ba55fee8ee89a5a6525476f36f.sol"},{"line":170,"column":90,"severity":"Warning","message":"Rule is set with explicit type [var/s: uint]","ruleId":"explicit-types","filePath":"Benchmarks/Study_SamplesSet/8d6461ba55fee8ee89a5a6525476f36f.sol"},{"line":171,"column":9,"severity":"Warning","message":"Rule is set with explicit type [var/s: uint]","ruleId":"explicit-types","filePath":"Benchmarks/Study_SamplesSet/8d6461ba55fee8ee89a5a6525476f36f.sol"},{"line":175,"column":5,"severity":"Warning","message":"Function name must be in mixedCase","ruleId":"func-name-mixedcase","fix":null,"filePath":"Benchmarks/Study_SamplesSet/8d6461ba55fee8ee89a5a6525476f36f.sol"},{"line":175,"column":101,"severity":"Warning","message":"Visibility modifier must be first in list of modifiers","ruleId":"visibility-modifier-order","fix":null,"filePath":"Benchmarks/Study_SamplesSet/8d6461ba55fee8ee89a5a6525476f36f.sol"},{"line":175,"column":74,"severity":"Warning","message":"Rule is set with explicit type [var/s: uint]","ruleId":"explicit-types","filePath":"Benchmarks/Study_SamplesSet/8d6461ba55fee8ee89a5a6525476f36f.sol"},{"line":176,"column":9,"severity":"Warning","message":"Rule is set with explicit type [var/s: uint]","ruleId":"explicit-types","filePath":"Benchmarks/Study_SamplesSet/8d6461ba55fee8ee89a5a6525476f36f.sol"},{"line":180,"column":5,"severity":"Warning","message":"Function name must be in mixedCase","ruleId":"func-name-mixedcase","fix":null,"filePath":"Benchmarks/Study_SamplesSet/8d6461ba55fee8ee89a5a6525476f36f.sol"},{"line":180,"column":75,"severity":"Warning","message":"Visibility modifier must be first in list of modifiers","ruleId":"visibility-modifier-order","fix":null,"filePath":"Benchmarks/Study_SamplesSet/8d6461ba55fee8ee89a5a6525476f36f.sol"},{"line":181,"column":9,"severity":"Warning","message":"Rule is set with explicit type [var/s: uint]","ruleId":"explicit-types","filePath":"Benchmarks/Study_SamplesSet/8d6461ba55fee8ee89a5a6525476f36f.sol"},{"line":186,"column":5,"severity":"Warning","message":"Function name must be in mixedCase","ruleId":"func-name-mixedcase","fix":null,"filePath":"Benchmarks/Study_SamplesSet/8d6461ba55fee8ee89a5a6525476f36f.sol"},{"line":186,"column":91,"severity":"Warning","message":"Visibility modifier must be first in list of modifiers","ruleId":"visibility-modifier-order","fix":null,"filePath":"Benchmarks/Study_SamplesSet/8d6461ba55fee8ee89a5a6525476f36f.sol"},{"line":186,"column":29,"severity":"Warning","message":"Rule is set with explicit type [var/s: uint]","ruleId":"explicit-types","filePath":"Benchmarks/Study_SamplesSet/8d6461ba55fee8ee89a5a6525476f36f.sol"},{"line":187,"column":9,"severity":"Warning","message":"Rule is set with explicit type [var/s: uint]","ruleId":"explicit-types","filePath":"Benchmarks/Study_SamplesSet/8d6461ba55fee8ee89a5a6525476f36f.sol"},{"line":192,"column":5,"severity":"Warning","message":"Function name must be in mixedCase","ruleId":"func-name-mixedcase","fix":null,"filePath":"Benchmarks/Study_SamplesSet/8d6461ba55fee8ee89a5a6525476f36f.sol"},{"line":192,"column":106,"severity":"Warning","message":"Visibility modifier must be first in list of modifiers","ruleId":"visibility-modifier-order","fix":null,"filePath":"Benchmarks/Study_SamplesSet/8d6461ba55fee8ee89a5a6525476f36f.sol"},{"line":192,"column":29,"severity":"Warning","message":"Rule is set with explicit type [var/s: uint]","ruleId":"explicit-types","filePath":"Benchmarks/Study_SamplesSet/8d6461ba55fee8ee89a5a6525476f36f.sol"},{"line":192,"column":79,"severity":"Warning","message":"Rule is set with explicit type [var/s: uint]","ruleId":"explicit-types","filePath":"Benchmarks/Study_SamplesSet/8d6461ba55fee8ee89a5a6525476f36f.sol"},{"line":193,"column":9,"severity":"Warning","message":"Rule is set with explicit type [var/s: uint]","ruleId":"explicit-types","filePath":"Benchmarks/Study_SamplesSet/8d6461ba55fee8ee89a5a6525476f36f.sol"},{"line":198,"column":5,"severity":"Warning","message":"Function name must be in mixedCase","ruleId":"func-name-mixedcase","fix":null,"filePath":"Benchmarks/Study_SamplesSet/8d6461ba55fee8ee89a5a6525476f36f.sol"},{"line":198,"column":90,"severity":"Warning","message":"Visibility modifier must be first in list of modifiers","ruleId":"visibility-modifier-order","fix":null,"filePath":"Benchmarks/Study_SamplesSet/8d6461ba55fee8ee89a5a6525476f36f.sol"},{"line":198,"column":63,"severity":"Warning","message":"Rule is set with explicit type [var/s: uint]","ruleId":"explicit-types","filePath":"Benchmarks/Study_SamplesSet/8d6461ba55fee8ee89a5a6525476f36f.sol"},{"line":199,"column":9,"severity":"Warning","message":"Rule is set with explicit type [var/s: uint]","ruleId":"explicit-types","filePath":"Benchmarks/Study_SamplesSet/8d6461ba55fee8ee89a5a6525476f36f.sol"},{"line":204,"column":5,"severity":"Warning","message":"Function name must be in mixedCase","ruleId":"func-name-mixedcase","fix":null,"filePath":"Benchmarks/Study_SamplesSet/8d6461ba55fee8ee89a5a6525476f36f.sol"},{"line":204,"column":76,"severity":"Warning","message":"Visibility modifier must be first in list of modifiers","ruleId":"visibility-modifier-order","fix":null,"filePath":"Benchmarks/Study_SamplesSet/8d6461ba55fee8ee89a5a6525476f36f.sol"},{"line":209,"column":5,"severity":"Warning","message":"Function name must be in mixedCase","ruleId":"func-name-mixedcase","fix":null,"filePath":"Benchmarks/Study_SamplesSet/8d6461ba55fee8ee89a5a6525476f36f.sol"},{"line":209,"column":92,"severity":"Warning","message":"Visibility modifier must be first in list of modifiers","ruleId":"visibility-modifier-order","fix":null,"filePath":"Benchmarks/Study_SamplesSet/8d6461ba55fee8ee89a5a6525476f36f.sol"},{"line":209,"column":29,"severity":"Warning","message":"Rule is set with explicit type [var/s: uint]","ruleId":"explicit-types","filePath":"Benchmarks/Study_SamplesSet/8d6461ba55fee8ee89a5a6525476f36f.sol"},{"line":214,"column":5,"severity":"Warning","message":"Function name must be in mixedCase","ruleId":"func-name-mixedcase","fix":null,"filePath":"Benchmarks/Study_SamplesSet/8d6461ba55fee8ee89a5a6525476f36f.sol"},{"line":214,"column":107,"severity":"Warning","message":"Visibility modifier must be first in list of modifiers","ruleId":"visibility-modifier-order","fix":null,"filePath":"Benchmarks/Study_SamplesSet/8d6461ba55fee8ee89a5a6525476f36f.sol"},{"line":214,"column":29,"severity":"Warning","message":"Rule is set with explicit type [var/s: uint]","ruleId":"explicit-types","filePath":"Benchmarks/Study_SamplesSet/8d6461ba55fee8ee89a5a6525476f36f.sol"},{"line":214,"column":80,"severity":"Warning","message":"Rule is set with explicit type [var/s: uint]","ruleId":"explicit-types","filePath":"Benchmarks/Study_SamplesSet/8d6461ba55fee8ee89a5a6525476f36f.sol"},{"line":219,"column":5,"severity":"Warning","message":"Function name must be in mixedCase","ruleId":"func-name-mixedcase","fix":null,"filePath":"Benchmarks/Study_SamplesSet/8d6461ba55fee8ee89a5a6525476f36f.sol"},{"line":219,"column":91,"severity":"Warning","message":"Visibility modifier must be first in list of modifiers","ruleId":"visibility-modifier-order","fix":null,"filePath":"Benchmarks/Study_SamplesSet/8d6461ba55fee8ee89a5a6525476f36f.sol"},{"line":219,"column":64,"severity":"Warning","message":"Rule is set with explicit type [var/s: uint]","ruleId":"explicit-types","filePath":"Benchmarks/Study_SamplesSet/8d6461ba55fee8ee89a5a6525476f36f.sol"},{"line":225,"column":5,"severity":"Warning","message":"Function name must be in mixedCase","ruleId":"func-name-mixedcase","fix":null,"filePath":"Benchmarks/Study_SamplesSet/8d6461ba55fee8ee89a5a6525476f36f.sol"},{"line":225,"column":76,"severity":"Warning","message":"Visibility modifier must be first in list of modifiers","ruleId":"visibility-modifier-order","fix":null,"filePath":"Benchmarks/Study_SamplesSet/8d6461ba55fee8ee89a5a6525476f36f.sol"},{"line":231,"column":5,"severity":"Warning","message":"Function name must be in mixedCase","ruleId":"func-name-mixedcase","fix":null,"filePath":"Benchmarks/Study_SamplesSet/8d6461ba55fee8ee89a5a6525476f36f.sol"},{"line":231,"column":92,"severity":"Warning","message":"Visibility modifier must be first in list of modifiers","ruleId":"visibility-modifier-order","fix":null,"filePath":"Benchmarks/Study_SamplesSet/8d6461ba55fee8ee89a5a6525476f36f.sol"},{"line":231,"column":29,"severity":"Warning","message":"Rule is set with explicit type [var/s: uint]","ruleId":"explicit-types","filePath":"Benchmarks/Study_SamplesSet/8d6461ba55fee8ee89a5a6525476f36f.sol"},{"line":237,"column":5,"severity":"Warning","message":"Function name must be in mixedCase","ruleId":"func-name-mixedcase","fix":null,"filePath":"Benchmarks/Study_SamplesSet/8d6461ba55fee8ee89a5a6525476f36f.sol"},{"line":237,"column":107,"severity":"Warning","message":"Visibility modifier must be first in list of modifiers","ruleId":"visibility-modifier-order","fix":null,"filePath":"Benchmarks/Study_SamplesSet/8d6461ba55fee8ee89a5a6525476f36f.sol"},{"line":237,"column":29,"severity":"Warning","message":"Rule is set with explicit type [var/s: uint]","ruleId":"explicit-types","filePath":"Benchmarks/Study_SamplesSet/8d6461ba55fee8ee89a5a6525476f36f.sol"},{"line":237,"column":80,"severity":"Warning","message":"Rule is set with explicit type [var/s: uint]","ruleId":"explicit-types","filePath":"Benchmarks/Study_SamplesSet/8d6461ba55fee8ee89a5a6525476f36f.sol"},{"line":243,"column":5,"severity":"Warning","message":"Function name must be in mixedCase","ruleId":"func-name-mixedcase","fix":null,"filePath":"Benchmarks/Study_SamplesSet/8d6461ba55fee8ee89a5a6525476f36f.sol"},{"line":243,"column":91,"severity":"Warning","message":"Visibility modifier must be first in list of modifiers","ruleId":"visibility-modifier-order","fix":null,"filePath":"Benchmarks/Study_SamplesSet/8d6461ba55fee8ee89a5a6525476f36f.sol"},{"line":243,"column":64,"severity":"Warning","message":"Rule is set with explicit type [var/s: uint]","ruleId":"explicit-types","filePath":"Benchmarks/Study_SamplesSet/8d6461ba55fee8ee89a5a6525476f36f.sol"},{"line":249,"column":5,"severity":"Warning","message":"Function name must be in mixedCase","ruleId":"func-name-mixedcase","fix":null,"filePath":"Benchmarks/Study_SamplesSet/8d6461ba55fee8ee89a5a6525476f36f.sol"},{"line":249,"column":76,"severity":"Warning","message":"Visibility modifier must be first in list of modifiers","ruleId":"visibility-modifier-order","fix":null,"filePath":"Benchmarks/Study_SamplesSet/8d6461ba55fee8ee89a5a6525476f36f.sol"},{"line":256,"column":5,"severity":"Warning","message":"Function name must be in mixedCase","ruleId":"func-name-mixedcase","fix":null,"filePath":"Benchmarks/Study_SamplesSet/8d6461ba55fee8ee89a5a6525476f36f.sol"},{"line":256,"column":92,"severity":"Warning","message":"Visibility modifier must be first in list of modifiers","ruleId":"visibility-modifier-order","fix":null,"filePath":"Benchmarks/Study_SamplesSet/8d6461ba55fee8ee89a5a6525476f36f.sol"},{"line":256,"column":29,"severity":"Warning","message":"Rule is set with explicit type [var/s: uint]","ruleId":"explicit-types","filePath":"Benchmarks/Study_SamplesSet/8d6461ba55fee8ee89a5a6525476f36f.sol"},{"line":263,"column":5,"severity":"Warning","message":"Function name must be in mixedCase","ruleId":"func-name-mixedcase","fix":null,"filePath":"Benchmarks/Study_SamplesSet/8d6461ba55fee8ee89a5a6525476f36f.sol"},{"line":263,"column":107,"severity":"Warning","message":"Visibility modifier must be first in list of modifiers","ruleId":"visibility-modifier-order","fix":null,"filePath":"Benchmarks/Study_SamplesSet/8d6461ba55fee8ee89a5a6525476f36f.sol"},{"line":263,"column":29,"severity":"Warning","message":"Rule is set with explicit type [var/s: uint]","ruleId":"explicit-types","filePath":"Benchmarks/Study_SamplesSet/8d6461ba55fee8ee89a5a6525476f36f.sol"},{"line":263,"column":80,"severity":"Warning","message":"Rule is set with explicit type [var/s: uint]","ruleId":"explicit-types","filePath":"Benchmarks/Study_SamplesSet/8d6461ba55fee8ee89a5a6525476f36f.sol"},{"line":270,"column":5,"severity":"Warning","message":"Function name must be in mixedCase","ruleId":"func-name-mixedcase","fix":null,"filePath":"Benchmarks/Study_SamplesSet/8d6461ba55fee8ee89a5a6525476f36f.sol"},{"line":270,"column":91,"severity":"Warning","message":"Visibility modifier must be first in list of modifiers","ruleId":"visibility-modifier-order","fix":null,"filePath":"Benchmarks/Study_SamplesSet/8d6461ba55fee8ee89a5a6525476f36f.sol"},{"line":270,"column":64,"severity":"Warning","message":"Rule is set with explicit type [var/s: uint]","ruleId":"explicit-types","filePath":"Benchmarks/Study_SamplesSet/8d6461ba55fee8ee89a5a6525476f36f.sol"},{"line":278,"column":5,"severity":"Warning","message":"Function name must be in mixedCase","ruleId":"func-name-mixedcase","fix":null,"filePath":"Benchmarks/Study_SamplesSet/8d6461ba55fee8ee89a5a6525476f36f.sol"},{"line":278,"column":76,"severity":"Warning","message":"Visibility modifier must be first in list of modifiers","ruleId":"visibility-modifier-order","fix":null,"filePath":"Benchmarks/Study_SamplesSet/8d6461ba55fee8ee89a5a6525476f36f.sol"},{"line":286,"column":5,"severity":"Warning","message":"Function name must be in mixedCase","ruleId":"func-name-mixedcase","fix":null,"filePath":"Benchmarks/Study_SamplesSet/8d6461ba55fee8ee89a5a6525476f36f.sol"},{"line":286,"column":92,"severity":"Warning","message":"Visibility modifier must be first in list of modifiers","ruleId":"visibility-modifier-order","fix":null,"filePath":"Benchmarks/Study_SamplesSet/8d6461ba55fee8ee89a5a6525476f36f.sol"},{"line":286,"column":29,"severity":"Warning","message":"Rule is set with explicit type [var/s: uint]","ruleId":"explicit-types","filePath":"Benchmarks/Study_SamplesSet/8d6461ba55fee8ee89a5a6525476f36f.sol"},{"line":294,"column":5,"severity":"Warning","message":"Function name must be in mixedCase","ruleId":"func-name-mixedcase","fix":null,"filePath":"Benchmarks/Study_SamplesSet/8d6461ba55fee8ee89a5a6525476f36f.sol"},{"line":294,"column":107,"severity":"Warning","message":"Visibility modifier must be first in list of modifiers","ruleId":"visibility-modifier-order","fix":null,"filePath":"Benchmarks/Study_SamplesSet/8d6461ba55fee8ee89a5a6525476f36f.sol"},{"line":294,"column":29,"severity":"Warning","message":"Rule is set with explicit type [var/s: uint]","ruleId":"explicit-types","filePath":"Benchmarks/Study_SamplesSet/8d6461ba55fee8ee89a5a6525476f36f.sol"},{"line":294,"column":80,"severity":"Warning","message":"Rule is set with explicit type [var/s: uint]","ruleId":"explicit-types","filePath":"Benchmarks/Study_SamplesSet/8d6461ba55fee8ee89a5a6525476f36f.sol"},{"line":302,"column":5,"severity":"Warning","message":"Function name must be in mixedCase","ruleId":"func-name-mixedcase","fix":null,"filePath":"Benchmarks/Study_SamplesSet/8d6461ba55fee8ee89a5a6525476f36f.sol"},{"line":302,"column":91,"severity":"Warning","message":"Visibility modifier must be first in list of modifiers","ruleId":"visibility-modifier-order","fix":null,"filePath":"Benchmarks/Study_SamplesSet/8d6461ba55fee8ee89a5a6525476f36f.sol"},{"line":302,"column":64,"severity":"Warning","message":"Rule is set with explicit type [var/s: uint]","ruleId":"explicit-types","filePath":"Benchmarks/Study_SamplesSet/8d6461ba55fee8ee89a5a6525476f36f.sol"},{"line":310,"column":5,"severity":"Warning","message":"Function name must be in mixedCase","ruleId":"func-name-mixedcase","fix":null,"filePath":"Benchmarks/Study_SamplesSet/8d6461ba55fee8ee89a5a6525476f36f.sol"},{"line":310,"column":76,"severity":"Warning","message":"Visibility modifier must be first in list of modifiers","ruleId":"visibility-modifier-order","fix":null,"filePath":"Benchmarks/Study_SamplesSet/8d6461ba55fee8ee89a5a6525476f36f.sol"},{"line":319,"column":5,"severity":"Warning","message":"Function name must be in mixedCase","ruleId":"func-name-mixedcase","fix":null,"filePath":"Benchmarks/Study_SamplesSet/8d6461ba55fee8ee89a5a6525476f36f.sol"},{"line":319,"column":92,"severity":"Warning","message":"Visibility modifier must be first in list of modifiers","ruleId":"visibility-modifier-order","fix":null,"filePath":"Benchmarks/Study_SamplesSet/8d6461ba55fee8ee89a5a6525476f36f.sol"},{"line":319,"column":29,"severity":"Warning","message":"Rule is set with explicit type [var/s: uint]","ruleId":"explicit-types","filePath":"Benchmarks/Study_SamplesSet/8d6461ba55fee8ee89a5a6525476f36f.sol"},{"line":328,"column":5,"severity":"Warning","message":"Function name must be in mixedCase","ruleId":"func-name-mixedcase","fix":null,"filePath":"Benchmarks/Study_SamplesSet/8d6461ba55fee8ee89a5a6525476f36f.sol"},{"line":328,"column":107,"severity":"Warning","message":"Visibility modifier must be first in list of modifiers","ruleId":"visibility-modifier-order","fix":null,"filePath":"Benchmarks/Study_SamplesSet/8d6461ba55fee8ee89a5a6525476f36f.sol"},{"line":328,"column":29,"severity":"Warning","message":"Rule is set with explicit type [var/s: uint]","ruleId":"explicit-types","filePath":"Benchmarks/Study_SamplesSet/8d6461ba55fee8ee89a5a6525476f36f.sol"},{"line":328,"column":80,"severity":"Warning","message":"Rule is set with explicit type [var/s: uint]","ruleId":"explicit-types","filePath":"Benchmarks/Study_SamplesSet/8d6461ba55fee8ee89a5a6525476f36f.sol"},{"line":337,"column":5,"severity":"Warning","message":"Function name must be in mixedCase","ruleId":"func-name-mixedcase","fix":null,"filePath":"Benchmarks/Study_SamplesSet/8d6461ba55fee8ee89a5a6525476f36f.sol"},{"line":337,"column":91,"severity":"Warning","message":"Visibility modifier must be first in list of modifiers","ruleId":"visibility-modifier-order","fix":null,"filePath":"Benchmarks/Study_SamplesSet/8d6461ba55fee8ee89a5a6525476f36f.sol"},{"line":337,"column":64,"severity":"Warning","message":"Rule is set with explicit type [var/s: uint]","ruleId":"explicit-types","filePath":"Benchmarks/Study_SamplesSet/8d6461ba55fee8ee89a5a6525476f36f.sol"},{"line":346,"column":5,"severity":"Warning","message":"Function name must be in mixedCase","ruleId":"func-name-mixedcase","fix":null,"filePath":"Benchmarks/Study_SamplesSet/8d6461ba55fee8ee89a5a6525476f36f.sol"},{"line":346,"column":74,"severity":"Warning","message":"Visibility modifier must be first in list of modifiers","ruleId":"visibility-modifier-order","fix":null,"filePath":"Benchmarks/Study_SamplesSet/8d6461ba55fee8ee89a5a6525476f36f.sol"},{"line":347,"column":9,"severity":"Warning","message":"Rule is set with explicit type [var/s: uint]","ruleId":"explicit-types","filePath":"Benchmarks/Study_SamplesSet/8d6461ba55fee8ee89a5a6525476f36f.sol"},{"line":352,"column":5,"severity":"Warning","message":"Function name must be in mixedCase","ruleId":"func-name-mixedcase","fix":null,"filePath":"Benchmarks/Study_SamplesSet/8d6461ba55fee8ee89a5a6525476f36f.sol"},{"line":352,"column":90,"severity":"Warning","message":"Visibility modifier must be first in list of modifiers","ruleId":"visibility-modifier-order","fix":null,"filePath":"Benchmarks/Study_SamplesSet/8d6461ba55fee8ee89a5a6525476f36f.sol"},{"line":352,"column":29,"severity":"Warning","message":"Rule is set with explicit type [var/s: uint]","ruleId":"explicit-types","filePath":"Benchmarks/Study_SamplesSet/8d6461ba55fee8ee89a5a6525476f36f.sol"},{"line":353,"column":9,"severity":"Warning","message":"Rule is set with explicit type [var/s: uint]","ruleId":"explicit-types","filePath":"Benchmarks/Study_SamplesSet/8d6461ba55fee8ee89a5a6525476f36f.sol"},{"line":358,"column":5,"severity":"Warning","message":"Function name must be in mixedCase","ruleId":"func-name-mixedcase","fix":null,"filePath":"Benchmarks/Study_SamplesSet/8d6461ba55fee8ee89a5a6525476f36f.sol"},{"line":358,"column":105,"severity":"Warning","message":"Visibility modifier must be first in list of modifiers","ruleId":"visibility-modifier-order","fix":null,"filePath":"Benchmarks/Study_SamplesSet/8d6461ba55fee8ee89a5a6525476f36f.sol"},{"line":358,"column":29,"severity":"Warning","message":"Rule is set with explicit type [var/s: uint]","ruleId":"explicit-types","filePath":"Benchmarks/Study_SamplesSet/8d6461ba55fee8ee89a5a6525476f36f.sol"},{"line":358,"column":78,"severity":"Warning","message":"Rule is set with explicit type [var/s: uint]","ruleId":"explicit-types","filePath":"Benchmarks/Study_SamplesSet/8d6461ba55fee8ee89a5a6525476f36f.sol"},{"line":359,"column":9,"severity":"Warning","message":"Rule is set with explicit type [var/s: uint]","ruleId":"explicit-types","filePath":"Benchmarks/Study_SamplesSet/8d6461ba55fee8ee89a5a6525476f36f.sol"},{"line":364,"column":5,"severity":"Warning","message":"Function name must be in mixedCase","ruleId":"func-name-mixedcase","fix":null,"filePath":"Benchmarks/Study_SamplesSet/8d6461ba55fee8ee89a5a6525476f36f.sol"},{"line":364,"column":89,"severity":"Warning","message":"Visibility modifier must be first in list of modifiers","ruleId":"visibility-modifier-order","fix":null,"filePath":"Benchmarks/Study_SamplesSet/8d6461ba55fee8ee89a5a6525476f36f.sol"},{"line":364,"column":62,"severity":"Warning","message":"Rule is set with explicit type [var/s: uint]","ruleId":"explicit-types","filePath":"Benchmarks/Study_SamplesSet/8d6461ba55fee8ee89a5a6525476f36f.sol"},{"line":365,"column":9,"severity":"Warning","message":"Rule is set with explicit type [var/s: uint]","ruleId":"explicit-types","filePath":"Benchmarks/Study_SamplesSet/8d6461ba55fee8ee89a5a6525476f36f.sol"},{"line":370,"column":5,"severity":"Warning","message":"Function name must be in mixedCase","ruleId":"func-name-mixedcase","fix":null,"filePath":"Benchmarks/Study_SamplesSet/8d6461ba55fee8ee89a5a6525476f36f.sol"},{"line":370,"column":75,"severity":"Warning","message":"Visibility modifier must be first in list of modifiers","ruleId":"visibility-modifier-order","fix":null,"filePath":"Benchmarks/Study_SamplesSet/8d6461ba55fee8ee89a5a6525476f36f.sol"},{"line":375,"column":5,"severity":"Warning","message":"Function name must be in mixedCase","ruleId":"func-name-mixedcase","fix":null,"filePath":"Benchmarks/Study_SamplesSet/8d6461ba55fee8ee89a5a6525476f36f.sol"},{"line":375,"column":91,"severity":"Warning","message":"Visibility modifier must be first in list of modifiers","ruleId":"visibility-modifier-order","fix":null,"filePath":"Benchmarks/Study_SamplesSet/8d6461ba55fee8ee89a5a6525476f36f.sol"},{"line":375,"column":29,"severity":"Warning","message":"Rule is set with explicit type [var/s: uint]","ruleId":"explicit-types","filePath":"Benchmarks/Study_SamplesSet/8d6461ba55fee8ee89a5a6525476f36f.sol"},{"line":380,"column":5,"severity":"Warning","message":"Function name must be in mixedCase","ruleId":"func-name-mixedcase","fix":null,"filePath":"Benchmarks/Study_SamplesSet/8d6461ba55fee8ee89a5a6525476f36f.sol"},{"line":380,"column":106,"severity":"Warning","message":"Visibility modifier must be first in list of modifiers","ruleId":"visibility-modifier-order","fix":null,"filePath":"Benchmarks/Study_SamplesSet/8d6461ba55fee8ee89a5a6525476f36f.sol"},{"line":380,"column":29,"severity":"Warning","message":"Rule is set with explicit type [var/s: uint]","ruleId":"explicit-types","filePath":"Benchmarks/Study_SamplesSet/8d6461ba55fee8ee89a5a6525476f36f.sol"},{"line":380,"column":79,"severity":"Warning","message":"Rule is set with explicit type [var/s: uint]","ruleId":"explicit-types","filePath":"Benchmarks/Study_SamplesSet/8d6461ba55fee8ee89a5a6525476f36f.sol"},{"line":385,"column":5,"severity":"Warning","message":"Function name must be in mixedCase","ruleId":"func-name-mixedcase","fix":null,"filePath":"Benchmarks/Study_SamplesSet/8d6461ba55fee8ee89a5a6525476f36f.sol"},{"line":385,"column":90,"severity":"Warning","message":"Visibility modifier must be first in list of modifiers","ruleId":"visibility-modifier-order","fix":null,"filePath":"Benchmarks/Study_SamplesSet/8d6461ba55fee8ee89a5a6525476f36f.sol"},{"line":385,"column":63,"severity":"Warning","message":"Rule is set with explicit type [var/s: uint]","ruleId":"explicit-types","filePath":"Benchmarks/Study_SamplesSet/8d6461ba55fee8ee89a5a6525476f36f.sol"},{"line":391,"column":5,"severity":"Warning","message":"Function name must be in mixedCase","ruleId":"func-name-mixedcase","fix":null,"filePath":"Benchmarks/Study_SamplesSet/8d6461ba55fee8ee89a5a6525476f36f.sol"},{"line":391,"column":75,"severity":"Warning","message":"Visibility modifier must be first in list of modifiers","ruleId":"visibility-modifier-order","fix":null,"filePath":"Benchmarks/Study_SamplesSet/8d6461ba55fee8ee89a5a6525476f36f.sol"},{"line":397,"column":5,"severity":"Warning","message":"Function name must be in mixedCase","ruleId":"func-name-mixedcase","fix":null,"filePath":"Benchmarks/Study_SamplesSet/8d6461ba55fee8ee89a5a6525476f36f.sol"},{"line":397,"column":91,"severity":"Warning","message":"Visibility modifier must be first in list of modifiers","ruleId":"visibility-modifier-order","fix":null,"filePath":"Benchmarks/Study_SamplesSet/8d6461ba55fee8ee89a5a6525476f36f.sol"},{"line":397,"column":29,"severity":"Warning","message":"Rule is set with explicit type [var/s: uint]","ruleId":"explicit-types","filePath":"Benchmarks/Study_SamplesSet/8d6461ba55fee8ee89a5a6525476f36f.sol"},{"line":403,"column":5,"severity":"Warning","message":"Function name must be in mixedCase","ruleId":"func-name-mixedcase","fix":null,"filePath":"Benchmarks/Study_SamplesSet/8d6461ba55fee8ee89a5a6525476f36f.sol"},{"line":403,"column":106,"severity":"Warning","message":"Visibility modifier must be first in list of modifiers","ruleId":"visibility-modifier-order","fix":null,"filePath":"Benchmarks/Study_SamplesSet/8d6461ba55fee8ee89a5a6525476f36f.sol"},{"line":403,"column":29,"severity":"Warning","message":"Rule is set with explicit type [var/s: uint]","ruleId":"explicit-types","filePath":"Benchmarks/Study_SamplesSet/8d6461ba55fee8ee89a5a6525476f36f.sol"},{"line":403,"column":79,"severity":"Warning","message":"Rule is set with explicit type [var/s: uint]","ruleId":"explicit-types","filePath":"Benchmarks/Study_SamplesSet/8d6461ba55fee8ee89a5a6525476f36f.sol"},{"line":409,"column":5,"severity":"Warning","message":"Function name must be in mixedCase","ruleId":"func-name-mixedcase","fix":null,"filePath":"Benchmarks/Study_SamplesSet/8d6461ba55fee8ee89a5a6525476f36f.sol"},{"line":409,"column":90,"severity":"Warning","message":"Visibility modifier must be first in list of modifiers","ruleId":"visibility-modifier-order","fix":null,"filePath":"Benchmarks/Study_SamplesSet/8d6461ba55fee8ee89a5a6525476f36f.sol"},{"line":409,"column":63,"severity":"Warning","message":"Rule is set with explicit type [var/s: uint]","ruleId":"explicit-types","filePath":"Benchmarks/Study_SamplesSet/8d6461ba55fee8ee89a5a6525476f36f.sol"},{"line":415,"column":5,"severity":"Warning","message":"Function name must be in mixedCase","ruleId":"func-name-mixedcase","fix":null,"filePath":"Benchmarks/Study_SamplesSet/8d6461ba55fee8ee89a5a6525476f36f.sol"},{"line":415,"column":75,"severity":"Warning","message":"Visibility modifier must be first in list of modifiers","ruleId":"visibility-modifier-order","fix":null,"filePath":"Benchmarks/Study_SamplesSet/8d6461ba55fee8ee89a5a6525476f36f.sol"},{"line":422,"column":5,"severity":"Warning","message":"Function name must be in mixedCase","ruleId":"func-name-mixedcase","fix":null,"filePath":"Benchmarks/Study_SamplesSet/8d6461ba55fee8ee89a5a6525476f36f.sol"},{"line":422,"column":91,"severity":"Warning","message":"Visibility modifier must be first in list of modifiers","ruleId":"visibility-modifier-order","fix":null,"filePath":"Benchmarks/Study_SamplesSet/8d6461ba55fee8ee89a5a6525476f36f.sol"},{"line":422,"column":29,"severity":"Warning","message":"Rule is set with explicit type [var/s: uint]","ruleId":"explicit-types","filePath":"Benchmarks/Study_SamplesSet/8d6461ba55fee8ee89a5a6525476f36f.sol"},{"line":429,"column":5,"severity":"Warning","message":"Function name must be in mixedCase","ruleId":"func-name-mixedcase","fix":null,"filePath":"Benchmarks/Study_SamplesSet/8d6461ba55fee8ee89a5a6525476f36f.sol"},{"line":429,"column":106,"severity":"Warning","message":"Visibility modifier must be first in list of modifiers","ruleId":"visibility-modifier-order","fix":null,"filePath":"Benchmarks/Study_SamplesSet/8d6461ba55fee8ee89a5a6525476f36f.sol"},{"line":429,"column":29,"severity":"Warning","message":"Rule is set with explicit type [var/s: uint]","ruleId":"explicit-types","filePath":"Benchmarks/Study_SamplesSet/8d6461ba55fee8ee89a5a6525476f36f.sol"},{"line":429,"column":79,"severity":"Warning","message":"Rule is set with explicit type [var/s: uint]","ruleId":"explicit-types","filePath":"Benchmarks/Study_SamplesSet/8d6461ba55fee8ee89a5a6525476f36f.sol"},{"line":436,"column":5,"severity":"Warning","message":"Function name must be in mixedCase","ruleId":"func-name-mixedcase","fix":null,"filePath":"Benchmarks/Study_SamplesSet/8d6461ba55fee8ee89a5a6525476f36f.sol"},{"line":436,"column":90,"severity":"Warning","message":"Visibility modifier must be first in list of modifiers","ruleId":"visibility-modifier-order","fix":null,"filePath":"Benchmarks/Study_SamplesSet/8d6461ba55fee8ee89a5a6525476f36f.sol"},{"line":436,"column":63,"severity":"Warning","message":"Rule is set with explicit type [var/s: uint]","ruleId":"explicit-types","filePath":"Benchmarks/Study_SamplesSet/8d6461ba55fee8ee89a5a6525476f36f.sol"},{"line":444,"column":5,"severity":"Warning","message":"Function name must be in mixedCase","ruleId":"func-name-mixedcase","fix":null,"filePath":"Benchmarks/Study_SamplesSet/8d6461ba55fee8ee89a5a6525476f36f.sol"},{"line":444,"column":75,"severity":"Warning","message":"Visibility modifier must be first in list of modifiers","ruleId":"visibility-modifier-order","fix":null,"filePath":"Benchmarks/Study_SamplesSet/8d6461ba55fee8ee89a5a6525476f36f.sol"},{"line":452,"column":5,"severity":"Warning","message":"Function name must be in mixedCase","ruleId":"func-name-mixedcase","fix":null,"filePath":"Benchmarks/Study_SamplesSet/8d6461ba55fee8ee89a5a6525476f36f.sol"},{"line":452,"column":91,"severity":"Warning","message":"Visibility modifier must be first in list of modifiers","ruleId":"visibility-modifier-order","fix":null,"filePath":"Benchmarks/Study_SamplesSet/8d6461ba55fee8ee89a5a6525476f36f.sol"},{"line":452,"column":29,"severity":"Warning","message":"Rule is set with explicit type [var/s: uint]","ruleId":"explicit-types","filePath":"Benchmarks/Study_SamplesSet/8d6461ba55fee8ee89a5a6525476f36f.sol"},{"line":460,"column":5,"severity":"Warning","message":"Function name must be in mixedCase","ruleId":"func-name-mixedcase","fix":null,"filePath":"Benchmarks/Study_SamplesSet/8d6461ba55fee8ee89a5a6525476f36f.sol"},{"line":460,"column":106,"severity":"Warning","message":"Visibility modifier must be first in list of modifiers","ruleId":"visibility-modifier-order","fix":null,"filePath":"Benchmarks/Study_SamplesSet/8d6461ba55fee8ee89a5a6525476f36f.sol"},{"line":460,"column":29,"severity":"Warning","message":"Rule is set with explicit type [var/s: uint]","ruleId":"explicit-types","filePath":"Benchmarks/Study_SamplesSet/8d6461ba55fee8ee89a5a6525476f36f.sol"},{"line":460,"column":79,"severity":"Warning","message":"Rule is set with explicit type [var/s: uint]","ruleId":"explicit-types","filePath":"Benchmarks/Study_SamplesSet/8d6461ba55fee8ee89a5a6525476f36f.sol"},{"line":468,"column":5,"severity":"Warning","message":"Function name must be in mixedCase","ruleId":"func-name-mixedcase","fix":null,"filePath":"Benchmarks/Study_SamplesSet/8d6461ba55fee8ee89a5a6525476f36f.sol"},{"line":468,"column":90,"severity":"Warning","message":"Visibility modifier must be first in list of modifiers","ruleId":"visibility-modifier-order","fix":null,"filePath":"Benchmarks/Study_SamplesSet/8d6461ba55fee8ee89a5a6525476f36f.sol"},{"line":468,"column":63,"severity":"Warning","message":"Rule is set with explicit type [var/s: uint]","ruleId":"explicit-types","filePath":"Benchmarks/Study_SamplesSet/8d6461ba55fee8ee89a5a6525476f36f.sol"},{"line":476,"column":5,"severity":"Warning","message":"Function name must be in mixedCase","ruleId":"func-name-mixedcase","fix":null,"filePath":"Benchmarks/Study_SamplesSet/8d6461ba55fee8ee89a5a6525476f36f.sol"},{"line":476,"column":75,"severity":"Warning","message":"Visibility modifier must be first in list of modifiers","ruleId":"visibility-modifier-order","fix":null,"filePath":"Benchmarks/Study_SamplesSet/8d6461ba55fee8ee89a5a6525476f36f.sol"},{"line":485,"column":5,"severity":"Warning","message":"Function name must be in mixedCase","ruleId":"func-name-mixedcase","fix":null,"filePath":"Benchmarks/Study_SamplesSet/8d6461ba55fee8ee89a5a6525476f36f.sol"},{"line":485,"column":91,"severity":"Warning","message":"Visibility modifier must be first in list of modifiers","ruleId":"visibility-modifier-order","fix":null,"filePath":"Benchmarks/Study_SamplesSet/8d6461ba55fee8ee89a5a6525476f36f.sol"},{"line":485,"column":29,"severity":"Warning","message":"Rule is set with explicit type [var/s: uint]","ruleId":"explicit-types","filePath":"Benchmarks/Study_SamplesSet/8d6461ba55fee8ee89a5a6525476f36f.sol"},{"line":494,"column":5,"severity":"Warning","message":"Function name must be in mixedCase","ruleId":"func-name-mixedcase","fix":null,"filePath":"Benchmarks/Study_SamplesSet/8d6461ba55fee8ee89a5a6525476f36f.sol"},{"line":494,"column":106,"severity":"Warning","message":"Visibility modifier must be first in list of modifiers","ruleId":"visibility-modifier-order","fix":null,"filePath":"Benchmarks/Study_SamplesSet/8d6461ba55fee8ee89a5a6525476f36f.sol"},{"line":494,"column":29,"severity":"Warning","message":"Rule is set with explicit type [var/s: uint]","ruleId":"explicit-types","filePath":"Benchmarks/Study_SamplesSet/8d6461ba55fee8ee89a5a6525476f36f.sol"},{"line":494,"column":79,"severity":"Warning","message":"Rule is set with explicit type [var/s: uint]","ruleId":"explicit-types","filePath":"Benchmarks/Study_SamplesSet/8d6461ba55fee8ee89a5a6525476f36f.sol"},{"line":503,"column":5,"severity":"Warning","message":"Function name must be in mixedCase","ruleId":"func-name-mixedcase","fix":null,"filePath":"Benchmarks/Study_SamplesSet/8d6461ba55fee8ee89a5a6525476f36f.sol"},{"line":503,"column":90,"severity":"Warning","message":"Visibility modifier must be first in list of modifiers","ruleId":"visibility-modifier-order","fix":null,"filePath":"Benchmarks/Study_SamplesSet/8d6461ba55fee8ee89a5a6525476f36f.sol"},{"line":503,"column":63,"severity":"Warning","message":"Rule is set with explicit type [var/s: uint]","ruleId":"explicit-types","filePath":"Benchmarks/Study_SamplesSet/8d6461ba55fee8ee89a5a6525476f36f.sol"},{"line":513,"column":5,"severity":"Warning","message":"Function name must be in mixedCase","ruleId":"func-name-mixedcase","fix":null,"filePath":"Benchmarks/Study_SamplesSet/8d6461ba55fee8ee89a5a6525476f36f.sol"},{"line":513,"column":47,"severity":"Warning","message":"Visibility modifier must be first in list of modifiers","ruleId":"visibility-modifier-order","fix":null,"filePath":"Benchmarks/Study_SamplesSet/8d6461ba55fee8ee89a5a6525476f36f.sol"},{"line":516,"column":5,"severity":"Warning","message":"Function name must be in mixedCase","ruleId":"func-name-mixedcase","fix":null,"filePath":"Benchmarks/Study_SamplesSet/8d6461ba55fee8ee89a5a6525476f36f.sol"},{"line":516,"column":57,"severity":"Warning","message":"Visibility modifier must be first in list of modifiers","ruleId":"visibility-modifier-order","fix":null,"filePath":"Benchmarks/Study_SamplesSet/8d6461ba55fee8ee89a5a6525476f36f.sol"},{"line":519,"column":5,"severity":"Warning","message":"Function name must be in mixedCase","ruleId":"func-name-mixedcase","fix":null,"filePath":"Benchmarks/Study_SamplesSet/8d6461ba55fee8ee89a5a6525476f36f.sol"},{"line":519,"column":68,"severity":"Warning","message":"Visibility modifier must be first in list of modifiers","ruleId":"visibility-modifier-order","fix":null,"filePath":"Benchmarks/Study_SamplesSet/8d6461ba55fee8ee89a5a6525476f36f.sol"},{"line":519,"column":41,"severity":"Warning","message":"Rule is set with explicit type [var/s: uint]","ruleId":"explicit-types","filePath":"Benchmarks/Study_SamplesSet/8d6461ba55fee8ee89a5a6525476f36f.sol"},{"line":523,"column":5,"severity":"Warning","message":"Function name must be in mixedCase","ruleId":"func-name-mixedcase","fix":null,"filePath":"Benchmarks/Study_SamplesSet/8d6461ba55fee8ee89a5a6525476f36f.sol"},{"line":523,"column":67,"severity":"Warning","message":"Visibility modifier must be first in list of modifiers","ruleId":"visibility-modifier-order","fix":null,"filePath":"Benchmarks/Study_SamplesSet/8d6461ba55fee8ee89a5a6525476f36f.sol"},{"line":527,"column":50,"severity":"Warning","message":"Visibility modifier must be first in list of modifiers","ruleId":"visibility-modifier-order","fix":null,"filePath":"Benchmarks/Study_SamplesSet/8d6461ba55fee8ee89a5a6525476f36f.sol"},{"line":527,"column":67,"severity":"Warning","message":"Rule is set with explicit type [var/s: uint]","ruleId":"explicit-types","filePath":"Benchmarks/Study_SamplesSet/8d6461ba55fee8ee89a5a6525476f36f.sol"},{"line":528,"column":9,"severity":"Error","message":"Avoid to use inline assembly. It is acceptable only in rare cases","ruleId":"no-inline-assembly","fix":null,"filePath":"Benchmarks/Study_SamplesSet/8d6461ba55fee8ee89a5a6525476f36f.sol"},{"line":538,"column":14,"severity":"Warning","message":"Rule is set with explicit type [var/s: uint]","ruleId":"explicit-types","filePath":"Benchmarks/Study_SamplesSet/8d6461ba55fee8ee89a5a6525476f36f.sol"},{"line":553,"column":70,"severity":"Warning","message":"Rule is set with explicit type [var/s: int]","ruleId":"explicit-types","filePath":"Benchmarks/Study_SamplesSet/8d6461ba55fee8ee89a5a6525476f36f.sol"},{"line":556,"column":9,"severity":"Warning","message":"Rule is set with explicit type [var/s: uint]","ruleId":"explicit-types","filePath":"Benchmarks/Study_SamplesSet/8d6461ba55fee8ee89a5a6525476f36f.sol"},{"line":558,"column":14,"severity":"Warning","message":"Rule is set with explicit type [var/s: uint]","ruleId":"explicit-types","filePath":"Benchmarks/Study_SamplesSet/8d6461ba55fee8ee89a5a6525476f36f.sol"},{"line":571,"column":79,"severity":"Warning","message":"Rule is set with explicit type [var/s: int]","ruleId":"explicit-types","filePath":"Benchmarks/Study_SamplesSet/8d6461ba55fee8ee89a5a6525476f36f.sol"},{"line":580,"column":13,"severity":"Warning","message":"Rule is set with explicit type [var/s: uint]","ruleId":"explicit-types","filePath":"Benchmarks/Study_SamplesSet/8d6461ba55fee8ee89a5a6525476f36f.sol"},{"line":581,"column":18,"severity":"Warning","message":"Rule is set with explicit type [var/s: uint]","ruleId":"explicit-types","filePath":"Benchmarks/Study_SamplesSet/8d6461ba55fee8ee89a5a6525476f36f.sol"},{"line":606,"column":9,"severity":"Warning","message":"Rule is set with explicit type [var/s: uint]","ruleId":"explicit-types","filePath":"Benchmarks/Study_SamplesSet/8d6461ba55fee8ee89a5a6525476f36f.sol"},{"line":607,"column":14,"severity":"Warning","message":"Rule is set with explicit type [var/s: uint]","ruleId":"explicit-types","filePath":"Benchmarks/Study_SamplesSet/8d6461ba55fee8ee89a5a6525476f36f.sol"},{"line":628,"column":57,"severity":"Warning","message":"Rule is set with explicit type [var/s: uint]","ruleId":"explicit-types","filePath":"Benchmarks/Study_SamplesSet/8d6461ba55fee8ee89a5a6525476f36f.sol"},{"line":633,"column":34,"severity":"Warning","message":"Rule is set with explicit type [var/s: uint]","ruleId":"explicit-types","filePath":"Benchmarks/Study_SamplesSet/8d6461ba55fee8ee89a5a6525476f36f.sol"},{"line":633,"column":66,"severity":"Warning","message":"Rule is set with explicit type [var/s: uint]","ruleId":"explicit-types","filePath":"Benchmarks/Study_SamplesSet/8d6461ba55fee8ee89a5a6525476f36f.sol"},{"line":635,"column":9,"severity":"Warning","message":"Rule is set with explicit type [var/s: uint]","ruleId":"explicit-types","filePath":"Benchmarks/Study_SamplesSet/8d6461ba55fee8ee89a5a6525476f36f.sol"},{"line":637,"column":14,"severity":"Warning","message":"Rule is set with explicit type [var/s: uint]","ruleId":"explicit-types","filePath":"Benchmarks/Study_SamplesSet/8d6461ba55fee8ee89a5a6525476f36f.sol"},{"line":644,"column":17,"severity":"Warning","message":"Rule is set with explicit type [var/s: uint]","ruleId":"explicit-types","filePath":"Benchmarks/Study_SamplesSet/8d6461ba55fee8ee89a5a6525476f36f.sol"},{"line":651,"column":23,"severity":"Warning","message":"Rule is set with explicit type [var/s: uint]","ruleId":"explicit-types","filePath":"Benchmarks/Study_SamplesSet/8d6461ba55fee8ee89a5a6525476f36f.sol"},{"line":653,"column":9,"severity":"Warning","message":"Rule is set with explicit type [var/s: uint]","ruleId":"explicit-types","filePath":"Benchmarks/Study_SamplesSet/8d6461ba55fee8ee89a5a6525476f36f.sol"},{"line":654,"column":9,"severity":"Warning","message":"Rule is set with explicit type [var/s: uint]","ruleId":"explicit-types","filePath":"Benchmarks/Study_SamplesSet/8d6461ba55fee8ee89a5a6525476f36f.sol"},{"line":660,"column":9,"severity":"Warning","message":"Rule is set with explicit type [var/s: uint]","ruleId":"explicit-types","filePath":"Benchmarks/Study_SamplesSet/8d6461ba55fee8ee89a5a6525476f36f.sol"},{"line":669,"column":13,"severity":"Warning","message":"Rule is set with explicit type [var/s: uint]","ruleId":"explicit-types","filePath":"Benchmarks/Study_SamplesSet/8d6461ba55fee8ee89a5a6525476f36f.sol"},{"line":672,"column":13,"severity":"Warning","message":"Rule is set with explicit type [var/s: uint]","ruleId":"explicit-types","filePath":"Benchmarks/Study_SamplesSet/8d6461ba55fee8ee89a5a6525476f36f.sol"},{"line":674,"column":18,"severity":"Warning","message":"Rule is set with explicit type [var/s: uint]","ruleId":"explicit-types","filePath":"Benchmarks/Study_SamplesSet/8d6461ba55fee8ee89a5a6525476f36f.sol"},{"line":678,"column":13,"severity":"Warning","message":"Rule is set with explicit type [var/s: uint]","ruleId":"explicit-types","filePath":"Benchmarks/Study_SamplesSet/8d6461ba55fee8ee89a5a6525476f36f.sol"},{"line":679,"column":13,"severity":"Warning","message":"Rule is set with explicit type [var/s: uint]","ruleId":"explicit-types","filePath":"Benchmarks/Study_SamplesSet/8d6461ba55fee8ee89a5a6525476f36f.sol"},{"line":690,"column":22,"severity":"Warning","message":"Rule is set with explicit type [var/s: uint]","ruleId":"explicit-types","filePath":"Benchmarks/Study_SamplesSet/8d6461ba55fee8ee89a5a6525476f36f.sol"},{"line":693,"column":25,"severity":"Warning","message":"Rule is set with explicit type [var/s: uint]","ruleId":"explicit-types","filePath":"Benchmarks/Study_SamplesSet/8d6461ba55fee8ee89a5a6525476f36f.sol"},{"line":695,"column":25,"severity":"Warning","message":"Rule is set with explicit type [var/s: uint]","ruleId":"explicit-types","filePath":"Benchmarks/Study_SamplesSet/8d6461ba55fee8ee89a5a6525476f36f.sol"},{"line":711,"column":13,"severity":"Warning","message":"Rule is set with explicit type [var/s: uint]","ruleId":"explicit-types","filePath":"Benchmarks/Study_SamplesSet/8d6461ba55fee8ee89a5a6525476f36f.sol"},{"line":714,"column":13,"severity":"Warning","message":"Rule is set with explicit type [var/s: uint]","ruleId":"explicit-types","filePath":"Benchmarks/Study_SamplesSet/8d6461ba55fee8ee89a5a6525476f36f.sol"},{"line":716,"column":18,"severity":"Warning","message":"Rule is set with explicit type [var/s: uint]","ruleId":"explicit-types","filePath":"Benchmarks/Study_SamplesSet/8d6461ba55fee8ee89a5a6525476f36f.sol"},{"line":720,"column":13,"severity":"Warning","message":"Rule is set with explicit type [var/s: uint]","ruleId":"explicit-types","filePath":"Benchmarks/Study_SamplesSet/8d6461ba55fee8ee89a5a6525476f36f.sol"},{"line":721,"column":13,"severity":"Warning","message":"Rule is set with explicit type [var/s: uint]","ruleId":"explicit-types","filePath":"Benchmarks/Study_SamplesSet/8d6461ba55fee8ee89a5a6525476f36f.sol"},{"line":732,"column":22,"severity":"Warning","message":"Rule is set with explicit type [var/s: uint]","ruleId":"explicit-types","filePath":"Benchmarks/Study_SamplesSet/8d6461ba55fee8ee89a5a6525476f36f.sol"},{"line":735,"column":25,"severity":"Warning","message":"Rule is set with explicit type [var/s: uint]","ruleId":"explicit-types","filePath":"Benchmarks/Study_SamplesSet/8d6461ba55fee8ee89a5a6525476f36f.sol"},{"line":737,"column":25,"severity":"Warning","message":"Rule is set with explicit type [var/s: uint]","ruleId":"explicit-types","filePath":"Benchmarks/Study_SamplesSet/8d6461ba55fee8ee89a5a6525476f36f.sol"},{"line":753,"column":5,"severity":"Error","message":"Explicitly mark visibility of state","ruleId":"state-visibility","fix":null,"filePath":"Benchmarks/Study_SamplesSet/8d6461ba55fee8ee89a5a6525476f36f.sol"},{"line":753,"column":5,"severity":"Warning","message":"Variable name must be in mixedCase","ruleId":"var-name-mixedcase","fix":null,"filePath":"Benchmarks/Study_SamplesSet/8d6461ba55fee8ee89a5a6525476f36f.sol"},{"line":754,"column":5,"severity":"Warning","message":"Function name must be in mixedCase","ruleId":"func-name-mixedcase","fix":null,"filePath":"Benchmarks/Study_SamplesSet/8d6461ba55fee8ee89a5a6525476f36f.sol"},{"line":754,"column":38,"severity":"Warning","message":"Variable name must be in mixedCase","ruleId":"var-name-mixedcase","fix":null,"filePath":"Benchmarks/Study_SamplesSet/8d6461ba55fee8ee89a5a6525476f36f.sol"},{"line":758,"column":5,"severity":"Warning","message":"Function name must be in mixedCase","ruleId":"func-name-mixedcase","fix":null,"filePath":"Benchmarks/Study_SamplesSet/8d6461ba55fee8ee89a5a6525476f36f.sol"},{"line":762,"column":5,"severity":"Warning","message":"Function name must be in mixedCase","ruleId":"func-name-mixedcase","fix":null,"filePath":"Benchmarks/Study_SamplesSet/8d6461ba55fee8ee89a5a6525476f36f.sol"},{"line":762,"column":40,"severity":"Warning","message":"Rule is set with explicit type [var/s: uint]","ruleId":"explicit-types","filePath":"Benchmarks/Study_SamplesSet/8d6461ba55fee8ee89a5a6525476f36f.sol"},{"line":762,"column":53,"severity":"Warning","message":"Rule is set with explicit type [var/s: uint]","ruleId":"explicit-types","filePath":"Benchmarks/Study_SamplesSet/8d6461ba55fee8ee89a5a6525476f36f.sol"},{"line":762,"column":67,"severity":"Warning","message":"Rule is set with explicit type [var/s: uint]","ruleId":"explicit-types","filePath":"Benchmarks/Study_SamplesSet/8d6461ba55fee8ee89a5a6525476f36f.sol"},{"line":763,"column":9,"severity":"Warning","message":"Provide an error message for require","ruleId":"reason-string","fix":null,"filePath":"Benchmarks/Study_SamplesSet/8d6461ba55fee8ee89a5a6525476f36f.sol"},{"line":763,"column":9,"severity":"Warning","message":"Use Custom Errors instead of require statements","ruleId":"custom-errors","fix":null,"filePath":"Benchmarks/Study_SamplesSet/8d6461ba55fee8ee89a5a6525476f36f.sol"},{"line":768,"column":9,"severity":"Warning","message":"Variable name must be in mixedCase","ruleId":"var-name-mixedcase","fix":null,"filePath":"Benchmarks/Study_SamplesSet/8d6461ba55fee8ee89a5a6525476f36f.sol"},{"line":769,"column":9,"severity":"Error","message":"Avoid to use inline assembly. It is acceptable only in rare cases","ruleId":"no-inline-assembly","fix":null,"filePath":"Benchmarks/Study_SamplesSet/8d6461ba55fee8ee89a5a6525476f36f.sol"},{"line":781,"column":5,"severity":"Warning","message":"Function name must be in mixedCase","ruleId":"func-name-mixedcase","fix":null,"filePath":"Benchmarks/Study_SamplesSet/8d6461ba55fee8ee89a5a6525476f36f.sol"},{"line":785,"column":5,"severity":"Error","message":"Explicitly mark visibility of state","ruleId":"state-visibility","fix":null,"filePath":"Benchmarks/Study_SamplesSet/8d6461ba55fee8ee89a5a6525476f36f.sol"},{"line":785,"column":5,"severity":"Warning","message":"Variable name must be in mixedCase","ruleId":"var-name-mixedcase","fix":null,"filePath":"Benchmarks/Study_SamplesSet/8d6461ba55fee8ee89a5a6525476f36f.sol"},{"line":786,"column":5,"severity":"Error","message":"Explicitly mark visibility of state","ruleId":"state-visibility","fix":null,"filePath":"Benchmarks/Study_SamplesSet/8d6461ba55fee8ee89a5a6525476f36f.sol"},{"line":786,"column":5,"severity":"Warning","message":"Variable name must be in mixedCase","ruleId":"var-name-mixedcase","fix":null,"filePath":"Benchmarks/Study_SamplesSet/8d6461ba55fee8ee89a5a6525476f36f.sol"},{"line":796,"column":23,"severity":"Warning","message":"Rule is set with explicit type [var/s: uint]","ruleId":"explicit-types","filePath":"Benchmarks/Study_SamplesSet/8d6461ba55fee8ee89a5a6525476f36f.sol"},{"line":796,"column":9,"severity":"Warning","message":"Rule is set with explicit type [var/s: uint]","ruleId":"explicit-types","filePath":"Benchmarks/Study_SamplesSet/8d6461ba55fee8ee89a5a6525476f36f.sol"},{"line":800,"column":9,"severity":"Warning","message":"Rule is set with explicit type [var/s: uint]","ruleId":"explicit-types","filePath":"Benchmarks/Study_SamplesSet/8d6461ba55fee8ee89a5a6525476f36f.sol"},{"line":802,"column":9,"severity":"Error","message":"Avoid to use inline assembly. It is acceptable only in rare cases","ruleId":"no-inline-assembly","fix":null,"filePath":"Benchmarks/Study_SamplesSet/8d6461ba55fee8ee89a5a6525476f36f.sol"},{"line":816,"column":5,"severity":"Warning","message":"Function name must be in mixedCase","ruleId":"func-name-mixedcase","fix":null,"filePath":"Benchmarks/Study_SamplesSet/8d6461ba55fee8ee89a5a6525476f36f.sol"},{"line":816,"column":77,"severity":"Warning","message":"Rule is set with explicit type [var/s: uint]","ruleId":"explicit-types","filePath":"Benchmarks/Study_SamplesSet/8d6461ba55fee8ee89a5a6525476f36f.sol"},{"line":820,"column":29,"severity":"Warning","message":"Rule is set with explicit type [var/s: uint]","ruleId":"explicit-types","filePath":"Benchmarks/Study_SamplesSet/8d6461ba55fee8ee89a5a6525476f36f.sol"},{"line":823,"column":9,"severity":"Warning","message":"Variable name must be in mixedCase","ruleId":"var-name-mixedcase","fix":null,"filePath":"Benchmarks/Study_SamplesSet/8d6461ba55fee8ee89a5a6525476f36f.sol"},{"line":829,"column":9,"severity":"Warning","message":"Variable name must be in mixedCase","ruleId":"var-name-mixedcase","fix":null,"filePath":"Benchmarks/Study_SamplesSet/8d6461ba55fee8ee89a5a6525476f36f.sol"},{"line":830,"column":19,"severity":"Error","message":"Explicitly mark all external contracts as trusted or untrusted","ruleId":"mark-callable-contracts","filePath":"Benchmarks/Study_SamplesSet/8d6461ba55fee8ee89a5a6525476f36f.sol"},{"line":837,"column":9,"severity":"Warning","message":"Variable name must be in mixedCase","ruleId":"var-name-mixedcase","fix":null,"filePath":"Benchmarks/Study_SamplesSet/8d6461ba55fee8ee89a5a6525476f36f.sol"},{"line":843,"column":29,"severity":"Warning","message":"Rule is set with explicit type [var/s: uint]","ruleId":"explicit-types","filePath":"Benchmarks/Study_SamplesSet/8d6461ba55fee8ee89a5a6525476f36f.sol"},{"line":846,"column":50,"severity":"Error","message":"Explicitly mark all external contracts as trusted or untrusted","ruleId":"mark-callable-contracts","filePath":"Benchmarks/Study_SamplesSet/8d6461ba55fee8ee89a5a6525476f36f.sol"},{"line":853,"column":9,"severity":"Warning","message":"Provide an error message for require","ruleId":"reason-string","fix":null,"filePath":"Benchmarks/Study_SamplesSet/8d6461ba55fee8ee89a5a6525476f36f.sol"},{"line":853,"column":9,"severity":"Warning","message":"Use Custom Errors instead of require statements","ruleId":"custom-errors","fix":null,"filePath":"Benchmarks/Study_SamplesSet/8d6461ba55fee8ee89a5a6525476f36f.sol"},{"line":856,"column":9,"severity":"Warning","message":"Provide an error message for require","ruleId":"reason-string","fix":null,"filePath":"Benchmarks/Study_SamplesSet/8d6461ba55fee8ee89a5a6525476f36f.sol"},{"line":856,"column":9,"severity":"Warning","message":"Use Custom Errors instead of require statements","ruleId":"custom-errors","fix":null,"filePath":"Benchmarks/Study_SamplesSet/8d6461ba55fee8ee89a5a6525476f36f.sol"},{"line":861,"column":5,"severity":"Warning","message":"Function name must be in mixedCase","ruleId":"func-name-mixedcase","fix":null,"filePath":"Benchmarks/Study_SamplesSet/8d6461ba55fee8ee89a5a6525476f36f.sol"},{"line":871,"column":64,"severity":"Warning","message":"Rule is set with explicit type [var/s: uint]","ruleId":"explicit-types","filePath":"Benchmarks/Study_SamplesSet/8d6461ba55fee8ee89a5a6525476f36f.sol"},{"line":871,"column":64,"severity":"Warning","message":"Variable name must be in mixedCase","ruleId":"var-name-mixedcase","fix":null,"filePath":"Benchmarks/Study_SamplesSet/8d6461ba55fee8ee89a5a6525476f36f.sol"},{"line":882,"column":5,"severity":"Warning","message":"Function name must be in mixedCase","ruleId":"func-name-mixedcase","fix":null,"filePath":"Benchmarks/Study_SamplesSet/8d6461ba55fee8ee89a5a6525476f36f.sol"},{"line":882,"column":94,"severity":"Warning","message":"Variable name must be in mixedCase","ruleId":"var-name-mixedcase","fix":null,"filePath":"Benchmarks/Study_SamplesSet/8d6461ba55fee8ee89a5a6525476f36f.sol"},{"line":885,"column":34,"severity":"Warning","message":"Rule is set with explicit type [var/s: uint]","ruleId":"explicit-types","filePath":"Benchmarks/Study_SamplesSet/8d6461ba55fee8ee89a5a6525476f36f.sol"},{"line":885,"column":9,"severity":"Warning","message":"Rule is set with explicit type [var/s: uint]","ruleId":"explicit-types","filePath":"Benchmarks/Study_SamplesSet/8d6461ba55fee8ee89a5a6525476f36f.sol"},{"line":890,"column":29,"severity":"Warning","message":"Rule is set with explicit type [var/s: uint]","ruleId":"explicit-types","filePath":"Benchmarks/Study_SamplesSet/8d6461ba55fee8ee89a5a6525476f36f.sol"},{"line":902,"column":9,"severity":"Warning","message":"Rule is set with explicit type [var/s: uint]","ruleId":"explicit-types","filePath":"Benchmarks/Study_SamplesSet/8d6461ba55fee8ee89a5a6525476f36f.sol"},{"line":925,"column":36,"severity":"Warning","message":"Rule is set with explicit type [var/s: uint]","ruleId":"explicit-types","filePath":"Benchmarks/Study_SamplesSet/8d6461ba55fee8ee89a5a6525476f36f.sol"},{"line":925,"column":53,"severity":"Warning","message":"Rule is set with explicit type [var/s: uint]","ruleId":"explicit-types","filePath":"Benchmarks/Study_SamplesSet/8d6461ba55fee8ee89a5a6525476f36f.sol"},{"line":925,"column":76,"severity":"Warning","message":"Rule is set with explicit type [var/s: uint]","ruleId":"explicit-types","filePath":"Benchmarks/Study_SamplesSet/8d6461ba55fee8ee89a5a6525476f36f.sol"},{"line":926,"column":9,"severity":"Warning","message":"Rule is set with explicit type [var/s: uint]","ruleId":"explicit-types","filePath":"Benchmarks/Study_SamplesSet/8d6461ba55fee8ee89a5a6525476f36f.sol"},{"line":929,"column":9,"severity":"Warning","message":"Provide an error message for require","ruleId":"reason-string","fix":null,"filePath":"Benchmarks/Study_SamplesSet/8d6461ba55fee8ee89a5a6525476f36f.sol"},{"line":929,"column":9,"severity":"Warning","message":"Use Custom Errors instead of require statements","ruleId":"custom-errors","fix":null,"filePath":"Benchmarks/Study_SamplesSet/8d6461ba55fee8ee89a5a6525476f36f.sol"},{"line":932,"column":9,"severity":"Warning","message":"Rule is set with explicit type [var/s: uint]","ruleId":"explicit-types","filePath":"Benchmarks/Study_SamplesSet/8d6461ba55fee8ee89a5a6525476f36f.sol"},{"line":933,"column":9,"severity":"Warning","message":"Rule is set with explicit type [var/s: uint]","ruleId":"explicit-types","filePath":"Benchmarks/Study_SamplesSet/8d6461ba55fee8ee89a5a6525476f36f.sol"},{"line":936,"column":13,"severity":"Error","message":"Avoid to use inline assembly. It is acceptable only in rare cases","ruleId":"no-inline-assembly","fix":null,"filePath":"Benchmarks/Study_SamplesSet/8d6461ba55fee8ee89a5a6525476f36f.sol"},{"line":949,"column":5,"severity":"Warning","message":"Function name must be in mixedCase","ruleId":"func-name-mixedcase","fix":null,"filePath":"Benchmarks/Study_SamplesSet/8d6461ba55fee8ee89a5a6525476f36f.sol"},{"line":960,"column":9,"severity":"Error","message":"Avoid to use inline assembly. It is acceptable only in rare cases","ruleId":"no-inline-assembly","fix":null,"filePath":"Benchmarks/Study_SamplesSet/8d6461ba55fee8ee89a5a6525476f36f.sol"},{"line":988,"column":9,"severity":"Error","message":"Avoid to use inline assembly. It is acceptable only in rare cases","ruleId":"no-inline-assembly","fix":null,"filePath":"Benchmarks/Study_SamplesSet/8d6461ba55fee8ee89a5a6525476f36f.sol"},{"line":1045,"column":1,"severity":"Warning","message":"Contract has 16 states declarations but allowed no more than 15","ruleId":"max-states-count","fix":null,"filePath":"Benchmarks/Study_SamplesSet/8d6461ba55fee8ee89a5a6525476f36f.sol"},{"line":1066,"column":5,"severity":"Warning","message":"Rule is set with explicit type [var/s: uint]","ruleId":"explicit-types","filePath":"Benchmarks/Study_SamplesSet/8d6461ba55fee8ee89a5a6525476f36f.sol"},{"line":1072,"column":3,"severity":"Warning","message":"Rule is set with explicit type [var/s: uint]","ruleId":"explicit-types","filePath":"Benchmarks/Study_SamplesSet/8d6461ba55fee8ee89a5a6525476f36f.sol"},{"line":1073,"column":3,"severity":"Warning","message":"Rule is set with explicit type [var/s: uint]","ruleId":"explicit-types","filePath":"Benchmarks/Study_SamplesSet/8d6461ba55fee8ee89a5a6525476f36f.sol"},{"line":1074,"column":3,"severity":"Warning","message":"Rule is set with explicit type [var/s: uint]","ruleId":"explicit-types","filePath":"Benchmarks/Study_SamplesSet/8d6461ba55fee8ee89a5a6525476f36f.sol"},{"line":1075,"column":3,"severity":"Warning","message":"Rule is set with explicit type [var/s: uint]","ruleId":"explicit-types","filePath":"Benchmarks/Study_SamplesSet/8d6461ba55fee8ee89a5a6525476f36f.sol"},{"line":1076,"column":3,"severity":"Warning","message":"Rule is set with explicit type [var/s: uint]","ruleId":"explicit-types","filePath":"Benchmarks/Study_SamplesSet/8d6461ba55fee8ee89a5a6525476f36f.sol"},{"line":1080,"column":3,"severity":"Warning","message":"Rule is set with explicit type [var/s: uint]","ruleId":"explicit-types","filePath":"Benchmarks/Study_SamplesSet/8d6461ba55fee8ee89a5a6525476f36f.sol"},{"line":1081,"column":3,"severity":"Warning","message":"Rule is set with explicit type [var/s: uint]","ruleId":"explicit-types","filePath":"Benchmarks/Study_SamplesSet/8d6461ba55fee8ee89a5a6525476f36f.sol"},{"line":1082,"column":3,"severity":"Warning","message":"Rule is set with explicit type [var/s: uint]","ruleId":"explicit-types","filePath":"Benchmarks/Study_SamplesSet/8d6461ba55fee8ee89a5a6525476f36f.sol"},{"line":1083,"column":3,"severity":"Warning","message":"Rule is set with explicit type [var/s: uint]","ruleId":"explicit-types","filePath":"Benchmarks/Study_SamplesSet/8d6461ba55fee8ee89a5a6525476f36f.sol"},{"line":1084,"column":3,"severity":"Warning","message":"Rule is set with explicit type [var/s: uint]","ruleId":"explicit-types","filePath":"Benchmarks/Study_SamplesSet/8d6461ba55fee8ee89a5a6525476f36f.sol"},{"line":1088,"column":3,"severity":"Warning","message":"Rule is set with explicit type [var/s: uint]","ruleId":"explicit-types","filePath":"Benchmarks/Study_SamplesSet/8d6461ba55fee8ee89a5a6525476f36f.sol"},{"line":1089,"column":3,"severity":"Warning","message":"Rule is set with explicit type [var/s: uint]","ruleId":"explicit-types","filePath":"Benchmarks/Study_SamplesSet/8d6461ba55fee8ee89a5a6525476f36f.sol"},{"line":1092,"column":3,"severity":"Warning","message":"Rule is set with explicit type [var/s: uint]","ruleId":"explicit-types","filePath":"Benchmarks/Study_SamplesSet/8d6461ba55fee8ee89a5a6525476f36f.sol"},{"line":1095,"column":32,"severity":"Warning","message":"Rule is set with explicit type [var/s: uint]","ruleId":"explicit-types","filePath":"Benchmarks/Study_SamplesSet/8d6461ba55fee8ee89a5a6525476f36f.sol"},{"line":1095,"column":49,"severity":"Warning","message":"Rule is set with explicit type [var/s: uint]","ruleId":"explicit-types","filePath":"Benchmarks/Study_SamplesSet/8d6461ba55fee8ee89a5a6525476f36f.sol"},{"line":1095,"column":65,"severity":"Warning","message":"Rule is set with explicit type [var/s: uint]","ruleId":"explicit-types","filePath":"Benchmarks/Study_SamplesSet/8d6461ba55fee8ee89a5a6525476f36f.sol"},{"line":1095,"column":108,"severity":"Warning","message":"Rule is set with explicit type [var/s: uint]","ruleId":"explicit-types","filePath":"Benchmarks/Study_SamplesSet/8d6461ba55fee8ee89a5a6525476f36f.sol"},{"line":1097,"column":22,"severity":"Warning","message":"Rule is set with explicit type [var/s: uint]","ruleId":"explicit-types","filePath":"Benchmarks/Study_SamplesSet/8d6461ba55fee8ee89a5a6525476f36f.sol"},{"line":1098,"column":22,"severity":"Warning","message":"Rule is set with explicit type [var/s: uint]","ruleId":"explicit-types","filePath":"Benchmarks/Study_SamplesSet/8d6461ba55fee8ee89a5a6525476f36f.sol"},{"line":1099,"column":25,"severity":"Warning","message":"Rule is set with explicit type [var/s: uint]","ruleId":"explicit-types","filePath":"Benchmarks/Study_SamplesSet/8d6461ba55fee8ee89a5a6525476f36f.sol"},{"line":1118,"column":5,"severity":"Warning","message":"Provide an error message for require","ruleId":"reason-string","fix":null,"filePath":"Benchmarks/Study_SamplesSet/8d6461ba55fee8ee89a5a6525476f36f.sol"},{"line":1118,"column":5,"severity":"Warning","message":"Use Custom Errors instead of require statements","ruleId":"custom-errors","fix":null,"filePath":"Benchmarks/Study_SamplesSet/8d6461ba55fee8ee89a5a6525476f36f.sol"},{"line":1123,"column":5,"severity":"Warning","message":"Provide an error message for require","ruleId":"reason-string","fix":null,"filePath":"Benchmarks/Study_SamplesSet/8d6461ba55fee8ee89a5a6525476f36f.sol"},{"line":1123,"column":5,"severity":"Warning","message":"Use Custom Errors instead of require statements","ruleId":"custom-errors","fix":null,"filePath":"Benchmarks/Study_SamplesSet/8d6461ba55fee8ee89a5a6525476f36f.sol"},{"line":1128,"column":5,"severity":"Warning","message":"Provide an error message for require","ruleId":"reason-string","fix":null,"filePath":"Benchmarks/Study_SamplesSet/8d6461ba55fee8ee89a5a6525476f36f.sol"},{"line":1128,"column":5,"severity":"Warning","message":"Use Custom Errors instead of require statements","ruleId":"custom-errors","fix":null,"filePath":"Benchmarks/Study_SamplesSet/8d6461ba55fee8ee89a5a6525476f36f.sol"},{"line":1133,"column":5,"severity":"Warning","message":"Provide an error message for require","ruleId":"reason-string","fix":null,"filePath":"Benchmarks/Study_SamplesSet/8d6461ba55fee8ee89a5a6525476f36f.sol"},{"line":1133,"column":5,"severity":"Warning","message":"Use Custom Errors instead of require statements","ruleId":"custom-errors","fix":null,"filePath":"Benchmarks/Study_SamplesSet/8d6461ba55fee8ee89a5a6525476f36f.sol"},{"line":1138,"column":5,"severity":"Warning","message":"Provide an error message for require","ruleId":"reason-string","fix":null,"filePath":"Benchmarks/Study_SamplesSet/8d6461ba55fee8ee89a5a6525476f36f.sol"},{"line":1138,"column":5,"severity":"Warning","message":"Use Custom Errors instead of require statements","ruleId":"custom-errors","fix":null,"filePath":"Benchmarks/Study_SamplesSet/8d6461ba55fee8ee89a5a6525476f36f.sol"},{"line":1143,"column":5,"severity":"Warning","message":"Provide an error message for require","ruleId":"reason-string","fix":null,"filePath":"Benchmarks/Study_SamplesSet/8d6461ba55fee8ee89a5a6525476f36f.sol"},{"line":1143,"column":5,"severity":"Warning","message":"Use Custom Errors instead of require statements","ruleId":"custom-errors","fix":null,"filePath":"Benchmarks/Study_SamplesSet/8d6461ba55fee8ee89a5a6525476f36f.sol"},{"line":1168,"column":57,"severity":"Warning","message":"Rule is set with explicit type [var/s: uint]","ruleId":"explicit-types","filePath":"Benchmarks/Study_SamplesSet/8d6461ba55fee8ee89a5a6525476f36f.sol"},{"line":1172,"column":24,"severity":"Warning","message":"Rule is set with explicit type [var/s: uint]","ruleId":"explicit-types","filePath":"Benchmarks/Study_SamplesSet/8d6461ba55fee8ee89a5a6525476f36f.sol"},{"line":1172,"column":5,"severity":"Warning","message":"Rule is set with explicit type [var/s: uint]","ruleId":"explicit-types","filePath":"Benchmarks/Study_SamplesSet/8d6461ba55fee8ee89a5a6525476f36f.sol"},{"line":1182,"column":5,"severity":"Warning","message":"Rule is set with explicit type [var/s: uint]","ruleId":"explicit-types","filePath":"Benchmarks/Study_SamplesSet/8d6461ba55fee8ee89a5a6525476f36f.sol"},{"line":1198,"column":5,"severity":"Warning","message":"Rule is set with explicit type [var/s: uint]","ruleId":"explicit-types","filePath":"Benchmarks/Study_SamplesSet/8d6461ba55fee8ee89a5a6525476f36f.sol"},{"line":1206,"column":40,"severity":"Warning","message":"Visibility modifier must be first in list of modifiers","ruleId":"visibility-modifier-order","fix":null,"filePath":"Benchmarks/Study_SamplesSet/8d6461ba55fee8ee89a5a6525476f36f.sol"},{"line":1206,"column":57,"severity":"Warning","message":"Rule is set with explicit type [var/s: uint]","ruleId":"explicit-types","filePath":"Benchmarks/Study_SamplesSet/8d6461ba55fee8ee89a5a6525476f36f.sol"},{"line":1210,"column":38,"severity":"Warning","message":"Rule is set with explicit type [var/s: uint]","ruleId":"explicit-types","filePath":"Benchmarks/Study_SamplesSet/8d6461ba55fee8ee89a5a6525476f36f.sol"},{"line":1210,"column":65,"severity":"Warning","message":"Rule is set with explicit type [var/s: uint]","ruleId":"explicit-types","filePath":"Benchmarks/Study_SamplesSet/8d6461ba55fee8ee89a5a6525476f36f.sol"},{"line":1211,"column":5,"severity":"Warning","message":"Rule is set with explicit type [var/s: uint]","ruleId":"explicit-types","filePath":"Benchmarks/Study_SamplesSet/8d6461ba55fee8ee89a5a6525476f36f.sol"},{"line":1245,"column":5,"severity":"Error","message":"Explicitly mark all external contracts as trusted or untrusted","ruleId":"mark-callable-contracts","filePath":"Benchmarks/Study_SamplesSet/8d6461ba55fee8ee89a5a6525476f36f.sol"},{"line":1249,"column":40,"severity":"Warning","message":"Visibility modifier must be first in list of modifiers","ruleId":"visibility-modifier-order","fix":null,"filePath":"Benchmarks/Study_SamplesSet/8d6461ba55fee8ee89a5a6525476f36f.sol"},{"line":1249,"column":56,"severity":"Warning","message":"Rule is set with explicit type [var/s: uint]","ruleId":"explicit-types","filePath":"Benchmarks/Study_SamplesSet/8d6461ba55fee8ee89a5a6525476f36f.sol"},{"line":1253,"column":39,"severity":"Warning","message":"Visibility modifier must be first in list of modifiers","ruleId":"visibility-modifier-order","fix":null,"filePath":"Benchmarks/Study_SamplesSet/8d6461ba55fee8ee89a5a6525476f36f.sol"},{"line":1253,"column":55,"severity":"Warning","message":"Rule is set with explicit type [var/s: uint]","ruleId":"explicit-types","filePath":"Benchmarks/Study_SamplesSet/8d6461ba55fee8ee89a5a6525476f36f.sol"},{"line":1257,"column":36,"severity":"Warning","message":"Visibility modifier must be first in list of modifiers","ruleId":"visibility-modifier-order","fix":null,"filePath":"Benchmarks/Study_SamplesSet/8d6461ba55fee8ee89a5a6525476f36f.sol"},{"line":1257,"column":52,"severity":"Warning","message":"Rule is set with explicit type [var/s: uint]","ruleId":"explicit-types","filePath":"Benchmarks/Study_SamplesSet/8d6461ba55fee8ee89a5a6525476f36f.sol"},{"line":1261,"column":38,"severity":"Warning","message":"Visibility modifier must be first in list of modifiers","ruleId":"visibility-modifier-order","fix":null,"filePath":"Benchmarks/Study_SamplesSet/8d6461ba55fee8ee89a5a6525476f36f.sol"},{"line":1261,"column":54,"severity":"Warning","message":"Rule is set with explicit type [var/s: uint]","ruleId":"explicit-types","filePath":"Benchmarks/Study_SamplesSet/8d6461ba55fee8ee89a5a6525476f36f.sol"},{"line":1266,"column":34,"severity":"Warning","message":"Visibility modifier must be first in list of modifiers","ruleId":"visibility-modifier-order","fix":null,"filePath":"Benchmarks/Study_SamplesSet/8d6461ba55fee8ee89a5a6525476f36f.sol"},{"line":1266,"column":50,"severity":"Warning","message":"Rule is set with explicit type [var/s: uint]","ruleId":"explicit-types","filePath":"Benchmarks/Study_SamplesSet/8d6461ba55fee8ee89a5a6525476f36f.sol"},{"line":1270,"column":37,"severity":"Warning","message":"Visibility modifier must be first in list of modifiers","ruleId":"visibility-modifier-order","fix":null,"filePath":"Benchmarks/Study_SamplesSet/8d6461ba55fee8ee89a5a6525476f36f.sol"},{"line":1274,"column":33,"severity":"Warning","message":"Visibility modifier must be first in list of modifiers","ruleId":"visibility-modifier-order","fix":null,"filePath":"Benchmarks/Study_SamplesSet/8d6461ba55fee8ee89a5a6525476f36f.sol"},{"line":1274,"column":49,"severity":"Warning","message":"Rule is set with explicit type [var/s: uint]","ruleId":"explicit-types","filePath":"Benchmarks/Study_SamplesSet/8d6461ba55fee8ee89a5a6525476f36f.sol"},{"line":1278,"column":33,"severity":"Warning","message":"Visibility modifier must be first in list of modifiers","ruleId":"visibility-modifier-order","fix":null,"filePath":"Benchmarks/Study_SamplesSet/8d6461ba55fee8ee89a5a6525476f36f.sol"},{"line":1278,"column":49,"severity":"Warning","message":"Rule is set with explicit type [var/s: uint]","ruleId":"explicit-types","filePath":"Benchmarks/Study_SamplesSet/8d6461ba55fee8ee89a5a6525476f36f.sol"},{"line":1282,"column":36,"severity":"Warning","message":"Visibility modifier must be first in list of modifiers","ruleId":"visibility-modifier-order","fix":null,"filePath":"Benchmarks/Study_SamplesSet/8d6461ba55fee8ee89a5a6525476f36f.sol"},{"line":1282,"column":52,"severity":"Warning","message":"Rule is set with explicit type [var/s: uint]","ruleId":"explicit-types","filePath":"Benchmarks/Study_SamplesSet/8d6461ba55fee8ee89a5a6525476f36f.sol"},{"line":1286,"column":38,"severity":"Warning","message":"Visibility modifier must be first in list of modifiers","ruleId":"visibility-modifier-order","fix":null,"filePath":"Benchmarks/Study_SamplesSet/8d6461ba55fee8ee89a5a6525476f36f.sol"},{"line":1286,"column":54,"severity":"Warning","message":"Rule is set with explicit type [var/s: uint]","ruleId":"explicit-types","filePath":"Benchmarks/Study_SamplesSet/8d6461ba55fee8ee89a5a6525476f36f.sol"},{"line":1290,"column":48,"severity":"Warning","message":"Visibility modifier must be first in list of modifiers","ruleId":"visibility-modifier-order","fix":null,"filePath":"Benchmarks/Study_SamplesSet/8d6461ba55fee8ee89a5a6525476f36f.sol"},{"line":1290,"column":64,"severity":"Warning","message":"Rule is set with explicit type [var/s: uint]","ruleId":"explicit-types","filePath":"Benchmarks/Study_SamplesSet/8d6461ba55fee8ee89a5a6525476f36f.sol"},{"line":1294,"column":39,"severity":"Warning","message":"Visibility modifier must be first in list of modifiers","ruleId":"visibility-modifier-order","fix":null,"filePath":"Benchmarks/Study_SamplesSet/8d6461ba55fee8ee89a5a6525476f36f.sol"},{"line":1315,"column":5,"severity":"Error","message":"Explicitly mark all external contracts as trusted or untrusted","ruleId":"mark-callable-contracts","filePath":"Benchmarks/Study_SamplesSet/8d6461ba55fee8ee89a5a6525476f36f.sol"},{"line":1320,"column":5,"severity":"Error","message":"Explicitly mark all external contracts as trusted or untrusted","ruleId":"mark-callable-contracts","filePath":"Benchmarks/Study_SamplesSet/8d6461ba55fee8ee89a5a6525476f36f.sol"},{"line":1323,"column":22,"severity":"Warning","message":"Rule is set with explicit type [var/s: uint]","ruleId":"explicit-types","filePath":"Benchmarks/Study_SamplesSet/8d6461ba55fee8ee89a5a6525476f36f.sol"},{"line":1324,"column":5,"severity":"Warning","message":"Provide an error message for require","ruleId":"reason-string","fix":null,"filePath":"Benchmarks/Study_SamplesSet/8d6461ba55fee8ee89a5a6525476f36f.sol"},{"line":1324,"column":5,"severity":"Warning","message":"Use Custom Errors instead of require statements","ruleId":"custom-errors","fix":null,"filePath":"Benchmarks/Study_SamplesSet/8d6461ba55fee8ee89a5a6525476f36f.sol"},{"line":1326,"column":5,"severity":"Error","message":"Explicitly mark all external contracts as trusted or untrusted","ruleId":"mark-callable-contracts","filePath":"Benchmarks/Study_SamplesSet/8d6461ba55fee8ee89a5a6525476f36f.sol"},{"line":1329,"column":22,"severity":"Warning","message":"Rule is set with explicit type [var/s: uint]","ruleId":"explicit-types","filePath":"Benchmarks/Study_SamplesSet/8d6461ba55fee8ee89a5a6525476f36f.sol"},{"line":1330,"column":5,"severity":"Warning","message":"Provide an error message for require","ruleId":"reason-string","fix":null,"filePath":"Benchmarks/Study_SamplesSet/8d6461ba55fee8ee89a5a6525476f36f.sol"},{"line":1330,"column":5,"severity":"Warning","message":"Use Custom Errors instead of require statements","ruleId":"custom-errors","fix":null,"filePath":"Benchmarks/Study_SamplesSet/8d6461ba55fee8ee89a5a6525476f36f.sol"},{"line":1332,"column":5,"severity":"Error","message":"Explicitly mark all external contracts as trusted or untrusted","ruleId":"mark-callable-contracts","filePath":"Benchmarks/Study_SamplesSet/8d6461ba55fee8ee89a5a6525476f36f.sol"},{"line":1335,"column":25,"severity":"Warning","message":"Rule is set with explicit type [var/s: uint]","ruleId":"explicit-types","filePath":"Benchmarks/Study_SamplesSet/8d6461ba55fee8ee89a5a6525476f36f.sol"},{"line":1336,"column":5,"severity":"Warning","message":"Provide an error message for require","ruleId":"reason-string","fix":null,"filePath":"Benchmarks/Study_SamplesSet/8d6461ba55fee8ee89a5a6525476f36f.sol"},{"line":1336,"column":5,"severity":"Warning","message":"Use Custom Errors instead of require statements","ruleId":"custom-errors","fix":null,"filePath":"Benchmarks/Study_SamplesSet/8d6461ba55fee8ee89a5a6525476f36f.sol"},{"line":1338,"column":5,"severity":"Error","message":"Explicitly mark all external contracts as trusted or untrusted","ruleId":"mark-callable-contracts","filePath":"Benchmarks/Study_SamplesSet/8d6461ba55fee8ee89a5a6525476f36f.sol"},{"line":1341,"column":27,"severity":"Warning","message":"Rule is set with explicit type [var/s: uint]","ruleId":"explicit-types","filePath":"Benchmarks/Study_SamplesSet/8d6461ba55fee8ee89a5a6525476f36f.sol"},{"line":1345,"column":37,"severity":"Warning","message":"Rule is set with explicit type [var/s: uint]","ruleId":"explicit-types","filePath":"Benchmarks/Study_SamplesSet/8d6461ba55fee8ee89a5a6525476f36f.sol"},{"line":1351,"column":5,"severity":"Error","message":"Explicitly mark all external contracts as trusted or untrusted","ruleId":"mark-callable-contracts","filePath":"Benchmarks/Study_SamplesSet/8d6461ba55fee8ee89a5a6525476f36f.sol"},{"line":1364,"column":6,"severity":"Warning","message":"Rule is set with explicit type [var/s: uint]","ruleId":"explicit-types","filePath":"Benchmarks/Study_SamplesSet/8d6461ba55fee8ee89a5a6525476f36f.sol"},{"line":1368,"column":7,"severity":"Warning","message":"Rule is set with explicit type [var/s: uint]","ruleId":"explicit-types","filePath":"Benchmarks/Study_SamplesSet/8d6461ba55fee8ee89a5a6525476f36f.sol"},{"line":1373,"column":7,"severity":"Warning","message":"Rule is set with explicit type [var/s: uint]","ruleId":"explicit-types","filePath":"Benchmarks/Study_SamplesSet/8d6461ba55fee8ee89a5a6525476f36f.sol"},{"conclusion":"455 problem/s (53 error/s, 402 warning/s)"}]
