[{"line":1,"column":1,"severity":"Warning","message":"Found more than One contract per file. 2 contracts found!","ruleId":"one-contract-per-file","fix":null,"filePath":"Benchmarks/Study_SamplesSet/8f7ae3d52fc17414ed141f1cb4fe3ed0.sol"},{"line":1,"column":1,"severity":"Error","message":"Compiler version ^0.4.16 does not satisfy the ^0.8.0 semver requirement","ruleId":"compiler-version","fix":null,"filePath":"Benchmarks/Study_SamplesSet/8f7ae3d52fc17414ed141f1cb4fe3ed0.sol"},{"line":5,"column":5,"severity":"Error","message":"Explicitly mark visibility of state","ruleId":"state-visibility","fix":null,"filePath":"Benchmarks/Study_SamplesSet/8f7ae3d52fc17414ed141f1cb4fe3ed0.sol"},{"line":5,"column":5,"severity":"Warning","message":"Variable name must be in mixedCase","ruleId":"var-name-mixedcase","fix":null,"filePath":"Benchmarks/Study_SamplesSet/8f7ae3d52fc17414ed141f1cb4fe3ed0.sol"},{"line":6,"column":5,"severity":"Error","message":"Explicitly mark visibility of state","ruleId":"state-visibility","fix":null,"filePath":"Benchmarks/Study_SamplesSet/8f7ae3d52fc17414ed141f1cb4fe3ed0.sol"},{"line":6,"column":5,"severity":"Warning","message":"Variable name must be in mixedCase","ruleId":"var-name-mixedcase","fix":null,"filePath":"Benchmarks/Study_SamplesSet/8f7ae3d52fc17414ed141f1cb4fe3ed0.sol"},{"line":7,"column":5,"severity":"Error","message":"Explicitly mark visibility of state","ruleId":"state-visibility","fix":null,"filePath":"Benchmarks/Study_SamplesSet/8f7ae3d52fc17414ed141f1cb4fe3ed0.sol"},{"line":7,"column":5,"severity":"Warning","message":"Variable name must be in mixedCase","ruleId":"var-name-mixedcase","fix":null,"filePath":"Benchmarks/Study_SamplesSet/8f7ae3d52fc17414ed141f1cb4fe3ed0.sol"},{"line":8,"column":5,"severity":"Error","message":"Explicitly mark visibility of state","ruleId":"state-visibility","fix":null,"filePath":"Benchmarks/Study_SamplesSet/8f7ae3d52fc17414ed141f1cb4fe3ed0.sol"},{"line":8,"column":5,"severity":"Warning","message":"Variable name must be in mixedCase","ruleId":"var-name-mixedcase","fix":null,"filePath":"Benchmarks/Study_SamplesSet/8f7ae3d52fc17414ed141f1cb4fe3ed0.sol"},{"line":21,"column":13,"severity":"Warning","message":"Provide an error message for revert","ruleId":"reason-string","fix":null,"filePath":"Benchmarks/Study_SamplesSet/8f7ae3d52fc17414ed141f1cb4fe3ed0.sol"},{"line":21,"column":13,"severity":"Warning","message":"Use Custom Errors instead of revert statements","ruleId":"custom-errors","fix":null,"filePath":"Benchmarks/Study_SamplesSet/8f7ae3d52fc17414ed141f1cb4fe3ed0.sol"},{"line":36,"column":13,"severity":"Warning","message":"Provide an error message for revert","ruleId":"reason-string","fix":null,"filePath":"Benchmarks/Study_SamplesSet/8f7ae3d52fc17414ed141f1cb4fe3ed0.sol"},{"line":36,"column":13,"severity":"Warning","message":"Use Custom Errors instead of revert statements","ruleId":"custom-errors","fix":null,"filePath":"Benchmarks/Study_SamplesSet/8f7ae3d52fc17414ed141f1cb4fe3ed0.sol"},{"line":51,"column":13,"severity":"Warning","message":"Provide an error message for revert","ruleId":"reason-string","fix":null,"filePath":"Benchmarks/Study_SamplesSet/8f7ae3d52fc17414ed141f1cb4fe3ed0.sol"},{"line":51,"column":13,"severity":"Warning","message":"Use Custom Errors instead of revert statements","ruleId":"custom-errors","fix":null,"filePath":"Benchmarks/Study_SamplesSet/8f7ae3d52fc17414ed141f1cb4fe3ed0.sol"},{"line":55,"column":43,"severity":"Warning","message":"Rule is set with explicit type [var/s: uint]","ruleId":"explicit-types","filePath":"Benchmarks/Study_SamplesSet/8f7ae3d52fc17414ed141f1cb4fe3ed0.sol"},{"line":57,"column":42,"severity":"Warning","message":"Rule is set with explicit type [var/s: uint]","ruleId":"explicit-types","filePath":"Benchmarks/Study_SamplesSet/8f7ae3d52fc17414ed141f1cb4fe3ed0.sol"},{"line":59,"column":43,"severity":"Warning","message":"Rule is set with explicit type [var/s: uint]","ruleId":"explicit-types","filePath":"Benchmarks/Study_SamplesSet/8f7ae3d52fc17414ed141f1cb4fe3ed0.sol"},{"line":61,"column":44,"severity":"Warning","message":"Rule is set with explicit type [var/s: uint]","ruleId":"explicit-types","filePath":"Benchmarks/Study_SamplesSet/8f7ae3d52fc17414ed141f1cb4fe3ed0.sol"},{"line":70,"column":9,"severity":"Warning","message":"Rule is set with explicit type [var/s: uint]","ruleId":"explicit-types","filePath":"Benchmarks/Study_SamplesSet/8f7ae3d52fc17414ed141f1cb4fe3ed0.sol"},{"line":70,"column":9,"severity":"Warning","message":"Variable name must be in mixedCase","ruleId":"var-name-mixedcase","fix":null,"filePath":"Benchmarks/Study_SamplesSet/8f7ae3d52fc17414ed141f1cb4fe3ed0.sol"},{"line":71,"column":9,"severity":"Warning","message":"Rule is set with explicit type [var/s: uint]","ruleId":"explicit-types","filePath":"Benchmarks/Study_SamplesSet/8f7ae3d52fc17414ed141f1cb4fe3ed0.sol"},{"line":71,"column":9,"severity":"Warning","message":"Variable name must be in mixedCase","ruleId":"var-name-mixedcase","fix":null,"filePath":"Benchmarks/Study_SamplesSet/8f7ae3d52fc17414ed141f1cb4fe3ed0.sol"},{"line":74,"column":5,"severity":"Warning","message":"Rule is set with explicit type [var/s: uint]","ruleId":"explicit-types","filePath":"Benchmarks/Study_SamplesSet/8f7ae3d52fc17414ed141f1cb4fe3ed0.sol"},{"line":74,"column":5,"severity":"Warning","message":"Variable name must be in mixedCase","ruleId":"var-name-mixedcase","fix":null,"filePath":"Benchmarks/Study_SamplesSet/8f7ae3d52fc17414ed141f1cb4fe3ed0.sol"},{"line":75,"column":5,"severity":"Warning","message":"Rule is set with explicit type [var/s: uint]","ruleId":"explicit-types","filePath":"Benchmarks/Study_SamplesSet/8f7ae3d52fc17414ed141f1cb4fe3ed0.sol"},{"line":75,"column":5,"severity":"Warning","message":"Variable name must be in mixedCase","ruleId":"var-name-mixedcase","fix":null,"filePath":"Benchmarks/Study_SamplesSet/8f7ae3d52fc17414ed141f1cb4fe3ed0.sol"},{"line":76,"column":5,"severity":"Warning","message":"Rule is set with explicit type [var/s: uint]","ruleId":"explicit-types","filePath":"Benchmarks/Study_SamplesSet/8f7ae3d52fc17414ed141f1cb4fe3ed0.sol"},{"line":76,"column":5,"severity":"Warning","message":"Variable name must be in mixedCase","ruleId":"var-name-mixedcase","fix":null,"filePath":"Benchmarks/Study_SamplesSet/8f7ae3d52fc17414ed141f1cb4fe3ed0.sol"},{"line":77,"column":5,"severity":"Warning","message":"Rule is set with explicit type [var/s: uint]","ruleId":"explicit-types","filePath":"Benchmarks/Study_SamplesSet/8f7ae3d52fc17414ed141f1cb4fe3ed0.sol"},{"line":78,"column":5,"severity":"Error","message":"Explicitly mark visibility of state","ruleId":"state-visibility","fix":null,"filePath":"Benchmarks/Study_SamplesSet/8f7ae3d52fc17414ed141f1cb4fe3ed0.sol"},{"line":78,"column":5,"severity":"Warning","message":"Variable name must be in mixedCase","ruleId":"var-name-mixedcase","fix":null,"filePath":"Benchmarks/Study_SamplesSet/8f7ae3d52fc17414ed141f1cb4fe3ed0.sol"},{"line":80,"column":5,"severity":"Error","message":"Explicitly mark visibility of state","ruleId":"state-visibility","fix":null,"filePath":"Benchmarks/Study_SamplesSet/8f7ae3d52fc17414ed141f1cb4fe3ed0.sol"},{"line":80,"column":5,"severity":"Warning","message":"Variable name must be in mixedCase","ruleId":"var-name-mixedcase","fix":null,"filePath":"Benchmarks/Study_SamplesSet/8f7ae3d52fc17414ed141f1cb4fe3ed0.sol"},{"line":81,"column":5,"severity":"Error","message":"Explicitly mark visibility of state","ruleId":"state-visibility","fix":null,"filePath":"Benchmarks/Study_SamplesSet/8f7ae3d52fc17414ed141f1cb4fe3ed0.sol"},{"line":81,"column":5,"severity":"Warning","message":"Variable name must be in mixedCase","ruleId":"var-name-mixedcase","fix":null,"filePath":"Benchmarks/Study_SamplesSet/8f7ae3d52fc17414ed141f1cb4fe3ed0.sol"},{"line":82,"column":5,"severity":"Error","message":"Explicitly mark visibility of state","ruleId":"state-visibility","fix":null,"filePath":"Benchmarks/Study_SamplesSet/8f7ae3d52fc17414ed141f1cb4fe3ed0.sol"},{"line":82,"column":5,"severity":"Warning","message":"Variable name must be in mixedCase","ruleId":"var-name-mixedcase","fix":null,"filePath":"Benchmarks/Study_SamplesSet/8f7ae3d52fc17414ed141f1cb4fe3ed0.sol"},{"line":84,"column":5,"severity":"Warning","message":"Rule is set with explicit type [var/s: uint]","ruleId":"explicit-types","filePath":"Benchmarks/Study_SamplesSet/8f7ae3d52fc17414ed141f1cb4fe3ed0.sol"},{"line":84,"column":5,"severity":"Warning","message":"Variable name must be in mixedCase","ruleId":"var-name-mixedcase","fix":null,"filePath":"Benchmarks/Study_SamplesSet/8f7ae3d52fc17414ed141f1cb4fe3ed0.sol"},{"line":85,"column":5,"severity":"Warning","message":"Variable name must be in mixedCase","ruleId":"var-name-mixedcase","fix":null,"filePath":"Benchmarks/Study_SamplesSet/8f7ae3d52fc17414ed141f1cb4fe3ed0.sol"},{"line":87,"column":5,"severity":"Error","message":"Explicitly mark visibility in function","ruleId":"func-visibility","fix":null,"filePath":"Benchmarks/Study_SamplesSet/8f7ae3d52fc17414ed141f1cb4fe3ed0.sol"},{"line":89,"column":9,"severity":"Error","message":"Explicitly mark all external contracts as trusted or untrusted","ruleId":"mark-callable-contracts","filePath":"Benchmarks/Study_SamplesSet/8f7ae3d52fc17414ed141f1cb4fe3ed0.sol"},{"line":92,"column":5,"severity":"Warning","message":"Function name must be in mixedCase","ruleId":"func-name-mixedcase","fix":null,"filePath":"Benchmarks/Study_SamplesSet/8f7ae3d52fc17414ed141f1cb4fe3ed0.sol"},{"line":95,"column":9,"severity":"Warning","message":"Provide an error message for require","ruleId":"reason-string","fix":null,"filePath":"Benchmarks/Study_SamplesSet/8f7ae3d52fc17414ed141f1cb4fe3ed0.sol"},{"line":95,"column":9,"severity":"Warning","message":"Use Custom Errors instead of require statements","ruleId":"custom-errors","fix":null,"filePath":"Benchmarks/Study_SamplesSet/8f7ae3d52fc17414ed141f1cb4fe3ed0.sol"},{"line":95,"column":32,"severity":"Error","message":"Explicitly mark all external contracts as trusted or untrusted","ruleId":"mark-callable-contracts","filePath":"Benchmarks/Study_SamplesSet/8f7ae3d52fc17414ed141f1cb4fe3ed0.sol"},{"line":95,"column":56,"severity":"Error","message":"Explicitly mark all external contracts as trusted or untrusted","ruleId":"mark-callable-contracts","filePath":"Benchmarks/Study_SamplesSet/8f7ae3d52fc17414ed141f1cb4fe3ed0.sol"},{"line":96,"column":9,"severity":"Error","message":"Explicitly mark all external contracts as trusted or untrusted","ruleId":"mark-callable-contracts","filePath":"Benchmarks/Study_SamplesSet/8f7ae3d52fc17414ed141f1cb4fe3ed0.sol"},{"line":99,"column":5,"severity":"Warning","message":"Function name must be in mixedCase","ruleId":"func-name-mixedcase","fix":null,"filePath":"Benchmarks/Study_SamplesSet/8f7ae3d52fc17414ed141f1cb4fe3ed0.sol"},{"line":102,"column":9,"severity":"Warning","message":"Provide an error message for require","ruleId":"reason-string","fix":null,"filePath":"Benchmarks/Study_SamplesSet/8f7ae3d52fc17414ed141f1cb4fe3ed0.sol"},{"line":102,"column":9,"severity":"Warning","message":"Use Custom Errors instead of require statements","ruleId":"custom-errors","fix":null,"filePath":"Benchmarks/Study_SamplesSet/8f7ae3d52fc17414ed141f1cb4fe3ed0.sol"},{"line":102,"column":32,"severity":"Error","message":"Explicitly mark all external contracts as trusted or untrusted","ruleId":"mark-callable-contracts","filePath":"Benchmarks/Study_SamplesSet/8f7ae3d52fc17414ed141f1cb4fe3ed0.sol"},{"line":102,"column":56,"severity":"Error","message":"Explicitly mark all external contracts as trusted or untrusted","ruleId":"mark-callable-contracts","filePath":"Benchmarks/Study_SamplesSet/8f7ae3d52fc17414ed141f1cb4fe3ed0.sol"},{"line":103,"column":9,"severity":"Error","message":"Explicitly mark all external contracts as trusted or untrusted","ruleId":"mark-callable-contracts","filePath":"Benchmarks/Study_SamplesSet/8f7ae3d52fc17414ed141f1cb4fe3ed0.sol"},{"line":106,"column":5,"severity":"Warning","message":"Function name must be in mixedCase","ruleId":"func-name-mixedcase","fix":null,"filePath":"Benchmarks/Study_SamplesSet/8f7ae3d52fc17414ed141f1cb4fe3ed0.sol"},{"line":106,"column":27,"severity":"Warning","message":"Rule is set with explicit type [var/s: uint]","ruleId":"explicit-types","filePath":"Benchmarks/Study_SamplesSet/8f7ae3d52fc17414ed141f1cb4fe3ed0.sol"},{"line":115,"column":5,"severity":"Warning","message":"Function name must be in mixedCase","ruleId":"func-name-mixedcase","fix":null,"filePath":"Benchmarks/Study_SamplesSet/8f7ae3d52fc17414ed141f1cb4fe3ed0.sol"},{"line":120,"column":13,"severity":"Error","message":"Explicitly mark all external contracts as trusted or untrusted","ruleId":"mark-callable-contracts","filePath":"Benchmarks/Study_SamplesSet/8f7ae3d52fc17414ed141f1cb4fe3ed0.sol"},{"line":124,"column":5,"severity":"Error","message":"Explicitly mark visibility in function","ruleId":"func-visibility","fix":null,"filePath":"Benchmarks/Study_SamplesSet/8f7ae3d52fc17414ed141f1cb4fe3ed0.sol"},{"line":126,"column":9,"severity":"Error","message":"Explicitly mark all external contracts as trusted or untrusted","ruleId":"mark-callable-contracts","filePath":"Benchmarks/Study_SamplesSet/8f7ae3d52fc17414ed141f1cb4fe3ed0.sol"},{"line":129,"column":5,"severity":"Warning","message":"Function name must be in mixedCase","ruleId":"func-name-mixedcase","fix":null,"filePath":"Benchmarks/Study_SamplesSet/8f7ae3d52fc17414ed141f1cb4fe3ed0.sol"},{"line":135,"column":41,"severity":"Error","message":"Explicitly mark all external contracts as trusted or untrusted","ruleId":"mark-callable-contracts","filePath":"Benchmarks/Study_SamplesSet/8f7ae3d52fc17414ed141f1cb4fe3ed0.sol"},{"line":136,"column":13,"severity":"Error","message":"Explicitly mark all external contracts as trusted or untrusted","ruleId":"mark-callable-contracts","filePath":"Benchmarks/Study_SamplesSet/8f7ae3d52fc17414ed141f1cb4fe3ed0.sol"},{"line":137,"column":13,"severity":"Error","message":"Explicitly mark all external contracts as trusted or untrusted","ruleId":"mark-callable-contracts","filePath":"Benchmarks/Study_SamplesSet/8f7ae3d52fc17414ed141f1cb4fe3ed0.sol"},{"line":138,"column":13,"severity":"Error","message":"Explicitly mark all external contracts as trusted or untrusted","ruleId":"mark-callable-contracts","filePath":"Benchmarks/Study_SamplesSet/8f7ae3d52fc17414ed141f1cb4fe3ed0.sol"},{"line":139,"column":13,"severity":"Error","message":"Explicitly mark all external contracts as trusted or untrusted","ruleId":"mark-callable-contracts","filePath":"Benchmarks/Study_SamplesSet/8f7ae3d52fc17414ed141f1cb4fe3ed0.sol"},{"line":143,"column":5,"severity":"Warning","message":"Function name must be in mixedCase","ruleId":"func-name-mixedcase","fix":null,"filePath":"Benchmarks/Study_SamplesSet/8f7ae3d52fc17414ed141f1cb4fe3ed0.sol"},{"line":147,"column":9,"severity":"Error","message":"Explicitly mark all external contracts as trusted or untrusted","ruleId":"mark-callable-contracts","filePath":"Benchmarks/Study_SamplesSet/8f7ae3d52fc17414ed141f1cb4fe3ed0.sol"},{"line":147,"column":38,"severity":"Error","message":"Avoid making time-based decisions in your business logic","ruleId":"not-rely-on-time","fix":null,"filePath":"Benchmarks/Study_SamplesSet/8f7ae3d52fc17414ed141f1cb4fe3ed0.sol"},{"line":148,"column":9,"severity":"Error","message":"Explicitly mark all external contracts as trusted or untrusted","ruleId":"mark-callable-contracts","filePath":"Benchmarks/Study_SamplesSet/8f7ae3d52fc17414ed141f1cb4fe3ed0.sol"},{"line":149,"column":9,"severity":"Error","message":"Explicitly mark all external contracts as trusted or untrusted","ruleId":"mark-callable-contracts","filePath":"Benchmarks/Study_SamplesSet/8f7ae3d52fc17414ed141f1cb4fe3ed0.sol"},{"line":152,"column":5,"severity":"Warning","message":"Function name must be in mixedCase","ruleId":"func-name-mixedcase","fix":null,"filePath":"Benchmarks/Study_SamplesSet/8f7ae3d52fc17414ed141f1cb4fe3ed0.sol"},{"line":155,"column":13,"severity":"Warning","message":"Rule is set with explicit type [var/s: uint]","ruleId":"explicit-types","filePath":"Benchmarks/Study_SamplesSet/8f7ae3d52fc17414ed141f1cb4fe3ed0.sol"},{"line":157,"column":61,"severity":"Error","message":"Avoid making time-based decisions in your business logic","ruleId":"not-rely-on-time","fix":null,"filePath":"Benchmarks/Study_SamplesSet/8f7ae3d52fc17414ed141f1cb4fe3ed0.sol"},{"line":160,"column":5,"severity":"Warning","message":"Function name must be in mixedCase","ruleId":"func-name-mixedcase","fix":null,"filePath":"Benchmarks/Study_SamplesSet/8f7ae3d52fc17414ed141f1cb4fe3ed0.sol"},{"line":164,"column":9,"severity":"Warning","message":"Rule is set with explicit type [var/s: uint]","ruleId":"explicit-types","filePath":"Benchmarks/Study_SamplesSet/8f7ae3d52fc17414ed141f1cb4fe3ed0.sol"},{"line":167,"column":13,"severity":"Warning","message":"Rule is set with explicit type [var/s: uint]","ruleId":"explicit-types","filePath":"Benchmarks/Study_SamplesSet/8f7ae3d52fc17414ed141f1cb4fe3ed0.sol"},{"line":168,"column":13,"severity":"Error","message":"Explicitly mark all external contracts as trusted or untrusted","ruleId":"mark-callable-contracts","filePath":"Benchmarks/Study_SamplesSet/8f7ae3d52fc17414ed141f1cb4fe3ed0.sol"},{"line":170,"column":13,"severity":"Error","message":"Explicitly mark all external contracts as trusted or untrusted","ruleId":"mark-callable-contracts","filePath":"Benchmarks/Study_SamplesSet/8f7ae3d52fc17414ed141f1cb4fe3ed0.sol"},{"line":174,"column":5,"severity":"Warning","message":"Function name must be in mixedCase","ruleId":"func-name-mixedcase","fix":null,"filePath":"Benchmarks/Study_SamplesSet/8f7ae3d52fc17414ed141f1cb4fe3ed0.sol"},{"line":174,"column":48,"severity":"Warning","message":"Rule is set with explicit type [var/s: uint]","ruleId":"explicit-types","filePath":"Benchmarks/Study_SamplesSet/8f7ae3d52fc17414ed141f1cb4fe3ed0.sol"},{"line":184,"column":20,"severity":"Error","message":"Possible reentrancy vulnerabilities. Avoid state changes after transfer.","ruleId":"reentrancy","fix":null,"filePath":"Benchmarks/Study_SamplesSet/8f7ae3d52fc17414ed141f1cb4fe3ed0.sol"},{"line":184,"column":20,"severity":"Error","message":"Explicitly mark all external contracts as trusted or untrusted","ruleId":"mark-callable-contracts","filePath":"Benchmarks/Study_SamplesSet/8f7ae3d52fc17414ed141f1cb4fe3ed0.sol"},{"line":185,"column":20,"severity":"Error","message":"Explicitly mark all external contracts as trusted or untrusted","ruleId":"mark-callable-contracts","filePath":"Benchmarks/Study_SamplesSet/8f7ae3d52fc17414ed141f1cb4fe3ed0.sol"},{"line":191,"column":5,"severity":"Warning","message":"Function name must be in mixedCase","ruleId":"func-name-mixedcase","fix":null,"filePath":"Benchmarks/Study_SamplesSet/8f7ae3d52fc17414ed141f1cb4fe3ed0.sol"},{"line":197,"column":13,"severity":"Error","message":"Explicitly mark all external contracts as trusted or untrusted","ruleId":"mark-callable-contracts","filePath":"Benchmarks/Study_SamplesSet/8f7ae3d52fc17414ed141f1cb4fe3ed0.sol"},{"conclusion":"88 problem/s (36 error/s, 52 warning/s)"}]
