[{"line":1,"column":1,"severity":"Warning","message":"Found more than One contract per file. 3 contracts found!","ruleId":"one-contract-per-file","fix":null,"filePath":"Benchmarks/Study_SamplesSet/91c7e42695d3ecbbc797ef67f258d2b4.sol"},{"line":1,"column":1,"severity":"Error","message":"Compiler version 0.4.19 does not satisfy the ^0.8.0 semver requirement","ruleId":"compiler-version","fix":null,"filePath":"Benchmarks/Study_SamplesSet/91c7e42695d3ecbbc797ef67f258d2b4.sol"},{"line":37,"column":46,"severity":"Warning","message":"Rule is set with explicit type [var/s: uint]","ruleId":"explicit-types","filePath":"Benchmarks/Study_SamplesSet/91c7e42695d3ecbbc797ef67f258d2b4.sol"},{"line":37,"column":46,"severity":"Warning","message":"Variable name must be in mixedCase","ruleId":"var-name-mixedcase","fix":null,"filePath":"Benchmarks/Study_SamplesSet/91c7e42695d3ecbbc797ef67f258d2b4.sol"},{"line":39,"column":74,"severity":"Warning","message":"Rule is set with explicit type [var/s: uint]","ruleId":"explicit-types","filePath":"Benchmarks/Study_SamplesSet/91c7e42695d3ecbbc797ef67f258d2b4.sol"},{"line":40,"column":51,"severity":"Warning","message":"Rule is set with explicit type [var/s: uint]","ruleId":"explicit-types","filePath":"Benchmarks/Study_SamplesSet/91c7e42695d3ecbbc797ef67f258d2b4.sol"},{"line":41,"column":37,"severity":"Warning","message":"Rule is set with explicit type [var/s: uint]","ruleId":"explicit-types","filePath":"Benchmarks/Study_SamplesSet/91c7e42695d3ecbbc797ef67f258d2b4.sol"},{"line":42,"column":33,"severity":"Warning","message":"Rule is set with explicit type [var/s: uint]","ruleId":"explicit-types","filePath":"Benchmarks/Study_SamplesSet/91c7e42695d3ecbbc797ef67f258d2b4.sol"},{"line":43,"column":60,"severity":"Warning","message":"Rule is set with explicit type [var/s: uint]","ruleId":"explicit-types","filePath":"Benchmarks/Study_SamplesSet/91c7e42695d3ecbbc797ef67f258d2b4.sol"},{"line":44,"column":66,"severity":"Warning","message":"Rule is set with explicit type [var/s: uint]","ruleId":"explicit-types","filePath":"Benchmarks/Study_SamplesSet/91c7e42695d3ecbbc797ef67f258d2b4.sol"},{"line":48,"column":1,"severity":"Warning","message":"Contract has 20 states declarations but allowed no more than 15","ruleId":"max-states-count","fix":null,"filePath":"Benchmarks/Study_SamplesSet/91c7e42695d3ecbbc797ef67f258d2b4.sol"},{"line":51,"column":5,"severity":"Warning","message":"Constant name must be in capitalized SNAKE_CASE","ruleId":"const-name-snakecase","fix":null,"filePath":"Benchmarks/Study_SamplesSet/91c7e42695d3ecbbc797ef67f258d2b4.sol"},{"line":54,"column":5,"severity":"Warning","message":"Constant name must be in capitalized SNAKE_CASE","ruleId":"const-name-snakecase","fix":null,"filePath":"Benchmarks/Study_SamplesSet/91c7e42695d3ecbbc797ef67f258d2b4.sol"},{"line":55,"column":5,"severity":"Warning","message":"Constant name must be in capitalized SNAKE_CASE","ruleId":"const-name-snakecase","fix":null,"filePath":"Benchmarks/Study_SamplesSet/91c7e42695d3ecbbc797ef67f258d2b4.sol"},{"line":56,"column":5,"severity":"Warning","message":"Rule is set with explicit type [var/s: uint]","ruleId":"explicit-types","filePath":"Benchmarks/Study_SamplesSet/91c7e42695d3ecbbc797ef67f258d2b4.sol"},{"line":58,"column":5,"severity":"Warning","message":"Variable name must be in mixedCase","ruleId":"var-name-mixedcase","fix":null,"filePath":"Benchmarks/Study_SamplesSet/91c7e42695d3ecbbc797ef67f258d2b4.sol"},{"line":59,"column":5,"severity":"Warning","message":"Variable name must be in mixedCase","ruleId":"var-name-mixedcase","fix":null,"filePath":"Benchmarks/Study_SamplesSet/91c7e42695d3ecbbc797ef67f258d2b4.sol"},{"line":60,"column":5,"severity":"Error","message":"Explicitly mark visibility of state","ruleId":"state-visibility","fix":null,"filePath":"Benchmarks/Study_SamplesSet/91c7e42695d3ecbbc797ef67f258d2b4.sol"},{"line":60,"column":5,"severity":"Warning","message":"Variable name must be in mixedCase","ruleId":"var-name-mixedcase","fix":null,"filePath":"Benchmarks/Study_SamplesSet/91c7e42695d3ecbbc797ef67f258d2b4.sol"},{"line":61,"column":5,"severity":"Error","message":"Explicitly mark visibility of state","ruleId":"state-visibility","fix":null,"filePath":"Benchmarks/Study_SamplesSet/91c7e42695d3ecbbc797ef67f258d2b4.sol"},{"line":61,"column":5,"severity":"Warning","message":"Variable name must be in mixedCase","ruleId":"var-name-mixedcase","fix":null,"filePath":"Benchmarks/Study_SamplesSet/91c7e42695d3ecbbc797ef67f258d2b4.sol"},{"line":62,"column":5,"severity":"Error","message":"Explicitly mark visibility of state","ruleId":"state-visibility","fix":null,"filePath":"Benchmarks/Study_SamplesSet/91c7e42695d3ecbbc797ef67f258d2b4.sol"},{"line":62,"column":5,"severity":"Warning","message":"Variable name must be in mixedCase","ruleId":"var-name-mixedcase","fix":null,"filePath":"Benchmarks/Study_SamplesSet/91c7e42695d3ecbbc797ef67f258d2b4.sol"},{"line":63,"column":5,"severity":"Error","message":"Explicitly mark visibility of state","ruleId":"state-visibility","fix":null,"filePath":"Benchmarks/Study_SamplesSet/91c7e42695d3ecbbc797ef67f258d2b4.sol"},{"line":64,"column":5,"severity":"Warning","message":"Variable name must be in mixedCase","ruleId":"var-name-mixedcase","fix":null,"filePath":"Benchmarks/Study_SamplesSet/91c7e42695d3ecbbc797ef67f258d2b4.sol"},{"line":65,"column":5,"severity":"Warning","message":"Variable name must be in mixedCase","ruleId":"var-name-mixedcase","fix":null,"filePath":"Benchmarks/Study_SamplesSet/91c7e42695d3ecbbc797ef67f258d2b4.sol"},{"line":66,"column":5,"severity":"Error","message":"Explicitly mark visibility of state","ruleId":"state-visibility","fix":null,"filePath":"Benchmarks/Study_SamplesSet/91c7e42695d3ecbbc797ef67f258d2b4.sol"},{"line":66,"column":5,"severity":"Warning","message":"Variable name must be in mixedCase","ruleId":"var-name-mixedcase","fix":null,"filePath":"Benchmarks/Study_SamplesSet/91c7e42695d3ecbbc797ef67f258d2b4.sol"},{"line":67,"column":5,"severity":"Error","message":"Explicitly mark visibility of state","ruleId":"state-visibility","fix":null,"filePath":"Benchmarks/Study_SamplesSet/91c7e42695d3ecbbc797ef67f258d2b4.sol"},{"line":67,"column":5,"severity":"Warning","message":"Variable name must be in mixedCase","ruleId":"var-name-mixedcase","fix":null,"filePath":"Benchmarks/Study_SamplesSet/91c7e42695d3ecbbc797ef67f258d2b4.sol"},{"line":68,"column":5,"severity":"Error","message":"Explicitly mark visibility of state","ruleId":"state-visibility","fix":null,"filePath":"Benchmarks/Study_SamplesSet/91c7e42695d3ecbbc797ef67f258d2b4.sol"},{"line":68,"column":5,"severity":"Warning","message":"Variable name must be in mixedCase","ruleId":"var-name-mixedcase","fix":null,"filePath":"Benchmarks/Study_SamplesSet/91c7e42695d3ecbbc797ef67f258d2b4.sol"},{"line":69,"column":5,"severity":"Error","message":"Explicitly mark visibility of state","ruleId":"state-visibility","fix":null,"filePath":"Benchmarks/Study_SamplesSet/91c7e42695d3ecbbc797ef67f258d2b4.sol"},{"line":69,"column":5,"severity":"Warning","message":"Variable name must be in mixedCase","ruleId":"var-name-mixedcase","fix":null,"filePath":"Benchmarks/Study_SamplesSet/91c7e42695d3ecbbc797ef67f258d2b4.sol"},{"line":70,"column":5,"severity":"Error","message":"Explicitly mark visibility of state","ruleId":"state-visibility","fix":null,"filePath":"Benchmarks/Study_SamplesSet/91c7e42695d3ecbbc797ef67f258d2b4.sol"},{"line":70,"column":5,"severity":"Warning","message":"Variable name must be in mixedCase","ruleId":"var-name-mixedcase","fix":null,"filePath":"Benchmarks/Study_SamplesSet/91c7e42695d3ecbbc797ef67f258d2b4.sol"},{"line":72,"column":5,"severity":"Warning","message":"Variable name must be in mixedCase","ruleId":"var-name-mixedcase","fix":null,"filePath":"Benchmarks/Study_SamplesSet/91c7e42695d3ecbbc797ef67f258d2b4.sol"},{"line":73,"column":5,"severity":"Error","message":"Explicitly mark visibility of state","ruleId":"state-visibility","fix":null,"filePath":"Benchmarks/Study_SamplesSet/91c7e42695d3ecbbc797ef67f258d2b4.sol"},{"line":73,"column":5,"severity":"Warning","message":"Variable name must be in mixedCase","ruleId":"var-name-mixedcase","fix":null,"filePath":"Benchmarks/Study_SamplesSet/91c7e42695d3ecbbc797ef67f258d2b4.sol"},{"line":74,"column":5,"severity":"Error","message":"Explicitly mark visibility of state","ruleId":"state-visibility","fix":null,"filePath":"Benchmarks/Study_SamplesSet/91c7e42695d3ecbbc797ef67f258d2b4.sol"},{"line":74,"column":5,"severity":"Warning","message":"Rule is set with explicit type [var/s: uint]","ruleId":"explicit-types","filePath":"Benchmarks/Study_SamplesSet/91c7e42695d3ecbbc797ef67f258d2b4.sol"},{"line":75,"column":5,"severity":"Error","message":"Explicitly mark visibility of state","ruleId":"state-visibility","fix":null,"filePath":"Benchmarks/Study_SamplesSet/91c7e42695d3ecbbc797ef67f258d2b4.sol"},{"line":75,"column":5,"severity":"Warning","message":"Rule is set with explicit type [var/s: uint]","ruleId":"explicit-types","filePath":"Benchmarks/Study_SamplesSet/91c7e42695d3ecbbc797ef67f258d2b4.sol"},{"line":90,"column":13,"severity":"Warning","message":"Provide an error message for revert","ruleId":"reason-string","fix":null,"filePath":"Benchmarks/Study_SamplesSet/91c7e42695d3ecbbc797ef67f258d2b4.sol"},{"line":90,"column":13,"severity":"Warning","message":"Use Custom Errors instead of revert statements","ruleId":"custom-errors","fix":null,"filePath":"Benchmarks/Study_SamplesSet/91c7e42695d3ecbbc797ef67f258d2b4.sol"},{"line":96,"column":13,"severity":"Warning","message":"Provide an error message for revert","ruleId":"reason-string","fix":null,"filePath":"Benchmarks/Study_SamplesSet/91c7e42695d3ecbbc797ef67f258d2b4.sol"},{"line":96,"column":13,"severity":"Warning","message":"Use Custom Errors instead of revert statements","ruleId":"custom-errors","fix":null,"filePath":"Benchmarks/Study_SamplesSet/91c7e42695d3ecbbc797ef67f258d2b4.sol"},{"line":105,"column":17,"severity":"Error","message":"Explicitly mark all external contracts as trusted or untrusted","ruleId":"mark-callable-contracts","filePath":"Benchmarks/Study_SamplesSet/91c7e42695d3ecbbc797ef67f258d2b4.sol"},{"line":106,"column":9,"severity":"Error","message":"Explicitly mark all external contracts as trusted or untrusted","ruleId":"mark-callable-contracts","filePath":"Benchmarks/Study_SamplesSet/91c7e42695d3ecbbc797ef67f258d2b4.sol"},{"line":109,"column":5,"severity":"Error","message":"Fallback function must be simple","ruleId":"no-complex-fallback","fix":null,"filePath":"Benchmarks/Study_SamplesSet/91c7e42695d3ecbbc797ef67f258d2b4.sol"},{"line":111,"column":9,"severity":"Warning","message":"Provide an error message for require","ruleId":"reason-string","fix":null,"filePath":"Benchmarks/Study_SamplesSet/91c7e42695d3ecbbc797ef67f258d2b4.sol"},{"line":111,"column":9,"severity":"Warning","message":"Use Custom Errors instead of require statements","ruleId":"custom-errors","fix":null,"filePath":"Benchmarks/Study_SamplesSet/91c7e42695d3ecbbc797ef67f258d2b4.sol"},{"line":111,"column":26,"severity":"Error","message":"Explicitly mark all external contracts as trusted or untrusted","ruleId":"mark-callable-contracts","filePath":"Benchmarks/Study_SamplesSet/91c7e42695d3ecbbc797ef67f258d2b4.sol"},{"line":112,"column":9,"severity":"Warning","message":"Provide an error message for require","ruleId":"reason-string","fix":null,"filePath":"Benchmarks/Study_SamplesSet/91c7e42695d3ecbbc797ef67f258d2b4.sol"},{"line":112,"column":9,"severity":"Warning","message":"Use Custom Errors instead of require statements","ruleId":"custom-errors","fix":null,"filePath":"Benchmarks/Study_SamplesSet/91c7e42695d3ecbbc797ef67f258d2b4.sol"},{"line":113,"column":43,"severity":"Error","message":"Avoid making time-based decisions in your business logic","ruleId":"not-rely-on-time","fix":null,"filePath":"Benchmarks/Study_SamplesSet/91c7e42695d3ecbbc797ef67f258d2b4.sol"},{"line":115,"column":17,"severity":"Warning","message":"Provide an error message for require","ruleId":"reason-string","fix":null,"filePath":"Benchmarks/Study_SamplesSet/91c7e42695d3ecbbc797ef67f258d2b4.sol"},{"line":115,"column":17,"severity":"Warning","message":"Use Custom Errors instead of require statements","ruleId":"custom-errors","fix":null,"filePath":"Benchmarks/Study_SamplesSet/91c7e42695d3ecbbc797ef67f258d2b4.sol"},{"line":123,"column":45,"severity":"Error","message":"Avoid making time-based decisions in your business logic","ruleId":"not-rely-on-time","fix":null,"filePath":"Benchmarks/Study_SamplesSet/91c7e42695d3ecbbc797ef67f258d2b4.sol"},{"line":125,"column":21,"severity":"Error","message":"Avoid making time-based decisions in your business logic","ruleId":"not-rely-on-time","fix":null,"filePath":"Benchmarks/Study_SamplesSet/91c7e42695d3ecbbc797ef67f258d2b4.sol"},{"line":135,"column":23,"severity":"Error","message":"Avoid making time-based decisions in your business logic","ruleId":"not-rely-on-time","fix":null,"filePath":"Benchmarks/Study_SamplesSet/91c7e42695d3ecbbc797ef67f258d2b4.sol"},{"line":135,"column":43,"severity":"Error","message":"Avoid making time-based decisions in your business logic","ruleId":"not-rely-on-time","fix":null,"filePath":"Benchmarks/Study_SamplesSet/91c7e42695d3ecbbc797ef67f258d2b4.sol"},{"line":146,"column":22,"severity":"Error","message":"Avoid making time-based decisions in your business logic","ruleId":"not-rely-on-time","fix":null,"filePath":"Benchmarks/Study_SamplesSet/91c7e42695d3ecbbc797ef67f258d2b4.sol"},{"line":146,"column":43,"severity":"Error","message":"Avoid making time-based decisions in your business logic","ruleId":"not-rely-on-time","fix":null,"filePath":"Benchmarks/Study_SamplesSet/91c7e42695d3ecbbc797ef67f258d2b4.sol"},{"line":157,"column":22,"severity":"Error","message":"Avoid making time-based decisions in your business logic","ruleId":"not-rely-on-time","fix":null,"filePath":"Benchmarks/Study_SamplesSet/91c7e42695d3ecbbc797ef67f258d2b4.sol"},{"line":157,"column":42,"severity":"Error","message":"Avoid making time-based decisions in your business logic","ruleId":"not-rely-on-time","fix":null,"filePath":"Benchmarks/Study_SamplesSet/91c7e42695d3ecbbc797ef67f258d2b4.sol"},{"line":170,"column":13,"severity":"Warning","message":"Provide an error message for revert","ruleId":"reason-string","fix":null,"filePath":"Benchmarks/Study_SamplesSet/91c7e42695d3ecbbc797ef67f258d2b4.sol"},{"line":170,"column":13,"severity":"Warning","message":"Use Custom Errors instead of revert statements","ruleId":"custom-errors","fix":null,"filePath":"Benchmarks/Study_SamplesSet/91c7e42695d3ecbbc797ef67f258d2b4.sol"},{"line":174,"column":6,"severity":"Warning","message":"Function name must be in mixedCase","ruleId":"func-name-mixedcase","fix":null,"filePath":"Benchmarks/Study_SamplesSet/91c7e42695d3ecbbc797ef67f258d2b4.sol"},{"line":176,"column":19,"severity":"Error","message":"Explicitly mark all external contracts as trusted or untrusted","ruleId":"mark-callable-contracts","filePath":"Benchmarks/Study_SamplesSet/91c7e42695d3ecbbc797ef67f258d2b4.sol"},{"line":179,"column":27,"severity":"Error","message":"Avoid making time-based decisions in your business logic","ruleId":"not-rely-on-time","fix":null,"filePath":"Benchmarks/Study_SamplesSet/91c7e42695d3ecbbc797ef67f258d2b4.sol"},{"line":180,"column":25,"severity":"Error","message":"Avoid making time-based decisions in your business logic","ruleId":"not-rely-on-time","fix":null,"filePath":"Benchmarks/Study_SamplesSet/91c7e42695d3ecbbc797ef67f258d2b4.sol"},{"line":181,"column":11,"severity":"Error","message":"Explicitly mark all external contracts as trusted or untrusted","ruleId":"mark-callable-contracts","filePath":"Benchmarks/Study_SamplesSet/91c7e42695d3ecbbc797ef67f258d2b4.sol"},{"line":184,"column":7,"severity":"Warning","message":"Function name must be in mixedCase","ruleId":"func-name-mixedcase","fix":null,"filePath":"Benchmarks/Study_SamplesSet/91c7e42695d3ecbbc797ef67f258d2b4.sol"},{"line":186,"column":11,"severity":"Warning","message":"Provide an error message for require","ruleId":"reason-string","fix":null,"filePath":"Benchmarks/Study_SamplesSet/91c7e42695d3ecbbc797ef67f258d2b4.sol"},{"line":186,"column":11,"severity":"Warning","message":"Use Custom Errors instead of require statements","ruleId":"custom-errors","fix":null,"filePath":"Benchmarks/Study_SamplesSet/91c7e42695d3ecbbc797ef67f258d2b4.sol"},{"line":186,"column":19,"severity":"Error","message":"Avoid making time-based decisions in your business logic","ruleId":"not-rely-on-time","fix":null,"filePath":"Benchmarks/Study_SamplesSet/91c7e42695d3ecbbc797ef67f258d2b4.sol"},{"line":187,"column":19,"severity":"Error","message":"Explicitly mark all external contracts as trusted or untrusted","ruleId":"mark-callable-contracts","filePath":"Benchmarks/Study_SamplesSet/91c7e42695d3ecbbc797ef67f258d2b4.sol"},{"line":189,"column":28,"severity":"Error","message":"Avoid making time-based decisions in your business logic","ruleId":"not-rely-on-time","fix":null,"filePath":"Benchmarks/Study_SamplesSet/91c7e42695d3ecbbc797ef67f258d2b4.sol"},{"line":190,"column":24,"severity":"Error","message":"Avoid making time-based decisions in your business logic","ruleId":"not-rely-on-time","fix":null,"filePath":"Benchmarks/Study_SamplesSet/91c7e42695d3ecbbc797ef67f258d2b4.sol"},{"line":194,"column":11,"severity":"Error","message":"Explicitly mark all external contracts as trusted or untrusted","ruleId":"mark-callable-contracts","filePath":"Benchmarks/Study_SamplesSet/91c7e42695d3ecbbc797ef67f258d2b4.sol"},{"line":198,"column":5,"severity":"Warning","message":"Function name must be in mixedCase","ruleId":"func-name-mixedcase","fix":null,"filePath":"Benchmarks/Study_SamplesSet/91c7e42695d3ecbbc797ef67f258d2b4.sol"},{"line":204,"column":5,"severity":"Warning","message":"Function name must be in mixedCase","ruleId":"func-name-mixedcase","fix":null,"filePath":"Benchmarks/Study_SamplesSet/91c7e42695d3ecbbc797ef67f258d2b4.sol"},{"line":211,"column":6,"severity":"Warning","message":"Function name must be in mixedCase","ruleId":"func-name-mixedcase","fix":null,"filePath":"Benchmarks/Study_SamplesSet/91c7e42695d3ecbbc797ef67f258d2b4.sol"},{"line":213,"column":10,"severity":"Warning","message":"Provide an error message for require","ruleId":"reason-string","fix":null,"filePath":"Benchmarks/Study_SamplesSet/91c7e42695d3ecbbc797ef67f258d2b4.sol"},{"line":213,"column":10,"severity":"Warning","message":"Use Custom Errors instead of require statements","ruleId":"custom-errors","fix":null,"filePath":"Benchmarks/Study_SamplesSet/91c7e42695d3ecbbc797ef67f258d2b4.sol"},{"line":213,"column":18,"severity":"Error","message":"Avoid making time-based decisions in your business logic","ruleId":"not-rely-on-time","fix":null,"filePath":"Benchmarks/Study_SamplesSet/91c7e42695d3ecbbc797ef67f258d2b4.sol"},{"line":214,"column":18,"severity":"Error","message":"Explicitly mark all external contracts as trusted or untrusted","ruleId":"mark-callable-contracts","filePath":"Benchmarks/Study_SamplesSet/91c7e42695d3ecbbc797ef67f258d2b4.sol"},{"line":217,"column":10,"severity":"Error","message":"Explicitly mark all external contracts as trusted or untrusted","ruleId":"mark-callable-contracts","filePath":"Benchmarks/Study_SamplesSet/91c7e42695d3ecbbc797ef67f258d2b4.sol"},{"line":222,"column":50,"severity":"Warning","message":"Variable name must be in mixedCase","ruleId":"var-name-mixedcase","fix":null,"filePath":"Benchmarks/Study_SamplesSet/91c7e42695d3ecbbc797ef67f258d2b4.sol"},{"line":238,"column":6,"severity":"Warning","message":"Provide an error message for require","ruleId":"reason-string","fix":null,"filePath":"Benchmarks/Study_SamplesSet/91c7e42695d3ecbbc797ef67f258d2b4.sol"},{"line":238,"column":6,"severity":"Warning","message":"Use Custom Errors instead of require statements","ruleId":"custom-errors","fix":null,"filePath":"Benchmarks/Study_SamplesSet/91c7e42695d3ecbbc797ef67f258d2b4.sol"},{"line":239,"column":6,"severity":"Warning","message":"Provide an error message for require","ruleId":"reason-string","fix":null,"filePath":"Benchmarks/Study_SamplesSet/91c7e42695d3ecbbc797ef67f258d2b4.sol"},{"line":239,"column":6,"severity":"Warning","message":"Use Custom Errors instead of require statements","ruleId":"custom-errors","fix":null,"filePath":"Benchmarks/Study_SamplesSet/91c7e42695d3ecbbc797ef67f258d2b4.sol"},{"line":243,"column":6,"severity":"Error","message":"Explicitly mark all external contracts as trusted or untrusted","ruleId":"mark-callable-contracts","filePath":"Benchmarks/Study_SamplesSet/91c7e42695d3ecbbc797ef67f258d2b4.sol"},{"line":250,"column":10,"severity":"Warning","message":"Provide an error message for require","ruleId":"reason-string","fix":null,"filePath":"Benchmarks/Study_SamplesSet/91c7e42695d3ecbbc797ef67f258d2b4.sol"},{"line":250,"column":10,"severity":"Warning","message":"Use Custom Errors instead of require statements","ruleId":"custom-errors","fix":null,"filePath":"Benchmarks/Study_SamplesSet/91c7e42695d3ecbbc797ef67f258d2b4.sol"},{"line":252,"column":10,"severity":"Error","message":"Explicitly mark all external contracts as trusted or untrusted","ruleId":"mark-callable-contracts","filePath":"Benchmarks/Study_SamplesSet/91c7e42695d3ecbbc797ef67f258d2b4.sol"},{"line":257,"column":10,"severity":"Warning","message":"Provide an error message for require","ruleId":"reason-string","fix":null,"filePath":"Benchmarks/Study_SamplesSet/91c7e42695d3ecbbc797ef67f258d2b4.sol"},{"line":257,"column":10,"severity":"Warning","message":"Use Custom Errors instead of require statements","ruleId":"custom-errors","fix":null,"filePath":"Benchmarks/Study_SamplesSet/91c7e42695d3ecbbc797ef67f258d2b4.sol"},{"line":263,"column":9,"severity":"Warning","message":"Provide an error message for require","ruleId":"reason-string","fix":null,"filePath":"Benchmarks/Study_SamplesSet/91c7e42695d3ecbbc797ef67f258d2b4.sol"},{"line":263,"column":9,"severity":"Warning","message":"Use Custom Errors instead of require statements","ruleId":"custom-errors","fix":null,"filePath":"Benchmarks/Study_SamplesSet/91c7e42695d3ecbbc797ef67f258d2b4.sol"},{"line":264,"column":9,"severity":"Warning","message":"Provide an error message for require","ruleId":"reason-string","fix":null,"filePath":"Benchmarks/Study_SamplesSet/91c7e42695d3ecbbc797ef67f258d2b4.sol"},{"line":264,"column":9,"severity":"Warning","message":"Use Custom Errors instead of require statements","ruleId":"custom-errors","fix":null,"filePath":"Benchmarks/Study_SamplesSet/91c7e42695d3ecbbc797ef67f258d2b4.sol"},{"line":267,"column":9,"severity":"Error","message":"Explicitly mark all external contracts as trusted or untrusted","ruleId":"mark-callable-contracts","filePath":"Benchmarks/Study_SamplesSet/91c7e42695d3ecbbc797ef67f258d2b4.sol"},{"line":273,"column":9,"severity":"Warning","message":"Provide an error message for require","ruleId":"reason-string","fix":null,"filePath":"Benchmarks/Study_SamplesSet/91c7e42695d3ecbbc797ef67f258d2b4.sol"},{"line":273,"column":9,"severity":"Warning","message":"Use Custom Errors instead of require statements","ruleId":"custom-errors","fix":null,"filePath":"Benchmarks/Study_SamplesSet/91c7e42695d3ecbbc797ef67f258d2b4.sol"},{"line":274,"column":9,"severity":"Warning","message":"Provide an error message for require","ruleId":"reason-string","fix":null,"filePath":"Benchmarks/Study_SamplesSet/91c7e42695d3ecbbc797ef67f258d2b4.sol"},{"line":274,"column":9,"severity":"Warning","message":"Use Custom Errors instead of require statements","ruleId":"custom-errors","fix":null,"filePath":"Benchmarks/Study_SamplesSet/91c7e42695d3ecbbc797ef67f258d2b4.sol"},{"line":277,"column":9,"severity":"Error","message":"Explicitly mark all external contracts as trusted or untrusted","ruleId":"mark-callable-contracts","filePath":"Benchmarks/Study_SamplesSet/91c7e42695d3ecbbc797ef67f258d2b4.sol"},{"conclusion":"110 problem/s (42 error/s, 68 warning/s)"}]
