[{"line":5,"column":1,"severity":"Warning","message":"Found more than One contract per file. 2 contracts found!","ruleId":"one-contract-per-file","fix":null,"filePath":"Benchmarks/Study_SamplesSet/93eeb3f33cca12ca238bb958e8b6a15f.sol"},{"line":5,"column":1,"severity":"Error","message":"Compiler version ^0.5.8 does not satisfy the ^0.8.0 semver requirement","ruleId":"compiler-version","fix":null,"filePath":"Benchmarks/Study_SamplesSet/93eeb3f33cca12ca238bb958e8b6a15f.sol"},{"line":9,"column":3,"severity":"Error","message":"Explicitly mark visibility of state","ruleId":"state-visibility","fix":null,"filePath":"Benchmarks/Study_SamplesSet/93eeb3f33cca12ca238bb958e8b6a15f.sol"},{"line":9,"column":3,"severity":"Warning","message":"Rule is set with explicit type [var/s: uint]","ruleId":"explicit-types","filePath":"Benchmarks/Study_SamplesSet/93eeb3f33cca12ca238bb958e8b6a15f.sol"},{"line":9,"column":3,"severity":"Warning","message":"Variable name must be in mixedCase","ruleId":"var-name-mixedcase","fix":null,"filePath":"Benchmarks/Study_SamplesSet/93eeb3f33cca12ca238bb958e8b6a15f.sol"},{"line":11,"column":1,"severity":"Warning","message":"Function name must be in mixedCase","ruleId":"func-name-mixedcase","fix":null,"filePath":"Benchmarks/Study_SamplesSet/93eeb3f33cca12ca238bb958e8b6a15f.sol"},{"line":11,"column":40,"severity":"Warning","message":"Rule is set with explicit type [var/s: uint]","ruleId":"explicit-types","filePath":"Benchmarks/Study_SamplesSet/93eeb3f33cca12ca238bb958e8b6a15f.sol"},{"line":12,"column":5,"severity":"Warning","message":"Provide an error message for require","ruleId":"reason-string","fix":null,"filePath":"Benchmarks/Study_SamplesSet/93eeb3f33cca12ca238bb958e8b6a15f.sol"},{"line":12,"column":5,"severity":"Warning","message":"Use Custom Errors instead of require statements","ruleId":"custom-errors","fix":null,"filePath":"Benchmarks/Study_SamplesSet/93eeb3f33cca12ca238bb958e8b6a15f.sol"},{"line":18,"column":3,"severity":"Error","message":"Explicitly mark visibility of state","ruleId":"state-visibility","fix":null,"filePath":"Benchmarks/Study_SamplesSet/93eeb3f33cca12ca238bb958e8b6a15f.sol"},{"line":18,"column":3,"severity":"Warning","message":"Rule is set with explicit type [var/s: uint]","ruleId":"explicit-types","filePath":"Benchmarks/Study_SamplesSet/93eeb3f33cca12ca238bb958e8b6a15f.sol"},{"line":18,"column":3,"severity":"Warning","message":"Variable name must be in mixedCase","ruleId":"var-name-mixedcase","fix":null,"filePath":"Benchmarks/Study_SamplesSet/93eeb3f33cca12ca238bb958e8b6a15f.sol"},{"line":20,"column":1,"severity":"Warning","message":"Function name must be in mixedCase","ruleId":"func-name-mixedcase","fix":null,"filePath":"Benchmarks/Study_SamplesSet/93eeb3f33cca12ca238bb958e8b6a15f.sol"},{"line":20,"column":40,"severity":"Warning","message":"Rule is set with explicit type [var/s: uint]","ruleId":"explicit-types","filePath":"Benchmarks/Study_SamplesSet/93eeb3f33cca12ca238bb958e8b6a15f.sol"},{"line":21,"column":5,"severity":"Warning","message":"Provide an error message for require","ruleId":"reason-string","fix":null,"filePath":"Benchmarks/Study_SamplesSet/93eeb3f33cca12ca238bb958e8b6a15f.sol"},{"line":21,"column":5,"severity":"Warning","message":"Use Custom Errors instead of require statements","ruleId":"custom-errors","fix":null,"filePath":"Benchmarks/Study_SamplesSet/93eeb3f33cca12ca238bb958e8b6a15f.sol"},{"line":27,"column":3,"severity":"Warning","message":"Function name must be in mixedCase","ruleId":"func-name-mixedcase","fix":null,"filePath":"Benchmarks/Study_SamplesSet/93eeb3f33cca12ca238bb958e8b6a15f.sol"},{"line":27,"column":24,"severity":"Warning","message":"Variable name must be in mixedCase","ruleId":"var-name-mixedcase","fix":null,"filePath":"Benchmarks/Study_SamplesSet/93eeb3f33cca12ca238bb958e8b6a15f.sol"},{"line":33,"column":3,"severity":"Warning","message":"Function name must be in mixedCase","ruleId":"func-name-mixedcase","fix":null,"filePath":"Benchmarks/Study_SamplesSet/93eeb3f33cca12ca238bb958e8b6a15f.sol"},{"line":33,"column":24,"severity":"Warning","message":"Variable name must be in mixedCase","ruleId":"var-name-mixedcase","fix":null,"filePath":"Benchmarks/Study_SamplesSet/93eeb3f33cca12ca238bb958e8b6a15f.sol"},{"line":38,"column":3,"severity":"Warning","message":"Function name must be in mixedCase","ruleId":"func-name-mixedcase","fix":null,"filePath":"Benchmarks/Study_SamplesSet/93eeb3f33cca12ca238bb958e8b6a15f.sol"},{"line":43,"column":3,"severity":"Warning","message":"Function name must be in mixedCase","ruleId":"func-name-mixedcase","fix":null,"filePath":"Benchmarks/Study_SamplesSet/93eeb3f33cca12ca238bb958e8b6a15f.sol"},{"line":43,"column":24,"severity":"Warning","message":"Variable name must be in mixedCase","ruleId":"var-name-mixedcase","fix":null,"filePath":"Benchmarks/Study_SamplesSet/93eeb3f33cca12ca238bb958e8b6a15f.sol"},{"line":48,"column":3,"severity":"Warning","message":"Rule is set with explicit type [var/s: uint]","ruleId":"explicit-types","filePath":"Benchmarks/Study_SamplesSet/93eeb3f33cca12ca238bb958e8b6a15f.sol"},{"line":48,"column":3,"severity":"Warning","message":"Variable name must be in mixedCase","ruleId":"var-name-mixedcase","fix":null,"filePath":"Benchmarks/Study_SamplesSet/93eeb3f33cca12ca238bb958e8b6a15f.sol"},{"line":50,"column":1,"severity":"Warning","message":"Function name must be in mixedCase","ruleId":"func-name-mixedcase","fix":null,"filePath":"Benchmarks/Study_SamplesSet/93eeb3f33cca12ca238bb958e8b6a15f.sol"},{"line":50,"column":35,"severity":"Warning","message":"Rule is set with explicit type [var/s: uint]","ruleId":"explicit-types","filePath":"Benchmarks/Study_SamplesSet/93eeb3f33cca12ca238bb958e8b6a15f.sol"},{"line":53,"column":1,"severity":"Warning","message":"Function name must be in mixedCase","ruleId":"func-name-mixedcase","fix":null,"filePath":"Benchmarks/Study_SamplesSet/93eeb3f33cca12ca238bb958e8b6a15f.sol"},{"line":54,"column":9,"severity":"Warning","message":"Provide an error message for require","ruleId":"reason-string","fix":null,"filePath":"Benchmarks/Study_SamplesSet/93eeb3f33cca12ca238bb958e8b6a15f.sol"},{"line":54,"column":9,"severity":"Warning","message":"Use Custom Errors instead of require statements","ruleId":"custom-errors","fix":null,"filePath":"Benchmarks/Study_SamplesSet/93eeb3f33cca12ca238bb958e8b6a15f.sol"},{"line":54,"column":17,"severity":"Error","message":"Avoid making time-based decisions in your business logic","ruleId":"not-rely-on-time","fix":null,"filePath":"Benchmarks/Study_SamplesSet/93eeb3f33cca12ca238bb958e8b6a15f.sol"},{"line":55,"column":9,"severity":"Warning","message":"Rule is set with explicit type [var/s: uint]","ruleId":"explicit-types","filePath":"Benchmarks/Study_SamplesSet/93eeb3f33cca12ca238bb958e8b6a15f.sol"},{"line":55,"column":9,"severity":"Warning","message":"Variable name must be in mixedCase","ruleId":"var-name-mixedcase","fix":null,"filePath":"Benchmarks/Study_SamplesSet/93eeb3f33cca12ca238bb958e8b6a15f.sol"},{"line":68,"column":1,"severity":"Warning","message":"Rule is set with explicit type [var/s: uint]","ruleId":"explicit-types","filePath":"Benchmarks/Study_SamplesSet/93eeb3f33cca12ca238bb958e8b6a15f.sol"},{"line":68,"column":1,"severity":"Warning","message":"Variable name must be in mixedCase","ruleId":"var-name-mixedcase","fix":null,"filePath":"Benchmarks/Study_SamplesSet/93eeb3f33cca12ca238bb958e8b6a15f.sol"},{"line":70,"column":1,"severity":"Warning","message":"Function name must be in mixedCase","ruleId":"func-name-mixedcase","fix":null,"filePath":"Benchmarks/Study_SamplesSet/93eeb3f33cca12ca238bb958e8b6a15f.sol"},{"line":70,"column":34,"severity":"Warning","message":"Rule is set with explicit type [var/s: uint]","ruleId":"explicit-types","filePath":"Benchmarks/Study_SamplesSet/93eeb3f33cca12ca238bb958e8b6a15f.sol"},{"line":73,"column":1,"severity":"Warning","message":"Function name must be in mixedCase","ruleId":"func-name-mixedcase","fix":null,"filePath":"Benchmarks/Study_SamplesSet/93eeb3f33cca12ca238bb958e8b6a15f.sol"},{"line":74,"column":9,"severity":"Warning","message":"Provide an error message for require","ruleId":"reason-string","fix":null,"filePath":"Benchmarks/Study_SamplesSet/93eeb3f33cca12ca238bb958e8b6a15f.sol"},{"line":74,"column":9,"severity":"Warning","message":"Use Custom Errors instead of require statements","ruleId":"custom-errors","fix":null,"filePath":"Benchmarks/Study_SamplesSet/93eeb3f33cca12ca238bb958e8b6a15f.sol"},{"line":74,"column":17,"severity":"Error","message":"Avoid making time-based decisions in your business logic","ruleId":"not-rely-on-time","fix":null,"filePath":"Benchmarks/Study_SamplesSet/93eeb3f33cca12ca238bb958e8b6a15f.sol"},{"line":75,"column":9,"severity":"Warning","message":"Rule is set with explicit type [var/s: uint]","ruleId":"explicit-types","filePath":"Benchmarks/Study_SamplesSet/93eeb3f33cca12ca238bb958e8b6a15f.sol"},{"line":75,"column":9,"severity":"Warning","message":"Variable name must be in mixedCase","ruleId":"var-name-mixedcase","fix":null,"filePath":"Benchmarks/Study_SamplesSet/93eeb3f33cca12ca238bb958e8b6a15f.sol"},{"line":83,"column":1,"severity":"Error","message":"Explicitly mark visibility of state","ruleId":"state-visibility","fix":null,"filePath":"Benchmarks/Study_SamplesSet/93eeb3f33cca12ca238bb958e8b6a15f.sol"},{"line":83,"column":1,"severity":"Warning","message":"Rule is set with explicit type [var/s: uint]","ruleId":"explicit-types","filePath":"Benchmarks/Study_SamplesSet/93eeb3f33cca12ca238bb958e8b6a15f.sol"},{"line":83,"column":1,"severity":"Warning","message":"Variable name must be in mixedCase","ruleId":"var-name-mixedcase","fix":null,"filePath":"Benchmarks/Study_SamplesSet/93eeb3f33cca12ca238bb958e8b6a15f.sol"},{"line":85,"column":1,"severity":"Warning","message":"Function name must be in mixedCase","ruleId":"func-name-mixedcase","fix":null,"filePath":"Benchmarks/Study_SamplesSet/93eeb3f33cca12ca238bb958e8b6a15f.sol"},{"line":85,"column":42,"severity":"Warning","message":"Rule is set with explicit type [var/s: uint]","ruleId":"explicit-types","filePath":"Benchmarks/Study_SamplesSet/93eeb3f33cca12ca238bb958e8b6a15f.sol"},{"line":86,"column":5,"severity":"Warning","message":"Provide an error message for require","ruleId":"reason-string","fix":null,"filePath":"Benchmarks/Study_SamplesSet/93eeb3f33cca12ca238bb958e8b6a15f.sol"},{"line":86,"column":5,"severity":"Warning","message":"Use Custom Errors instead of require statements","ruleId":"custom-errors","fix":null,"filePath":"Benchmarks/Study_SamplesSet/93eeb3f33cca12ca238bb958e8b6a15f.sol"},{"line":96,"column":1,"severity":"Warning","message":"Rule is set with explicit type [var/s: uint]","ruleId":"explicit-types","filePath":"Benchmarks/Study_SamplesSet/93eeb3f33cca12ca238bb958e8b6a15f.sol"},{"line":96,"column":1,"severity":"Warning","message":"Variable name must be in mixedCase","ruleId":"var-name-mixedcase","fix":null,"filePath":"Benchmarks/Study_SamplesSet/93eeb3f33cca12ca238bb958e8b6a15f.sol"},{"line":98,"column":1,"severity":"Warning","message":"Function name must be in mixedCase","ruleId":"func-name-mixedcase","fix":null,"filePath":"Benchmarks/Study_SamplesSet/93eeb3f33cca12ca238bb958e8b6a15f.sol"},{"line":98,"column":35,"severity":"Warning","message":"Rule is set with explicit type [var/s: uint]","ruleId":"explicit-types","filePath":"Benchmarks/Study_SamplesSet/93eeb3f33cca12ca238bb958e8b6a15f.sol"},{"line":101,"column":1,"severity":"Warning","message":"Function name must be in mixedCase","ruleId":"func-name-mixedcase","fix":null,"filePath":"Benchmarks/Study_SamplesSet/93eeb3f33cca12ca238bb958e8b6a15f.sol"},{"line":102,"column":9,"severity":"Warning","message":"Provide an error message for require","ruleId":"reason-string","fix":null,"filePath":"Benchmarks/Study_SamplesSet/93eeb3f33cca12ca238bb958e8b6a15f.sol"},{"line":102,"column":9,"severity":"Warning","message":"Use Custom Errors instead of require statements","ruleId":"custom-errors","fix":null,"filePath":"Benchmarks/Study_SamplesSet/93eeb3f33cca12ca238bb958e8b6a15f.sol"},{"line":102,"column":17,"severity":"Error","message":"Avoid making time-based decisions in your business logic","ruleId":"not-rely-on-time","fix":null,"filePath":"Benchmarks/Study_SamplesSet/93eeb3f33cca12ca238bb958e8b6a15f.sol"},{"line":103,"column":9,"severity":"Warning","message":"Rule is set with explicit type [var/s: uint]","ruleId":"explicit-types","filePath":"Benchmarks/Study_SamplesSet/93eeb3f33cca12ca238bb958e8b6a15f.sol"},{"line":103,"column":9,"severity":"Warning","message":"Variable name must be in mixedCase","ruleId":"var-name-mixedcase","fix":null,"filePath":"Benchmarks/Study_SamplesSet/93eeb3f33cca12ca238bb958e8b6a15f.sol"},{"line":109,"column":9,"severity":"Warning","message":"Provide an error message for require","ruleId":"reason-string","fix":null,"filePath":"Benchmarks/Study_SamplesSet/93eeb3f33cca12ca238bb958e8b6a15f.sol"},{"line":109,"column":9,"severity":"Warning","message":"Use Custom Errors instead of require statements","ruleId":"custom-errors","fix":null,"filePath":"Benchmarks/Study_SamplesSet/93eeb3f33cca12ca238bb958e8b6a15f.sol"},{"line":115,"column":9,"severity":"Warning","message":"Provide an error message for require","ruleId":"reason-string","fix":null,"filePath":"Benchmarks/Study_SamplesSet/93eeb3f33cca12ca238bb958e8b6a15f.sol"},{"line":115,"column":9,"severity":"Warning","message":"Use Custom Errors instead of require statements","ruleId":"custom-errors","fix":null,"filePath":"Benchmarks/Study_SamplesSet/93eeb3f33cca12ca238bb958e8b6a15f.sol"},{"line":121,"column":9,"severity":"Warning","message":"Provide an error message for require","ruleId":"reason-string","fix":null,"filePath":"Benchmarks/Study_SamplesSet/93eeb3f33cca12ca238bb958e8b6a15f.sol"},{"line":121,"column":9,"severity":"Warning","message":"Use Custom Errors instead of require statements","ruleId":"custom-errors","fix":null,"filePath":"Benchmarks/Study_SamplesSet/93eeb3f33cca12ca238bb958e8b6a15f.sol"},{"line":129,"column":1,"severity":"Warning","message":"Rule is set with explicit type [var/s: uint]","ruleId":"explicit-types","filePath":"Benchmarks/Study_SamplesSet/93eeb3f33cca12ca238bb958e8b6a15f.sol"},{"line":129,"column":1,"severity":"Warning","message":"Variable name must be in mixedCase","ruleId":"var-name-mixedcase","fix":null,"filePath":"Benchmarks/Study_SamplesSet/93eeb3f33cca12ca238bb958e8b6a15f.sol"},{"line":131,"column":1,"severity":"Warning","message":"Function name must be in mixedCase","ruleId":"func-name-mixedcase","fix":null,"filePath":"Benchmarks/Study_SamplesSet/93eeb3f33cca12ca238bb958e8b6a15f.sol"},{"line":131,"column":35,"severity":"Warning","message":"Rule is set with explicit type [var/s: uint]","ruleId":"explicit-types","filePath":"Benchmarks/Study_SamplesSet/93eeb3f33cca12ca238bb958e8b6a15f.sol"},{"line":134,"column":1,"severity":"Warning","message":"Function name must be in mixedCase","ruleId":"func-name-mixedcase","fix":null,"filePath":"Benchmarks/Study_SamplesSet/93eeb3f33cca12ca238bb958e8b6a15f.sol"},{"line":135,"column":9,"severity":"Warning","message":"Provide an error message for require","ruleId":"reason-string","fix":null,"filePath":"Benchmarks/Study_SamplesSet/93eeb3f33cca12ca238bb958e8b6a15f.sol"},{"line":135,"column":9,"severity":"Warning","message":"Use Custom Errors instead of require statements","ruleId":"custom-errors","fix":null,"filePath":"Benchmarks/Study_SamplesSet/93eeb3f33cca12ca238bb958e8b6a15f.sol"},{"line":135,"column":17,"severity":"Error","message":"Avoid making time-based decisions in your business logic","ruleId":"not-rely-on-time","fix":null,"filePath":"Benchmarks/Study_SamplesSet/93eeb3f33cca12ca238bb958e8b6a15f.sol"},{"line":136,"column":9,"severity":"Warning","message":"Rule is set with explicit type [var/s: uint]","ruleId":"explicit-types","filePath":"Benchmarks/Study_SamplesSet/93eeb3f33cca12ca238bb958e8b6a15f.sol"},{"line":136,"column":9,"severity":"Warning","message":"Variable name must be in mixedCase","ruleId":"var-name-mixedcase","fix":null,"filePath":"Benchmarks/Study_SamplesSet/93eeb3f33cca12ca238bb958e8b6a15f.sol"},{"line":144,"column":1,"severity":"Warning","message":"Function name must be in mixedCase","ruleId":"func-name-mixedcase","fix":null,"filePath":"Benchmarks/Study_SamplesSet/93eeb3f33cca12ca238bb958e8b6a15f.sol"},{"line":153,"column":1,"severity":"Warning","message":"Rule is set with explicit type [var/s: uint]","ruleId":"explicit-types","filePath":"Benchmarks/Study_SamplesSet/93eeb3f33cca12ca238bb958e8b6a15f.sol"},{"line":153,"column":1,"severity":"Warning","message":"Variable name must be in mixedCase","ruleId":"var-name-mixedcase","fix":null,"filePath":"Benchmarks/Study_SamplesSet/93eeb3f33cca12ca238bb958e8b6a15f.sol"},{"line":155,"column":1,"severity":"Warning","message":"Function name must be in mixedCase","ruleId":"func-name-mixedcase","fix":null,"filePath":"Benchmarks/Study_SamplesSet/93eeb3f33cca12ca238bb958e8b6a15f.sol"},{"line":155,"column":34,"severity":"Warning","message":"Rule is set with explicit type [var/s: uint]","ruleId":"explicit-types","filePath":"Benchmarks/Study_SamplesSet/93eeb3f33cca12ca238bb958e8b6a15f.sol"},{"line":158,"column":1,"severity":"Warning","message":"Function name must be in mixedCase","ruleId":"func-name-mixedcase","fix":null,"filePath":"Benchmarks/Study_SamplesSet/93eeb3f33cca12ca238bb958e8b6a15f.sol"},{"line":159,"column":9,"severity":"Warning","message":"Provide an error message for require","ruleId":"reason-string","fix":null,"filePath":"Benchmarks/Study_SamplesSet/93eeb3f33cca12ca238bb958e8b6a15f.sol"},{"line":159,"column":9,"severity":"Warning","message":"Use Custom Errors instead of require statements","ruleId":"custom-errors","fix":null,"filePath":"Benchmarks/Study_SamplesSet/93eeb3f33cca12ca238bb958e8b6a15f.sol"},{"line":159,"column":17,"severity":"Error","message":"Avoid making time-based decisions in your business logic","ruleId":"not-rely-on-time","fix":null,"filePath":"Benchmarks/Study_SamplesSet/93eeb3f33cca12ca238bb958e8b6a15f.sol"},{"line":160,"column":9,"severity":"Warning","message":"Rule is set with explicit type [var/s: uint]","ruleId":"explicit-types","filePath":"Benchmarks/Study_SamplesSet/93eeb3f33cca12ca238bb958e8b6a15f.sol"},{"line":160,"column":9,"severity":"Warning","message":"Variable name must be in mixedCase","ruleId":"var-name-mixedcase","fix":null,"filePath":"Benchmarks/Study_SamplesSet/93eeb3f33cca12ca238bb958e8b6a15f.sol"},{"line":168,"column":1,"severity":"Warning","message":"Rule is set with explicit type [var/s: uint]","ruleId":"explicit-types","filePath":"Benchmarks/Study_SamplesSet/93eeb3f33cca12ca238bb958e8b6a15f.sol"},{"line":168,"column":1,"severity":"Warning","message":"Variable name must be in mixedCase","ruleId":"var-name-mixedcase","fix":null,"filePath":"Benchmarks/Study_SamplesSet/93eeb3f33cca12ca238bb958e8b6a15f.sol"},{"line":170,"column":1,"severity":"Warning","message":"Function name must be in mixedCase","ruleId":"func-name-mixedcase","fix":null,"filePath":"Benchmarks/Study_SamplesSet/93eeb3f33cca12ca238bb958e8b6a15f.sol"},{"line":170,"column":35,"severity":"Warning","message":"Rule is set with explicit type [var/s: uint]","ruleId":"explicit-types","filePath":"Benchmarks/Study_SamplesSet/93eeb3f33cca12ca238bb958e8b6a15f.sol"},{"line":173,"column":1,"severity":"Warning","message":"Function name must be in mixedCase","ruleId":"func-name-mixedcase","fix":null,"filePath":"Benchmarks/Study_SamplesSet/93eeb3f33cca12ca238bb958e8b6a15f.sol"},{"line":174,"column":9,"severity":"Warning","message":"Provide an error message for require","ruleId":"reason-string","fix":null,"filePath":"Benchmarks/Study_SamplesSet/93eeb3f33cca12ca238bb958e8b6a15f.sol"},{"line":174,"column":9,"severity":"Warning","message":"Use Custom Errors instead of require statements","ruleId":"custom-errors","fix":null,"filePath":"Benchmarks/Study_SamplesSet/93eeb3f33cca12ca238bb958e8b6a15f.sol"},{"line":174,"column":17,"severity":"Error","message":"Avoid making time-based decisions in your business logic","ruleId":"not-rely-on-time","fix":null,"filePath":"Benchmarks/Study_SamplesSet/93eeb3f33cca12ca238bb958e8b6a15f.sol"},{"line":175,"column":9,"severity":"Warning","message":"Rule is set with explicit type [var/s: uint]","ruleId":"explicit-types","filePath":"Benchmarks/Study_SamplesSet/93eeb3f33cca12ca238bb958e8b6a15f.sol"},{"line":175,"column":9,"severity":"Warning","message":"Variable name must be in mixedCase","ruleId":"var-name-mixedcase","fix":null,"filePath":"Benchmarks/Study_SamplesSet/93eeb3f33cca12ca238bb958e8b6a15f.sol"},{"line":183,"column":1,"severity":"Warning","message":"Function name must be in mixedCase","ruleId":"func-name-mixedcase","fix":null,"filePath":"Benchmarks/Study_SamplesSet/93eeb3f33cca12ca238bb958e8b6a15f.sol"},{"line":192,"column":1,"severity":"Error","message":"Explicitly mark visibility of state","ruleId":"state-visibility","fix":null,"filePath":"Benchmarks/Study_SamplesSet/93eeb3f33cca12ca238bb958e8b6a15f.sol"},{"line":192,"column":1,"severity":"Warning","message":"Rule is set with explicit type [var/s: uint]","ruleId":"explicit-types","filePath":"Benchmarks/Study_SamplesSet/93eeb3f33cca12ca238bb958e8b6a15f.sol"},{"line":192,"column":1,"severity":"Warning","message":"Variable name must be in mixedCase","ruleId":"var-name-mixedcase","fix":null,"filePath":"Benchmarks/Study_SamplesSet/93eeb3f33cca12ca238bb958e8b6a15f.sol"},{"line":194,"column":1,"severity":"Warning","message":"Function name must be in mixedCase","ruleId":"func-name-mixedcase","fix":null,"filePath":"Benchmarks/Study_SamplesSet/93eeb3f33cca12ca238bb958e8b6a15f.sol"},{"line":194,"column":40,"severity":"Warning","message":"Rule is set with explicit type [var/s: uint]","ruleId":"explicit-types","filePath":"Benchmarks/Study_SamplesSet/93eeb3f33cca12ca238bb958e8b6a15f.sol"},{"line":195,"column":5,"severity":"Warning","message":"Provide an error message for require","ruleId":"reason-string","fix":null,"filePath":"Benchmarks/Study_SamplesSet/93eeb3f33cca12ca238bb958e8b6a15f.sol"},{"line":195,"column":5,"severity":"Warning","message":"Use Custom Errors instead of require statements","ruleId":"custom-errors","fix":null,"filePath":"Benchmarks/Study_SamplesSet/93eeb3f33cca12ca238bb958e8b6a15f.sol"},{"line":205,"column":1,"severity":"Warning","message":"Function name must be in mixedCase","ruleId":"func-name-mixedcase","fix":null,"filePath":"Benchmarks/Study_SamplesSet/93eeb3f33cca12ca238bb958e8b6a15f.sol"},{"line":205,"column":22,"severity":"Warning","message":"Variable name must be in mixedCase","ruleId":"var-name-mixedcase","fix":null,"filePath":"Benchmarks/Study_SamplesSet/93eeb3f33cca12ca238bb958e8b6a15f.sol"},{"line":212,"column":9,"severity":"Warning","message":"Provide an error message for require","ruleId":"reason-string","fix":null,"filePath":"Benchmarks/Study_SamplesSet/93eeb3f33cca12ca238bb958e8b6a15f.sol"},{"line":212,"column":9,"severity":"Warning","message":"Use Custom Errors instead of require statements","ruleId":"custom-errors","fix":null,"filePath":"Benchmarks/Study_SamplesSet/93eeb3f33cca12ca238bb958e8b6a15f.sol"},{"line":216,"column":1,"severity":"Warning","message":"Function name must be in mixedCase","ruleId":"func-name-mixedcase","fix":null,"filePath":"Benchmarks/Study_SamplesSet/93eeb3f33cca12ca238bb958e8b6a15f.sol"},{"line":216,"column":22,"severity":"Warning","message":"Variable name must be in mixedCase","ruleId":"var-name-mixedcase","fix":null,"filePath":"Benchmarks/Study_SamplesSet/93eeb3f33cca12ca238bb958e8b6a15f.sol"},{"line":223,"column":9,"severity":"Warning","message":"Provide an error message for require","ruleId":"reason-string","fix":null,"filePath":"Benchmarks/Study_SamplesSet/93eeb3f33cca12ca238bb958e8b6a15f.sol"},{"line":223,"column":9,"severity":"Warning","message":"Use Custom Errors instead of require statements","ruleId":"custom-errors","fix":null,"filePath":"Benchmarks/Study_SamplesSet/93eeb3f33cca12ca238bb958e8b6a15f.sol"},{"line":227,"column":1,"severity":"Error","message":"Explicitly mark visibility of state","ruleId":"state-visibility","fix":null,"filePath":"Benchmarks/Study_SamplesSet/93eeb3f33cca12ca238bb958e8b6a15f.sol"},{"line":227,"column":1,"severity":"Warning","message":"Rule is set with explicit type [var/s: uint]","ruleId":"explicit-types","filePath":"Benchmarks/Study_SamplesSet/93eeb3f33cca12ca238bb958e8b6a15f.sol"},{"line":227,"column":1,"severity":"Warning","message":"Variable name must be in mixedCase","ruleId":"var-name-mixedcase","fix":null,"filePath":"Benchmarks/Study_SamplesSet/93eeb3f33cca12ca238bb958e8b6a15f.sol"},{"line":229,"column":1,"severity":"Warning","message":"Function name must be in mixedCase","ruleId":"func-name-mixedcase","fix":null,"filePath":"Benchmarks/Study_SamplesSet/93eeb3f33cca12ca238bb958e8b6a15f.sol"},{"line":229,"column":40,"severity":"Warning","message":"Rule is set with explicit type [var/s: uint]","ruleId":"explicit-types","filePath":"Benchmarks/Study_SamplesSet/93eeb3f33cca12ca238bb958e8b6a15f.sol"},{"line":230,"column":5,"severity":"Warning","message":"Provide an error message for require","ruleId":"reason-string","fix":null,"filePath":"Benchmarks/Study_SamplesSet/93eeb3f33cca12ca238bb958e8b6a15f.sol"},{"line":230,"column":5,"severity":"Warning","message":"Use Custom Errors instead of require statements","ruleId":"custom-errors","fix":null,"filePath":"Benchmarks/Study_SamplesSet/93eeb3f33cca12ca238bb958e8b6a15f.sol"},{"line":241,"column":1,"severity":"Warning","message":"Function name must be in mixedCase","ruleId":"func-name-mixedcase","fix":null,"filePath":"Benchmarks/Study_SamplesSet/93eeb3f33cca12ca238bb958e8b6a15f.sol"},{"line":241,"column":21,"severity":"Warning","message":"Variable name must be in mixedCase","ruleId":"var-name-mixedcase","fix":null,"filePath":"Benchmarks/Study_SamplesSet/93eeb3f33cca12ca238bb958e8b6a15f.sol"},{"line":251,"column":1,"severity":"Warning","message":"Function name must be in mixedCase","ruleId":"func-name-mixedcase","fix":null,"filePath":"Benchmarks/Study_SamplesSet/93eeb3f33cca12ca238bb958e8b6a15f.sol"},{"line":259,"column":3,"severity":"Warning","message":"Function name must be in mixedCase","ruleId":"func-name-mixedcase","fix":null,"filePath":"Benchmarks/Study_SamplesSet/93eeb3f33cca12ca238bb958e8b6a15f.sol"},{"line":265,"column":3,"severity":"Warning","message":"Function name must be in mixedCase","ruleId":"func-name-mixedcase","fix":null,"filePath":"Benchmarks/Study_SamplesSet/93eeb3f33cca12ca238bb958e8b6a15f.sol"},{"line":270,"column":3,"severity":"Warning","message":"Function name must be in mixedCase","ruleId":"func-name-mixedcase","fix":null,"filePath":"Benchmarks/Study_SamplesSet/93eeb3f33cca12ca238bb958e8b6a15f.sol"},{"line":275,"column":3,"severity":"Warning","message":"Rule is set with explicit type [var/s: uint]","ruleId":"explicit-types","filePath":"Benchmarks/Study_SamplesSet/93eeb3f33cca12ca238bb958e8b6a15f.sol"},{"line":275,"column":3,"severity":"Warning","message":"Variable name must be in mixedCase","ruleId":"var-name-mixedcase","fix":null,"filePath":"Benchmarks/Study_SamplesSet/93eeb3f33cca12ca238bb958e8b6a15f.sol"},{"line":277,"column":1,"severity":"Warning","message":"Function name must be in mixedCase","ruleId":"func-name-mixedcase","fix":null,"filePath":"Benchmarks/Study_SamplesSet/93eeb3f33cca12ca238bb958e8b6a15f.sol"},{"line":277,"column":35,"severity":"Warning","message":"Rule is set with explicit type [var/s: uint]","ruleId":"explicit-types","filePath":"Benchmarks/Study_SamplesSet/93eeb3f33cca12ca238bb958e8b6a15f.sol"},{"line":280,"column":1,"severity":"Warning","message":"Function name must be in mixedCase","ruleId":"func-name-mixedcase","fix":null,"filePath":"Benchmarks/Study_SamplesSet/93eeb3f33cca12ca238bb958e8b6a15f.sol"},{"line":281,"column":9,"severity":"Warning","message":"Provide an error message for require","ruleId":"reason-string","fix":null,"filePath":"Benchmarks/Study_SamplesSet/93eeb3f33cca12ca238bb958e8b6a15f.sol"},{"line":281,"column":9,"severity":"Warning","message":"Use Custom Errors instead of require statements","ruleId":"custom-errors","fix":null,"filePath":"Benchmarks/Study_SamplesSet/93eeb3f33cca12ca238bb958e8b6a15f.sol"},{"line":281,"column":17,"severity":"Error","message":"Avoid making time-based decisions in your business logic","ruleId":"not-rely-on-time","fix":null,"filePath":"Benchmarks/Study_SamplesSet/93eeb3f33cca12ca238bb958e8b6a15f.sol"},{"line":282,"column":9,"severity":"Warning","message":"Rule is set with explicit type [var/s: uint]","ruleId":"explicit-types","filePath":"Benchmarks/Study_SamplesSet/93eeb3f33cca12ca238bb958e8b6a15f.sol"},{"line":282,"column":9,"severity":"Warning","message":"Variable name must be in mixedCase","ruleId":"var-name-mixedcase","fix":null,"filePath":"Benchmarks/Study_SamplesSet/93eeb3f33cca12ca238bb958e8b6a15f.sol"},{"line":289,"column":16,"severity":"Error","message":"Use double quotes for string literals","ruleId":"quotes","filePath":"Benchmarks/Study_SamplesSet/93eeb3f33cca12ca238bb958e8b6a15f.sol"},{"line":291,"column":1,"severity":"Warning","message":"Function name must be in mixedCase","ruleId":"func-name-mixedcase","fix":null,"filePath":"Benchmarks/Study_SamplesSet/93eeb3f33cca12ca238bb958e8b6a15f.sol"},{"line":300,"column":1,"severity":"Error","message":"Explicitly mark visibility of state","ruleId":"state-visibility","fix":null,"filePath":"Benchmarks/Study_SamplesSet/93eeb3f33cca12ca238bb958e8b6a15f.sol"},{"line":300,"column":1,"severity":"Warning","message":"Rule is set with explicit type [var/s: uint]","ruleId":"explicit-types","filePath":"Benchmarks/Study_SamplesSet/93eeb3f33cca12ca238bb958e8b6a15f.sol"},{"line":300,"column":1,"severity":"Warning","message":"Variable name must be in mixedCase","ruleId":"var-name-mixedcase","fix":null,"filePath":"Benchmarks/Study_SamplesSet/93eeb3f33cca12ca238bb958e8b6a15f.sol"},{"line":302,"column":1,"severity":"Warning","message":"Function name must be in mixedCase","ruleId":"func-name-mixedcase","fix":null,"filePath":"Benchmarks/Study_SamplesSet/93eeb3f33cca12ca238bb958e8b6a15f.sol"},{"line":302,"column":40,"severity":"Warning","message":"Rule is set with explicit type [var/s: uint]","ruleId":"explicit-types","filePath":"Benchmarks/Study_SamplesSet/93eeb3f33cca12ca238bb958e8b6a15f.sol"},{"line":303,"column":5,"severity":"Warning","message":"Provide an error message for require","ruleId":"reason-string","fix":null,"filePath":"Benchmarks/Study_SamplesSet/93eeb3f33cca12ca238bb958e8b6a15f.sol"},{"line":303,"column":5,"severity":"Warning","message":"Use Custom Errors instead of require statements","ruleId":"custom-errors","fix":null,"filePath":"Benchmarks/Study_SamplesSet/93eeb3f33cca12ca238bb958e8b6a15f.sol"},{"line":311,"column":9,"severity":"Warning","message":"Provide an error message for require","ruleId":"reason-string","fix":null,"filePath":"Benchmarks/Study_SamplesSet/93eeb3f33cca12ca238bb958e8b6a15f.sol"},{"line":311,"column":9,"severity":"Warning","message":"Use Custom Errors instead of require statements","ruleId":"custom-errors","fix":null,"filePath":"Benchmarks/Study_SamplesSet/93eeb3f33cca12ca238bb958e8b6a15f.sol"},{"line":317,"column":1,"severity":"Error","message":"Explicitly mark visibility of state","ruleId":"state-visibility","fix":null,"filePath":"Benchmarks/Study_SamplesSet/93eeb3f33cca12ca238bb958e8b6a15f.sol"},{"line":317,"column":1,"severity":"Warning","message":"Rule is set with explicit type [var/s: uint]","ruleId":"explicit-types","filePath":"Benchmarks/Study_SamplesSet/93eeb3f33cca12ca238bb958e8b6a15f.sol"},{"line":317,"column":1,"severity":"Warning","message":"Variable name must be in mixedCase","ruleId":"var-name-mixedcase","fix":null,"filePath":"Benchmarks/Study_SamplesSet/93eeb3f33cca12ca238bb958e8b6a15f.sol"},{"line":319,"column":1,"severity":"Warning","message":"Function name must be in mixedCase","ruleId":"func-name-mixedcase","fix":null,"filePath":"Benchmarks/Study_SamplesSet/93eeb3f33cca12ca238bb958e8b6a15f.sol"},{"line":319,"column":40,"severity":"Warning","message":"Rule is set with explicit type [var/s: uint]","ruleId":"explicit-types","filePath":"Benchmarks/Study_SamplesSet/93eeb3f33cca12ca238bb958e8b6a15f.sol"},{"line":320,"column":5,"severity":"Warning","message":"Provide an error message for require","ruleId":"reason-string","fix":null,"filePath":"Benchmarks/Study_SamplesSet/93eeb3f33cca12ca238bb958e8b6a15f.sol"},{"line":320,"column":5,"severity":"Warning","message":"Use Custom Errors instead of require statements","ruleId":"custom-errors","fix":null,"filePath":"Benchmarks/Study_SamplesSet/93eeb3f33cca12ca238bb958e8b6a15f.sol"},{"line":328,"column":9,"severity":"Warning","message":"Provide an error message for require","ruleId":"reason-string","fix":null,"filePath":"Benchmarks/Study_SamplesSet/93eeb3f33cca12ca238bb958e8b6a15f.sol"},{"line":328,"column":9,"severity":"Warning","message":"Use Custom Errors instead of require statements","ruleId":"custom-errors","fix":null,"filePath":"Benchmarks/Study_SamplesSet/93eeb3f33cca12ca238bb958e8b6a15f.sol"},{"line":329,"column":9,"severity":"Warning","message":"Provide an error message for require","ruleId":"reason-string","fix":null,"filePath":"Benchmarks/Study_SamplesSet/93eeb3f33cca12ca238bb958e8b6a15f.sol"},{"line":329,"column":9,"severity":"Warning","message":"Use Custom Errors instead of require statements","ruleId":"custom-errors","fix":null,"filePath":"Benchmarks/Study_SamplesSet/93eeb3f33cca12ca238bb958e8b6a15f.sol"},{"line":330,"column":9,"severity":"Warning","message":"Provide an error message for require","ruleId":"reason-string","fix":null,"filePath":"Benchmarks/Study_SamplesSet/93eeb3f33cca12ca238bb958e8b6a15f.sol"},{"line":330,"column":9,"severity":"Warning","message":"Use Custom Errors instead of require statements","ruleId":"custom-errors","fix":null,"filePath":"Benchmarks/Study_SamplesSet/93eeb3f33cca12ca238bb958e8b6a15f.sol"},{"line":338,"column":1,"severity":"Warning","message":"Function name must be in mixedCase","ruleId":"func-name-mixedcase","fix":null,"filePath":"Benchmarks/Study_SamplesSet/93eeb3f33cca12ca238bb958e8b6a15f.sol"},{"line":338,"column":21,"severity":"Warning","message":"Variable name must be in mixedCase","ruleId":"var-name-mixedcase","fix":null,"filePath":"Benchmarks/Study_SamplesSet/93eeb3f33cca12ca238bb958e8b6a15f.sol"},{"line":345,"column":9,"severity":"Warning","message":"Provide an error message for require","ruleId":"reason-string","fix":null,"filePath":"Benchmarks/Study_SamplesSet/93eeb3f33cca12ca238bb958e8b6a15f.sol"},{"line":345,"column":9,"severity":"Warning","message":"Use Custom Errors instead of require statements","ruleId":"custom-errors","fix":null,"filePath":"Benchmarks/Study_SamplesSet/93eeb3f33cca12ca238bb958e8b6a15f.sol"},{"line":351,"column":1,"severity":"Warning","message":"Function name must be in mixedCase","ruleId":"func-name-mixedcase","fix":null,"filePath":"Benchmarks/Study_SamplesSet/93eeb3f33cca12ca238bb958e8b6a15f.sol"},{"conclusion":"165 problem/s (16 error/s, 149 warning/s)"}]
