[{"line":1,"column":1,"severity":"Error","message":"Compiler version ^0.4.5 does not satisfy the ^0.8.0 semver requirement","ruleId":"compiler-version","fix":null,"filePath":"Benchmarks/Study_SamplesSet/942c3a05658fc9d712540cdd89db81a4.sol"},{"line":3,"column":1,"severity":"Warning","message":"Contract, Structs and Enums should be in CamelCase","ruleId":"contract-name-camelcase","filePath":"Benchmarks/Study_SamplesSet/942c3a05658fc9d712540cdd89db81a4.sol"},{"line":14,"column":5,"severity":"Error","message":"Explicitly mark visibility of state","ruleId":"state-visibility","fix":null,"filePath":"Benchmarks/Study_SamplesSet/942c3a05658fc9d712540cdd89db81a4.sol"},{"line":14,"column":5,"severity":"Warning","message":"Variable name must be in mixedCase","ruleId":"var-name-mixedcase","fix":null,"filePath":"Benchmarks/Study_SamplesSet/942c3a05658fc9d712540cdd89db81a4.sol"},{"line":15,"column":5,"severity":"Warning","message":"Variable name must be in mixedCase","ruleId":"var-name-mixedcase","fix":null,"filePath":"Benchmarks/Study_SamplesSet/942c3a05658fc9d712540cdd89db81a4.sol"},{"line":19,"column":5,"severity":"Error","message":"Explicitly mark visibility in function (Set ignoreConstructors to true if using solidity >=0.7.0)","ruleId":"func-visibility","fix":null,"filePath":"Benchmarks/Study_SamplesSet/942c3a05658fc9d712540cdd89db81a4.sol"},{"line":36,"column":5,"severity":"Warning","message":"Function name must be in mixedCase","ruleId":"func-name-mixedcase","fix":null,"filePath":"Benchmarks/Study_SamplesSet/942c3a05658fc9d712540cdd89db81a4.sol"},{"line":36,"column":5,"severity":"Error","message":"Explicitly mark visibility in function","ruleId":"func-visibility","fix":null,"filePath":"Benchmarks/Study_SamplesSet/942c3a05658fc9d712540cdd89db81a4.sol"},{"line":40,"column":54,"severity":"Error","message":"\"throw\" is deprecated, avoid to use it","ruleId":"avoid-throw","filePath":"Benchmarks/Study_SamplesSet/942c3a05658fc9d712540cdd89db81a4.sol"},{"line":42,"column":9,"severity":"Warning","message":"Variable name must be in mixedCase","ruleId":"var-name-mixedcase","fix":null,"filePath":"Benchmarks/Study_SamplesSet/942c3a05658fc9d712540cdd89db81a4.sol"},{"line":58,"column":36,"severity":"Error","message":"\"throw\" is deprecated, avoid to use it","ruleId":"avoid-throw","filePath":"Benchmarks/Study_SamplesSet/942c3a05658fc9d712540cdd89db81a4.sol"},{"line":60,"column":19,"severity":"Error","message":"Check result of \"send\" call","ruleId":"check-send-result","fix":null,"filePath":"Benchmarks/Study_SamplesSet/942c3a05658fc9d712540cdd89db81a4.sol"},{"line":62,"column":23,"severity":"Error","message":"\"throw\" is deprecated, avoid to use it","ruleId":"avoid-throw","filePath":"Benchmarks/Study_SamplesSet/942c3a05658fc9d712540cdd89db81a4.sol"},{"line":70,"column":5,"severity":"Warning","message":"Function name must be in mixedCase","ruleId":"func-name-mixedcase","fix":null,"filePath":"Benchmarks/Study_SamplesSet/942c3a05658fc9d712540cdd89db81a4.sol"},{"line":70,"column":5,"severity":"Error","message":"Explicitly mark visibility in function","ruleId":"func-visibility","fix":null,"filePath":"Benchmarks/Study_SamplesSet/942c3a05658fc9d712540cdd89db81a4.sol"},{"line":72,"column":45,"severity":"Error","message":"\"throw\" is deprecated, avoid to use it","ruleId":"avoid-throw","filePath":"Benchmarks/Study_SamplesSet/942c3a05658fc9d712540cdd89db81a4.sol"},{"line":80,"column":5,"severity":"Warning","message":"Function name must be in mixedCase","ruleId":"func-name-mixedcase","fix":null,"filePath":"Benchmarks/Study_SamplesSet/942c3a05658fc9d712540cdd89db81a4.sol"},{"line":80,"column":5,"severity":"Error","message":"Explicitly mark visibility in function","ruleId":"func-visibility","fix":null,"filePath":"Benchmarks/Study_SamplesSet/942c3a05658fc9d712540cdd89db81a4.sol"},{"line":80,"column":39,"severity":"Warning","message":"Variable name must be in mixedCase","ruleId":"var-name-mixedcase","fix":null,"filePath":"Benchmarks/Study_SamplesSet/942c3a05658fc9d712540cdd89db81a4.sol"},{"line":81,"column":45,"severity":"Error","message":"\"throw\" is deprecated, avoid to use it","ruleId":"avoid-throw","filePath":"Benchmarks/Study_SamplesSet/942c3a05658fc9d712540cdd89db81a4.sol"},{"line":85,"column":5,"severity":"Error","message":"Explicitly mark visibility in function","ruleId":"func-visibility","fix":null,"filePath":"Benchmarks/Study_SamplesSet/942c3a05658fc9d712540cdd89db81a4.sol"},{"conclusion":"21 problem/s (13 error/s, 8 warning/s)"}]
