[{"line":7,"column":1,"severity":"Error","message":"Compiler version 0.4.25 does not satisfy the ^0.8.0 semver requirement","ruleId":"compiler-version","fix":null,"filePath":"Benchmarks/Study_SamplesSet/96a6fe70d4e0d386d6582b2c3a5661c1.sol"},{"line":9,"column":1,"severity":"Warning","message":"Contract, Structs and Enums should be in CamelCase","ruleId":"contract-name-camelcase","filePath":"Benchmarks/Study_SamplesSet/96a6fe70d4e0d386d6582b2c3a5661c1.sol"},{"line":10,"column":5,"severity":"Warning","message":"Rule is set with explicit type [var/s: uint]","ruleId":"explicit-types","filePath":"Benchmarks/Study_SamplesSet/96a6fe70d4e0d386d6582b2c3a5661c1.sol"},{"conclusion":"3 problem/s (1 error/s, 2 warning/s)"}]
