[{"line":1,"column":1,"severity":"Error","message":"Compiler version 0.4.25 does not satisfy the ^0.8.0 semver requirement","ruleId":"compiler-version","fix":null,"filePath":"Benchmarks/Study_SamplesSet/98c9de736cb6c209fa525f937d793e89.sol"},{"line":3,"column":1,"severity":"Error","message":"Compiler version =0.4.25 does not satisfy the ^0.8.0 semver requirement","ruleId":"compiler-version","fix":null,"filePath":"Benchmarks/Study_SamplesSet/98c9de736cb6c209fa525f937d793e89.sol"},{"line":5,"column":1,"severity":"Warning","message":"Code contains empty blocks","ruleId":"no-empty-blocks","fix":null,"filePath":"Benchmarks/Study_SamplesSet/98c9de736cb6c209fa525f937d793e89.sol"},{"conclusion":"3 problem/s (2 error/s, 1 warning/s)"}]
