[{"line":1,"column":1,"severity":"Warning","message":"Found more than One contract per file. 3 contracts found!","ruleId":"one-contract-per-file","fix":null,"filePath":"Benchmarks/Study_SamplesSet/9af2918a940b4083f048ba28a9ceb391.sol"},{"line":1,"column":1,"severity":"Error","message":"Compiler version ^0.4.19 does not satisfy the ^0.8.0 semver requirement","ruleId":"compiler-version","fix":null,"filePath":"Benchmarks/Study_SamplesSet/9af2918a940b4083f048ba28a9ceb391.sol"},{"line":31,"column":3,"severity":"Error","message":"Explicitly mark visibility in function","ruleId":"func-visibility","fix":null,"filePath":"Benchmarks/Study_SamplesSet/9af2918a940b4083f048ba28a9ceb391.sol"},{"line":31,"column":73,"severity":"Warning","message":"Code contains empty blocks","ruleId":"no-empty-blocks","fix":null,"filePath":"Benchmarks/Study_SamplesSet/9af2918a940b4083f048ba28a9ceb391.sol"},{"line":32,"column":3,"severity":"Error","message":"Explicitly mark visibility in function","ruleId":"func-visibility","fix":null,"filePath":"Benchmarks/Study_SamplesSet/9af2918a940b4083f048ba28a9ceb391.sol"},{"line":32,"column":73,"severity":"Warning","message":"Code contains empty blocks","ruleId":"no-empty-blocks","fix":null,"filePath":"Benchmarks/Study_SamplesSet/9af2918a940b4083f048ba28a9ceb391.sol"},{"line":52,"column":3,"severity":"Warning","message":"Rule is set with explicit type [var/s: uint]","ruleId":"explicit-types","filePath":"Benchmarks/Study_SamplesSet/9af2918a940b4083f048ba28a9ceb391.sol"},{"line":54,"column":3,"severity":"Warning","message":"Rule is set with explicit type [var/s: uint]","ruleId":"explicit-types","filePath":"Benchmarks/Study_SamplesSet/9af2918a940b4083f048ba28a9ceb391.sol"},{"line":56,"column":3,"severity":"Warning","message":"Rule is set with explicit type [var/s: uint]","ruleId":"explicit-types","filePath":"Benchmarks/Study_SamplesSet/9af2918a940b4083f048ba28a9ceb391.sol"},{"line":62,"column":3,"severity":"Warning","message":"Rule is set with explicit type [var/s: uint]","ruleId":"explicit-types","filePath":"Benchmarks/Study_SamplesSet/9af2918a940b4083f048ba28a9ceb391.sol"},{"line":64,"column":3,"severity":"Warning","message":"Rule is set with explicit type [var/s: uint]","ruleId":"explicit-types","filePath":"Benchmarks/Study_SamplesSet/9af2918a940b4083f048ba28a9ceb391.sol"},{"line":70,"column":5,"severity":"Warning","message":"Rule is set with explicit type [var/s: uint]","ruleId":"explicit-types","filePath":"Benchmarks/Study_SamplesSet/9af2918a940b4083f048ba28a9ceb391.sol"},{"line":71,"column":5,"severity":"Warning","message":"Rule is set with explicit type [var/s: uint]","ruleId":"explicit-types","filePath":"Benchmarks/Study_SamplesSet/9af2918a940b4083f048ba28a9ceb391.sol"},{"line":72,"column":5,"severity":"Warning","message":"Rule is set with explicit type [var/s: uint]","ruleId":"explicit-types","filePath":"Benchmarks/Study_SamplesSet/9af2918a940b4083f048ba28a9ceb391.sol"},{"line":75,"column":3,"severity":"Error","message":"Explicitly mark visibility of state","ruleId":"state-visibility","fix":null,"filePath":"Benchmarks/Study_SamplesSet/9af2918a940b4083f048ba28a9ceb391.sol"},{"line":80,"column":5,"severity":"Warning","message":"Rule is set with explicit type [var/s: uint]","ruleId":"explicit-types","filePath":"Benchmarks/Study_SamplesSet/9af2918a940b4083f048ba28a9ceb391.sol"},{"line":81,"column":5,"severity":"Warning","message":"Rule is set with explicit type [var/s: uint]","ruleId":"explicit-types","filePath":"Benchmarks/Study_SamplesSet/9af2918a940b4083f048ba28a9ceb391.sol"},{"line":84,"column":3,"severity":"Error","message":"Explicitly mark visibility of state","ruleId":"state-visibility","fix":null,"filePath":"Benchmarks/Study_SamplesSet/9af2918a940b4083f048ba28a9ceb391.sol"},{"line":89,"column":5,"severity":"Warning","message":"Provide an error message for require","ruleId":"reason-string","fix":null,"filePath":"Benchmarks/Study_SamplesSet/9af2918a940b4083f048ba28a9ceb391.sol"},{"line":89,"column":5,"severity":"Warning","message":"Use Custom Errors instead of require statements","ruleId":"custom-errors","fix":null,"filePath":"Benchmarks/Study_SamplesSet/9af2918a940b4083f048ba28a9ceb391.sol"},{"line":94,"column":3,"severity":"Error","message":"Explicitly mark visibility of state","ruleId":"state-visibility","fix":null,"filePath":"Benchmarks/Study_SamplesSet/9af2918a940b4083f048ba28a9ceb391.sol"},{"line":96,"column":5,"severity":"Warning","message":"Provide an error message for require","ruleId":"reason-string","fix":null,"filePath":"Benchmarks/Study_SamplesSet/9af2918a940b4083f048ba28a9ceb391.sol"},{"line":96,"column":5,"severity":"Warning","message":"Use Custom Errors instead of require statements","ruleId":"custom-errors","fix":null,"filePath":"Benchmarks/Study_SamplesSet/9af2918a940b4083f048ba28a9ceb391.sol"},{"line":104,"column":57,"severity":"Warning","message":"Rule is set with explicit type [var/s: uint]","ruleId":"explicit-types","filePath":"Benchmarks/Study_SamplesSet/9af2918a940b4083f048ba28a9ceb391.sol"},{"line":105,"column":42,"severity":"Warning","message":"Rule is set with explicit type [var/s: uint]","ruleId":"explicit-types","filePath":"Benchmarks/Study_SamplesSet/9af2918a940b4083f048ba28a9ceb391.sol"},{"line":107,"column":44,"severity":"Warning","message":"Rule is set with explicit type [var/s: uint]","ruleId":"explicit-types","filePath":"Benchmarks/Study_SamplesSet/9af2918a940b4083f048ba28a9ceb391.sol"},{"line":108,"column":44,"severity":"Warning","message":"Rule is set with explicit type [var/s: uint]","ruleId":"explicit-types","filePath":"Benchmarks/Study_SamplesSet/9af2918a940b4083f048ba28a9ceb391.sol"},{"line":109,"column":40,"severity":"Warning","message":"Rule is set with explicit type [var/s: uint]","ruleId":"explicit-types","filePath":"Benchmarks/Study_SamplesSet/9af2918a940b4083f048ba28a9ceb391.sol"},{"line":110,"column":40,"severity":"Warning","message":"Rule is set with explicit type [var/s: uint]","ruleId":"explicit-types","filePath":"Benchmarks/Study_SamplesSet/9af2918a940b4083f048ba28a9ceb391.sol"},{"line":114,"column":20,"severity":"Warning","message":"Rule is set with explicit type [var/s: uint]","ruleId":"explicit-types","filePath":"Benchmarks/Study_SamplesSet/9af2918a940b4083f048ba28a9ceb391.sol"},{"line":114,"column":36,"severity":"Warning","message":"Rule is set with explicit type [var/s: uint]","ruleId":"explicit-types","filePath":"Benchmarks/Study_SamplesSet/9af2918a940b4083f048ba28a9ceb391.sol"},{"line":114,"column":78,"severity":"Warning","message":"Rule is set with explicit type [var/s: uint]","ruleId":"explicit-types","filePath":"Benchmarks/Study_SamplesSet/9af2918a940b4083f048ba28a9ceb391.sol"},{"line":119,"column":23,"severity":"Warning","message":"Rule is set with explicit type [var/s: uint]","ruleId":"explicit-types","filePath":"Benchmarks/Study_SamplesSet/9af2918a940b4083f048ba28a9ceb391.sol"},{"line":119,"column":39,"severity":"Warning","message":"Rule is set with explicit type [var/s: uint]","ruleId":"explicit-types","filePath":"Benchmarks/Study_SamplesSet/9af2918a940b4083f048ba28a9ceb391.sol"},{"line":119,"column":72,"severity":"Warning","message":"Rule is set with explicit type [var/s: uint]","ruleId":"explicit-types","filePath":"Benchmarks/Study_SamplesSet/9af2918a940b4083f048ba28a9ceb391.sol"},{"line":125,"column":46,"severity":"Warning","message":"Rule is set with explicit type [var/s: uint]","ruleId":"explicit-types","filePath":"Benchmarks/Study_SamplesSet/9af2918a940b4083f048ba28a9ceb391.sol"},{"line":125,"column":69,"severity":"Warning","message":"Rule is set with explicit type [var/s: uint]","ruleId":"explicit-types","filePath":"Benchmarks/Study_SamplesSet/9af2918a940b4083f048ba28a9ceb391.sol"},{"line":126,"column":5,"severity":"Warning","message":"Provide an error message for require","ruleId":"reason-string","fix":null,"filePath":"Benchmarks/Study_SamplesSet/9af2918a940b4083f048ba28a9ceb391.sol"},{"line":126,"column":5,"severity":"Warning","message":"Use Custom Errors instead of require statements","ruleId":"custom-errors","fix":null,"filePath":"Benchmarks/Study_SamplesSet/9af2918a940b4083f048ba28a9ceb391.sol"},{"line":127,"column":5,"severity":"Warning","message":"Provide an error message for require","ruleId":"reason-string","fix":null,"filePath":"Benchmarks/Study_SamplesSet/9af2918a940b4083f048ba28a9ceb391.sol"},{"line":127,"column":5,"severity":"Warning","message":"Use Custom Errors instead of require statements","ruleId":"custom-errors","fix":null,"filePath":"Benchmarks/Study_SamplesSet/9af2918a940b4083f048ba28a9ceb391.sol"},{"line":136,"column":23,"severity":"Warning","message":"Visibility modifier must be first in list of modifiers","ruleId":"visibility-modifier-order","fix":null,"filePath":"Benchmarks/Study_SamplesSet/9af2918a940b4083f048ba28a9ceb391.sol"},{"line":141,"column":12,"severity":"Warning","message":"Provide an error message for revert","ruleId":"reason-string","fix":null,"filePath":"Benchmarks/Study_SamplesSet/9af2918a940b4083f048ba28a9ceb391.sol"},{"line":141,"column":12,"severity":"Warning","message":"Use Custom Errors instead of revert statements","ruleId":"custom-errors","fix":null,"filePath":"Benchmarks/Study_SamplesSet/9af2918a940b4083f048ba28a9ceb391.sol"},{"line":147,"column":5,"severity":"Warning","message":"Rule is set with explicit type [var/s: uint]","ruleId":"explicit-types","filePath":"Benchmarks/Study_SamplesSet/9af2918a940b4083f048ba28a9ceb391.sol"},{"line":149,"column":5,"severity":"Error","message":"Avoid to use inline assembly. It is acceptable only in rare cases","ruleId":"no-inline-assembly","fix":null,"filePath":"Benchmarks/Study_SamplesSet/9af2918a940b4083f048ba28a9ceb391.sol"},{"line":150,"column":5,"severity":"Warning","message":"Provide an error message for require","ruleId":"reason-string","fix":null,"filePath":"Benchmarks/Study_SamplesSet/9af2918a940b4083f048ba28a9ceb391.sol"},{"line":150,"column":5,"severity":"Warning","message":"Use Custom Errors instead of require statements","ruleId":"custom-errors","fix":null,"filePath":"Benchmarks/Study_SamplesSet/9af2918a940b4083f048ba28a9ceb391.sol"},{"line":151,"column":5,"severity":"Warning","message":"Provide an error message for require","ruleId":"reason-string","fix":null,"filePath":"Benchmarks/Study_SamplesSet/9af2918a940b4083f048ba28a9ceb391.sol"},{"line":151,"column":5,"severity":"Warning","message":"Use Custom Errors instead of require statements","ruleId":"custom-errors","fix":null,"filePath":"Benchmarks/Study_SamplesSet/9af2918a940b4083f048ba28a9ceb391.sol"},{"line":153,"column":5,"severity":"Warning","message":"Rule is set with explicit type [var/s: uint]","ruleId":"explicit-types","filePath":"Benchmarks/Study_SamplesSet/9af2918a940b4083f048ba28a9ceb391.sol"},{"line":154,"column":5,"severity":"Warning","message":"Provide an error message for require","ruleId":"reason-string","fix":null,"filePath":"Benchmarks/Study_SamplesSet/9af2918a940b4083f048ba28a9ceb391.sol"},{"line":154,"column":5,"severity":"Warning","message":"Use Custom Errors instead of require statements","ruleId":"custom-errors","fix":null,"filePath":"Benchmarks/Study_SamplesSet/9af2918a940b4083f048ba28a9ceb391.sol"},{"line":156,"column":5,"severity":"Error","message":"Explicitly mark all external contracts as trusted or untrusted","ruleId":"mark-callable-contracts","filePath":"Benchmarks/Study_SamplesSet/9af2918a940b4083f048ba28a9ceb391.sol"},{"line":162,"column":5,"severity":"Warning","message":"Provide an error message for require","ruleId":"reason-string","fix":null,"filePath":"Benchmarks/Study_SamplesSet/9af2918a940b4083f048ba28a9ceb391.sol"},{"line":162,"column":5,"severity":"Warning","message":"Use Custom Errors instead of require statements","ruleId":"custom-errors","fix":null,"filePath":"Benchmarks/Study_SamplesSet/9af2918a940b4083f048ba28a9ceb391.sol"},{"line":163,"column":5,"severity":"Warning","message":"Provide an error message for require","ruleId":"reason-string","fix":null,"filePath":"Benchmarks/Study_SamplesSet/9af2918a940b4083f048ba28a9ceb391.sol"},{"line":163,"column":5,"severity":"Warning","message":"Use Custom Errors instead of require statements","ruleId":"custom-errors","fix":null,"filePath":"Benchmarks/Study_SamplesSet/9af2918a940b4083f048ba28a9ceb391.sol"},{"line":165,"column":5,"severity":"Error","message":"Explicitly mark all external contracts as trusted or untrusted","ruleId":"mark-callable-contracts","filePath":"Benchmarks/Study_SamplesSet/9af2918a940b4083f048ba28a9ceb391.sol"},{"line":174,"column":5,"severity":"Warning","message":"Provide an error message for require","ruleId":"reason-string","fix":null,"filePath":"Benchmarks/Study_SamplesSet/9af2918a940b4083f048ba28a9ceb391.sol"},{"line":174,"column":5,"severity":"Warning","message":"Use Custom Errors instead of require statements","ruleId":"custom-errors","fix":null,"filePath":"Benchmarks/Study_SamplesSet/9af2918a940b4083f048ba28a9ceb391.sol"},{"line":176,"column":7,"severity":"Warning","message":"Rule is set with explicit type [var/s: uint]","ruleId":"explicit-types","filePath":"Benchmarks/Study_SamplesSet/9af2918a940b4083f048ba28a9ceb391.sol"},{"line":179,"column":7,"severity":"Error","message":"Explicitly mark all external contracts as trusted or untrusted","ruleId":"mark-callable-contracts","filePath":"Benchmarks/Study_SamplesSet/9af2918a940b4083f048ba28a9ceb391.sol"},{"line":187,"column":5,"severity":"Warning","message":"Provide an error message for require","ruleId":"reason-string","fix":null,"filePath":"Benchmarks/Study_SamplesSet/9af2918a940b4083f048ba28a9ceb391.sol"},{"line":187,"column":5,"severity":"Warning","message":"Use Custom Errors instead of require statements","ruleId":"custom-errors","fix":null,"filePath":"Benchmarks/Study_SamplesSet/9af2918a940b4083f048ba28a9ceb391.sol"},{"line":188,"column":5,"severity":"Warning","message":"Provide an error message for require","ruleId":"reason-string","fix":null,"filePath":"Benchmarks/Study_SamplesSet/9af2918a940b4083f048ba28a9ceb391.sol"},{"line":188,"column":5,"severity":"Warning","message":"Use Custom Errors instead of require statements","ruleId":"custom-errors","fix":null,"filePath":"Benchmarks/Study_SamplesSet/9af2918a940b4083f048ba28a9ceb391.sol"},{"line":201,"column":5,"severity":"Warning","message":"Provide an error message for require","ruleId":"reason-string","fix":null,"filePath":"Benchmarks/Study_SamplesSet/9af2918a940b4083f048ba28a9ceb391.sol"},{"line":201,"column":5,"severity":"Warning","message":"Use Custom Errors instead of require statements","ruleId":"custom-errors","fix":null,"filePath":"Benchmarks/Study_SamplesSet/9af2918a940b4083f048ba28a9ceb391.sol"},{"line":203,"column":7,"severity":"Warning","message":"Rule is set with explicit type [var/s: uint]","ruleId":"explicit-types","filePath":"Benchmarks/Study_SamplesSet/9af2918a940b4083f048ba28a9ceb391.sol"},{"line":204,"column":7,"severity":"Warning","message":"Rule is set with explicit type [var/s: uint]","ruleId":"explicit-types","filePath":"Benchmarks/Study_SamplesSet/9af2918a940b4083f048ba28a9ceb391.sol"},{"line":205,"column":12,"severity":"Warning","message":"Rule is set with explicit type [var/s: uint]","ruleId":"explicit-types","filePath":"Benchmarks/Study_SamplesSet/9af2918a940b4083f048ba28a9ceb391.sol"},{"line":211,"column":9,"severity":"Error","message":"Explicitly mark all external contracts as trusted or untrusted","ruleId":"mark-callable-contracts","filePath":"Benchmarks/Study_SamplesSet/9af2918a940b4083f048ba28a9ceb391.sol"},{"line":215,"column":7,"severity":"Warning","message":"Rule is set with explicit type [var/s: uint]","ruleId":"explicit-types","filePath":"Benchmarks/Study_SamplesSet/9af2918a940b4083f048ba28a9ceb391.sol"},{"line":221,"column":9,"severity":"Warning","message":"Provide an error message for require","ruleId":"reason-string","fix":null,"filePath":"Benchmarks/Study_SamplesSet/9af2918a940b4083f048ba28a9ceb391.sol"},{"line":221,"column":9,"severity":"Warning","message":"Use Custom Errors instead of require statements","ruleId":"custom-errors","fix":null,"filePath":"Benchmarks/Study_SamplesSet/9af2918a940b4083f048ba28a9ceb391.sol"},{"line":223,"column":9,"severity":"Error","message":"Explicitly mark all external contracts as trusted or untrusted","ruleId":"mark-callable-contracts","filePath":"Benchmarks/Study_SamplesSet/9af2918a940b4083f048ba28a9ceb391.sol"},{"line":231,"column":38,"severity":"Warning","message":"Rule is set with explicit type [var/s: uint]","ruleId":"explicit-types","filePath":"Benchmarks/Study_SamplesSet/9af2918a940b4083f048ba28a9ceb391.sol"},{"line":232,"column":5,"severity":"Warning","message":"Provide an error message for require","ruleId":"reason-string","fix":null,"filePath":"Benchmarks/Study_SamplesSet/9af2918a940b4083f048ba28a9ceb391.sol"},{"line":232,"column":5,"severity":"Warning","message":"Use Custom Errors instead of require statements","ruleId":"custom-errors","fix":null,"filePath":"Benchmarks/Study_SamplesSet/9af2918a940b4083f048ba28a9ceb391.sol"},{"line":233,"column":5,"severity":"Warning","message":"Provide an error message for require","ruleId":"reason-string","fix":null,"filePath":"Benchmarks/Study_SamplesSet/9af2918a940b4083f048ba28a9ceb391.sol"},{"line":233,"column":5,"severity":"Warning","message":"Use Custom Errors instead of require statements","ruleId":"custom-errors","fix":null,"filePath":"Benchmarks/Study_SamplesSet/9af2918a940b4083f048ba28a9ceb391.sol"},{"line":234,"column":5,"severity":"Warning","message":"Provide an error message for require","ruleId":"reason-string","fix":null,"filePath":"Benchmarks/Study_SamplesSet/9af2918a940b4083f048ba28a9ceb391.sol"},{"line":234,"column":5,"severity":"Warning","message":"Use Custom Errors instead of require statements","ruleId":"custom-errors","fix":null,"filePath":"Benchmarks/Study_SamplesSet/9af2918a940b4083f048ba28a9ceb391.sol"},{"line":239,"column":37,"severity":"Warning","message":"Visibility modifier must be first in list of modifiers","ruleId":"visibility-modifier-order","fix":null,"filePath":"Benchmarks/Study_SamplesSet/9af2918a940b4083f048ba28a9ceb391.sol"},{"line":239,"column":53,"severity":"Warning","message":"Rule is set with explicit type [var/s: uint]","ruleId":"explicit-types","filePath":"Benchmarks/Study_SamplesSet/9af2918a940b4083f048ba28a9ceb391.sol"},{"line":239,"column":67,"severity":"Warning","message":"Rule is set with explicit type [var/s: uint]","ruleId":"explicit-types","filePath":"Benchmarks/Study_SamplesSet/9af2918a940b4083f048ba28a9ceb391.sol"},{"line":239,"column":81,"severity":"Warning","message":"Rule is set with explicit type [var/s: uint]","ruleId":"explicit-types","filePath":"Benchmarks/Study_SamplesSet/9af2918a940b4083f048ba28a9ceb391.sol"},{"line":249,"column":56,"severity":"Warning","message":"Visibility modifier must be first in list of modifiers","ruleId":"visibility-modifier-order","fix":null,"filePath":"Benchmarks/Study_SamplesSet/9af2918a940b4083f048ba28a9ceb391.sol"},{"line":249,"column":72,"severity":"Warning","message":"Rule is set with explicit type [var/s: uint]","ruleId":"explicit-types","filePath":"Benchmarks/Study_SamplesSet/9af2918a940b4083f048ba28a9ceb391.sol"},{"line":249,"column":86,"severity":"Warning","message":"Rule is set with explicit type [var/s: uint]","ruleId":"explicit-types","filePath":"Benchmarks/Study_SamplesSet/9af2918a940b4083f048ba28a9ceb391.sol"},{"line":249,"column":96,"severity":"Warning","message":"Rule is set with explicit type [var/s: uint]","ruleId":"explicit-types","filePath":"Benchmarks/Study_SamplesSet/9af2918a940b4083f048ba28a9ceb391.sol"},{"line":260,"column":72,"severity":"Warning","message":"Visibility modifier must be first in list of modifiers","ruleId":"visibility-modifier-order","fix":null,"filePath":"Benchmarks/Study_SamplesSet/9af2918a940b4083f048ba28a9ceb391.sol"},{"line":260,"column":88,"severity":"Warning","message":"Rule is set with explicit type [var/s: uint]","ruleId":"explicit-types","filePath":"Benchmarks/Study_SamplesSet/9af2918a940b4083f048ba28a9ceb391.sol"},{"line":263,"column":10,"severity":"Warning","message":"Rule is set with explicit type [var/s: uint]","ruleId":"explicit-types","filePath":"Benchmarks/Study_SamplesSet/9af2918a940b4083f048ba28a9ceb391.sol"},{"line":273,"column":5,"severity":"Warning","message":"Provide an error message for require","ruleId":"reason-string","fix":null,"filePath":"Benchmarks/Study_SamplesSet/9af2918a940b4083f048ba28a9ceb391.sol"},{"line":273,"column":5,"severity":"Warning","message":"Use Custom Errors instead of require statements","ruleId":"custom-errors","fix":null,"filePath":"Benchmarks/Study_SamplesSet/9af2918a940b4083f048ba28a9ceb391.sol"},{"line":280,"column":5,"severity":"Warning","message":"Provide an error message for require","ruleId":"reason-string","fix":null,"filePath":"Benchmarks/Study_SamplesSet/9af2918a940b4083f048ba28a9ceb391.sol"},{"line":280,"column":5,"severity":"Warning","message":"Use Custom Errors instead of require statements","ruleId":"custom-errors","fix":null,"filePath":"Benchmarks/Study_SamplesSet/9af2918a940b4083f048ba28a9ceb391.sol"},{"line":288,"column":24,"severity":"Warning","message":"Rule is set with explicit type [var/s: uint]","ruleId":"explicit-types","filePath":"Benchmarks/Study_SamplesSet/9af2918a940b4083f048ba28a9ceb391.sol"},{"line":289,"column":5,"severity":"Warning","message":"Provide an error message for require","ruleId":"reason-string","fix":null,"filePath":"Benchmarks/Study_SamplesSet/9af2918a940b4083f048ba28a9ceb391.sol"},{"line":289,"column":5,"severity":"Warning","message":"Use Custom Errors instead of require statements","ruleId":"custom-errors","fix":null,"filePath":"Benchmarks/Study_SamplesSet/9af2918a940b4083f048ba28a9ceb391.sol"},{"line":290,"column":5,"severity":"Warning","message":"Provide an error message for require","ruleId":"reason-string","fix":null,"filePath":"Benchmarks/Study_SamplesSet/9af2918a940b4083f048ba28a9ceb391.sol"},{"line":290,"column":5,"severity":"Warning","message":"Use Custom Errors instead of require statements","ruleId":"custom-errors","fix":null,"filePath":"Benchmarks/Study_SamplesSet/9af2918a940b4083f048ba28a9ceb391.sol"},{"line":292,"column":5,"severity":"Warning","message":"Provide an error message for require","ruleId":"reason-string","fix":null,"filePath":"Benchmarks/Study_SamplesSet/9af2918a940b4083f048ba28a9ceb391.sol"},{"line":292,"column":5,"severity":"Warning","message":"Use Custom Errors instead of require statements","ruleId":"custom-errors","fix":null,"filePath":"Benchmarks/Study_SamplesSet/9af2918a940b4083f048ba28a9ceb391.sol"},{"line":292,"column":14,"severity":"Error","message":"Avoid to use low level calls.","ruleId":"avoid-low-level-calls","fix":null,"filePath":"Benchmarks/Study_SamplesSet/9af2918a940b4083f048ba28a9ceb391.sol"},{"line":292,"column":14,"severity":"Error","message":"Avoid to use \".call.value()()\"","ruleId":"avoid-call-value","fix":null,"filePath":"Benchmarks/Study_SamplesSet/9af2918a940b4083f048ba28a9ceb391.sol"},{"line":295,"column":5,"severity":"Error","message":"Explicitly mark all external contracts as trusted or untrusted","ruleId":"mark-callable-contracts","filePath":"Benchmarks/Study_SamplesSet/9af2918a940b4083f048ba28a9ceb391.sol"},{"line":303,"column":5,"severity":"Warning","message":"Provide an error message for require","ruleId":"reason-string","fix":null,"filePath":"Benchmarks/Study_SamplesSet/9af2918a940b4083f048ba28a9ceb391.sol"},{"line":303,"column":5,"severity":"Warning","message":"Use Custom Errors instead of require statements","ruleId":"custom-errors","fix":null,"filePath":"Benchmarks/Study_SamplesSet/9af2918a940b4083f048ba28a9ceb391.sol"},{"line":305,"column":7,"severity":"Warning","message":"Provide an error message for require","ruleId":"reason-string","fix":null,"filePath":"Benchmarks/Study_SamplesSet/9af2918a940b4083f048ba28a9ceb391.sol"},{"line":305,"column":7,"severity":"Warning","message":"Use Custom Errors instead of require statements","ruleId":"custom-errors","fix":null,"filePath":"Benchmarks/Study_SamplesSet/9af2918a940b4083f048ba28a9ceb391.sol"},{"line":310,"column":38,"severity":"Error","message":"Explicitly mark all external contracts as trusted or untrusted","ruleId":"mark-callable-contracts","filePath":"Benchmarks/Study_SamplesSet/9af2918a940b4083f048ba28a9ceb391.sol"},{"line":311,"column":5,"severity":"Warning","message":"Rule is set with explicit type [var/s: uint]","ruleId":"explicit-types","filePath":"Benchmarks/Study_SamplesSet/9af2918a940b4083f048ba28a9ceb391.sol"},{"line":312,"column":5,"severity":"Warning","message":"Provide an error message for require","ruleId":"reason-string","fix":null,"filePath":"Benchmarks/Study_SamplesSet/9af2918a940b4083f048ba28a9ceb391.sol"},{"line":312,"column":5,"severity":"Warning","message":"Use Custom Errors instead of require statements","ruleId":"custom-errors","fix":null,"filePath":"Benchmarks/Study_SamplesSet/9af2918a940b4083f048ba28a9ceb391.sol"},{"line":314,"column":7,"severity":"Warning","message":"Provide an error message for require","ruleId":"reason-string","fix":null,"filePath":"Benchmarks/Study_SamplesSet/9af2918a940b4083f048ba28a9ceb391.sol"},{"line":314,"column":7,"severity":"Warning","message":"Use Custom Errors instead of require statements","ruleId":"custom-errors","fix":null,"filePath":"Benchmarks/Study_SamplesSet/9af2918a940b4083f048ba28a9ceb391.sol"},{"line":319,"column":5,"severity":"Error","message":"Explicitly mark all external contracts as trusted or untrusted","ruleId":"mark-callable-contracts","filePath":"Benchmarks/Study_SamplesSet/9af2918a940b4083f048ba28a9ceb391.sol"},{"line":323,"column":41,"severity":"Warning","message":"Rule is set with explicit type [var/s: uint]","ruleId":"explicit-types","filePath":"Benchmarks/Study_SamplesSet/9af2918a940b4083f048ba28a9ceb391.sol"},{"line":323,"column":53,"severity":"Warning","message":"Variable \"data\" is unused","ruleId":"no-unused-vars","fix":null,"filePath":"Benchmarks/Study_SamplesSet/9af2918a940b4083f048ba28a9ceb391.sol"},{"line":324,"column":5,"severity":"Error","message":"Explicitly mark all external contracts as trusted or untrusted","ruleId":"mark-callable-contracts","filePath":"Benchmarks/Study_SamplesSet/9af2918a940b4083f048ba28a9ceb391.sol"},{"conclusion":"123 problem/s (18 error/s, 105 warning/s)"}]
