[{"line":1,"column":1,"severity":"Error","message":"Compiler version ^0.4.5 does not satisfy the ^0.8.0 semver requirement","ruleId":"compiler-version","fix":null,"filePath":"Benchmarks/Study_SamplesSet/9c3ba5becc274f3d310f6dafbd8b5aea.sol"},{"line":3,"column":1,"severity":"Warning","message":"Contract, Structs and Enums should be in CamelCase","ruleId":"contract-name-camelcase","filePath":"Benchmarks/Study_SamplesSet/9c3ba5becc274f3d310f6dafbd8b5aea.sol"},{"line":44,"column":5,"severity":"Error","message":"Explicitly mark visibility of state","ruleId":"state-visibility","fix":null,"filePath":"Benchmarks/Study_SamplesSet/9c3ba5becc274f3d310f6dafbd8b5aea.sol"},{"line":45,"column":5,"severity":"Error","message":"Explicitly mark visibility of state","ruleId":"state-visibility","fix":null,"filePath":"Benchmarks/Study_SamplesSet/9c3ba5becc274f3d310f6dafbd8b5aea.sol"},{"line":45,"column":5,"severity":"Warning","message":"Variable name must be in mixedCase","ruleId":"var-name-mixedcase","fix":null,"filePath":"Benchmarks/Study_SamplesSet/9c3ba5becc274f3d310f6dafbd8b5aea.sol"},{"line":49,"column":5,"severity":"Warning","message":"Variable name must be in mixedCase","ruleId":"var-name-mixedcase","fix":null,"filePath":"Benchmarks/Study_SamplesSet/9c3ba5becc274f3d310f6dafbd8b5aea.sol"},{"line":50,"column":5,"severity":"Warning","message":"Variable name must be in mixedCase","ruleId":"var-name-mixedcase","fix":null,"filePath":"Benchmarks/Study_SamplesSet/9c3ba5becc274f3d310f6dafbd8b5aea.sol"},{"line":52,"column":5,"severity":"Warning","message":"Variable name must be in mixedCase","ruleId":"var-name-mixedcase","fix":null,"filePath":"Benchmarks/Study_SamplesSet/9c3ba5becc274f3d310f6dafbd8b5aea.sol"},{"line":54,"column":5,"severity":"Warning","message":"Variable name must be in mixedCase","ruleId":"var-name-mixedcase","fix":null,"filePath":"Benchmarks/Study_SamplesSet/9c3ba5becc274f3d310f6dafbd8b5aea.sol"},{"line":57,"column":5,"severity":"Error","message":"Explicitly mark visibility in function (Set ignoreConstructors to true if using solidity >=0.7.0)","ruleId":"func-visibility","fix":null,"filePath":"Benchmarks/Study_SamplesSet/9c3ba5becc274f3d310f6dafbd8b5aea.sol"},{"line":72,"column":5,"severity":"Error","message":"Explicitly mark visibility in function","ruleId":"func-visibility","fix":null,"filePath":"Benchmarks/Study_SamplesSet/9c3ba5becc274f3d310f6dafbd8b5aea.sol"},{"line":74,"column":42,"severity":"Error","message":"\"throw\" is deprecated, avoid to use it","ruleId":"avoid-throw","filePath":"Benchmarks/Study_SamplesSet/9c3ba5becc274f3d310f6dafbd8b5aea.sol"},{"line":95,"column":5,"severity":"Error","message":"Explicitly mark visibility in function","ruleId":"func-visibility","fix":null,"filePath":"Benchmarks/Study_SamplesSet/9c3ba5becc274f3d310f6dafbd8b5aea.sol"},{"line":95,"column":23,"severity":"Warning","message":"Variable name must be in mixedCase","ruleId":"var-name-mixedcase","fix":null,"filePath":"Benchmarks/Study_SamplesSet/9c3ba5becc274f3d310f6dafbd8b5aea.sol"},{"line":97,"column":41,"severity":"Error","message":"\"throw\" is deprecated, avoid to use it","ruleId":"avoid-throw","filePath":"Benchmarks/Study_SamplesSet/9c3ba5becc274f3d310f6dafbd8b5aea.sol"},{"line":98,"column":56,"severity":"Error","message":"\"throw\" is deprecated, avoid to use it","ruleId":"avoid-throw","filePath":"Benchmarks/Study_SamplesSet/9c3ba5becc274f3d310f6dafbd8b5aea.sol"},{"line":99,"column":65,"severity":"Error","message":"\"throw\" is deprecated, avoid to use it","ruleId":"avoid-throw","filePath":"Benchmarks/Study_SamplesSet/9c3ba5becc274f3d310f6dafbd8b5aea.sol"},{"line":116,"column":48,"severity":"Error","message":"\"throw\" is deprecated, avoid to use it","ruleId":"avoid-throw","filePath":"Benchmarks/Study_SamplesSet/9c3ba5becc274f3d310f6dafbd8b5aea.sol"},{"line":117,"column":14,"severity":"Error","message":"Avoid multiple calls of \"send\" method in single transaction","ruleId":"multiple-sends","fix":null,"filePath":"Benchmarks/Study_SamplesSet/9c3ba5becc274f3d310f6dafbd8b5aea.sol"},{"line":117,"column":41,"severity":"Error","message":"\"throw\" is deprecated, avoid to use it","ruleId":"avoid-throw","filePath":"Benchmarks/Study_SamplesSet/9c3ba5becc274f3d310f6dafbd8b5aea.sol"},{"line":126,"column":5,"severity":"Warning","message":"Function name must be in mixedCase","ruleId":"func-name-mixedcase","fix":null,"filePath":"Benchmarks/Study_SamplesSet/9c3ba5becc274f3d310f6dafbd8b5aea.sol"},{"line":126,"column":5,"severity":"Error","message":"Explicitly mark visibility in function","ruleId":"func-visibility","fix":null,"filePath":"Benchmarks/Study_SamplesSet/9c3ba5becc274f3d310f6dafbd8b5aea.sol"},{"line":126,"column":34,"severity":"Warning","message":"Variable name must be in mixedCase","ruleId":"var-name-mixedcase","fix":null,"filePath":"Benchmarks/Study_SamplesSet/9c3ba5becc274f3d310f6dafbd8b5aea.sol"},{"line":133,"column":5,"severity":"Warning","message":"Function name must be in mixedCase","ruleId":"func-name-mixedcase","fix":null,"filePath":"Benchmarks/Study_SamplesSet/9c3ba5becc274f3d310f6dafbd8b5aea.sol"},{"line":133,"column":5,"severity":"Error","message":"Explicitly mark visibility in function","ruleId":"func-visibility","fix":null,"filePath":"Benchmarks/Study_SamplesSet/9c3ba5becc274f3d310f6dafbd8b5aea.sol"},{"line":133,"column":31,"severity":"Warning","message":"Variable name must be in mixedCase","ruleId":"var-name-mixedcase","fix":null,"filePath":"Benchmarks/Study_SamplesSet/9c3ba5becc274f3d310f6dafbd8b5aea.sol"},{"line":140,"column":5,"severity":"Warning","message":"Function name must be in mixedCase","ruleId":"func-name-mixedcase","fix":null,"filePath":"Benchmarks/Study_SamplesSet/9c3ba5becc274f3d310f6dafbd8b5aea.sol"},{"line":140,"column":5,"severity":"Error","message":"Explicitly mark visibility in function","ruleId":"func-visibility","fix":null,"filePath":"Benchmarks/Study_SamplesSet/9c3ba5becc274f3d310f6dafbd8b5aea.sol"},{"line":144,"column":5,"severity":"Warning","message":"Function name must be in mixedCase","ruleId":"func-name-mixedcase","fix":null,"filePath":"Benchmarks/Study_SamplesSet/9c3ba5becc274f3d310f6dafbd8b5aea.sol"},{"line":144,"column":5,"severity":"Error","message":"Explicitly mark visibility in function","ruleId":"func-visibility","fix":null,"filePath":"Benchmarks/Study_SamplesSet/9c3ba5becc274f3d310f6dafbd8b5aea.sol"},{"line":148,"column":5,"severity":"Warning","message":"Function name must be in mixedCase","ruleId":"func-name-mixedcase","fix":null,"filePath":"Benchmarks/Study_SamplesSet/9c3ba5becc274f3d310f6dafbd8b5aea.sol"},{"line":148,"column":5,"severity":"Error","message":"Explicitly mark visibility in function","ruleId":"func-visibility","fix":null,"filePath":"Benchmarks/Study_SamplesSet/9c3ba5becc274f3d310f6dafbd8b5aea.sol"},{"line":156,"column":5,"severity":"Warning","message":"Function name must be in mixedCase","ruleId":"func-name-mixedcase","fix":null,"filePath":"Benchmarks/Study_SamplesSet/9c3ba5becc274f3d310f6dafbd8b5aea.sol"},{"line":156,"column":5,"severity":"Error","message":"Explicitly mark visibility in function","ruleId":"func-visibility","fix":null,"filePath":"Benchmarks/Study_SamplesSet/9c3ba5becc274f3d310f6dafbd8b5aea.sol"},{"line":157,"column":84,"severity":"Error","message":"\"throw\" is deprecated, avoid to use it","ruleId":"avoid-throw","filePath":"Benchmarks/Study_SamplesSet/9c3ba5becc274f3d310f6dafbd8b5aea.sol"},{"line":165,"column":5,"severity":"Warning","message":"Function name must be in mixedCase","ruleId":"func-name-mixedcase","fix":null,"filePath":"Benchmarks/Study_SamplesSet/9c3ba5becc274f3d310f6dafbd8b5aea.sol"},{"line":165,"column":5,"severity":"Error","message":"Explicitly mark visibility in function","ruleId":"func-visibility","fix":null,"filePath":"Benchmarks/Study_SamplesSet/9c3ba5becc274f3d310f6dafbd8b5aea.sol"},{"line":174,"column":5,"severity":"Error","message":"Explicitly mark visibility in function","ruleId":"func-visibility","fix":null,"filePath":"Benchmarks/Study_SamplesSet/9c3ba5becc274f3d310f6dafbd8b5aea.sol"},{"conclusion":"38 problem/s (22 error/s, 16 warning/s)"}]
