[{"line":1,"column":1,"severity":"Warning","message":"Found more than One contract per file. 7 contracts found!","ruleId":"one-contract-per-file","fix":null,"filePath":"Benchmarks/Study_SamplesSet/9eb97ca8a665e2fe3e2f85eb28caaf9d.sol"},{"line":1,"column":1,"severity":"Error","message":"Compiler version ^0.4.2 does not satisfy the ^0.8.0 semver requirement","ruleId":"compiler-version","fix":null,"filePath":"Benchmarks/Study_SamplesSet/9eb97ca8a665e2fe3e2f85eb28caaf9d.sol"},{"line":4,"column":20,"severity":"Warning","message":"Rule is set with explicit type [var/s: uint]","ruleId":"explicit-types","filePath":"Benchmarks/Study_SamplesSet/9eb97ca8a665e2fe3e2f85eb28caaf9d.sol"},{"line":4,"column":28,"severity":"Warning","message":"Rule is set with explicit type [var/s: uint]","ruleId":"explicit-types","filePath":"Benchmarks/Study_SamplesSet/9eb97ca8a665e2fe3e2f85eb28caaf9d.sol"},{"line":4,"column":54,"severity":"Warning","message":"Rule is set with explicit type [var/s: uint]","ruleId":"explicit-types","filePath":"Benchmarks/Study_SamplesSet/9eb97ca8a665e2fe3e2f85eb28caaf9d.sol"},{"line":5,"column":5,"severity":"Warning","message":"Rule is set with explicit type [var/s: uint]","ruleId":"explicit-types","filePath":"Benchmarks/Study_SamplesSet/9eb97ca8a665e2fe3e2f85eb28caaf9d.sol"},{"line":10,"column":20,"severity":"Warning","message":"Rule is set with explicit type [var/s: uint]","ruleId":"explicit-types","filePath":"Benchmarks/Study_SamplesSet/9eb97ca8a665e2fe3e2f85eb28caaf9d.sol"},{"line":10,"column":28,"severity":"Warning","message":"Rule is set with explicit type [var/s: uint]","ruleId":"explicit-types","filePath":"Benchmarks/Study_SamplesSet/9eb97ca8a665e2fe3e2f85eb28caaf9d.sol"},{"line":10,"column":54,"severity":"Warning","message":"Rule is set with explicit type [var/s: uint]","ruleId":"explicit-types","filePath":"Benchmarks/Study_SamplesSet/9eb97ca8a665e2fe3e2f85eb28caaf9d.sol"},{"line":15,"column":20,"severity":"Warning","message":"Rule is set with explicit type [var/s: uint]","ruleId":"explicit-types","filePath":"Benchmarks/Study_SamplesSet/9eb97ca8a665e2fe3e2f85eb28caaf9d.sol"},{"line":15,"column":28,"severity":"Warning","message":"Rule is set with explicit type [var/s: uint]","ruleId":"explicit-types","filePath":"Benchmarks/Study_SamplesSet/9eb97ca8a665e2fe3e2f85eb28caaf9d.sol"},{"line":15,"column":54,"severity":"Warning","message":"Rule is set with explicit type [var/s: uint]","ruleId":"explicit-types","filePath":"Benchmarks/Study_SamplesSet/9eb97ca8a665e2fe3e2f85eb28caaf9d.sol"},{"line":16,"column":5,"severity":"Warning","message":"Rule is set with explicit type [var/s: uint]","ruleId":"explicit-types","filePath":"Benchmarks/Study_SamplesSet/9eb97ca8a665e2fe3e2f85eb28caaf9d.sol"},{"line":22,"column":21,"severity":"Error","message":"\"throw\" is deprecated, avoid to use it","ruleId":"avoid-throw","filePath":"Benchmarks/Study_SamplesSet/9eb97ca8a665e2fe3e2f85eb28caaf9d.sol"},{"line":28,"column":3,"severity":"Error","message":"Explicitly mark visibility in function","ruleId":"func-visibility","fix":null,"filePath":"Benchmarks/Study_SamplesSet/9eb97ca8a665e2fe3e2f85eb28caaf9d.sol"},{"line":28,"column":60,"severity":"Warning","message":"Code contains empty blocks","ruleId":"no-empty-blocks","fix":null,"filePath":"Benchmarks/Study_SamplesSet/9eb97ca8a665e2fe3e2f85eb28caaf9d.sol"},{"line":32,"column":3,"severity":"Error","message":"Explicitly mark visibility in function","ruleId":"func-visibility","fix":null,"filePath":"Benchmarks/Study_SamplesSet/9eb97ca8a665e2fe3e2f85eb28caaf9d.sol"},{"line":32,"column":73,"severity":"Warning","message":"Code contains empty blocks","ruleId":"no-empty-blocks","fix":null,"filePath":"Benchmarks/Study_SamplesSet/9eb97ca8a665e2fe3e2f85eb28caaf9d.sol"},{"line":38,"column":3,"severity":"Error","message":"Explicitly mark visibility in function","ruleId":"func-visibility","fix":null,"filePath":"Benchmarks/Study_SamplesSet/9eb97ca8a665e2fe3e2f85eb28caaf9d.sol"},{"line":38,"column":73,"severity":"Warning","message":"Code contains empty blocks","ruleId":"no-empty-blocks","fix":null,"filePath":"Benchmarks/Study_SamplesSet/9eb97ca8a665e2fe3e2f85eb28caaf9d.sol"},{"line":45,"column":3,"severity":"Error","message":"Explicitly mark visibility in function","ruleId":"func-visibility","fix":null,"filePath":"Benchmarks/Study_SamplesSet/9eb97ca8a665e2fe3e2f85eb28caaf9d.sol"},{"line":45,"column":92,"severity":"Warning","message":"Code contains empty blocks","ruleId":"no-empty-blocks","fix":null,"filePath":"Benchmarks/Study_SamplesSet/9eb97ca8a665e2fe3e2f85eb28caaf9d.sol"},{"line":51,"column":3,"severity":"Error","message":"Explicitly mark visibility in function","ruleId":"func-visibility","fix":null,"filePath":"Benchmarks/Study_SamplesSet/9eb97ca8a665e2fe3e2f85eb28caaf9d.sol"},{"line":51,"column":77,"severity":"Warning","message":"Code contains empty blocks","ruleId":"no-empty-blocks","fix":null,"filePath":"Benchmarks/Study_SamplesSet/9eb97ca8a665e2fe3e2f85eb28caaf9d.sol"},{"line":56,"column":3,"severity":"Error","message":"Explicitly mark visibility in function","ruleId":"func-visibility","fix":null,"filePath":"Benchmarks/Study_SamplesSet/9eb97ca8a665e2fe3e2f85eb28caaf9d.sol"},{"line":56,"column":93,"severity":"Warning","message":"Code contains empty blocks","ruleId":"no-empty-blocks","fix":null,"filePath":"Benchmarks/Study_SamplesSet/9eb97ca8a665e2fe3e2f85eb28caaf9d.sol"},{"line":61,"column":3,"severity":"Warning","message":"Rule is set with explicit type [var/s: uint]","ruleId":"explicit-types","filePath":"Benchmarks/Study_SamplesSet/9eb97ca8a665e2fe3e2f85eb28caaf9d.sol"},{"line":67,"column":3,"severity":"Error","message":"Explicitly mark visibility in function","ruleId":"func-visibility","fix":null,"filePath":"Benchmarks/Study_SamplesSet/9eb97ca8a665e2fe3e2f85eb28caaf9d.sol"},{"line":75,"column":7,"severity":"Error","message":"Explicitly mark all external contracts as trusted or untrusted","ruleId":"mark-callable-contracts","filePath":"Benchmarks/Study_SamplesSet/9eb97ca8a665e2fe3e2f85eb28caaf9d.sol"},{"line":80,"column":3,"severity":"Error","message":"Explicitly mark visibility in function","ruleId":"func-visibility","fix":null,"filePath":"Benchmarks/Study_SamplesSet/9eb97ca8a665e2fe3e2f85eb28caaf9d.sol"},{"line":87,"column":7,"severity":"Error","message":"Explicitly mark all external contracts as trusted or untrusted","ruleId":"mark-callable-contracts","filePath":"Benchmarks/Study_SamplesSet/9eb97ca8a665e2fe3e2f85eb28caaf9d.sol"},{"line":92,"column":3,"severity":"Error","message":"Explicitly mark visibility in function","ruleId":"func-visibility","fix":null,"filePath":"Benchmarks/Study_SamplesSet/9eb97ca8a665e2fe3e2f85eb28caaf9d.sol"},{"line":96,"column":3,"severity":"Error","message":"Explicitly mark visibility in function","ruleId":"func-visibility","fix":null,"filePath":"Benchmarks/Study_SamplesSet/9eb97ca8a665e2fe3e2f85eb28caaf9d.sol"},{"line":98,"column":5,"severity":"Error","message":"Explicitly mark all external contracts as trusted or untrusted","ruleId":"mark-callable-contracts","filePath":"Benchmarks/Study_SamplesSet/9eb97ca8a665e2fe3e2f85eb28caaf9d.sol"},{"line":102,"column":3,"severity":"Error","message":"Explicitly mark visibility in function","ruleId":"func-visibility","fix":null,"filePath":"Benchmarks/Study_SamplesSet/9eb97ca8a665e2fe3e2f85eb28caaf9d.sol"},{"line":106,"column":3,"severity":"Error","message":"Explicitly mark visibility of state","ruleId":"state-visibility","fix":null,"filePath":"Benchmarks/Study_SamplesSet/9eb97ca8a665e2fe3e2f85eb28caaf9d.sol"},{"line":108,"column":3,"severity":"Error","message":"Explicitly mark visibility of state","ruleId":"state-visibility","fix":null,"filePath":"Benchmarks/Study_SamplesSet/9eb97ca8a665e2fe3e2f85eb28caaf9d.sol"},{"line":115,"column":3,"severity":"Error","message":"Explicitly mark visibility in function (Set ignoreConstructors to true if using solidity >=0.7.0)","ruleId":"func-visibility","fix":null,"filePath":"Benchmarks/Study_SamplesSet/9eb97ca8a665e2fe3e2f85eb28caaf9d.sol"},{"line":118,"column":3,"severity":"Error","message":"Explicitly mark visibility in function","ruleId":"func-visibility","fix":null,"filePath":"Benchmarks/Study_SamplesSet/9eb97ca8a665e2fe3e2f85eb28caaf9d.sol"},{"line":118,"column":36,"severity":"Warning","message":"Rule is set with explicit type [var/s: uint]","ruleId":"explicit-types","filePath":"Benchmarks/Study_SamplesSet/9eb97ca8a665e2fe3e2f85eb28caaf9d.sol"},{"line":119,"column":31,"severity":"Error","message":"\"throw\" is deprecated, avoid to use it","ruleId":"avoid-throw","filePath":"Benchmarks/Study_SamplesSet/9eb97ca8a665e2fe3e2f85eb28caaf9d.sol"},{"line":123,"column":3,"severity":"Error","message":"Explicitly mark visibility in function","ruleId":"func-visibility","fix":null,"filePath":"Benchmarks/Study_SamplesSet/9eb97ca8a665e2fe3e2f85eb28caaf9d.sol"},{"line":123,"column":37,"severity":"Warning","message":"Rule is set with explicit type [var/s: uint]","ruleId":"explicit-types","filePath":"Benchmarks/Study_SamplesSet/9eb97ca8a665e2fe3e2f85eb28caaf9d.sol"},{"line":124,"column":31,"severity":"Error","message":"\"throw\" is deprecated, avoid to use it","ruleId":"avoid-throw","filePath":"Benchmarks/Study_SamplesSet/9eb97ca8a665e2fe3e2f85eb28caaf9d.sol"},{"line":125,"column":37,"severity":"Error","message":"\"throw\" is deprecated, avoid to use it","ruleId":"avoid-throw","filePath":"Benchmarks/Study_SamplesSet/9eb97ca8a665e2fe3e2f85eb28caaf9d.sol"},{"line":136,"column":3,"severity":"Error","message":"Explicitly mark visibility in function","ruleId":"func-visibility","fix":null,"filePath":"Benchmarks/Study_SamplesSet/9eb97ca8a665e2fe3e2f85eb28caaf9d.sol"},{"line":136,"column":56,"severity":"Warning","message":"Rule is set with explicit type [var/s: uint]","ruleId":"explicit-types","filePath":"Benchmarks/Study_SamplesSet/9eb97ca8a665e2fe3e2f85eb28caaf9d.sol"},{"line":136,"column":62,"severity":"Warning","message":"Code contains empty blocks","ruleId":"no-empty-blocks","fix":null,"filePath":"Benchmarks/Study_SamplesSet/9eb97ca8a665e2fe3e2f85eb28caaf9d.sol"},{"line":140,"column":3,"severity":"Warning","message":"Rule is set with explicit type [var/s: uint]","ruleId":"explicit-types","filePath":"Benchmarks/Study_SamplesSet/9eb97ca8a665e2fe3e2f85eb28caaf9d.sol"},{"line":142,"column":3,"severity":"Error","message":"Explicitly mark visibility in function","ruleId":"func-visibility","fix":null,"filePath":"Benchmarks/Study_SamplesSet/9eb97ca8a665e2fe3e2f85eb28caaf9d.sol"},{"line":142,"column":42,"severity":"Warning","message":"Rule is set with explicit type [var/s: uint]","ruleId":"explicit-types","filePath":"Benchmarks/Study_SamplesSet/9eb97ca8a665e2fe3e2f85eb28caaf9d.sol"},{"line":146,"column":3,"severity":"Error","message":"Explicitly mark visibility in function","ruleId":"func-visibility","fix":null,"filePath":"Benchmarks/Study_SamplesSet/9eb97ca8a665e2fe3e2f85eb28caaf9d.sol"},{"line":146,"column":56,"severity":"Warning","message":"Rule is set with explicit type [var/s: uint]","ruleId":"explicit-types","filePath":"Benchmarks/Study_SamplesSet/9eb97ca8a665e2fe3e2f85eb28caaf9d.sol"},{"line":155,"column":3,"severity":"Warning","message":"Rule is set with explicit type [var/s: uint]","ruleId":"explicit-types","filePath":"Benchmarks/Study_SamplesSet/9eb97ca8a665e2fe3e2f85eb28caaf9d.sol"},{"line":156,"column":3,"severity":"Warning","message":"Rule is set with explicit type [var/s: uint]","ruleId":"explicit-types","filePath":"Benchmarks/Study_SamplesSet/9eb97ca8a665e2fe3e2f85eb28caaf9d.sol"},{"line":157,"column":3,"severity":"Warning","message":"Rule is set with explicit type [var/s: uint]","ruleId":"explicit-types","filePath":"Benchmarks/Study_SamplesSet/9eb97ca8a665e2fe3e2f85eb28caaf9d.sol"},{"line":158,"column":3,"severity":"Warning","message":"Rule is set with explicit type [var/s: uint]","ruleId":"explicit-types","filePath":"Benchmarks/Study_SamplesSet/9eb97ca8a665e2fe3e2f85eb28caaf9d.sol"},{"line":160,"column":3,"severity":"Warning","message":"Rule is set with explicit type [var/s: uint]","ruleId":"explicit-types","filePath":"Benchmarks/Study_SamplesSet/9eb97ca8a665e2fe3e2f85eb28caaf9d.sol"},{"line":162,"column":33,"severity":"Warning","message":"Rule is set with explicit type [var/s: uint]","ruleId":"explicit-types","filePath":"Benchmarks/Study_SamplesSet/9eb97ca8a665e2fe3e2f85eb28caaf9d.sol"},{"line":162,"column":68,"severity":"Warning","message":"Rule is set with explicit type [var/s: uint]","ruleId":"explicit-types","filePath":"Benchmarks/Study_SamplesSet/9eb97ca8a665e2fe3e2f85eb28caaf9d.sol"},{"line":162,"column":85,"severity":"Warning","message":"Rule is set with explicit type [var/s: uint]","ruleId":"explicit-types","filePath":"Benchmarks/Study_SamplesSet/9eb97ca8a665e2fe3e2f85eb28caaf9d.sol"},{"line":162,"column":99,"severity":"Warning","message":"Rule is set with explicit type [var/s: uint]","ruleId":"explicit-types","filePath":"Benchmarks/Study_SamplesSet/9eb97ca8a665e2fe3e2f85eb28caaf9d.sol"},{"line":163,"column":34,"severity":"Warning","message":"Rule is set with explicit type [var/s: uint]","ruleId":"explicit-types","filePath":"Benchmarks/Study_SamplesSet/9eb97ca8a665e2fe3e2f85eb28caaf9d.sol"},{"line":163,"column":69,"severity":"Warning","message":"Rule is set with explicit type [var/s: uint]","ruleId":"explicit-types","filePath":"Benchmarks/Study_SamplesSet/9eb97ca8a665e2fe3e2f85eb28caaf9d.sol"},{"line":163,"column":86,"severity":"Warning","message":"Rule is set with explicit type [var/s: uint]","ruleId":"explicit-types","filePath":"Benchmarks/Study_SamplesSet/9eb97ca8a665e2fe3e2f85eb28caaf9d.sol"},{"line":163,"column":100,"severity":"Warning","message":"Rule is set with explicit type [var/s: uint]","ruleId":"explicit-types","filePath":"Benchmarks/Study_SamplesSet/9eb97ca8a665e2fe3e2f85eb28caaf9d.sol"},{"line":164,"column":33,"severity":"Warning","message":"Rule is set with explicit type [var/s: uint]","ruleId":"explicit-types","filePath":"Benchmarks/Study_SamplesSet/9eb97ca8a665e2fe3e2f85eb28caaf9d.sol"},{"line":164,"column":68,"severity":"Warning","message":"Rule is set with explicit type [var/s: uint]","ruleId":"explicit-types","filePath":"Benchmarks/Study_SamplesSet/9eb97ca8a665e2fe3e2f85eb28caaf9d.sol"},{"line":165,"column":46,"severity":"Warning","message":"Rule is set with explicit type [var/s: uint]","ruleId":"explicit-types","filePath":"Benchmarks/Study_SamplesSet/9eb97ca8a665e2fe3e2f85eb28caaf9d.sol"},{"line":165,"column":59,"severity":"Warning","message":"Rule is set with explicit type [var/s: uint]","ruleId":"explicit-types","filePath":"Benchmarks/Study_SamplesSet/9eb97ca8a665e2fe3e2f85eb28caaf9d.sol"},{"line":166,"column":47,"severity":"Warning","message":"Rule is set with explicit type [var/s: uint]","ruleId":"explicit-types","filePath":"Benchmarks/Study_SamplesSet/9eb97ca8a665e2fe3e2f85eb28caaf9d.sol"},{"line":166,"column":60,"severity":"Warning","message":"Rule is set with explicit type [var/s: uint]","ruleId":"explicit-types","filePath":"Benchmarks/Study_SamplesSet/9eb97ca8a665e2fe3e2f85eb28caaf9d.sol"},{"line":168,"column":3,"severity":"Error","message":"Explicitly mark visibility in function (Set ignoreConstructors to true if using solidity >=0.7.0)","ruleId":"func-visibility","fix":null,"filePath":"Benchmarks/Study_SamplesSet/9eb97ca8a665e2fe3e2f85eb28caaf9d.sol"},{"line":168,"column":88,"severity":"Warning","message":"Rule is set with explicit type [var/s: uint]","ruleId":"explicit-types","filePath":"Benchmarks/Study_SamplesSet/9eb97ca8a665e2fe3e2f85eb28caaf9d.sol"},{"line":168,"column":103,"severity":"Warning","message":"Rule is set with explicit type [var/s: uint]","ruleId":"explicit-types","filePath":"Benchmarks/Study_SamplesSet/9eb97ca8a665e2fe3e2f85eb28caaf9d.sol"},{"line":168,"column":118,"severity":"Warning","message":"Rule is set with explicit type [var/s: uint]","ruleId":"explicit-types","filePath":"Benchmarks/Study_SamplesSet/9eb97ca8a665e2fe3e2f85eb28caaf9d.sol"},{"line":177,"column":3,"severity":"Warning","message":"Fallback should be external and payable to accept native currency","ruleId":"payable-fallback","filePath":"Benchmarks/Study_SamplesSet/9eb97ca8a665e2fe3e2f85eb28caaf9d.sol"},{"line":177,"column":3,"severity":"Error","message":"Explicitly mark visibility in function","ruleId":"func-visibility","fix":null,"filePath":"Benchmarks/Study_SamplesSet/9eb97ca8a665e2fe3e2f85eb28caaf9d.sol"},{"line":178,"column":5,"severity":"Error","message":"\"throw\" is deprecated, avoid to use it","ruleId":"avoid-throw","filePath":"Benchmarks/Study_SamplesSet/9eb97ca8a665e2fe3e2f85eb28caaf9d.sol"},{"line":181,"column":3,"severity":"Error","message":"Explicitly mark visibility in function","ruleId":"func-visibility","fix":null,"filePath":"Benchmarks/Study_SamplesSet/9eb97ca8a665e2fe3e2f85eb28caaf9d.sol"},{"line":182,"column":30,"severity":"Error","message":"\"throw\" is deprecated, avoid to use it","ruleId":"avoid-throw","filePath":"Benchmarks/Study_SamplesSet/9eb97ca8a665e2fe3e2f85eb28caaf9d.sol"},{"line":186,"column":3,"severity":"Error","message":"Explicitly mark visibility in function","ruleId":"func-visibility","fix":null,"filePath":"Benchmarks/Study_SamplesSet/9eb97ca8a665e2fe3e2f85eb28caaf9d.sol"},{"line":187,"column":30,"severity":"Error","message":"\"throw\" is deprecated, avoid to use it","ruleId":"avoid-throw","filePath":"Benchmarks/Study_SamplesSet/9eb97ca8a665e2fe3e2f85eb28caaf9d.sol"},{"line":191,"column":3,"severity":"Error","message":"Explicitly mark visibility in function","ruleId":"func-visibility","fix":null,"filePath":"Benchmarks/Study_SamplesSet/9eb97ca8a665e2fe3e2f85eb28caaf9d.sol"},{"line":192,"column":30,"severity":"Error","message":"\"throw\" is deprecated, avoid to use it","ruleId":"avoid-throw","filePath":"Benchmarks/Study_SamplesSet/9eb97ca8a665e2fe3e2f85eb28caaf9d.sol"},{"line":196,"column":3,"severity":"Error","message":"Explicitly mark visibility in function","ruleId":"func-visibility","fix":null,"filePath":"Benchmarks/Study_SamplesSet/9eb97ca8a665e2fe3e2f85eb28caaf9d.sol"},{"line":196,"column":26,"severity":"Warning","message":"Rule is set with explicit type [var/s: uint]","ruleId":"explicit-types","filePath":"Benchmarks/Study_SamplesSet/9eb97ca8a665e2fe3e2f85eb28caaf9d.sol"},{"line":197,"column":30,"severity":"Error","message":"\"throw\" is deprecated, avoid to use it","ruleId":"avoid-throw","filePath":"Benchmarks/Study_SamplesSet/9eb97ca8a665e2fe3e2f85eb28caaf9d.sol"},{"line":198,"column":29,"severity":"Error","message":"\"throw\" is deprecated, avoid to use it","ruleId":"avoid-throw","filePath":"Benchmarks/Study_SamplesSet/9eb97ca8a665e2fe3e2f85eb28caaf9d.sol"},{"line":202,"column":3,"severity":"Error","message":"Explicitly mark visibility in function","ruleId":"func-visibility","fix":null,"filePath":"Benchmarks/Study_SamplesSet/9eb97ca8a665e2fe3e2f85eb28caaf9d.sol"},{"line":202,"column":26,"severity":"Warning","message":"Rule is set with explicit type [var/s: uint]","ruleId":"explicit-types","filePath":"Benchmarks/Study_SamplesSet/9eb97ca8a665e2fe3e2f85eb28caaf9d.sol"},{"line":203,"column":30,"severity":"Error","message":"\"throw\" is deprecated, avoid to use it","ruleId":"avoid-throw","filePath":"Benchmarks/Study_SamplesSet/9eb97ca8a665e2fe3e2f85eb28caaf9d.sol"},{"line":204,"column":53,"severity":"Error","message":"\"throw\" is deprecated, avoid to use it","ruleId":"avoid-throw","filePath":"Benchmarks/Study_SamplesSet/9eb97ca8a665e2fe3e2f85eb28caaf9d.sol"},{"line":208,"column":3,"severity":"Error","message":"Explicitly mark visibility in function","ruleId":"func-visibility","fix":null,"filePath":"Benchmarks/Study_SamplesSet/9eb97ca8a665e2fe3e2f85eb28caaf9d.sol"},{"line":208,"column":28,"severity":"Warning","message":"Rule is set with explicit type [var/s: uint]","ruleId":"explicit-types","filePath":"Benchmarks/Study_SamplesSet/9eb97ca8a665e2fe3e2f85eb28caaf9d.sol"},{"line":209,"column":30,"severity":"Error","message":"\"throw\" is deprecated, avoid to use it","ruleId":"avoid-throw","filePath":"Benchmarks/Study_SamplesSet/9eb97ca8a665e2fe3e2f85eb28caaf9d.sol"},{"line":210,"column":57,"severity":"Error","message":"\"throw\" is deprecated, avoid to use it","ruleId":"avoid-throw","filePath":"Benchmarks/Study_SamplesSet/9eb97ca8a665e2fe3e2f85eb28caaf9d.sol"},{"line":214,"column":3,"severity":"Error","message":"Explicitly mark visibility in function","ruleId":"func-visibility","fix":null,"filePath":"Benchmarks/Study_SamplesSet/9eb97ca8a665e2fe3e2f85eb28caaf9d.sol"},{"line":216,"column":5,"severity":"Error","message":"Explicitly mark all external contracts as trusted or untrusted","ruleId":"mark-callable-contracts","filePath":"Benchmarks/Study_SamplesSet/9eb97ca8a665e2fe3e2f85eb28caaf9d.sol"},{"line":219,"column":3,"severity":"Error","message":"Explicitly mark visibility in function","ruleId":"func-visibility","fix":null,"filePath":"Benchmarks/Study_SamplesSet/9eb97ca8a665e2fe3e2f85eb28caaf9d.sol"},{"line":219,"column":21,"severity":"Warning","message":"Rule is set with explicit type [var/s: uint]","ruleId":"explicit-types","filePath":"Benchmarks/Study_SamplesSet/9eb97ca8a665e2fe3e2f85eb28caaf9d.sol"},{"line":220,"column":22,"severity":"Error","message":"\"throw\" is deprecated, avoid to use it","ruleId":"avoid-throw","filePath":"Benchmarks/Study_SamplesSet/9eb97ca8a665e2fe3e2f85eb28caaf9d.sol"},{"line":221,"column":41,"severity":"Error","message":"\"throw\" is deprecated, avoid to use it","ruleId":"avoid-throw","filePath":"Benchmarks/Study_SamplesSet/9eb97ca8a665e2fe3e2f85eb28caaf9d.sol"},{"line":223,"column":10,"severity":"Error","message":"Avoid to use low level calls.","ruleId":"avoid-low-level-calls","fix":null,"filePath":"Benchmarks/Study_SamplesSet/9eb97ca8a665e2fe3e2f85eb28caaf9d.sol"},{"line":223,"column":10,"severity":"Error","message":"Avoid to use \".call.value()()\"","ruleId":"avoid-call-value","fix":null,"filePath":"Benchmarks/Study_SamplesSet/9eb97ca8a665e2fe3e2f85eb28caaf9d.sol"},{"line":223,"column":43,"severity":"Error","message":"\"throw\" is deprecated, avoid to use it","ruleId":"avoid-throw","filePath":"Benchmarks/Study_SamplesSet/9eb97ca8a665e2fe3e2f85eb28caaf9d.sol"},{"line":224,"column":5,"severity":"Error","message":"Explicitly mark all external contracts as trusted or untrusted","ruleId":"mark-callable-contracts","filePath":"Benchmarks/Study_SamplesSet/9eb97ca8a665e2fe3e2f85eb28caaf9d.sol"},{"line":227,"column":3,"severity":"Error","message":"Explicitly mark visibility in function","ruleId":"func-visibility","fix":null,"filePath":"Benchmarks/Study_SamplesSet/9eb97ca8a665e2fe3e2f85eb28caaf9d.sol"},{"line":227,"column":40,"severity":"Warning","message":"Rule is set with explicit type [var/s: uint]","ruleId":"explicit-types","filePath":"Benchmarks/Study_SamplesSet/9eb97ca8a665e2fe3e2f85eb28caaf9d.sol"},{"line":229,"column":34,"severity":"Error","message":"\"throw\" is deprecated, avoid to use it","ruleId":"avoid-throw","filePath":"Benchmarks/Study_SamplesSet/9eb97ca8a665e2fe3e2f85eb28caaf9d.sol"},{"line":230,"column":63,"severity":"Error","message":"\"throw\" is deprecated, avoid to use it","ruleId":"avoid-throw","filePath":"Benchmarks/Study_SamplesSet/9eb97ca8a665e2fe3e2f85eb28caaf9d.sol"},{"line":232,"column":5,"severity":"Error","message":"Explicitly mark all external contracts as trusted or untrusted","ruleId":"mark-callable-contracts","filePath":"Benchmarks/Study_SamplesSet/9eb97ca8a665e2fe3e2f85eb28caaf9d.sol"},{"line":235,"column":3,"severity":"Error","message":"Explicitly mark visibility in function","ruleId":"func-visibility","fix":null,"filePath":"Benchmarks/Study_SamplesSet/9eb97ca8a665e2fe3e2f85eb28caaf9d.sol"},{"line":235,"column":41,"severity":"Warning","message":"Rule is set with explicit type [var/s: uint]","ruleId":"explicit-types","filePath":"Benchmarks/Study_SamplesSet/9eb97ca8a665e2fe3e2f85eb28caaf9d.sol"},{"line":236,"column":34,"severity":"Error","message":"\"throw\" is deprecated, avoid to use it","ruleId":"avoid-throw","filePath":"Benchmarks/Study_SamplesSet/9eb97ca8a665e2fe3e2f85eb28caaf9d.sol"},{"line":237,"column":45,"severity":"Error","message":"\"throw\" is deprecated, avoid to use it","ruleId":"avoid-throw","filePath":"Benchmarks/Study_SamplesSet/9eb97ca8a665e2fe3e2f85eb28caaf9d.sol"},{"line":239,"column":53,"severity":"Error","message":"\"throw\" is deprecated, avoid to use it","ruleId":"avoid-throw","filePath":"Benchmarks/Study_SamplesSet/9eb97ca8a665e2fe3e2f85eb28caaf9d.sol"},{"line":240,"column":5,"severity":"Error","message":"Explicitly mark all external contracts as trusted or untrusted","ruleId":"mark-callable-contracts","filePath":"Benchmarks/Study_SamplesSet/9eb97ca8a665e2fe3e2f85eb28caaf9d.sol"},{"line":243,"column":3,"severity":"Error","message":"Explicitly mark visibility in function","ruleId":"func-visibility","fix":null,"filePath":"Benchmarks/Study_SamplesSet/9eb97ca8a665e2fe3e2f85eb28caaf9d.sol"},{"line":243,"column":69,"severity":"Warning","message":"Rule is set with explicit type [var/s: uint]","ruleId":"explicit-types","filePath":"Benchmarks/Study_SamplesSet/9eb97ca8a665e2fe3e2f85eb28caaf9d.sol"},{"line":247,"column":3,"severity":"Error","message":"Explicitly mark visibility in function","ruleId":"func-visibility","fix":null,"filePath":"Benchmarks/Study_SamplesSet/9eb97ca8a665e2fe3e2f85eb28caaf9d.sol"},{"line":247,"column":36,"severity":"Warning","message":"Rule is set with explicit type [var/s: uint]","ruleId":"explicit-types","filePath":"Benchmarks/Study_SamplesSet/9eb97ca8a665e2fe3e2f85eb28caaf9d.sol"},{"line":247,"column":71,"severity":"Warning","message":"Rule is set with explicit type [var/s: uint]","ruleId":"explicit-types","filePath":"Benchmarks/Study_SamplesSet/9eb97ca8a665e2fe3e2f85eb28caaf9d.sol"},{"line":247,"column":88,"severity":"Warning","message":"Rule is set with explicit type [var/s: uint]","ruleId":"explicit-types","filePath":"Benchmarks/Study_SamplesSet/9eb97ca8a665e2fe3e2f85eb28caaf9d.sol"},{"line":247,"column":102,"severity":"Warning","message":"Rule is set with explicit type [var/s: uint]","ruleId":"explicit-types","filePath":"Benchmarks/Study_SamplesSet/9eb97ca8a665e2fe3e2f85eb28caaf9d.sol"},{"line":248,"column":22,"severity":"Error","message":"\"throw\" is deprecated, avoid to use it","ruleId":"avoid-throw","filePath":"Benchmarks/Study_SamplesSet/9eb97ca8a665e2fe3e2f85eb28caaf9d.sol"},{"line":251,"column":5,"severity":"Error","message":"Explicitly mark all external contracts as trusted or untrusted","ruleId":"mark-callable-contracts","filePath":"Benchmarks/Study_SamplesSet/9eb97ca8a665e2fe3e2f85eb28caaf9d.sol"},{"line":254,"column":3,"severity":"Error","message":"Explicitly mark visibility in function","ruleId":"func-visibility","fix":null,"filePath":"Benchmarks/Study_SamplesSet/9eb97ca8a665e2fe3e2f85eb28caaf9d.sol"},{"line":254,"column":36,"severity":"Warning","message":"Rule is set with explicit type [var/s: uint]","ruleId":"explicit-types","filePath":"Benchmarks/Study_SamplesSet/9eb97ca8a665e2fe3e2f85eb28caaf9d.sol"},{"line":254,"column":71,"severity":"Warning","message":"Rule is set with explicit type [var/s: uint]","ruleId":"explicit-types","filePath":"Benchmarks/Study_SamplesSet/9eb97ca8a665e2fe3e2f85eb28caaf9d.sol"},{"line":254,"column":88,"severity":"Warning","message":"Rule is set with explicit type [var/s: uint]","ruleId":"explicit-types","filePath":"Benchmarks/Study_SamplesSet/9eb97ca8a665e2fe3e2f85eb28caaf9d.sol"},{"line":254,"column":102,"severity":"Warning","message":"Rule is set with explicit type [var/s: uint]","ruleId":"explicit-types","filePath":"Benchmarks/Study_SamplesSet/9eb97ca8a665e2fe3e2f85eb28caaf9d.sol"},{"line":254,"column":159,"severity":"Warning","message":"Rule is set with explicit type [var/s: uint]","ruleId":"explicit-types","filePath":"Benchmarks/Study_SamplesSet/9eb97ca8a665e2fe3e2f85eb28caaf9d.sol"},{"line":256,"column":22,"severity":"Error","message":"\"throw\" is deprecated, avoid to use it","ruleId":"avoid-throw","filePath":"Benchmarks/Study_SamplesSet/9eb97ca8a665e2fe3e2f85eb28caaf9d.sol"},{"line":262,"column":8,"severity":"Error","message":"\"throw\" is deprecated, avoid to use it","ruleId":"avoid-throw","filePath":"Benchmarks/Study_SamplesSet/9eb97ca8a665e2fe3e2f85eb28caaf9d.sol"},{"line":265,"column":5,"severity":"Error","message":"Explicitly mark all external contracts as trusted or untrusted","ruleId":"mark-callable-contracts","filePath":"Benchmarks/Study_SamplesSet/9eb97ca8a665e2fe3e2f85eb28caaf9d.sol"},{"line":268,"column":44,"severity":"Warning","message":"Rule is set with explicit type [var/s: uint]","ruleId":"explicit-types","filePath":"Benchmarks/Study_SamplesSet/9eb97ca8a665e2fe3e2f85eb28caaf9d.sol"},{"line":268,"column":79,"severity":"Warning","message":"Rule is set with explicit type [var/s: uint]","ruleId":"explicit-types","filePath":"Benchmarks/Study_SamplesSet/9eb97ca8a665e2fe3e2f85eb28caaf9d.sol"},{"line":268,"column":110,"severity":"Warning","message":"Rule is set with explicit type [var/s: uint]","ruleId":"explicit-types","filePath":"Benchmarks/Study_SamplesSet/9eb97ca8a665e2fe3e2f85eb28caaf9d.sol"},{"line":269,"column":5,"severity":"Warning","message":"Rule is set with explicit type [var/s: uint]","ruleId":"explicit-types","filePath":"Benchmarks/Study_SamplesSet/9eb97ca8a665e2fe3e2f85eb28caaf9d.sol"},{"line":270,"column":5,"severity":"Warning","message":"Rule is set with explicit type [var/s: uint]","ruleId":"explicit-types","filePath":"Benchmarks/Study_SamplesSet/9eb97ca8a665e2fe3e2f85eb28caaf9d.sol"},{"line":271,"column":5,"severity":"Warning","message":"Rule is set with explicit type [var/s: uint]","ruleId":"explicit-types","filePath":"Benchmarks/Study_SamplesSet/9eb97ca8a665e2fe3e2f85eb28caaf9d.sol"},{"line":273,"column":7,"severity":"Warning","message":"Rule is set with explicit type [var/s: uint]","ruleId":"explicit-types","filePath":"Benchmarks/Study_SamplesSet/9eb97ca8a665e2fe3e2f85eb28caaf9d.sol"},{"line":284,"column":3,"severity":"Error","message":"Explicitly mark visibility in function","ruleId":"func-visibility","fix":null,"filePath":"Benchmarks/Study_SamplesSet/9eb97ca8a665e2fe3e2f85eb28caaf9d.sol"},{"line":284,"column":40,"severity":"Warning","message":"Rule is set with explicit type [var/s: uint]","ruleId":"explicit-types","filePath":"Benchmarks/Study_SamplesSet/9eb97ca8a665e2fe3e2f85eb28caaf9d.sol"},{"line":284,"column":75,"severity":"Warning","message":"Rule is set with explicit type [var/s: uint]","ruleId":"explicit-types","filePath":"Benchmarks/Study_SamplesSet/9eb97ca8a665e2fe3e2f85eb28caaf9d.sol"},{"line":284,"column":92,"severity":"Warning","message":"Rule is set with explicit type [var/s: uint]","ruleId":"explicit-types","filePath":"Benchmarks/Study_SamplesSet/9eb97ca8a665e2fe3e2f85eb28caaf9d.sol"},{"line":284,"column":106,"severity":"Warning","message":"Rule is set with explicit type [var/s: uint]","ruleId":"explicit-types","filePath":"Benchmarks/Study_SamplesSet/9eb97ca8a665e2fe3e2f85eb28caaf9d.sol"},{"line":284,"column":163,"severity":"Warning","message":"Rule is set with explicit type [var/s: uint]","ruleId":"explicit-types","filePath":"Benchmarks/Study_SamplesSet/9eb97ca8a665e2fe3e2f85eb28caaf9d.sol"},{"line":292,"column":3,"severity":"Error","message":"Explicitly mark visibility in function","ruleId":"func-visibility","fix":null,"filePath":"Benchmarks/Study_SamplesSet/9eb97ca8a665e2fe3e2f85eb28caaf9d.sol"},{"line":292,"column":46,"severity":"Warning","message":"Rule is set with explicit type [var/s: uint]","ruleId":"explicit-types","filePath":"Benchmarks/Study_SamplesSet/9eb97ca8a665e2fe3e2f85eb28caaf9d.sol"},{"line":292,"column":81,"severity":"Warning","message":"Rule is set with explicit type [var/s: uint]","ruleId":"explicit-types","filePath":"Benchmarks/Study_SamplesSet/9eb97ca8a665e2fe3e2f85eb28caaf9d.sol"},{"line":292,"column":98,"severity":"Warning","message":"Rule is set with explicit type [var/s: uint]","ruleId":"explicit-types","filePath":"Benchmarks/Study_SamplesSet/9eb97ca8a665e2fe3e2f85eb28caaf9d.sol"},{"line":292,"column":112,"severity":"Warning","message":"Rule is set with explicit type [var/s: uint]","ruleId":"explicit-types","filePath":"Benchmarks/Study_SamplesSet/9eb97ca8a665e2fe3e2f85eb28caaf9d.sol"},{"line":292,"column":186,"severity":"Warning","message":"Rule is set with explicit type [var/s: uint]","ruleId":"explicit-types","filePath":"Benchmarks/Study_SamplesSet/9eb97ca8a665e2fe3e2f85eb28caaf9d.sol"},{"line":298,"column":5,"severity":"Warning","message":"Rule is set with explicit type [var/s: uint]","ruleId":"explicit-types","filePath":"Benchmarks/Study_SamplesSet/9eb97ca8a665e2fe3e2f85eb28caaf9d.sol"},{"line":299,"column":5,"severity":"Warning","message":"Rule is set with explicit type [var/s: uint]","ruleId":"explicit-types","filePath":"Benchmarks/Study_SamplesSet/9eb97ca8a665e2fe3e2f85eb28caaf9d.sol"},{"line":304,"column":3,"severity":"Error","message":"Explicitly mark visibility in function","ruleId":"func-visibility","fix":null,"filePath":"Benchmarks/Study_SamplesSet/9eb97ca8a665e2fe3e2f85eb28caaf9d.sol"},{"line":304,"column":43,"severity":"Warning","message":"Rule is set with explicit type [var/s: uint]","ruleId":"explicit-types","filePath":"Benchmarks/Study_SamplesSet/9eb97ca8a665e2fe3e2f85eb28caaf9d.sol"},{"line":304,"column":78,"severity":"Warning","message":"Rule is set with explicit type [var/s: uint]","ruleId":"explicit-types","filePath":"Benchmarks/Study_SamplesSet/9eb97ca8a665e2fe3e2f85eb28caaf9d.sol"},{"line":304,"column":95,"severity":"Warning","message":"Rule is set with explicit type [var/s: uint]","ruleId":"explicit-types","filePath":"Benchmarks/Study_SamplesSet/9eb97ca8a665e2fe3e2f85eb28caaf9d.sol"},{"line":304,"column":109,"severity":"Warning","message":"Rule is set with explicit type [var/s: uint]","ruleId":"explicit-types","filePath":"Benchmarks/Study_SamplesSet/9eb97ca8a665e2fe3e2f85eb28caaf9d.sol"},{"line":304,"column":183,"severity":"Warning","message":"Rule is set with explicit type [var/s: uint]","ruleId":"explicit-types","filePath":"Benchmarks/Study_SamplesSet/9eb97ca8a665e2fe3e2f85eb28caaf9d.sol"},{"line":304,"column":135,"severity":"Warning","message":"Variable \"v\" is unused","ruleId":"no-unused-vars","fix":null,"filePath":"Benchmarks/Study_SamplesSet/9eb97ca8a665e2fe3e2f85eb28caaf9d.sol"},{"line":304,"column":144,"severity":"Warning","message":"Variable \"r\" is unused","ruleId":"no-unused-vars","fix":null,"filePath":"Benchmarks/Study_SamplesSet/9eb97ca8a665e2fe3e2f85eb28caaf9d.sol"},{"line":304,"column":155,"severity":"Warning","message":"Variable \"s\" is unused","ruleId":"no-unused-vars","fix":null,"filePath":"Benchmarks/Study_SamplesSet/9eb97ca8a665e2fe3e2f85eb28caaf9d.sol"},{"line":309,"column":3,"severity":"Error","message":"Explicitly mark visibility in function","ruleId":"func-visibility","fix":null,"filePath":"Benchmarks/Study_SamplesSet/9eb97ca8a665e2fe3e2f85eb28caaf9d.sol"},{"line":309,"column":42,"severity":"Warning","message":"Rule is set with explicit type [var/s: uint]","ruleId":"explicit-types","filePath":"Benchmarks/Study_SamplesSet/9eb97ca8a665e2fe3e2f85eb28caaf9d.sol"},{"line":309,"column":77,"severity":"Warning","message":"Rule is set with explicit type [var/s: uint]","ruleId":"explicit-types","filePath":"Benchmarks/Study_SamplesSet/9eb97ca8a665e2fe3e2f85eb28caaf9d.sol"},{"line":309,"column":94,"severity":"Warning","message":"Rule is set with explicit type [var/s: uint]","ruleId":"explicit-types","filePath":"Benchmarks/Study_SamplesSet/9eb97ca8a665e2fe3e2f85eb28caaf9d.sol"},{"line":309,"column":108,"severity":"Warning","message":"Rule is set with explicit type [var/s: uint]","ruleId":"explicit-types","filePath":"Benchmarks/Study_SamplesSet/9eb97ca8a665e2fe3e2f85eb28caaf9d.sol"},{"line":310,"column":22,"severity":"Error","message":"\"throw\" is deprecated, avoid to use it","ruleId":"avoid-throw","filePath":"Benchmarks/Study_SamplesSet/9eb97ca8a665e2fe3e2f85eb28caaf9d.sol"},{"line":312,"column":77,"severity":"Error","message":"\"throw\" is deprecated, avoid to use it","ruleId":"avoid-throw","filePath":"Benchmarks/Study_SamplesSet/9eb97ca8a665e2fe3e2f85eb28caaf9d.sol"},{"line":314,"column":5,"severity":"Error","message":"Explicitly mark all external contracts as trusted or untrusted","ruleId":"mark-callable-contracts","filePath":"Benchmarks/Study_SamplesSet/9eb97ca8a665e2fe3e2f85eb28caaf9d.sol"},{"conclusion":"174 problem/s (78 error/s, 96 warning/s)"}]
