[{"line":1,"column":1,"severity":"Error","message":"Compiler version 0.6.2 does not satisfy the ^0.8.0 semver requirement","ruleId":"compiler-version","fix":null,"filePath":"Benchmarks/Study_SamplesSet/9f32bbb523e61ee07d3ab9068b17ffaa.sol"},{"line":8,"column":5,"severity":"Error","message":"Explicitly mark visibility of state","ruleId":"state-visibility","fix":null,"filePath":"Benchmarks/Study_SamplesSet/9f32bbb523e61ee07d3ab9068b17ffaa.sol"},{"line":15,"column":9,"severity":"Warning","message":"Provide an error message for require","ruleId":"reason-string","fix":null,"filePath":"Benchmarks/Study_SamplesSet/9f32bbb523e61ee07d3ab9068b17ffaa.sol"},{"line":15,"column":9,"severity":"Warning","message":"Use Custom Errors instead of require statements","ruleId":"custom-errors","fix":null,"filePath":"Benchmarks/Study_SamplesSet/9f32bbb523e61ee07d3ab9068b17ffaa.sol"},{"line":20,"column":9,"severity":"Warning","message":"Provide an error message for require","ruleId":"reason-string","fix":null,"filePath":"Benchmarks/Study_SamplesSet/9f32bbb523e61ee07d3ab9068b17ffaa.sol"},{"line":20,"column":9,"severity":"Warning","message":"Use Custom Errors instead of require statements","ruleId":"custom-errors","fix":null,"filePath":"Benchmarks/Study_SamplesSet/9f32bbb523e61ee07d3ab9068b17ffaa.sol"},{"conclusion":"6 problem/s (2 error/s, 4 warning/s)"}]
