[{"line":1,"column":1,"severity":"Warning","message":"Found more than One contract per file. 5 contracts found!","ruleId":"one-contract-per-file","fix":null,"filePath":"Benchmarks/Study_SamplesSet/a1502b3f208e69d67848e9fb5c5dc1cf.sol"},{"line":1,"column":1,"severity":"Error","message":"Compiler version 0.4.25 does not satisfy the ^0.8.0 semver requirement","ruleId":"compiler-version","fix":null,"filePath":"Benchmarks/Study_SamplesSet/a1502b3f208e69d67848e9fb5c5dc1cf.sol"},{"line":49,"column":49,"severity":"Warning","message":"Visibility modifier must be first in list of modifiers","ruleId":"visibility-modifier-order","fix":null,"filePath":"Benchmarks/Study_SamplesSet/a1502b3f208e69d67848e9fb5c5dc1cf.sol"},{"line":70,"column":5,"severity":"Error","message":"Explicitly mark visibility of state","ruleId":"state-visibility","fix":null,"filePath":"Benchmarks/Study_SamplesSet/a1502b3f208e69d67848e9fb5c5dc1cf.sol"},{"line":72,"column":5,"severity":"Error","message":"Explicitly mark visibility of state","ruleId":"state-visibility","fix":null,"filePath":"Benchmarks/Study_SamplesSet/a1502b3f208e69d67848e9fb5c5dc1cf.sol"},{"line":73,"column":5,"severity":"Error","message":"Explicitly mark visibility of state","ruleId":"state-visibility","fix":null,"filePath":"Benchmarks/Study_SamplesSet/a1502b3f208e69d67848e9fb5c5dc1cf.sol"},{"line":74,"column":5,"severity":"Warning","message":"Variable name must be in mixedCase","ruleId":"var-name-mixedcase","fix":null,"filePath":"Benchmarks/Study_SamplesSet/a1502b3f208e69d67848e9fb5c5dc1cf.sol"},{"line":76,"column":5,"severity":"Warning","message":"Constant name must be in capitalized SNAKE_CASE","ruleId":"const-name-snakecase","fix":null,"filePath":"Benchmarks/Study_SamplesSet/a1502b3f208e69d67848e9fb5c5dc1cf.sol"},{"line":77,"column":5,"severity":"Warning","message":"Constant name must be in capitalized SNAKE_CASE","ruleId":"const-name-snakecase","fix":null,"filePath":"Benchmarks/Study_SamplesSet/a1502b3f208e69d67848e9fb5c5dc1cf.sol"},{"line":78,"column":5,"severity":"Warning","message":"Rule is set with explicit type [var/s: uint]","ruleId":"explicit-types","filePath":"Benchmarks/Study_SamplesSet/a1502b3f208e69d67848e9fb5c5dc1cf.sol"},{"line":78,"column":5,"severity":"Warning","message":"Constant name must be in capitalized SNAKE_CASE","ruleId":"const-name-snakecase","fix":null,"filePath":"Benchmarks/Study_SamplesSet/a1502b3f208e69d67848e9fb5c5dc1cf.sol"},{"line":79,"column":5,"severity":"Warning","message":"Rule is set with explicit type [var/s: uint]","ruleId":"explicit-types","filePath":"Benchmarks/Study_SamplesSet/a1502b3f208e69d67848e9fb5c5dc1cf.sol"},{"line":79,"column":28,"severity":"Error","message":"Avoid making time-based decisions in your business logic","ruleId":"not-rely-on-time","fix":null,"filePath":"Benchmarks/Study_SamplesSet/a1502b3f208e69d67848e9fb5c5dc1cf.sol"},{"line":79,"column":28,"severity":"Error","message":"Avoid making time-based decisions in your business logic","ruleId":"not-rely-on-time","fix":null,"filePath":"Benchmarks/Study_SamplesSet/a1502b3f208e69d67848e9fb5c5dc1cf.sol"},{"line":80,"column":5,"severity":"Warning","message":"Rule is set with explicit type [var/s: uint]","ruleId":"explicit-types","filePath":"Benchmarks/Study_SamplesSet/a1502b3f208e69d67848e9fb5c5dc1cf.sol"},{"line":80,"column":26,"severity":"Error","message":"Avoid making time-based decisions in your business logic","ruleId":"not-rely-on-time","fix":null,"filePath":"Benchmarks/Study_SamplesSet/a1502b3f208e69d67848e9fb5c5dc1cf.sol"},{"line":80,"column":26,"severity":"Error","message":"Avoid making time-based decisions in your business logic","ruleId":"not-rely-on-time","fix":null,"filePath":"Benchmarks/Study_SamplesSet/a1502b3f208e69d67848e9fb5c5dc1cf.sol"},{"line":81,"column":5,"severity":"Warning","message":"Rule is set with explicit type [var/s: uint]","ruleId":"explicit-types","filePath":"Benchmarks/Study_SamplesSet/a1502b3f208e69d67848e9fb5c5dc1cf.sol"},{"line":81,"column":26,"severity":"Error","message":"Avoid making time-based decisions in your business logic","ruleId":"not-rely-on-time","fix":null,"filePath":"Benchmarks/Study_SamplesSet/a1502b3f208e69d67848e9fb5c5dc1cf.sol"},{"line":81,"column":26,"severity":"Error","message":"Avoid making time-based decisions in your business logic","ruleId":"not-rely-on-time","fix":null,"filePath":"Benchmarks/Study_SamplesSet/a1502b3f208e69d67848e9fb5c5dc1cf.sol"},{"line":85,"column":5,"severity":"Warning","message":"Constant name must be in capitalized SNAKE_CASE","ruleId":"const-name-snakecase","fix":null,"filePath":"Benchmarks/Study_SamplesSet/a1502b3f208e69d67848e9fb5c5dc1cf.sol"},{"line":88,"column":5,"severity":"Warning","message":"Rule is set with explicit type [var/s: uint]","ruleId":"explicit-types","filePath":"Benchmarks/Study_SamplesSet/a1502b3f208e69d67848e9fb5c5dc1cf.sol"},{"line":89,"column":5,"severity":"Warning","message":"Rule is set with explicit type [var/s: uint]","ruleId":"explicit-types","filePath":"Benchmarks/Study_SamplesSet/a1502b3f208e69d67848e9fb5c5dc1cf.sol"},{"line":92,"column":5,"severity":"Error","message":"Explicitly mark visibility of state","ruleId":"state-visibility","fix":null,"filePath":"Benchmarks/Study_SamplesSet/a1502b3f208e69d67848e9fb5c5dc1cf.sol"},{"line":102,"column":43,"severity":"Warning","message":"Rule is set with explicit type [var/s: uint]","ruleId":"explicit-types","filePath":"Benchmarks/Study_SamplesSet/a1502b3f208e69d67848e9fb5c5dc1cf.sol"},{"line":102,"column":57,"severity":"Warning","message":"Rule is set with explicit type [var/s: uint]","ruleId":"explicit-types","filePath":"Benchmarks/Study_SamplesSet/a1502b3f208e69d67848e9fb5c5dc1cf.sol"},{"line":104,"column":31,"severity":"Warning","message":"Rule is set with explicit type [var/s: uint]","ruleId":"explicit-types","filePath":"Benchmarks/Study_SamplesSet/a1502b3f208e69d67848e9fb5c5dc1cf.sol"},{"line":113,"column":9,"severity":"Warning","message":"Provide an error message for require","ruleId":"reason-string","fix":null,"filePath":"Benchmarks/Study_SamplesSet/a1502b3f208e69d67848e9fb5c5dc1cf.sol"},{"line":113,"column":9,"severity":"Warning","message":"Use Custom Errors instead of require statements","ruleId":"custom-errors","fix":null,"filePath":"Benchmarks/Study_SamplesSet/a1502b3f208e69d67848e9fb5c5dc1cf.sol"},{"line":118,"column":9,"severity":"Warning","message":"Provide an error message for require","ruleId":"reason-string","fix":null,"filePath":"Benchmarks/Study_SamplesSet/a1502b3f208e69d67848e9fb5c5dc1cf.sol"},{"line":118,"column":9,"severity":"Warning","message":"Use Custom Errors instead of require statements","ruleId":"custom-errors","fix":null,"filePath":"Benchmarks/Study_SamplesSet/a1502b3f208e69d67848e9fb5c5dc1cf.sol"},{"line":128,"column":60,"severity":"Warning","message":"Visibility modifier must be first in list of modifiers","ruleId":"visibility-modifier-order","fix":null,"filePath":"Benchmarks/Study_SamplesSet/a1502b3f208e69d67848e9fb5c5dc1cf.sol"},{"line":134,"column":54,"severity":"Warning","message":"Visibility modifier must be first in list of modifiers","ruleId":"visibility-modifier-order","fix":null,"filePath":"Benchmarks/Study_SamplesSet/a1502b3f208e69d67848e9fb5c5dc1cf.sol"},{"line":140,"column":59,"severity":"Warning","message":"Visibility modifier must be first in list of modifiers","ruleId":"visibility-modifier-order","fix":null,"filePath":"Benchmarks/Study_SamplesSet/a1502b3f208e69d67848e9fb5c5dc1cf.sol"},{"line":149,"column":5,"severity":"Warning","message":"Function name must be in mixedCase","ruleId":"func-name-mixedcase","fix":null,"filePath":"Benchmarks/Study_SamplesSet/a1502b3f208e69d67848e9fb5c5dc1cf.sol"},{"line":149,"column":71,"severity":"Warning","message":"Visibility modifier must be first in list of modifiers","ruleId":"visibility-modifier-order","fix":null,"filePath":"Benchmarks/Study_SamplesSet/a1502b3f208e69d67848e9fb5c5dc1cf.sol"},{"line":149,"column":47,"severity":"Warning","message":"Rule is set with explicit type [var/s: uint]","ruleId":"explicit-types","filePath":"Benchmarks/Study_SamplesSet/a1502b3f208e69d67848e9fb5c5dc1cf.sol"},{"line":151,"column":9,"severity":"Warning","message":"Provide an error message for require","ruleId":"reason-string","fix":null,"filePath":"Benchmarks/Study_SamplesSet/a1502b3f208e69d67848e9fb5c5dc1cf.sol"},{"line":151,"column":9,"severity":"Warning","message":"Use Custom Errors instead of require statements","ruleId":"custom-errors","fix":null,"filePath":"Benchmarks/Study_SamplesSet/a1502b3f208e69d67848e9fb5c5dc1cf.sol"},{"line":152,"column":9,"severity":"Warning","message":"Provide an error message for require","ruleId":"reason-string","fix":null,"filePath":"Benchmarks/Study_SamplesSet/a1502b3f208e69d67848e9fb5c5dc1cf.sol"},{"line":152,"column":9,"severity":"Warning","message":"Use Custom Errors instead of require statements","ruleId":"custom-errors","fix":null,"filePath":"Benchmarks/Study_SamplesSet/a1502b3f208e69d67848e9fb5c5dc1cf.sol"},{"line":165,"column":5,"severity":"Warning","message":"Function name must be in mixedCase","ruleId":"func-name-mixedcase","fix":null,"filePath":"Benchmarks/Study_SamplesSet/a1502b3f208e69d67848e9fb5c5dc1cf.sol"},{"line":165,"column":78,"severity":"Warning","message":"Visibility modifier must be first in list of modifiers","ruleId":"visibility-modifier-order","fix":null,"filePath":"Benchmarks/Study_SamplesSet/a1502b3f208e69d67848e9fb5c5dc1cf.sol"},{"line":165,"column":54,"severity":"Warning","message":"Rule is set with explicit type [var/s: uint]","ruleId":"explicit-types","filePath":"Benchmarks/Study_SamplesSet/a1502b3f208e69d67848e9fb5c5dc1cf.sol"},{"line":166,"column":9,"severity":"Error","message":"Explicitly mark all external contracts as trusted or untrusted","ruleId":"mark-callable-contracts","filePath":"Benchmarks/Study_SamplesSet/a1502b3f208e69d67848e9fb5c5dc1cf.sol"},{"line":169,"column":5,"severity":"Warning","message":"Function name must be in mixedCase","ruleId":"func-name-mixedcase","fix":null,"filePath":"Benchmarks/Study_SamplesSet/a1502b3f208e69d67848e9fb5c5dc1cf.sol"},{"line":169,"column":86,"severity":"Warning","message":"Visibility modifier must be first in list of modifiers","ruleId":"visibility-modifier-order","fix":null,"filePath":"Benchmarks/Study_SamplesSet/a1502b3f208e69d67848e9fb5c5dc1cf.sol"},{"line":169,"column":62,"severity":"Warning","message":"Rule is set with explicit type [var/s: uint]","ruleId":"explicit-types","filePath":"Benchmarks/Study_SamplesSet/a1502b3f208e69d67848e9fb5c5dc1cf.sol"},{"line":170,"column":14,"severity":"Warning","message":"Rule is set with explicit type [var/s: uint]","ruleId":"explicit-types","filePath":"Benchmarks/Study_SamplesSet/a1502b3f208e69d67848e9fb5c5dc1cf.sol"},{"line":170,"column":54,"severity":"Error","message":"Explicitly mark all external contracts as trusted or untrusted","ruleId":"mark-callable-contracts","filePath":"Benchmarks/Study_SamplesSet/a1502b3f208e69d67848e9fb5c5dc1cf.sol"},{"line":173,"column":33,"severity":"Warning","message":"Rule is set with explicit type [var/s: uint]","ruleId":"explicit-types","filePath":"Benchmarks/Study_SamplesSet/a1502b3f208e69d67848e9fb5c5dc1cf.sol"},{"line":182,"column":44,"severity":"Warning","message":"Visibility modifier must be first in list of modifiers","ruleId":"visibility-modifier-order","fix":null,"filePath":"Benchmarks/Study_SamplesSet/a1502b3f208e69d67848e9fb5c5dc1cf.sol"},{"line":193,"column":44,"severity":"Error","message":"Avoid making time-based decisions in your business logic","ruleId":"not-rely-on-time","fix":null,"filePath":"Benchmarks/Study_SamplesSet/a1502b3f208e69d67848e9fb5c5dc1cf.sol"},{"line":193,"column":62,"severity":"Error","message":"Avoid making time-based decisions in your business logic","ruleId":"not-rely-on-time","fix":null,"filePath":"Benchmarks/Study_SamplesSet/a1502b3f208e69d67848e9fb5c5dc1cf.sol"},{"line":193,"column":78,"severity":"Error","message":"Avoid making time-based decisions in your business logic","ruleId":"not-rely-on-time","fix":null,"filePath":"Benchmarks/Study_SamplesSet/a1502b3f208e69d67848e9fb5c5dc1cf.sol"},{"line":201,"column":49,"severity":"Error","message":"Avoid making time-based decisions in your business logic","ruleId":"not-rely-on-time","fix":null,"filePath":"Benchmarks/Study_SamplesSet/a1502b3f208e69d67848e9fb5c5dc1cf.sol"},{"line":201,"column":67,"severity":"Error","message":"Avoid making time-based decisions in your business logic","ruleId":"not-rely-on-time","fix":null,"filePath":"Benchmarks/Study_SamplesSet/a1502b3f208e69d67848e9fb5c5dc1cf.sol"},{"line":201,"column":83,"severity":"Error","message":"Avoid making time-based decisions in your business logic","ruleId":"not-rely-on-time","fix":null,"filePath":"Benchmarks/Study_SamplesSet/a1502b3f208e69d67848e9fb5c5dc1cf.sol"},{"line":217,"column":17,"severity":"Error","message":"Explicitly mark all external contracts as trusted or untrusted","ruleId":"mark-callable-contracts","filePath":"Benchmarks/Study_SamplesSet/a1502b3f208e69d67848e9fb5c5dc1cf.sol"},{"line":220,"column":17,"severity":"Warning","message":"Provide an error message for require","ruleId":"reason-string","fix":null,"filePath":"Benchmarks/Study_SamplesSet/a1502b3f208e69d67848e9fb5c5dc1cf.sol"},{"line":220,"column":17,"severity":"Warning","message":"Use Custom Errors instead of require statements","ruleId":"custom-errors","fix":null,"filePath":"Benchmarks/Study_SamplesSet/a1502b3f208e69d67848e9fb5c5dc1cf.sol"},{"line":223,"column":17,"severity":"Error","message":"Avoid making time-based decisions in your business logic","ruleId":"not-rely-on-time","fix":null,"filePath":"Benchmarks/Study_SamplesSet/a1502b3f208e69d67848e9fb5c5dc1cf.sol"},{"line":223,"column":36,"severity":"Error","message":"Avoid making time-based decisions in your business logic","ruleId":"not-rely-on-time","fix":null,"filePath":"Benchmarks/Study_SamplesSet/a1502b3f208e69d67848e9fb5c5dc1cf.sol"},{"line":223,"column":53,"severity":"Error","message":"Avoid making time-based decisions in your business logic","ruleId":"not-rely-on-time","fix":null,"filePath":"Benchmarks/Study_SamplesSet/a1502b3f208e69d67848e9fb5c5dc1cf.sol"},{"line":233,"column":13,"severity":"Warning","message":"Provide an error message for require","ruleId":"reason-string","fix":null,"filePath":"Benchmarks/Study_SamplesSet/a1502b3f208e69d67848e9fb5c5dc1cf.sol"},{"line":233,"column":13,"severity":"Warning","message":"Use Custom Errors instead of require statements","ruleId":"custom-errors","fix":null,"filePath":"Benchmarks/Study_SamplesSet/a1502b3f208e69d67848e9fb5c5dc1cf.sol"},{"line":244,"column":49,"severity":"Warning","message":"Visibility modifier must be first in list of modifiers","ruleId":"visibility-modifier-order","fix":null,"filePath":"Benchmarks/Study_SamplesSet/a1502b3f208e69d67848e9fb5c5dc1cf.sol"},{"line":248,"column":30,"severity":"Warning","message":"Rule is set with explicit type [var/s: uint]","ruleId":"explicit-types","filePath":"Benchmarks/Study_SamplesSet/a1502b3f208e69d67848e9fb5c5dc1cf.sol"},{"line":253,"column":77,"severity":"Warning","message":"Visibility modifier must be first in list of modifiers","ruleId":"visibility-modifier-order","fix":null,"filePath":"Benchmarks/Study_SamplesSet/a1502b3f208e69d67848e9fb5c5dc1cf.sol"},{"line":255,"column":9,"severity":"Warning","message":"Provide an error message for require","ruleId":"reason-string","fix":null,"filePath":"Benchmarks/Study_SamplesSet/a1502b3f208e69d67848e9fb5c5dc1cf.sol"},{"line":255,"column":9,"severity":"Warning","message":"Use Custom Errors instead of require statements","ruleId":"custom-errors","fix":null,"filePath":"Benchmarks/Study_SamplesSet/a1502b3f208e69d67848e9fb5c5dc1cf.sol"},{"line":256,"column":9,"severity":"Warning","message":"Provide an error message for require","ruleId":"reason-string","fix":null,"filePath":"Benchmarks/Study_SamplesSet/a1502b3f208e69d67848e9fb5c5dc1cf.sol"},{"line":256,"column":9,"severity":"Warning","message":"Use Custom Errors instead of require statements","ruleId":"custom-errors","fix":null,"filePath":"Benchmarks/Study_SamplesSet/a1502b3f208e69d67848e9fb5c5dc1cf.sol"},{"line":264,"column":96,"severity":"Warning","message":"Visibility modifier must be first in list of modifiers","ruleId":"visibility-modifier-order","fix":null,"filePath":"Benchmarks/Study_SamplesSet/a1502b3f208e69d67848e9fb5c5dc1cf.sol"},{"line":266,"column":9,"severity":"Warning","message":"Provide an error message for require","ruleId":"reason-string","fix":null,"filePath":"Benchmarks/Study_SamplesSet/a1502b3f208e69d67848e9fb5c5dc1cf.sol"},{"line":266,"column":9,"severity":"Warning","message":"Use Custom Errors instead of require statements","ruleId":"custom-errors","fix":null,"filePath":"Benchmarks/Study_SamplesSet/a1502b3f208e69d67848e9fb5c5dc1cf.sol"},{"line":267,"column":9,"severity":"Warning","message":"Provide an error message for require","ruleId":"reason-string","fix":null,"filePath":"Benchmarks/Study_SamplesSet/a1502b3f208e69d67848e9fb5c5dc1cf.sol"},{"line":267,"column":9,"severity":"Warning","message":"Use Custom Errors instead of require statements","ruleId":"custom-errors","fix":null,"filePath":"Benchmarks/Study_SamplesSet/a1502b3f208e69d67848e9fb5c5dc1cf.sol"},{"line":268,"column":9,"severity":"Warning","message":"Provide an error message for require","ruleId":"reason-string","fix":null,"filePath":"Benchmarks/Study_SamplesSet/a1502b3f208e69d67848e9fb5c5dc1cf.sol"},{"line":268,"column":9,"severity":"Warning","message":"Use Custom Errors instead of require statements","ruleId":"custom-errors","fix":null,"filePath":"Benchmarks/Study_SamplesSet/a1502b3f208e69d67848e9fb5c5dc1cf.sol"},{"line":284,"column":67,"severity":"Warning","message":"Visibility modifier must be first in list of modifiers","ruleId":"visibility-modifier-order","fix":null,"filePath":"Benchmarks/Study_SamplesSet/a1502b3f208e69d67848e9fb5c5dc1cf.sol"},{"line":288,"column":74,"severity":"Warning","message":"Visibility modifier must be first in list of modifiers","ruleId":"visibility-modifier-order","fix":null,"filePath":"Benchmarks/Study_SamplesSet/a1502b3f208e69d67848e9fb5c5dc1cf.sol"},{"line":288,"column":90,"severity":"Warning","message":"Rule is set with explicit type [var/s: uint]","ruleId":"explicit-types","filePath":"Benchmarks/Study_SamplesSet/a1502b3f208e69d67848e9fb5c5dc1cf.sol"},{"line":290,"column":9,"severity":"Warning","message":"Rule is set with explicit type [var/s: uint]","ruleId":"explicit-types","filePath":"Benchmarks/Study_SamplesSet/a1502b3f208e69d67848e9fb5c5dc1cf.sol"},{"line":294,"column":38,"severity":"Warning","message":"Visibility modifier must be first in list of modifiers","ruleId":"visibility-modifier-order","fix":null,"filePath":"Benchmarks/Study_SamplesSet/a1502b3f208e69d67848e9fb5c5dc1cf.sol"},{"line":300,"column":52,"severity":"Warning","message":"Visibility modifier must be first in list of modifiers","ruleId":"visibility-modifier-order","fix":null,"filePath":"Benchmarks/Study_SamplesSet/a1502b3f208e69d67848e9fb5c5dc1cf.sol"},{"line":305,"column":45,"severity":"Warning","message":"Visibility modifier must be first in list of modifiers","ruleId":"visibility-modifier-order","fix":null,"filePath":"Benchmarks/Study_SamplesSet/a1502b3f208e69d67848e9fb5c5dc1cf.sol"},{"line":306,"column":9,"severity":"Warning","message":"Provide an error message for require","ruleId":"reason-string","fix":null,"filePath":"Benchmarks/Study_SamplesSet/a1502b3f208e69d67848e9fb5c5dc1cf.sol"},{"line":306,"column":9,"severity":"Warning","message":"Use Custom Errors instead of require statements","ruleId":"custom-errors","fix":null,"filePath":"Benchmarks/Study_SamplesSet/a1502b3f208e69d67848e9fb5c5dc1cf.sol"},{"line":314,"column":44,"severity":"Warning","message":"Visibility modifier must be first in list of modifiers","ruleId":"visibility-modifier-order","fix":null,"filePath":"Benchmarks/Study_SamplesSet/a1502b3f208e69d67848e9fb5c5dc1cf.sol"},{"line":321,"column":70,"severity":"Warning","message":"Visibility modifier must be first in list of modifiers","ruleId":"visibility-modifier-order","fix":null,"filePath":"Benchmarks/Study_SamplesSet/a1502b3f208e69d67848e9fb5c5dc1cf.sol"},{"conclusion":"91 problem/s (23 error/s, 68 warning/s)"}]
