[{"line":1,"column":1,"severity":"Warning","message":"Found more than One contract per file. 2 contracts found!","ruleId":"one-contract-per-file","fix":null,"filePath":"Benchmarks/Study_SamplesSet/a165ee7c076de1c22d895f6e6073b589.sol"},{"line":1,"column":1,"severity":"Error","message":"Compiler version ^0.4.2 does not satisfy the ^0.8.0 semver requirement","ruleId":"compiler-version","fix":null,"filePath":"Benchmarks/Study_SamplesSet/a165ee7c076de1c22d895f6e6073b589.sol"},{"line":6,"column":5,"severity":"Error","message":"Explicitly mark visibility in function (Set ignoreConstructors to true if using solidity >=0.7.0)","ruleId":"func-visibility","fix":null,"filePath":"Benchmarks/Study_SamplesSet/a165ee7c076de1c22d895f6e6073b589.sol"},{"line":10,"column":5,"severity":"Error","message":"Explicitly mark visibility in function","ruleId":"func-visibility","fix":null,"filePath":"Benchmarks/Study_SamplesSet/a165ee7c076de1c22d895f6e6073b589.sol"},{"line":16,"column":5,"severity":"Warning","message":"Rule is set with explicit type [var/s: uint]","ruleId":"explicit-types","filePath":"Benchmarks/Study_SamplesSet/a165ee7c076de1c22d895f6e6073b589.sol"},{"line":20,"column":9,"severity":"Warning","message":"Rule is set with explicit type [var/s: uint]","ruleId":"explicit-types","filePath":"Benchmarks/Study_SamplesSet/a165ee7c076de1c22d895f6e6073b589.sol"},{"line":21,"column":9,"severity":"Warning","message":"Rule is set with explicit type [var/s: uint]","ruleId":"explicit-types","filePath":"Benchmarks/Study_SamplesSet/a165ee7c076de1c22d895f6e6073b589.sol"},{"line":26,"column":76,"severity":"Warning","message":"Rule is set with explicit type [var/s: uint]","ruleId":"explicit-types","filePath":"Benchmarks/Study_SamplesSet/a165ee7c076de1c22d895f6e6073b589.sol"},{"line":26,"column":88,"severity":"Warning","message":"Rule is set with explicit type [var/s: uint]","ruleId":"explicit-types","filePath":"Benchmarks/Study_SamplesSet/a165ee7c076de1c22d895f6e6073b589.sol"},{"line":37,"column":5,"severity":"Error","message":"Explicitly mark visibility in function (Set ignoreConstructors to true if using solidity >=0.7.0)","ruleId":"func-visibility","fix":null,"filePath":"Benchmarks/Study_SamplesSet/a165ee7c076de1c22d895f6e6073b589.sol"},{"line":37,"column":26,"severity":"Warning","message":"Rule is set with explicit type [var/s: uint]","ruleId":"explicit-types","filePath":"Benchmarks/Study_SamplesSet/a165ee7c076de1c22d895f6e6073b589.sol"},{"line":48,"column":5,"severity":"Error","message":"Explicitly mark visibility in function","ruleId":"func-visibility","fix":null,"filePath":"Benchmarks/Study_SamplesSet/a165ee7c076de1c22d895f6e6073b589.sol"},{"line":51,"column":16,"severity":"Error","message":"Use \"keccak256\" instead of deprecated \"sha3\"","ruleId":"avoid-sha3","filePath":"Benchmarks/Study_SamplesSet/a165ee7c076de1c22d895f6e6073b589.sol"},{"line":59,"column":5,"severity":"Error","message":"Explicitly mark visibility in function","ruleId":"func-visibility","fix":null,"filePath":"Benchmarks/Study_SamplesSet/a165ee7c076de1c22d895f6e6073b589.sol"},{"line":59,"column":35,"severity":"Warning","message":"Rule is set with explicit type [var/s: uint]","ruleId":"explicit-types","filePath":"Benchmarks/Study_SamplesSet/a165ee7c076de1c22d895f6e6073b589.sol"},{"line":64,"column":13,"severity":"Error","message":"\"throw\" is deprecated, avoid to use it","ruleId":"avoid-throw","filePath":"Benchmarks/Study_SamplesSet/a165ee7c076de1c22d895f6e6073b589.sol"},{"line":66,"column":29,"severity":"Error","message":"Explicitly mark all external contracts as trusted or untrusted","ruleId":"mark-callable-contracts","filePath":"Benchmarks/Study_SamplesSet/a165ee7c076de1c22d895f6e6073b589.sol"},{"line":71,"column":9,"severity":"Error","message":"Explicitly mark all external contracts as trusted or untrusted","ruleId":"mark-callable-contracts","filePath":"Benchmarks/Study_SamplesSet/a165ee7c076de1c22d895f6e6073b589.sol"},{"line":82,"column":5,"severity":"Error","message":"Explicitly mark visibility in function","ruleId":"func-visibility","fix":null,"filePath":"Benchmarks/Study_SamplesSet/a165ee7c076de1c22d895f6e6073b589.sol"},{"line":87,"column":13,"severity":"Error","message":"\"throw\" is deprecated, avoid to use it","ruleId":"avoid-throw","filePath":"Benchmarks/Study_SamplesSet/a165ee7c076de1c22d895f6e6073b589.sol"},{"line":89,"column":9,"severity":"Warning","message":"Rule is set with explicit type [var/s: uint]","ruleId":"explicit-types","filePath":"Benchmarks/Study_SamplesSet/a165ee7c076de1c22d895f6e6073b589.sol"},{"line":91,"column":14,"severity":"Error","message":"Avoid to use low level calls.","ruleId":"avoid-low-level-calls","fix":null,"filePath":"Benchmarks/Study_SamplesSet/a165ee7c076de1c22d895f6e6073b589.sol"},{"line":91,"column":14,"severity":"Error","message":"Avoid to use \".call.value()()\"","ruleId":"avoid-call-value","fix":null,"filePath":"Benchmarks/Study_SamplesSet/a165ee7c076de1c22d895f6e6073b589.sol"},{"line":92,"column":13,"severity":"Error","message":"\"throw\" is deprecated, avoid to use it","ruleId":"avoid-throw","filePath":"Benchmarks/Study_SamplesSet/a165ee7c076de1c22d895f6e6073b589.sol"},{"line":94,"column":9,"severity":"Error","message":"Explicitly mark all external contracts as trusted or untrusted","ruleId":"mark-callable-contracts","filePath":"Benchmarks/Study_SamplesSet/a165ee7c076de1c22d895f6e6073b589.sol"},{"line":103,"column":5,"severity":"Error","message":"Explicitly mark visibility in function","ruleId":"func-visibility","fix":null,"filePath":"Benchmarks/Study_SamplesSet/a165ee7c076de1c22d895f6e6073b589.sol"},{"line":107,"column":13,"severity":"Error","message":"\"throw\" is deprecated, avoid to use it","ruleId":"avoid-throw","filePath":"Benchmarks/Study_SamplesSet/a165ee7c076de1c22d895f6e6073b589.sol"},{"line":109,"column":9,"severity":"Warning","message":"Rule is set with explicit type [var/s: uint]","ruleId":"explicit-types","filePath":"Benchmarks/Study_SamplesSet/a165ee7c076de1c22d895f6e6073b589.sol"},{"line":111,"column":14,"severity":"Error","message":"Avoid to use low level calls.","ruleId":"avoid-low-level-calls","fix":null,"filePath":"Benchmarks/Study_SamplesSet/a165ee7c076de1c22d895f6e6073b589.sol"},{"line":111,"column":14,"severity":"Error","message":"Avoid to use \".call.value()()\"","ruleId":"avoid-call-value","fix":null,"filePath":"Benchmarks/Study_SamplesSet/a165ee7c076de1c22d895f6e6073b589.sol"},{"line":112,"column":13,"severity":"Error","message":"\"throw\" is deprecated, avoid to use it","ruleId":"avoid-throw","filePath":"Benchmarks/Study_SamplesSet/a165ee7c076de1c22d895f6e6073b589.sol"},{"line":114,"column":9,"severity":"Error","message":"Explicitly mark all external contracts as trusted or untrusted","ruleId":"mark-callable-contracts","filePath":"Benchmarks/Study_SamplesSet/a165ee7c076de1c22d895f6e6073b589.sol"},{"conclusion":"32 problem/s (22 error/s, 10 warning/s)"}]
