[{"line":7,"column":1,"severity":"Warning","message":"Found more than One contract per file. 2 contracts found!","ruleId":"one-contract-per-file","fix":null,"filePath":"Benchmarks/Study_SamplesSet/a25eaf6c167062c2d664cebccee1c0c6.sol"},{"line":7,"column":1,"severity":"Error","message":"Compiler version ^0.4.6 does not satisfy the ^0.8.0 semver requirement","ruleId":"compiler-version","fix":null,"filePath":"Benchmarks/Study_SamplesSet/a25eaf6c167062c2d664cebccee1c0c6.sol"},{"line":8,"column":1,"severity":"Warning","message":"Contract, Structs and Enums should be in CamelCase","ruleId":"contract-name-camelcase","filePath":"Benchmarks/Study_SamplesSet/a25eaf6c167062c2d664cebccee1c0c6.sol"},{"line":8,"column":27,"severity":"Error","message":"Explicitly mark visibility in function","ruleId":"func-visibility","fix":null,"filePath":"Benchmarks/Study_SamplesSet/a25eaf6c167062c2d664cebccee1c0c6.sol"},{"line":12,"column":30,"severity":"Error","message":"Use double quotes for string literals","ruleId":"quotes","filePath":"Benchmarks/Study_SamplesSet/a25eaf6c167062c2d664cebccee1c0c6.sol"},{"line":13,"column":26,"severity":"Error","message":"Use double quotes for string literals","ruleId":"quotes","filePath":"Benchmarks/Study_SamplesSet/a25eaf6c167062c2d664cebccee1c0c6.sol"},{"line":14,"column":28,"severity":"Error","message":"Use double quotes for string literals","ruleId":"quotes","filePath":"Benchmarks/Study_SamplesSet/a25eaf6c167062c2d664cebccee1c0c6.sol"},{"line":35,"column":5,"severity":"Error","message":"Explicitly mark visibility in function (Set ignoreConstructors to true if using solidity >=0.7.0)","ruleId":"func-visibility","fix":null,"filePath":"Benchmarks/Study_SamplesSet/a25eaf6c167062c2d664cebccee1c0c6.sol"},{"line":42,"column":5,"severity":"Error","message":"Explicitly mark visibility in function","ruleId":"func-visibility","fix":null,"filePath":"Benchmarks/Study_SamplesSet/a25eaf6c167062c2d664cebccee1c0c6.sol"},{"line":43,"column":13,"severity":"Error","message":"Avoid making time-based decisions in your business logic","ruleId":"not-rely-on-time","fix":null,"filePath":"Benchmarks/Study_SamplesSet/a25eaf6c167062c2d664cebccee1c0c6.sol"},{"line":43,"column":30,"severity":"Error","message":"\"throw\" is deprecated, avoid to use it","ruleId":"avoid-throw","filePath":"Benchmarks/Study_SamplesSet/a25eaf6c167062c2d664cebccee1c0c6.sol"},{"line":44,"column":79,"severity":"Error","message":"\"throw\" is deprecated, avoid to use it","ruleId":"avoid-throw","filePath":"Benchmarks/Study_SamplesSet/a25eaf6c167062c2d664cebccee1c0c6.sol"},{"line":45,"column":55,"severity":"Error","message":"\"throw\" is deprecated, avoid to use it","ruleId":"avoid-throw","filePath":"Benchmarks/Study_SamplesSet/a25eaf6c167062c2d664cebccee1c0c6.sol"},{"line":48,"column":9,"severity":"Error","message":"Explicitly mark all external contracts as trusted or untrusted","ruleId":"mark-callable-contracts","filePath":"Benchmarks/Study_SamplesSet/a25eaf6c167062c2d664cebccee1c0c6.sol"},{"line":53,"column":5,"severity":"Error","message":"Explicitly mark visibility in function","ruleId":"func-visibility","fix":null,"filePath":"Benchmarks/Study_SamplesSet/a25eaf6c167062c2d664cebccee1c0c6.sol"},{"line":55,"column":9,"severity":"Error","message":"Explicitly mark all external contracts as trusted or untrusted","ruleId":"mark-callable-contracts","filePath":"Benchmarks/Study_SamplesSet/a25eaf6c167062c2d664cebccee1c0c6.sol"},{"line":60,"column":5,"severity":"Error","message":"Explicitly mark visibility in function","ruleId":"func-visibility","fix":null,"filePath":"Benchmarks/Study_SamplesSet/a25eaf6c167062c2d664cebccee1c0c6.sol"},{"line":69,"column":5,"severity":"Error","message":"Explicitly mark visibility in function","ruleId":"func-visibility","fix":null,"filePath":"Benchmarks/Study_SamplesSet/a25eaf6c167062c2d664cebccee1c0c6.sol"},{"line":70,"column":13,"severity":"Error","message":"Avoid making time-based decisions in your business logic","ruleId":"not-rely-on-time","fix":null,"filePath":"Benchmarks/Study_SamplesSet/a25eaf6c167062c2d664cebccee1c0c6.sol"},{"line":70,"column":30,"severity":"Error","message":"\"throw\" is deprecated, avoid to use it","ruleId":"avoid-throw","filePath":"Benchmarks/Study_SamplesSet/a25eaf6c167062c2d664cebccee1c0c6.sol"},{"line":71,"column":69,"severity":"Error","message":"\"throw\" is deprecated, avoid to use it","ruleId":"avoid-throw","filePath":"Benchmarks/Study_SamplesSet/a25eaf6c167062c2d664cebccee1c0c6.sol"},{"line":72,"column":55,"severity":"Error","message":"\"throw\" is deprecated, avoid to use it","ruleId":"avoid-throw","filePath":"Benchmarks/Study_SamplesSet/a25eaf6c167062c2d664cebccee1c0c6.sol"},{"line":73,"column":52,"severity":"Error","message":"\"throw\" is deprecated, avoid to use it","ruleId":"avoid-throw","filePath":"Benchmarks/Study_SamplesSet/a25eaf6c167062c2d664cebccee1c0c6.sol"},{"line":77,"column":9,"severity":"Error","message":"Explicitly mark all external contracts as trusted or untrusted","ruleId":"mark-callable-contracts","filePath":"Benchmarks/Study_SamplesSet/a25eaf6c167062c2d664cebccee1c0c6.sol"},{"line":82,"column":5,"severity":"Error","message":"Explicitly mark visibility in function","ruleId":"func-visibility","fix":null,"filePath":"Benchmarks/Study_SamplesSet/a25eaf6c167062c2d664cebccee1c0c6.sol"},{"line":83,"column":40,"severity":"Error","message":"Avoid to use tx.origin","ruleId":"avoid-tx-origin","fix":null,"filePath":"Benchmarks/Study_SamplesSet/a25eaf6c167062c2d664cebccee1c0c6.sol"},{"line":85,"column":13,"severity":"Error","message":"Explicitly mark all external contracts as trusted or untrusted","ruleId":"mark-callable-contracts","filePath":"Benchmarks/Study_SamplesSet/a25eaf6c167062c2d664cebccee1c0c6.sol"},{"line":91,"column":5,"severity":"Error","message":"Explicitly mark visibility in function","ruleId":"func-visibility","fix":null,"filePath":"Benchmarks/Study_SamplesSet/a25eaf6c167062c2d664cebccee1c0c6.sol"},{"line":92,"column":13,"severity":"Error","message":"Avoid making time-based decisions in your business logic","ruleId":"not-rely-on-time","fix":null,"filePath":"Benchmarks/Study_SamplesSet/a25eaf6c167062c2d664cebccee1c0c6.sol"},{"line":93,"column":32,"severity":"Error","message":"Avoid making time-based decisions in your business logic","ruleId":"not-rely-on-time","fix":null,"filePath":"Benchmarks/Study_SamplesSet/a25eaf6c167062c2d664cebccee1c0c6.sol"},{"conclusion":"30 problem/s (28 error/s, 2 warning/s)"}]
