[{"line":10,"column":1,"severity":"Error","message":"Compiler version ^0.4.7 does not satisfy the ^0.8.0 semver requirement","ruleId":"compiler-version","fix":null,"filePath":"Benchmarks/Study_SamplesSet/a508afc376b4adfa89f1c12f23f471f6.sol"},{"line":11,"column":1,"severity":"Warning","message":"Contract has 22 states declarations but allowed no more than 15","ruleId":"max-states-count","fix":null,"filePath":"Benchmarks/Study_SamplesSet/a508afc376b4adfa89f1c12f23f471f6.sol"},{"line":13,"column":1,"severity":"Warning","message":"Rule is set with explicit type [var/s: uint]","ruleId":"explicit-types","filePath":"Benchmarks/Study_SamplesSet/a508afc376b4adfa89f1c12f23f471f6.sol"},{"line":15,"column":1,"severity":"Error","message":"Explicitly mark visibility of state","ruleId":"state-visibility","fix":null,"filePath":"Benchmarks/Study_SamplesSet/a508afc376b4adfa89f1c12f23f471f6.sol"},{"line":29,"column":1,"severity":"Warning","message":"Rule is set with explicit type [var/s: uint]","ruleId":"explicit-types","filePath":"Benchmarks/Study_SamplesSet/a508afc376b4adfa89f1c12f23f471f6.sol"},{"line":35,"column":1,"severity":"Warning","message":"Rule is set with explicit type [var/s: uint]","ruleId":"explicit-types","filePath":"Benchmarks/Study_SamplesSet/a508afc376b4adfa89f1c12f23f471f6.sol"},{"line":39,"column":1,"severity":"Warning","message":"Rule is set with explicit type [var/s: uint]","ruleId":"explicit-types","filePath":"Benchmarks/Study_SamplesSet/a508afc376b4adfa89f1c12f23f471f6.sol"},{"line":41,"column":1,"severity":"Warning","message":"Rule is set with explicit type [var/s: uint]","ruleId":"explicit-types","filePath":"Benchmarks/Study_SamplesSet/a508afc376b4adfa89f1c12f23f471f6.sol"},{"line":56,"column":21,"severity":"Warning","message":"Rule is set with explicit type [var/s: uint]","ruleId":"explicit-types","filePath":"Benchmarks/Study_SamplesSet/a508afc376b4adfa89f1c12f23f471f6.sol"},{"line":59,"column":1,"severity":"Error","message":"Explicitly mark visibility in function (Set ignoreConstructors to true if using solidity >=0.7.0)","ruleId":"func-visibility","fix":null,"filePath":"Benchmarks/Study_SamplesSet/a508afc376b4adfa89f1c12f23f471f6.sol"},{"line":75,"column":5,"severity":"Warning","message":"Rule is set with explicit type [var/s: uint]","ruleId":"explicit-types","filePath":"Benchmarks/Study_SamplesSet/a508afc376b4adfa89f1c12f23f471f6.sol"},{"line":79,"column":1,"severity":"Error","message":"\"throw\" is deprecated, avoid to use it","ruleId":"avoid-throw","filePath":"Benchmarks/Study_SamplesSet/a508afc376b4adfa89f1c12f23f471f6.sol"},{"line":81,"column":1,"severity":"Error","message":"\"throw\" is deprecated, avoid to use it","ruleId":"avoid-throw","filePath":"Benchmarks/Study_SamplesSet/a508afc376b4adfa89f1c12f23f471f6.sol"},{"line":87,"column":1,"severity":"Error","message":"Explicitly mark visibility in function","ruleId":"func-visibility","fix":null,"filePath":"Benchmarks/Study_SamplesSet/a508afc376b4adfa89f1c12f23f471f6.sol"},{"line":89,"column":1,"severity":"Error","message":"\"throw\" is deprecated, avoid to use it","ruleId":"avoid-throw","filePath":"Benchmarks/Study_SamplesSet/a508afc376b4adfa89f1c12f23f471f6.sol"},{"line":90,"column":10,"severity":"Error","message":"Avoid making time-based decisions in your business logic","ruleId":"not-rely-on-time","fix":null,"filePath":"Benchmarks/Study_SamplesSet/a508afc376b4adfa89f1c12f23f471f6.sol"},{"line":91,"column":1,"severity":"Error","message":"\"throw\" is deprecated, avoid to use it","ruleId":"avoid-throw","filePath":"Benchmarks/Study_SamplesSet/a508afc376b4adfa89f1c12f23f471f6.sol"},{"line":93,"column":1,"severity":"Error","message":"\"throw\" is deprecated, avoid to use it","ruleId":"avoid-throw","filePath":"Benchmarks/Study_SamplesSet/a508afc376b4adfa89f1c12f23f471f6.sol"},{"line":94,"column":22,"severity":"Error","message":"Avoid to use tx.origin","ruleId":"avoid-tx-origin","fix":null,"filePath":"Benchmarks/Study_SamplesSet/a508afc376b4adfa89f1c12f23f471f6.sol"},{"line":95,"column":1,"severity":"Error","message":"\"throw\" is deprecated, avoid to use it","ruleId":"avoid-throw","filePath":"Benchmarks/Study_SamplesSet/a508afc376b4adfa89f1c12f23f471f6.sol"},{"line":107,"column":1,"severity":"Error","message":"Explicitly mark visibility in function","ruleId":"func-visibility","fix":null,"filePath":"Benchmarks/Study_SamplesSet/a508afc376b4adfa89f1c12f23f471f6.sol"},{"line":109,"column":1,"severity":"Error","message":"\"throw\" is deprecated, avoid to use it","ruleId":"avoid-throw","filePath":"Benchmarks/Study_SamplesSet/a508afc376b4adfa89f1c12f23f471f6.sol"},{"line":110,"column":9,"severity":"Error","message":"Avoid making time-based decisions in your business logic","ruleId":"not-rely-on-time","fix":null,"filePath":"Benchmarks/Study_SamplesSet/a508afc376b4adfa89f1c12f23f471f6.sol"},{"line":110,"column":40,"severity":"Error","message":"Avoid making time-based decisions in your business logic","ruleId":"not-rely-on-time","fix":null,"filePath":"Benchmarks/Study_SamplesSet/a508afc376b4adfa89f1c12f23f471f6.sol"},{"line":111,"column":1,"severity":"Error","message":"\"throw\" is deprecated, avoid to use it","ruleId":"avoid-throw","filePath":"Benchmarks/Study_SamplesSet/a508afc376b4adfa89f1c12f23f471f6.sol"},{"line":113,"column":1,"severity":"Error","message":"\"throw\" is deprecated, avoid to use it","ruleId":"avoid-throw","filePath":"Benchmarks/Study_SamplesSet/a508afc376b4adfa89f1c12f23f471f6.sol"},{"line":114,"column":22,"severity":"Error","message":"Avoid to use tx.origin","ruleId":"avoid-tx-origin","fix":null,"filePath":"Benchmarks/Study_SamplesSet/a508afc376b4adfa89f1c12f23f471f6.sol"},{"line":115,"column":1,"severity":"Error","message":"\"throw\" is deprecated, avoid to use it","ruleId":"avoid-throw","filePath":"Benchmarks/Study_SamplesSet/a508afc376b4adfa89f1c12f23f471f6.sol"},{"line":117,"column":1,"severity":"Error","message":"\"throw\" is deprecated, avoid to use it","ruleId":"avoid-throw","filePath":"Benchmarks/Study_SamplesSet/a508afc376b4adfa89f1c12f23f471f6.sol"},{"line":138,"column":50,"severity":"Warning","message":"Rule is set with explicit type [var/s: uint]","ruleId":"explicit-types","filePath":"Benchmarks/Study_SamplesSet/a508afc376b4adfa89f1c12f23f471f6.sol"},{"line":138,"column":85,"severity":"Warning","message":"Rule is set with explicit type [var/s: uint]","ruleId":"explicit-types","filePath":"Benchmarks/Study_SamplesSet/a508afc376b4adfa89f1c12f23f471f6.sol"},{"line":139,"column":5,"severity":"Warning","message":"Rule is set with explicit type [var/s: uint]","ruleId":"explicit-types","filePath":"Benchmarks/Study_SamplesSet/a508afc376b4adfa89f1c12f23f471f6.sol"},{"line":148,"column":1,"severity":"Error","message":"Explicitly mark visibility in function","ruleId":"func-visibility","fix":null,"filePath":"Benchmarks/Study_SamplesSet/a508afc376b4adfa89f1c12f23f471f6.sol"},{"line":156,"column":1,"severity":"Error","message":"Explicitly mark visibility in function","ruleId":"func-visibility","fix":null,"filePath":"Benchmarks/Study_SamplesSet/a508afc376b4adfa89f1c12f23f471f6.sol"},{"line":164,"column":1,"severity":"Error","message":"Explicitly mark visibility in function","ruleId":"func-visibility","fix":null,"filePath":"Benchmarks/Study_SamplesSet/a508afc376b4adfa89f1c12f23f471f6.sol"},{"line":166,"column":4,"severity":"Error","message":"Avoid making time-based decisions in your business logic","ruleId":"not-rely-on-time","fix":null,"filePath":"Benchmarks/Study_SamplesSet/a508afc376b4adfa89f1c12f23f471f6.sol"},{"line":169,"column":1,"severity":"Error","message":"Explicitly mark all external contracts as trusted or untrusted","ruleId":"mark-callable-contracts","filePath":"Benchmarks/Study_SamplesSet/a508afc376b4adfa89f1c12f23f471f6.sol"},{"line":176,"column":1,"severity":"Error","message":"Explicitly mark visibility in function","ruleId":"func-visibility","fix":null,"filePath":"Benchmarks/Study_SamplesSet/a508afc376b4adfa89f1c12f23f471f6.sol"},{"line":180,"column":1,"severity":"Warning","message":"Rule is set with explicit type [var/s: uint]","ruleId":"explicit-types","filePath":"Benchmarks/Study_SamplesSet/a508afc376b4adfa89f1c12f23f471f6.sol"},{"line":181,"column":1,"severity":"Warning","message":"Rule is set with explicit type [var/s: uint]","ruleId":"explicit-types","filePath":"Benchmarks/Study_SamplesSet/a508afc376b4adfa89f1c12f23f471f6.sol"},{"line":183,"column":1,"severity":"Warning","message":"Rule is set with explicit type [var/s: uint]","ruleId":"explicit-types","filePath":"Benchmarks/Study_SamplesSet/a508afc376b4adfa89f1c12f23f471f6.sol"},{"line":184,"column":5,"severity":"Warning","message":"Rule is set with explicit type [var/s: uint]","ruleId":"explicit-types","filePath":"Benchmarks/Study_SamplesSet/a508afc376b4adfa89f1c12f23f471f6.sol"},{"line":199,"column":26,"severity":"Warning","message":"Rule is set with explicit type [var/s: uint]","ruleId":"explicit-types","filePath":"Benchmarks/Study_SamplesSet/a508afc376b4adfa89f1c12f23f471f6.sol"},{"line":199,"column":38,"severity":"Warning","message":"Rule is set with explicit type [var/s: uint]","ruleId":"explicit-types","filePath":"Benchmarks/Study_SamplesSet/a508afc376b4adfa89f1c12f23f471f6.sol"},{"line":199,"column":76,"severity":"Warning","message":"Rule is set with explicit type [var/s: uint]","ruleId":"explicit-types","filePath":"Benchmarks/Study_SamplesSet/a508afc376b4adfa89f1c12f23f471f6.sol"},{"line":200,"column":13,"severity":"Error","message":"Do not rely on \"block.blockhash\". Miners can influence its value.","ruleId":"not-rely-on-block-hash","fix":null,"filePath":"Benchmarks/Study_SamplesSet/a508afc376b4adfa89f1c12f23f471f6.sol"},{"line":208,"column":42,"severity":"Error","message":"\"throw\" is deprecated, avoid to use it","ruleId":"avoid-throw","filePath":"Benchmarks/Study_SamplesSet/a508afc376b4adfa89f1c12f23f471f6.sol"},{"line":209,"column":1,"severity":"Error","message":"Possible reentrancy vulnerabilities. Avoid state changes after transfer.","ruleId":"reentrancy","fix":null,"filePath":"Benchmarks/Study_SamplesSet/a508afc376b4adfa89f1c12f23f471f6.sol"},{"line":210,"column":22,"severity":"Error","message":"Avoid multiple calls of \"send\" method in single transaction","ruleId":"multiple-sends","fix":null,"filePath":"Benchmarks/Study_SamplesSet/a508afc376b4adfa89f1c12f23f471f6.sol"},{"line":210,"column":63,"severity":"Error","message":"\"throw\" is deprecated, avoid to use it","ruleId":"avoid-throw","filePath":"Benchmarks/Study_SamplesSet/a508afc376b4adfa89f1c12f23f471f6.sol"},{"line":211,"column":24,"severity":"Error","message":"Avoid multiple calls of \"send\" method in single transaction","ruleId":"multiple-sends","fix":null,"filePath":"Benchmarks/Study_SamplesSet/a508afc376b4adfa89f1c12f23f471f6.sol"},{"line":211,"column":69,"severity":"Error","message":"\"throw\" is deprecated, avoid to use it","ruleId":"avoid-throw","filePath":"Benchmarks/Study_SamplesSet/a508afc376b4adfa89f1c12f23f471f6.sol"},{"line":213,"column":27,"severity":"Error","message":"Avoid multiple calls of \"send\" method in single transaction","ruleId":"multiple-sends","fix":null,"filePath":"Benchmarks/Study_SamplesSet/a508afc376b4adfa89f1c12f23f471f6.sol"},{"line":213,"column":78,"severity":"Error","message":"\"throw\" is deprecated, avoid to use it","ruleId":"avoid-throw","filePath":"Benchmarks/Study_SamplesSet/a508afc376b4adfa89f1c12f23f471f6.sol"},{"line":216,"column":1,"severity":"Warning","message":"Rule is set with explicit type [var/s: uint]","ruleId":"explicit-types","filePath":"Benchmarks/Study_SamplesSet/a508afc376b4adfa89f1c12f23f471f6.sol"},{"line":218,"column":5,"severity":"Error","message":"Avoid multiple calls of \"send\" method in single transaction","ruleId":"multiple-sends","fix":null,"filePath":"Benchmarks/Study_SamplesSet/a508afc376b4adfa89f1c12f23f471f6.sol"},{"line":218,"column":34,"severity":"Error","message":"\"throw\" is deprecated, avoid to use it","ruleId":"avoid-throw","filePath":"Benchmarks/Study_SamplesSet/a508afc376b4adfa89f1c12f23f471f6.sol"},{"line":221,"column":10,"severity":"Error","message":"Avoid multiple calls of \"send\" method in single transaction","ruleId":"multiple-sends","fix":null,"filePath":"Benchmarks/Study_SamplesSet/a508afc376b4adfa89f1c12f23f471f6.sol"},{"line":221,"column":36,"severity":"Error","message":"\"throw\" is deprecated, avoid to use it","ruleId":"avoid-throw","filePath":"Benchmarks/Study_SamplesSet/a508afc376b4adfa89f1c12f23f471f6.sol"},{"line":227,"column":1,"severity":"Error","message":"Explicitly mark visibility in function","ruleId":"func-visibility","fix":null,"filePath":"Benchmarks/Study_SamplesSet/a508afc376b4adfa89f1c12f23f471f6.sol"},{"line":227,"column":43,"severity":"Warning","message":"Rule is set with explicit type [var/s: uint]","ruleId":"explicit-types","filePath":"Benchmarks/Study_SamplesSet/a508afc376b4adfa89f1c12f23f471f6.sol"},{"conclusion":"61 problem/s (41 error/s, 20 warning/s)"}]
