[{"line":1,"column":1,"severity":"Error","message":"Compiler version 0.6.2 does not satisfy the ^0.8.0 semver requirement","ruleId":"compiler-version","fix":null,"filePath":"Benchmarks/Study_SamplesSet/a7894705e2095db6620b50527bc43255.sol"},{"line":6,"column":5,"severity":"Warning","message":"Variable name must be in mixedCase","ruleId":"var-name-mixedcase","fix":null,"filePath":"Benchmarks/Study_SamplesSet/a7894705e2095db6620b50527bc43255.sol"},{"line":7,"column":5,"severity":"Warning","message":"Variable name must be in mixedCase","ruleId":"var-name-mixedcase","fix":null,"filePath":"Benchmarks/Study_SamplesSet/a7894705e2095db6620b50527bc43255.sol"},{"line":11,"column":9,"severity":"Error","message":"Explicitly mark all external contracts as trusted or untrusted","ruleId":"mark-callable-contracts","filePath":"Benchmarks/Study_SamplesSet/a7894705e2095db6620b50527bc43255.sol"},{"line":17,"column":9,"severity":"Warning","message":"Provide an error message for require","ruleId":"reason-string","fix":null,"filePath":"Benchmarks/Study_SamplesSet/a7894705e2095db6620b50527bc43255.sol"},{"line":17,"column":9,"severity":"Warning","message":"Use Custom Errors instead of require statements","ruleId":"custom-errors","fix":null,"filePath":"Benchmarks/Study_SamplesSet/a7894705e2095db6620b50527bc43255.sol"},{"line":22,"column":9,"severity":"Error","message":"Explicitly mark all external contracts as trusted or untrusted","ruleId":"mark-callable-contracts","filePath":"Benchmarks/Study_SamplesSet/a7894705e2095db6620b50527bc43255.sol"},{"line":29,"column":52,"severity":"Warning","message":"Visibility modifier must be first in list of modifiers","ruleId":"visibility-modifier-order","fix":null,"filePath":"Benchmarks/Study_SamplesSet/a7894705e2095db6620b50527bc43255.sol"},{"conclusion":"8 problem/s (3 error/s, 5 warning/s)"}]
