[{"line":1,"column":1,"severity":"Warning","message":"Found more than One contract per file. 3 contracts found!","ruleId":"one-contract-per-file","fix":null,"filePath":"Benchmarks/Study_SamplesSet/a79ec22b241e52baa50d4e1ec4c8490c.sol"},{"line":1,"column":1,"severity":"Error","message":"Compiler version ^0.4.24 does not satisfy the ^0.8.0 semver requirement","ruleId":"compiler-version","fix":null,"filePath":"Benchmarks/Study_SamplesSet/a79ec22b241e52baa50d4e1ec4c8490c.sol"},{"line":61,"column":5,"severity":"Warning","message":"Provide an error message for require","ruleId":"reason-string","fix":null,"filePath":"Benchmarks/Study_SamplesSet/a79ec22b241e52baa50d4e1ec4c8490c.sol"},{"line":61,"column":5,"severity":"Warning","message":"Use Custom Errors instead of require statements","ruleId":"custom-errors","fix":null,"filePath":"Benchmarks/Study_SamplesSet/a79ec22b241e52baa50d4e1ec4c8490c.sol"},{"line":72,"column":5,"severity":"Warning","message":"Provide an error message for require","ruleId":"reason-string","fix":null,"filePath":"Benchmarks/Study_SamplesSet/a79ec22b241e52baa50d4e1ec4c8490c.sol"},{"line":72,"column":5,"severity":"Warning","message":"Use Custom Errors instead of require statements","ruleId":"custom-errors","fix":null,"filePath":"Benchmarks/Study_SamplesSet/a79ec22b241e52baa50d4e1ec4c8490c.sol"},{"line":92,"column":3,"severity":"Error","message":"Explicitly mark visibility of state","ruleId":"state-visibility","fix":null,"filePath":"Benchmarks/Study_SamplesSet/a79ec22b241e52baa50d4e1ec4c8490c.sol"},{"line":96,"column":3,"severity":"Warning","message":"Constant name must be in capitalized SNAKE_CASE","ruleId":"const-name-snakecase","fix":null,"filePath":"Benchmarks/Study_SamplesSet/a79ec22b241e52baa50d4e1ec4c8490c.sol"},{"line":115,"column":3,"severity":"Warning","message":"Function name must be in mixedCase","ruleId":"func-name-mixedcase","fix":null,"filePath":"Benchmarks/Study_SamplesSet/a79ec22b241e52baa50d4e1ec4c8490c.sol"},{"line":147,"column":5,"severity":"Error","message":"Explicitly mark all external contracts as trusted or untrusted","ruleId":"mark-callable-contracts","filePath":"Benchmarks/Study_SamplesSet/a79ec22b241e52baa50d4e1ec4c8490c.sol"},{"line":162,"column":5,"severity":"Warning","message":"Provide an error message for require","ruleId":"reason-string","fix":null,"filePath":"Benchmarks/Study_SamplesSet/a79ec22b241e52baa50d4e1ec4c8490c.sol"},{"line":162,"column":5,"severity":"Warning","message":"Use Custom Errors instead of require statements","ruleId":"custom-errors","fix":null,"filePath":"Benchmarks/Study_SamplesSet/a79ec22b241e52baa50d4e1ec4c8490c.sol"},{"line":164,"column":5,"severity":"Error","message":"Explicitly mark all external contracts as trusted or untrusted","ruleId":"mark-callable-contracts","filePath":"Benchmarks/Study_SamplesSet/a79ec22b241e52baa50d4e1ec4c8490c.sol"},{"line":183,"column":5,"severity":"Warning","message":"Provide an error message for require","ruleId":"reason-string","fix":null,"filePath":"Benchmarks/Study_SamplesSet/a79ec22b241e52baa50d4e1ec4c8490c.sol"},{"line":183,"column":5,"severity":"Warning","message":"Use Custom Errors instead of require statements","ruleId":"custom-errors","fix":null,"filePath":"Benchmarks/Study_SamplesSet/a79ec22b241e52baa50d4e1ec4c8490c.sol"},{"line":184,"column":5,"severity":"Error","message":"Explicitly mark all external contracts as trusted or untrusted","ruleId":"mark-callable-contracts","filePath":"Benchmarks/Study_SamplesSet/a79ec22b241e52baa50d4e1ec4c8490c.sol"},{"line":197,"column":3,"severity":"Error","message":"Explicitly mark visibility in function","ruleId":"func-visibility","fix":null,"filePath":"Benchmarks/Study_SamplesSet/a79ec22b241e52baa50d4e1ec4c8490c.sol"},{"line":198,"column":5,"severity":"Warning","message":"Provide an error message for require","ruleId":"reason-string","fix":null,"filePath":"Benchmarks/Study_SamplesSet/a79ec22b241e52baa50d4e1ec4c8490c.sol"},{"line":198,"column":5,"severity":"Warning","message":"Use Custom Errors instead of require statements","ruleId":"custom-errors","fix":null,"filePath":"Benchmarks/Study_SamplesSet/a79ec22b241e52baa50d4e1ec4c8490c.sol"},{"line":199,"column":5,"severity":"Warning","message":"Provide an error message for require","ruleId":"reason-string","fix":null,"filePath":"Benchmarks/Study_SamplesSet/a79ec22b241e52baa50d4e1ec4c8490c.sol"},{"line":199,"column":5,"severity":"Warning","message":"Use Custom Errors instead of require statements","ruleId":"custom-errors","fix":null,"filePath":"Benchmarks/Study_SamplesSet/a79ec22b241e52baa50d4e1ec4c8490c.sol"},{"line":200,"column":5,"severity":"Warning","message":"Provide an error message for require","ruleId":"reason-string","fix":null,"filePath":"Benchmarks/Study_SamplesSet/a79ec22b241e52baa50d4e1ec4c8490c.sol"},{"line":200,"column":5,"severity":"Warning","message":"Use Custom Errors instead of require statements","ruleId":"custom-errors","fix":null,"filePath":"Benchmarks/Study_SamplesSet/a79ec22b241e52baa50d4e1ec4c8490c.sol"},{"line":209,"column":3,"severity":"Warning","message":"Constant name must be in capitalized SNAKE_CASE","ruleId":"const-name-snakecase","fix":null,"filePath":"Benchmarks/Study_SamplesSet/a79ec22b241e52baa50d4e1ec4c8490c.sol"},{"line":210,"column":3,"severity":"Warning","message":"Constant name must be in capitalized SNAKE_CASE","ruleId":"const-name-snakecase","fix":null,"filePath":"Benchmarks/Study_SamplesSet/a79ec22b241e52baa50d4e1ec4c8490c.sol"},{"line":211,"column":3,"severity":"Warning","message":"Constant name must be in capitalized SNAKE_CASE","ruleId":"const-name-snakecase","fix":null,"filePath":"Benchmarks/Study_SamplesSet/a79ec22b241e52baa50d4e1ec4c8490c.sol"},{"line":219,"column":20,"severity":"Error","message":"Explicitly mark all external contracts as trusted or untrusted","ruleId":"mark-callable-contracts","filePath":"Benchmarks/Study_SamplesSet/a79ec22b241e52baa50d4e1ec4c8490c.sol"},{"line":220,"column":29,"severity":"Error","message":"Explicitly mark all external contracts as trusted or untrusted","ruleId":"mark-callable-contracts","filePath":"Benchmarks/Study_SamplesSet/a79ec22b241e52baa50d4e1ec4c8490c.sol"},{"line":227,"column":3,"severity":"Warning","message":"Function name must be in mixedCase","ruleId":"func-name-mixedcase","fix":null,"filePath":"Benchmarks/Study_SamplesSet/a79ec22b241e52baa50d4e1ec4c8490c.sol"},{"line":229,"column":5,"severity":"Warning","message":"Provide an error message for require","ruleId":"reason-string","fix":null,"filePath":"Benchmarks/Study_SamplesSet/a79ec22b241e52baa50d4e1ec4c8490c.sol"},{"line":229,"column":5,"severity":"Warning","message":"Use Custom Errors instead of require statements","ruleId":"custom-errors","fix":null,"filePath":"Benchmarks/Study_SamplesSet/a79ec22b241e52baa50d4e1ec4c8490c.sol"},{"conclusion":"31 problem/s (8 error/s, 23 warning/s)"}]
