[{"line":7,"column":1,"severity":"Error","message":"Compiler version ^0.4.25 does not satisfy the ^0.8.0 semver requirement","ruleId":"compiler-version","fix":null,"filePath":"Benchmarks/Study_SamplesSet/a908ce1a9fd14f49aac2d54a9eea0aca.sol"},{"line":10,"column":5,"severity":"Warning","message":"Rule is set with explicit type [var/s: uint]","ruleId":"explicit-types","filePath":"Benchmarks/Study_SamplesSet/a908ce1a9fd14f49aac2d54a9eea0aca.sol"},{"line":12,"column":34,"severity":"Warning","message":"Code contains empty blocks","ruleId":"no-empty-blocks","fix":null,"filePath":"Benchmarks/Study_SamplesSet/a908ce1a9fd14f49aac2d54a9eea0aca.sol"},{"line":15,"column":5,"severity":"Error","message":"Fallback function must be simple","ruleId":"no-complex-fallback","fix":null,"filePath":"Benchmarks/Study_SamplesSet/a908ce1a9fd14f49aac2d54a9eea0aca.sol"},{"line":16,"column":9,"severity":"Warning","message":"Provide an error message for require","ruleId":"reason-string","fix":null,"filePath":"Benchmarks/Study_SamplesSet/a908ce1a9fd14f49aac2d54a9eea0aca.sol"},{"line":16,"column":9,"severity":"Warning","message":"Use Custom Errors instead of require statements","ruleId":"custom-errors","fix":null,"filePath":"Benchmarks/Study_SamplesSet/a908ce1a9fd14f49aac2d54a9eea0aca.sol"},{"line":18,"column":9,"severity":"Warning","message":"Provide an error message for require","ruleId":"reason-string","fix":null,"filePath":"Benchmarks/Study_SamplesSet/a908ce1a9fd14f49aac2d54a9eea0aca.sol"},{"line":18,"column":9,"severity":"Warning","message":"Use Custom Errors instead of require statements","ruleId":"custom-errors","fix":null,"filePath":"Benchmarks/Study_SamplesSet/a908ce1a9fd14f49aac2d54a9eea0aca.sol"},{"line":18,"column":17,"severity":"Error","message":"Avoid making time-based decisions in your business logic","ruleId":"not-rely-on-time","fix":null,"filePath":"Benchmarks/Study_SamplesSet/a908ce1a9fd14f49aac2d54a9eea0aca.sol"},{"line":20,"column":25,"severity":"Error","message":"Avoid making time-based decisions in your business logic","ruleId":"not-rely-on-time","fix":null,"filePath":"Benchmarks/Study_SamplesSet/a908ce1a9fd14f49aac2d54a9eea0aca.sol"},{"line":21,"column":12,"severity":"Error","message":"Avoid making time-based decisions in your business logic","ruleId":"not-rely-on-time","fix":null,"filePath":"Benchmarks/Study_SamplesSet/a908ce1a9fd14f49aac2d54a9eea0aca.sol"},{"conclusion":"11 problem/s (5 error/s, 6 warning/s)"}]
