[{"line":5,"column":1,"severity":"Warning","message":"Found more than One contract per file. 2 contracts found!","ruleId":"one-contract-per-file","fix":null,"filePath":"Benchmarks/Study_SamplesSet/a972f8fb1fe8d854b46bd92c83f1df55.sol"},{"line":5,"column":1,"severity":"Error","message":"Compiler version ^0.5.8 does not satisfy the ^0.8.0 semver requirement","ruleId":"compiler-version","fix":null,"filePath":"Benchmarks/Study_SamplesSet/a972f8fb1fe8d854b46bd92c83f1df55.sol"},{"line":9,"column":3,"severity":"Warning","message":"Function name must be in mixedCase","ruleId":"func-name-mixedcase","fix":null,"filePath":"Benchmarks/Study_SamplesSet/a972f8fb1fe8d854b46bd92c83f1df55.sol"},{"line":10,"column":1,"severity":"Warning","message":"Rule is set with explicit type [var/s: uint]","ruleId":"explicit-types","filePath":"Benchmarks/Study_SamplesSet/a972f8fb1fe8d854b46bd92c83f1df55.sol"},{"line":10,"column":1,"severity":"Warning","message":"Variable name must be in mixedCase","ruleId":"var-name-mixedcase","fix":null,"filePath":"Benchmarks/Study_SamplesSet/a972f8fb1fe8d854b46bd92c83f1df55.sol"},{"line":11,"column":1,"severity":"Warning","message":"Variable name must be in mixedCase","ruleId":"var-name-mixedcase","fix":null,"filePath":"Benchmarks/Study_SamplesSet/a972f8fb1fe8d854b46bd92c83f1df55.sol"},{"line":15,"column":3,"severity":"Warning","message":"Provide an error message for revert","ruleId":"reason-string","fix":null,"filePath":"Benchmarks/Study_SamplesSet/a972f8fb1fe8d854b46bd92c83f1df55.sol"},{"line":15,"column":3,"severity":"Warning","message":"Use Custom Errors instead of revert statements","ruleId":"custom-errors","fix":null,"filePath":"Benchmarks/Study_SamplesSet/a972f8fb1fe8d854b46bd92c83f1df55.sol"},{"line":18,"column":3,"severity":"Warning","message":"Function name must be in mixedCase","ruleId":"func-name-mixedcase","fix":null,"filePath":"Benchmarks/Study_SamplesSet/a972f8fb1fe8d854b46bd92c83f1df55.sol"},{"line":19,"column":5,"severity":"Error","message":"Check result of \"send\" call","ruleId":"check-send-result","fix":null,"filePath":"Benchmarks/Study_SamplesSet/a972f8fb1fe8d854b46bd92c83f1df55.sol"},{"line":22,"column":3,"severity":"Warning","message":"Function name must be in mixedCase","ruleId":"func-name-mixedcase","fix":null,"filePath":"Benchmarks/Study_SamplesSet/a972f8fb1fe8d854b46bd92c83f1df55.sol"},{"line":23,"column":1,"severity":"Warning","message":"Variable name must be in mixedCase","ruleId":"var-name-mixedcase","fix":null,"filePath":"Benchmarks/Study_SamplesSet/a972f8fb1fe8d854b46bd92c83f1df55.sol"},{"line":25,"column":3,"severity":"Warning","message":"Provide an error message for revert","ruleId":"reason-string","fix":null,"filePath":"Benchmarks/Study_SamplesSet/a972f8fb1fe8d854b46bd92c83f1df55.sol"},{"line":25,"column":3,"severity":"Warning","message":"Use Custom Errors instead of revert statements","ruleId":"custom-errors","fix":null,"filePath":"Benchmarks/Study_SamplesSet/a972f8fb1fe8d854b46bd92c83f1df55.sol"},{"line":29,"column":3,"severity":"Warning","message":"Variable name must be in mixedCase","ruleId":"var-name-mixedcase","fix":null,"filePath":"Benchmarks/Study_SamplesSet/a972f8fb1fe8d854b46bd92c83f1df55.sol"},{"line":30,"column":1,"severity":"Warning","message":"Variable name must be in mixedCase","ruleId":"var-name-mixedcase","fix":null,"filePath":"Benchmarks/Study_SamplesSet/a972f8fb1fe8d854b46bd92c83f1df55.sol"},{"line":31,"column":1,"severity":"Warning","message":"Rule is set with explicit type [var/s: uint]","ruleId":"explicit-types","filePath":"Benchmarks/Study_SamplesSet/a972f8fb1fe8d854b46bd92c83f1df55.sol"},{"line":31,"column":1,"severity":"Warning","message":"Variable name must be in mixedCase","ruleId":"var-name-mixedcase","fix":null,"filePath":"Benchmarks/Study_SamplesSet/a972f8fb1fe8d854b46bd92c83f1df55.sol"},{"line":33,"column":1,"severity":"Warning","message":"Function name must be in mixedCase","ruleId":"func-name-mixedcase","fix":null,"filePath":"Benchmarks/Study_SamplesSet/a972f8fb1fe8d854b46bd92c83f1df55.sol"},{"line":34,"column":9,"severity":"Warning","message":"Provide an error message for require","ruleId":"reason-string","fix":null,"filePath":"Benchmarks/Study_SamplesSet/a972f8fb1fe8d854b46bd92c83f1df55.sol"},{"line":34,"column":9,"severity":"Warning","message":"Use Custom Errors instead of require statements","ruleId":"custom-errors","fix":null,"filePath":"Benchmarks/Study_SamplesSet/a972f8fb1fe8d854b46bd92c83f1df55.sol"},{"line":35,"column":9,"severity":"Error","message":"Check result of \"send\" call","ruleId":"check-send-result","fix":null,"filePath":"Benchmarks/Study_SamplesSet/a972f8fb1fe8d854b46bd92c83f1df55.sol"},{"line":36,"column":9,"severity":"Error","message":"Possible reentrancy vulnerabilities. Avoid state changes after transfer.","ruleId":"reentrancy","fix":null,"filePath":"Benchmarks/Study_SamplesSet/a972f8fb1fe8d854b46bd92c83f1df55.sol"},{"line":39,"column":3,"severity":"Warning","message":"Function name must be in mixedCase","ruleId":"func-name-mixedcase","fix":null,"filePath":"Benchmarks/Study_SamplesSet/a972f8fb1fe8d854b46bd92c83f1df55.sol"},{"line":40,"column":4,"severity":"Warning","message":"Variable name must be in mixedCase","ruleId":"var-name-mixedcase","fix":null,"filePath":"Benchmarks/Study_SamplesSet/a972f8fb1fe8d854b46bd92c83f1df55.sol"},{"line":42,"column":7,"severity":"Warning","message":"Code contains empty blocks","ruleId":"no-empty-blocks","fix":null,"filePath":"Benchmarks/Study_SamplesSet/a972f8fb1fe8d854b46bd92c83f1df55.sol"},{"line":45,"column":7,"severity":"Warning","message":"Code contains empty blocks","ruleId":"no-empty-blocks","fix":null,"filePath":"Benchmarks/Study_SamplesSet/a972f8fb1fe8d854b46bd92c83f1df55.sol"},{"line":49,"column":3,"severity":"Warning","message":"Variable name must be in mixedCase","ruleId":"var-name-mixedcase","fix":null,"filePath":"Benchmarks/Study_SamplesSet/a972f8fb1fe8d854b46bd92c83f1df55.sol"},{"line":51,"column":1,"severity":"Warning","message":"Function name must be in mixedCase","ruleId":"func-name-mixedcase","fix":null,"filePath":"Benchmarks/Study_SamplesSet/a972f8fb1fe8d854b46bd92c83f1df55.sol"},{"line":52,"column":9,"severity":"Warning","message":"Provide an error message for require","ruleId":"reason-string","fix":null,"filePath":"Benchmarks/Study_SamplesSet/a972f8fb1fe8d854b46bd92c83f1df55.sol"},{"line":52,"column":9,"severity":"Warning","message":"Use Custom Errors instead of require statements","ruleId":"custom-errors","fix":null,"filePath":"Benchmarks/Study_SamplesSet/a972f8fb1fe8d854b46bd92c83f1df55.sol"},{"line":53,"column":9,"severity":"Error","message":"Check result of \"send\" call","ruleId":"check-send-result","fix":null,"filePath":"Benchmarks/Study_SamplesSet/a972f8fb1fe8d854b46bd92c83f1df55.sol"},{"line":56,"column":3,"severity":"Warning","message":"Function name must be in mixedCase","ruleId":"func-name-mixedcase","fix":null,"filePath":"Benchmarks/Study_SamplesSet/a972f8fb1fe8d854b46bd92c83f1df55.sol"},{"line":57,"column":8,"severity":"Error","message":"Check result of \"send\" call","ruleId":"check-send-result","fix":null,"filePath":"Benchmarks/Study_SamplesSet/a972f8fb1fe8d854b46bd92c83f1df55.sol"},{"line":68,"column":1,"severity":"Warning","message":"Function name must be in mixedCase","ruleId":"func-name-mixedcase","fix":null,"filePath":"Benchmarks/Study_SamplesSet/a972f8fb1fe8d854b46bd92c83f1df55.sol"},{"line":69,"column":5,"severity":"Error","message":"Avoid to use low level calls.","ruleId":"avoid-low-level-calls","fix":null,"filePath":"Benchmarks/Study_SamplesSet/a972f8fb1fe8d854b46bd92c83f1df55.sol"},{"line":69,"column":5,"severity":"Error","message":"Avoid to use \".call.value()()\"","ruleId":"avoid-call-value","fix":null,"filePath":"Benchmarks/Study_SamplesSet/a972f8fb1fe8d854b46bd92c83f1df55.sol"},{"line":76,"column":1,"severity":"Warning","message":"Function name must be in mixedCase","ruleId":"func-name-mixedcase","fix":null,"filePath":"Benchmarks/Study_SamplesSet/a972f8fb1fe8d854b46bd92c83f1df55.sol"},{"line":77,"column":8,"severity":"Error","message":"Check result of \"send\" call","ruleId":"check-send-result","fix":null,"filePath":"Benchmarks/Study_SamplesSet/a972f8fb1fe8d854b46bd92c83f1df55.sol"},{"line":83,"column":1,"severity":"Warning","message":"Variable name must be in mixedCase","ruleId":"var-name-mixedcase","fix":null,"filePath":"Benchmarks/Study_SamplesSet/a972f8fb1fe8d854b46bd92c83f1df55.sol"},{"line":85,"column":1,"severity":"Warning","message":"Function name must be in mixedCase","ruleId":"func-name-mixedcase","fix":null,"filePath":"Benchmarks/Study_SamplesSet/a972f8fb1fe8d854b46bd92c83f1df55.sol"},{"line":86,"column":9,"severity":"Warning","message":"Provide an error message for require","ruleId":"reason-string","fix":null,"filePath":"Benchmarks/Study_SamplesSet/a972f8fb1fe8d854b46bd92c83f1df55.sol"},{"line":86,"column":9,"severity":"Warning","message":"Use Custom Errors instead of require statements","ruleId":"custom-errors","fix":null,"filePath":"Benchmarks/Study_SamplesSet/a972f8fb1fe8d854b46bd92c83f1df55.sol"},{"line":87,"column":9,"severity":"Error","message":"Check result of \"send\" call","ruleId":"check-send-result","fix":null,"filePath":"Benchmarks/Study_SamplesSet/a972f8fb1fe8d854b46bd92c83f1df55.sol"},{"line":92,"column":9,"severity":"Warning","message":"Provide an error message for require","ruleId":"reason-string","fix":null,"filePath":"Benchmarks/Study_SamplesSet/a972f8fb1fe8d854b46bd92c83f1df55.sol"},{"line":92,"column":9,"severity":"Warning","message":"Use Custom Errors instead of require statements","ruleId":"custom-errors","fix":null,"filePath":"Benchmarks/Study_SamplesSet/a972f8fb1fe8d854b46bd92c83f1df55.sol"},{"line":98,"column":9,"severity":"Warning","message":"Provide an error message for require","ruleId":"reason-string","fix":null,"filePath":"Benchmarks/Study_SamplesSet/a972f8fb1fe8d854b46bd92c83f1df55.sol"},{"line":98,"column":9,"severity":"Warning","message":"Use Custom Errors instead of require statements","ruleId":"custom-errors","fix":null,"filePath":"Benchmarks/Study_SamplesSet/a972f8fb1fe8d854b46bd92c83f1df55.sol"},{"line":104,"column":9,"severity":"Warning","message":"Provide an error message for require","ruleId":"reason-string","fix":null,"filePath":"Benchmarks/Study_SamplesSet/a972f8fb1fe8d854b46bd92c83f1df55.sol"},{"line":104,"column":9,"severity":"Warning","message":"Use Custom Errors instead of require statements","ruleId":"custom-errors","fix":null,"filePath":"Benchmarks/Study_SamplesSet/a972f8fb1fe8d854b46bd92c83f1df55.sol"},{"line":112,"column":1,"severity":"Warning","message":"Function name must be in mixedCase","ruleId":"func-name-mixedcase","fix":null,"filePath":"Benchmarks/Study_SamplesSet/a972f8fb1fe8d854b46bd92c83f1df55.sol"},{"line":113,"column":5,"severity":"Error","message":"Avoid to use low level calls.","ruleId":"avoid-low-level-calls","fix":null,"filePath":"Benchmarks/Study_SamplesSet/a972f8fb1fe8d854b46bd92c83f1df55.sol"},{"line":113,"column":5,"severity":"Error","message":"Avoid to use \".call.value()()\"","ruleId":"avoid-call-value","fix":null,"filePath":"Benchmarks/Study_SamplesSet/a972f8fb1fe8d854b46bd92c83f1df55.sol"},{"line":120,"column":1,"severity":"Warning","message":"Function name must be in mixedCase","ruleId":"func-name-mixedcase","fix":null,"filePath":"Benchmarks/Study_SamplesSet/a972f8fb1fe8d854b46bd92c83f1df55.sol"},{"line":121,"column":1,"severity":"Warning","message":"Variable name must be in mixedCase","ruleId":"var-name-mixedcase","fix":null,"filePath":"Benchmarks/Study_SamplesSet/a972f8fb1fe8d854b46bd92c83f1df55.sol"},{"line":123,"column":3,"severity":"Warning","message":"Provide an error message for revert","ruleId":"reason-string","fix":null,"filePath":"Benchmarks/Study_SamplesSet/a972f8fb1fe8d854b46bd92c83f1df55.sol"},{"line":123,"column":3,"severity":"Warning","message":"Use Custom Errors instead of revert statements","ruleId":"custom-errors","fix":null,"filePath":"Benchmarks/Study_SamplesSet/a972f8fb1fe8d854b46bd92c83f1df55.sol"},{"line":130,"column":1,"severity":"Warning","message":"Function name must be in mixedCase","ruleId":"func-name-mixedcase","fix":null,"filePath":"Benchmarks/Study_SamplesSet/a972f8fb1fe8d854b46bd92c83f1df55.sol"},{"line":131,"column":5,"severity":"Error","message":"Check result of \"send\" call","ruleId":"check-send-result","fix":null,"filePath":"Benchmarks/Study_SamplesSet/a972f8fb1fe8d854b46bd92c83f1df55.sol"},{"line":138,"column":1,"severity":"Warning","message":"Variable name must be in mixedCase","ruleId":"var-name-mixedcase","fix":null,"filePath":"Benchmarks/Study_SamplesSet/a972f8fb1fe8d854b46bd92c83f1df55.sol"},{"line":139,"column":1,"severity":"Warning","message":"Variable name must be in mixedCase","ruleId":"var-name-mixedcase","fix":null,"filePath":"Benchmarks/Study_SamplesSet/a972f8fb1fe8d854b46bd92c83f1df55.sol"},{"line":140,"column":1,"severity":"Warning","message":"Rule is set with explicit type [var/s: uint]","ruleId":"explicit-types","filePath":"Benchmarks/Study_SamplesSet/a972f8fb1fe8d854b46bd92c83f1df55.sol"},{"line":140,"column":1,"severity":"Warning","message":"Variable name must be in mixedCase","ruleId":"var-name-mixedcase","fix":null,"filePath":"Benchmarks/Study_SamplesSet/a972f8fb1fe8d854b46bd92c83f1df55.sol"},{"line":142,"column":1,"severity":"Warning","message":"Function name must be in mixedCase","ruleId":"func-name-mixedcase","fix":null,"filePath":"Benchmarks/Study_SamplesSet/a972f8fb1fe8d854b46bd92c83f1df55.sol"},{"line":143,"column":9,"severity":"Warning","message":"Provide an error message for require","ruleId":"reason-string","fix":null,"filePath":"Benchmarks/Study_SamplesSet/a972f8fb1fe8d854b46bd92c83f1df55.sol"},{"line":143,"column":9,"severity":"Warning","message":"Use Custom Errors instead of require statements","ruleId":"custom-errors","fix":null,"filePath":"Benchmarks/Study_SamplesSet/a972f8fb1fe8d854b46bd92c83f1df55.sol"},{"line":144,"column":9,"severity":"Error","message":"Check result of \"send\" call","ruleId":"check-send-result","fix":null,"filePath":"Benchmarks/Study_SamplesSet/a972f8fb1fe8d854b46bd92c83f1df55.sol"},{"line":145,"column":9,"severity":"Error","message":"Possible reentrancy vulnerabilities. Avoid state changes after transfer.","ruleId":"reentrancy","fix":null,"filePath":"Benchmarks/Study_SamplesSet/a972f8fb1fe8d854b46bd92c83f1df55.sol"},{"line":152,"column":1,"severity":"Warning","message":"Variable name must be in mixedCase","ruleId":"var-name-mixedcase","fix":null,"filePath":"Benchmarks/Study_SamplesSet/a972f8fb1fe8d854b46bd92c83f1df55.sol"},{"line":153,"column":1,"severity":"Warning","message":"Variable name must be in mixedCase","ruleId":"var-name-mixedcase","fix":null,"filePath":"Benchmarks/Study_SamplesSet/a972f8fb1fe8d854b46bd92c83f1df55.sol"},{"line":154,"column":1,"severity":"Warning","message":"Rule is set with explicit type [var/s: uint]","ruleId":"explicit-types","filePath":"Benchmarks/Study_SamplesSet/a972f8fb1fe8d854b46bd92c83f1df55.sol"},{"line":154,"column":1,"severity":"Warning","message":"Variable name must be in mixedCase","ruleId":"var-name-mixedcase","fix":null,"filePath":"Benchmarks/Study_SamplesSet/a972f8fb1fe8d854b46bd92c83f1df55.sol"},{"line":156,"column":1,"severity":"Warning","message":"Function name must be in mixedCase","ruleId":"func-name-mixedcase","fix":null,"filePath":"Benchmarks/Study_SamplesSet/a972f8fb1fe8d854b46bd92c83f1df55.sol"},{"line":157,"column":9,"severity":"Warning","message":"Provide an error message for require","ruleId":"reason-string","fix":null,"filePath":"Benchmarks/Study_SamplesSet/a972f8fb1fe8d854b46bd92c83f1df55.sol"},{"line":157,"column":9,"severity":"Warning","message":"Use Custom Errors instead of require statements","ruleId":"custom-errors","fix":null,"filePath":"Benchmarks/Study_SamplesSet/a972f8fb1fe8d854b46bd92c83f1df55.sol"},{"line":158,"column":9,"severity":"Error","message":"Check result of \"send\" call","ruleId":"check-send-result","fix":null,"filePath":"Benchmarks/Study_SamplesSet/a972f8fb1fe8d854b46bd92c83f1df55.sol"},{"line":159,"column":9,"severity":"Error","message":"Possible reentrancy vulnerabilities. Avoid state changes after transfer.","ruleId":"reentrancy","fix":null,"filePath":"Benchmarks/Study_SamplesSet/a972f8fb1fe8d854b46bd92c83f1df55.sol"},{"line":166,"column":1,"severity":"Warning","message":"Function name must be in mixedCase","ruleId":"func-name-mixedcase","fix":null,"filePath":"Benchmarks/Study_SamplesSet/a972f8fb1fe8d854b46bd92c83f1df55.sol"},{"line":167,"column":5,"severity":"Error","message":"Check result of \"send\" call","ruleId":"check-send-result","fix":null,"filePath":"Benchmarks/Study_SamplesSet/a972f8fb1fe8d854b46bd92c83f1df55.sol"},{"line":174,"column":1,"severity":"Warning","message":"Function name must be in mixedCase","ruleId":"func-name-mixedcase","fix":null,"filePath":"Benchmarks/Study_SamplesSet/a972f8fb1fe8d854b46bd92c83f1df55.sol"},{"line":174,"column":23,"severity":"Warning","message":"Rule is set with explicit type [var/s: uint]","ruleId":"explicit-types","filePath":"Benchmarks/Study_SamplesSet/a972f8fb1fe8d854b46bd92c83f1df55.sol"},{"line":174,"column":40,"severity":"Warning","message":"Rule is set with explicit type [var/s: uint]","ruleId":"explicit-types","filePath":"Benchmarks/Study_SamplesSet/a972f8fb1fe8d854b46bd92c83f1df55.sol"},{"line":174,"column":58,"severity":"Warning","message":"Variable name must be in mixedCase","ruleId":"var-name-mixedcase","fix":null,"filePath":"Benchmarks/Study_SamplesSet/a972f8fb1fe8d854b46bd92c83f1df55.sol"},{"line":174,"column":23,"severity":"Warning","message":"Variable \"roundIndex\" is unused","ruleId":"no-unused-vars","fix":null,"filePath":"Benchmarks/Study_SamplesSet/a972f8fb1fe8d854b46bd92c83f1df55.sol"},{"line":174,"column":40,"severity":"Warning","message":"Variable \"subpotIndex\" is unused","ruleId":"no-unused-vars","fix":null,"filePath":"Benchmarks/Study_SamplesSet/a972f8fb1fe8d854b46bd92c83f1df55.sol"},{"line":175,"column":9,"severity":"Warning","message":"Variable name must be in mixedCase","ruleId":"var-name-mixedcase","fix":null,"filePath":"Benchmarks/Study_SamplesSet/a972f8fb1fe8d854b46bd92c83f1df55.sol"},{"line":176,"column":9,"severity":"Error","message":"Check result of \"send\" call","ruleId":"check-send-result","fix":null,"filePath":"Benchmarks/Study_SamplesSet/a972f8fb1fe8d854b46bd92c83f1df55.sol"},{"line":182,"column":9,"severity":"Warning","message":"Provide an error message for require","ruleId":"reason-string","fix":null,"filePath":"Benchmarks/Study_SamplesSet/a972f8fb1fe8d854b46bd92c83f1df55.sol"},{"line":182,"column":9,"severity":"Warning","message":"Use Custom Errors instead of require statements","ruleId":"custom-errors","fix":null,"filePath":"Benchmarks/Study_SamplesSet/a972f8fb1fe8d854b46bd92c83f1df55.sol"},{"line":186,"column":1,"severity":"Warning","message":"Function name must be in mixedCase","ruleId":"func-name-mixedcase","fix":null,"filePath":"Benchmarks/Study_SamplesSet/a972f8fb1fe8d854b46bd92c83f1df55.sol"},{"line":187,"column":4,"severity":"Warning","message":"Variable name must be in mixedCase","ruleId":"var-name-mixedcase","fix":null,"filePath":"Benchmarks/Study_SamplesSet/a972f8fb1fe8d854b46bd92c83f1df55.sol"},{"line":189,"column":7,"severity":"Warning","message":"Code contains empty blocks","ruleId":"no-empty-blocks","fix":null,"filePath":"Benchmarks/Study_SamplesSet/a972f8fb1fe8d854b46bd92c83f1df55.sol"},{"line":192,"column":7,"severity":"Warning","message":"Code contains empty blocks","ruleId":"no-empty-blocks","fix":null,"filePath":"Benchmarks/Study_SamplesSet/a972f8fb1fe8d854b46bd92c83f1df55.sol"},{"line":198,"column":9,"severity":"Warning","message":"Provide an error message for require","ruleId":"reason-string","fix":null,"filePath":"Benchmarks/Study_SamplesSet/a972f8fb1fe8d854b46bd92c83f1df55.sol"},{"line":198,"column":9,"severity":"Warning","message":"Use Custom Errors instead of require statements","ruleId":"custom-errors","fix":null,"filePath":"Benchmarks/Study_SamplesSet/a972f8fb1fe8d854b46bd92c83f1df55.sol"},{"line":202,"column":1,"severity":"Warning","message":"Function name must be in mixedCase","ruleId":"func-name-mixedcase","fix":null,"filePath":"Benchmarks/Study_SamplesSet/a972f8fb1fe8d854b46bd92c83f1df55.sol"},{"line":203,"column":1,"severity":"Warning","message":"Variable name must be in mixedCase","ruleId":"var-name-mixedcase","fix":null,"filePath":"Benchmarks/Study_SamplesSet/a972f8fb1fe8d854b46bd92c83f1df55.sol"},{"line":205,"column":3,"severity":"Warning","message":"Provide an error message for revert","ruleId":"reason-string","fix":null,"filePath":"Benchmarks/Study_SamplesSet/a972f8fb1fe8d854b46bd92c83f1df55.sol"},{"line":205,"column":3,"severity":"Warning","message":"Use Custom Errors instead of revert statements","ruleId":"custom-errors","fix":null,"filePath":"Benchmarks/Study_SamplesSet/a972f8fb1fe8d854b46bd92c83f1df55.sol"},{"line":213,"column":1,"severity":"Warning","message":"Function name must be in mixedCase","ruleId":"func-name-mixedcase","fix":null,"filePath":"Benchmarks/Study_SamplesSet/a972f8fb1fe8d854b46bd92c83f1df55.sol"},{"line":214,"column":9,"severity":"Error","message":"Check result of \"send\" call","ruleId":"check-send-result","fix":null,"filePath":"Benchmarks/Study_SamplesSet/a972f8fb1fe8d854b46bd92c83f1df55.sol"},{"line":222,"column":1,"severity":"Warning","message":"Function name must be in mixedCase","ruleId":"func-name-mixedcase","fix":null,"filePath":"Benchmarks/Study_SamplesSet/a972f8fb1fe8d854b46bd92c83f1df55.sol"},{"line":223,"column":5,"severity":"Error","message":"Check result of \"send\" call","ruleId":"check-send-result","fix":null,"filePath":"Benchmarks/Study_SamplesSet/a972f8fb1fe8d854b46bd92c83f1df55.sol"},{"line":229,"column":3,"severity":"Warning","message":"Function name must be in mixedCase","ruleId":"func-name-mixedcase","fix":null,"filePath":"Benchmarks/Study_SamplesSet/a972f8fb1fe8d854b46bd92c83f1df55.sol"},{"line":230,"column":9,"severity":"Error","message":"Avoid to use low level calls.","ruleId":"avoid-low-level-calls","fix":null,"filePath":"Benchmarks/Study_SamplesSet/a972f8fb1fe8d854b46bd92c83f1df55.sol"},{"line":230,"column":9,"severity":"Error","message":"Avoid to use \".call.value()()\"","ruleId":"avoid-call-value","fix":null,"filePath":"Benchmarks/Study_SamplesSet/a972f8fb1fe8d854b46bd92c83f1df55.sol"},{"line":233,"column":3,"severity":"Warning","message":"Function name must be in mixedCase","ruleId":"func-name-mixedcase","fix":null,"filePath":"Benchmarks/Study_SamplesSet/a972f8fb1fe8d854b46bd92c83f1df55.sol"},{"line":234,"column":2,"severity":"Warning","message":"Variable name must be in mixedCase","ruleId":"var-name-mixedcase","fix":null,"filePath":"Benchmarks/Study_SamplesSet/a972f8fb1fe8d854b46bd92c83f1df55.sol"},{"line":235,"column":2,"severity":"Error","message":"Check result of \"send\" call","ruleId":"check-send-result","fix":null,"filePath":"Benchmarks/Study_SamplesSet/a972f8fb1fe8d854b46bd92c83f1df55.sol"},{"line":235,"column":18,"severity":"Error","message":"Explicitly mark all external contracts as trusted or untrusted","ruleId":"mark-callable-contracts","filePath":"Benchmarks/Study_SamplesSet/a972f8fb1fe8d854b46bd92c83f1df55.sol"},{"line":238,"column":3,"severity":"Warning","message":"Function name must be in mixedCase","ruleId":"func-name-mixedcase","fix":null,"filePath":"Benchmarks/Study_SamplesSet/a972f8fb1fe8d854b46bd92c83f1df55.sol"},{"line":239,"column":1,"severity":"Warning","message":"Variable name must be in mixedCase","ruleId":"var-name-mixedcase","fix":null,"filePath":"Benchmarks/Study_SamplesSet/a972f8fb1fe8d854b46bd92c83f1df55.sol"},{"line":241,"column":3,"severity":"Warning","message":"Provide an error message for revert","ruleId":"reason-string","fix":null,"filePath":"Benchmarks/Study_SamplesSet/a972f8fb1fe8d854b46bd92c83f1df55.sol"},{"line":241,"column":3,"severity":"Warning","message":"Use Custom Errors instead of revert statements","ruleId":"custom-errors","fix":null,"filePath":"Benchmarks/Study_SamplesSet/a972f8fb1fe8d854b46bd92c83f1df55.sol"},{"line":244,"column":3,"severity":"Warning","message":"Variable name must be in mixedCase","ruleId":"var-name-mixedcase","fix":null,"filePath":"Benchmarks/Study_SamplesSet/a972f8fb1fe8d854b46bd92c83f1df55.sol"},{"line":246,"column":1,"severity":"Warning","message":"Function name must be in mixedCase","ruleId":"func-name-mixedcase","fix":null,"filePath":"Benchmarks/Study_SamplesSet/a972f8fb1fe8d854b46bd92c83f1df55.sol"},{"line":247,"column":9,"severity":"Warning","message":"Provide an error message for require","ruleId":"reason-string","fix":null,"filePath":"Benchmarks/Study_SamplesSet/a972f8fb1fe8d854b46bd92c83f1df55.sol"},{"line":247,"column":9,"severity":"Warning","message":"Use Custom Errors instead of require statements","ruleId":"custom-errors","fix":null,"filePath":"Benchmarks/Study_SamplesSet/a972f8fb1fe8d854b46bd92c83f1df55.sol"},{"line":248,"column":9,"severity":"Error","message":"Check result of \"send\" call","ruleId":"check-send-result","fix":null,"filePath":"Benchmarks/Study_SamplesSet/a972f8fb1fe8d854b46bd92c83f1df55.sol"},{"line":251,"column":3,"severity":"Warning","message":"Function name must be in mixedCase","ruleId":"func-name-mixedcase","fix":null,"filePath":"Benchmarks/Study_SamplesSet/a972f8fb1fe8d854b46bd92c83f1df55.sol"},{"line":252,"column":5,"severity":"Error","message":"Avoid to use low level calls.","ruleId":"avoid-low-level-calls","fix":null,"filePath":"Benchmarks/Study_SamplesSet/a972f8fb1fe8d854b46bd92c83f1df55.sol"},{"line":252,"column":5,"severity":"Error","message":"Avoid to use \".call.value()()\"","ruleId":"avoid-call-value","fix":null,"filePath":"Benchmarks/Study_SamplesSet/a972f8fb1fe8d854b46bd92c83f1df55.sol"},{"line":258,"column":16,"severity":"Error","message":"Use double quotes for string literals","ruleId":"quotes","filePath":"Benchmarks/Study_SamplesSet/a972f8fb1fe8d854b46bd92c83f1df55.sol"},{"line":260,"column":1,"severity":"Warning","message":"Function name must be in mixedCase","ruleId":"func-name-mixedcase","fix":null,"filePath":"Benchmarks/Study_SamplesSet/a972f8fb1fe8d854b46bd92c83f1df55.sol"},{"line":261,"column":1,"severity":"Warning","message":"Rule is set with explicit type [var/s: uint]","ruleId":"explicit-types","filePath":"Benchmarks/Study_SamplesSet/a972f8fb1fe8d854b46bd92c83f1df55.sol"},{"line":261,"column":1,"severity":"Warning","message":"Variable name must be in mixedCase","ruleId":"var-name-mixedcase","fix":null,"filePath":"Benchmarks/Study_SamplesSet/a972f8fb1fe8d854b46bd92c83f1df55.sol"},{"line":262,"column":1,"severity":"Warning","message":"Variable name must be in mixedCase","ruleId":"var-name-mixedcase","fix":null,"filePath":"Benchmarks/Study_SamplesSet/a972f8fb1fe8d854b46bd92c83f1df55.sol"},{"line":266,"column":3,"severity":"Warning","message":"Provide an error message for revert","ruleId":"reason-string","fix":null,"filePath":"Benchmarks/Study_SamplesSet/a972f8fb1fe8d854b46bd92c83f1df55.sol"},{"line":266,"column":3,"severity":"Warning","message":"Use Custom Errors instead of revert statements","ruleId":"custom-errors","fix":null,"filePath":"Benchmarks/Study_SamplesSet/a972f8fb1fe8d854b46bd92c83f1df55.sol"},{"line":273,"column":1,"severity":"Warning","message":"Variable name must be in mixedCase","ruleId":"var-name-mixedcase","fix":null,"filePath":"Benchmarks/Study_SamplesSet/a972f8fb1fe8d854b46bd92c83f1df55.sol"},{"line":274,"column":1,"severity":"Warning","message":"Variable name must be in mixedCase","ruleId":"var-name-mixedcase","fix":null,"filePath":"Benchmarks/Study_SamplesSet/a972f8fb1fe8d854b46bd92c83f1df55.sol"},{"line":275,"column":1,"severity":"Warning","message":"Rule is set with explicit type [var/s: uint]","ruleId":"explicit-types","filePath":"Benchmarks/Study_SamplesSet/a972f8fb1fe8d854b46bd92c83f1df55.sol"},{"line":275,"column":1,"severity":"Warning","message":"Variable name must be in mixedCase","ruleId":"var-name-mixedcase","fix":null,"filePath":"Benchmarks/Study_SamplesSet/a972f8fb1fe8d854b46bd92c83f1df55.sol"},{"line":277,"column":1,"severity":"Warning","message":"Function name must be in mixedCase","ruleId":"func-name-mixedcase","fix":null,"filePath":"Benchmarks/Study_SamplesSet/a972f8fb1fe8d854b46bd92c83f1df55.sol"},{"line":278,"column":9,"severity":"Warning","message":"Provide an error message for require","ruleId":"reason-string","fix":null,"filePath":"Benchmarks/Study_SamplesSet/a972f8fb1fe8d854b46bd92c83f1df55.sol"},{"line":278,"column":9,"severity":"Warning","message":"Use Custom Errors instead of require statements","ruleId":"custom-errors","fix":null,"filePath":"Benchmarks/Study_SamplesSet/a972f8fb1fe8d854b46bd92c83f1df55.sol"},{"line":279,"column":9,"severity":"Error","message":"Check result of \"send\" call","ruleId":"check-send-result","fix":null,"filePath":"Benchmarks/Study_SamplesSet/a972f8fb1fe8d854b46bd92c83f1df55.sol"},{"line":280,"column":9,"severity":"Error","message":"Possible reentrancy vulnerabilities. Avoid state changes after transfer.","ruleId":"reentrancy","fix":null,"filePath":"Benchmarks/Study_SamplesSet/a972f8fb1fe8d854b46bd92c83f1df55.sol"},{"line":285,"column":9,"severity":"Warning","message":"Provide an error message for require","ruleId":"reason-string","fix":null,"filePath":"Benchmarks/Study_SamplesSet/a972f8fb1fe8d854b46bd92c83f1df55.sol"},{"line":285,"column":9,"severity":"Warning","message":"Use Custom Errors instead of require statements","ruleId":"custom-errors","fix":null,"filePath":"Benchmarks/Study_SamplesSet/a972f8fb1fe8d854b46bd92c83f1df55.sol"},{"line":292,"column":1,"severity":"Warning","message":"Function name must be in mixedCase","ruleId":"func-name-mixedcase","fix":null,"filePath":"Benchmarks/Study_SamplesSet/a972f8fb1fe8d854b46bd92c83f1df55.sol"},{"line":293,"column":8,"severity":"Error","message":"Check result of \"send\" call","ruleId":"check-send-result","fix":null,"filePath":"Benchmarks/Study_SamplesSet/a972f8fb1fe8d854b46bd92c83f1df55.sol"},{"line":297,"column":9,"severity":"Warning","message":"Provide an error message for require","ruleId":"reason-string","fix":null,"filePath":"Benchmarks/Study_SamplesSet/a972f8fb1fe8d854b46bd92c83f1df55.sol"},{"line":297,"column":9,"severity":"Warning","message":"Use Custom Errors instead of require statements","ruleId":"custom-errors","fix":null,"filePath":"Benchmarks/Study_SamplesSet/a972f8fb1fe8d854b46bd92c83f1df55.sol"},{"line":298,"column":9,"severity":"Warning","message":"Provide an error message for require","ruleId":"reason-string","fix":null,"filePath":"Benchmarks/Study_SamplesSet/a972f8fb1fe8d854b46bd92c83f1df55.sol"},{"line":298,"column":9,"severity":"Warning","message":"Use Custom Errors instead of require statements","ruleId":"custom-errors","fix":null,"filePath":"Benchmarks/Study_SamplesSet/a972f8fb1fe8d854b46bd92c83f1df55.sol"},{"line":303,"column":21,"severity":"Error","message":"Use double quotes for string literals","ruleId":"quotes","filePath":"Benchmarks/Study_SamplesSet/a972f8fb1fe8d854b46bd92c83f1df55.sol"},{"line":308,"column":1,"severity":"Warning","message":"Function name must be in mixedCase","ruleId":"func-name-mixedcase","fix":null,"filePath":"Benchmarks/Study_SamplesSet/a972f8fb1fe8d854b46bd92c83f1df55.sol"},{"line":309,"column":9,"severity":"Error","message":"Avoid to use low level calls.","ruleId":"avoid-low-level-calls","fix":null,"filePath":"Benchmarks/Study_SamplesSet/a972f8fb1fe8d854b46bd92c83f1df55.sol"},{"line":309,"column":9,"severity":"Error","message":"Avoid to use \".call.value()()\"","ruleId":"avoid-call-value","fix":null,"filePath":"Benchmarks/Study_SamplesSet/a972f8fb1fe8d854b46bd92c83f1df55.sol"},{"line":314,"column":9,"severity":"Warning","message":"Provide an error message for require","ruleId":"reason-string","fix":null,"filePath":"Benchmarks/Study_SamplesSet/a972f8fb1fe8d854b46bd92c83f1df55.sol"},{"line":314,"column":9,"severity":"Warning","message":"Use Custom Errors instead of require statements","ruleId":"custom-errors","fix":null,"filePath":"Benchmarks/Study_SamplesSet/a972f8fb1fe8d854b46bd92c83f1df55.sol"},{"line":316,"column":24,"severity":"Error","message":"Use double quotes for string literals","ruleId":"quotes","filePath":"Benchmarks/Study_SamplesSet/a972f8fb1fe8d854b46bd92c83f1df55.sol"},{"line":321,"column":1,"severity":"Warning","message":"Function name must be in mixedCase","ruleId":"func-name-mixedcase","fix":null,"filePath":"Benchmarks/Study_SamplesSet/a972f8fb1fe8d854b46bd92c83f1df55.sol"},{"line":322,"column":9,"severity":"Error","message":"Check result of \"send\" call","ruleId":"check-send-result","fix":null,"filePath":"Benchmarks/Study_SamplesSet/a972f8fb1fe8d854b46bd92c83f1df55.sol"},{"conclusion":"155 problem/s (37 error/s, 118 warning/s)"}]
