[{"line":1,"column":1,"severity":"Warning","message":"Found more than One contract per file. 8 contracts found!","ruleId":"one-contract-per-file","fix":null,"filePath":"Benchmarks/Study_SamplesSet/aacfbbeb9423f57cd53245f7d0de0e0e.sol"},{"line":1,"column":1,"severity":"Error","message":"Compiler version ^0.4.10 does not satisfy the ^0.8.0 semver requirement","ruleId":"compiler-version","fix":null,"filePath":"Benchmarks/Study_SamplesSet/aacfbbeb9423f57cd53245f7d0de0e0e.sol"},{"line":14,"column":5,"severity":"Warning","message":"Provide an error message for require","ruleId":"reason-string","fix":null,"filePath":"Benchmarks/Study_SamplesSet/aacfbbeb9423f57cd53245f7d0de0e0e.sol"},{"line":14,"column":5,"severity":"Warning","message":"Use Custom Errors instead of require statements","ruleId":"custom-errors","fix":null,"filePath":"Benchmarks/Study_SamplesSet/aacfbbeb9423f57cd53245f7d0de0e0e.sol"},{"line":38,"column":3,"severity":"Error","message":"Explicitly mark visibility in function","ruleId":"func-visibility","fix":null,"filePath":"Benchmarks/Study_SamplesSet/aacfbbeb9423f57cd53245f7d0de0e0e.sol"},{"line":43,"column":5,"severity":"Error","message":"Explicitly mark all external contracts as trusted or untrusted","ruleId":"mark-callable-contracts","filePath":"Benchmarks/Study_SamplesSet/aacfbbeb9423f57cd53245f7d0de0e0e.sol"},{"line":47,"column":3,"severity":"Error","message":"Explicitly mark visibility in function","ruleId":"func-visibility","fix":null,"filePath":"Benchmarks/Study_SamplesSet/aacfbbeb9423f57cd53245f7d0de0e0e.sol"},{"line":53,"column":5,"severity":"Error","message":"Explicitly mark all external contracts as trusted or untrusted","ruleId":"mark-callable-contracts","filePath":"Benchmarks/Study_SamplesSet/aacfbbeb9423f57cd53245f7d0de0e0e.sol"},{"line":57,"column":3,"severity":"Error","message":"Explicitly mark visibility in function","ruleId":"func-visibility","fix":null,"filePath":"Benchmarks/Study_SamplesSet/aacfbbeb9423f57cd53245f7d0de0e0e.sol"},{"line":60,"column":5,"severity":"Warning","message":"Provide an error message for require","ruleId":"reason-string","fix":null,"filePath":"Benchmarks/Study_SamplesSet/aacfbbeb9423f57cd53245f7d0de0e0e.sol"},{"line":60,"column":5,"severity":"Warning","message":"Use Custom Errors instead of require statements","ruleId":"custom-errors","fix":null,"filePath":"Benchmarks/Study_SamplesSet/aacfbbeb9423f57cd53245f7d0de0e0e.sol"},{"line":63,"column":5,"severity":"Error","message":"Explicitly mark all external contracts as trusted or untrusted","ruleId":"mark-callable-contracts","filePath":"Benchmarks/Study_SamplesSet/aacfbbeb9423f57cd53245f7d0de0e0e.sol"},{"line":82,"column":5,"severity":"Warning","message":"Provide an error message for require","ruleId":"reason-string","fix":null,"filePath":"Benchmarks/Study_SamplesSet/aacfbbeb9423f57cd53245f7d0de0e0e.sol"},{"line":82,"column":5,"severity":"Warning","message":"Use Custom Errors instead of require statements","ruleId":"custom-errors","fix":null,"filePath":"Benchmarks/Study_SamplesSet/aacfbbeb9423f57cd53245f7d0de0e0e.sol"},{"line":90,"column":17,"severity":"Warning","message":"Rule is set with explicit type [var/s: uint]","ruleId":"explicit-types","filePath":"Benchmarks/Study_SamplesSet/aacfbbeb9423f57cd53245f7d0de0e0e.sol"},{"line":109,"column":36,"severity":"Warning","message":"Visibility modifier must be first in list of modifiers","ruleId":"visibility-modifier-order","fix":null,"filePath":"Benchmarks/Study_SamplesSet/aacfbbeb9423f57cd53245f7d0de0e0e.sol"},{"line":112,"column":3,"severity":"Warning","message":"Constant name must be in capitalized SNAKE_CASE","ruleId":"const-name-snakecase","fix":null,"filePath":"Benchmarks/Study_SamplesSet/aacfbbeb9423f57cd53245f7d0de0e0e.sol"},{"line":113,"column":3,"severity":"Warning","message":"Constant name must be in capitalized SNAKE_CASE","ruleId":"const-name-snakecase","fix":null,"filePath":"Benchmarks/Study_SamplesSet/aacfbbeb9423f57cd53245f7d0de0e0e.sol"},{"line":114,"column":3,"severity":"Warning","message":"Constant name must be in capitalized SNAKE_CASE","ruleId":"const-name-snakecase","fix":null,"filePath":"Benchmarks/Study_SamplesSet/aacfbbeb9423f57cd53245f7d0de0e0e.sol"},{"line":115,"column":3,"severity":"Warning","message":"Constant name must be in capitalized SNAKE_CASE","ruleId":"const-name-snakecase","fix":null,"filePath":"Benchmarks/Study_SamplesSet/aacfbbeb9423f57cd53245f7d0de0e0e.sol"},{"line":122,"column":5,"severity":"Warning","message":"Provide an error message for require","ruleId":"reason-string","fix":null,"filePath":"Benchmarks/Study_SamplesSet/aacfbbeb9423f57cd53245f7d0de0e0e.sol"},{"line":122,"column":5,"severity":"Warning","message":"Use Custom Errors instead of require statements","ruleId":"custom-errors","fix":null,"filePath":"Benchmarks/Study_SamplesSet/aacfbbeb9423f57cd53245f7d0de0e0e.sol"},{"line":127,"column":5,"severity":"Warning","message":"Provide an error message for require","ruleId":"reason-string","fix":null,"filePath":"Benchmarks/Study_SamplesSet/aacfbbeb9423f57cd53245f7d0de0e0e.sol"},{"line":127,"column":5,"severity":"Warning","message":"Use Custom Errors instead of require statements","ruleId":"custom-errors","fix":null,"filePath":"Benchmarks/Study_SamplesSet/aacfbbeb9423f57cd53245f7d0de0e0e.sol"},{"line":132,"column":5,"severity":"Warning","message":"Provide an error message for require","ruleId":"reason-string","fix":null,"filePath":"Benchmarks/Study_SamplesSet/aacfbbeb9423f57cd53245f7d0de0e0e.sol"},{"line":132,"column":5,"severity":"Warning","message":"Use Custom Errors instead of require statements","ruleId":"custom-errors","fix":null,"filePath":"Benchmarks/Study_SamplesSet/aacfbbeb9423f57cd53245f7d0de0e0e.sol"},{"line":137,"column":3,"severity":"Error","message":"Explicitly mark visibility in function (Set ignoreConstructors to true if using solidity >=0.7.0)","ruleId":"func-visibility","fix":null,"filePath":"Benchmarks/Study_SamplesSet/aacfbbeb9423f57cd53245f7d0de0e0e.sol"},{"line":140,"column":23,"severity":"Error","message":"Explicitly mark all external contracts as trusted or untrusted","ruleId":"mark-callable-contracts","filePath":"Benchmarks/Study_SamplesSet/aacfbbeb9423f57cd53245f7d0de0e0e.sol"},{"line":141,"column":24,"severity":"Error","message":"Explicitly mark all external contracts as trusted or untrusted","ruleId":"mark-callable-contracts","filePath":"Benchmarks/Study_SamplesSet/aacfbbeb9423f57cd53245f7d0de0e0e.sol"},{"line":142,"column":5,"severity":"Warning","message":"Rule is set with explicit type [var/s: uint]","ruleId":"explicit-types","filePath":"Benchmarks/Study_SamplesSet/aacfbbeb9423f57cd53245f7d0de0e0e.sol"},{"line":148,"column":3,"severity":"Error","message":"Explicitly mark visibility in function","ruleId":"func-visibility","fix":null,"filePath":"Benchmarks/Study_SamplesSet/aacfbbeb9423f57cd53245f7d0de0e0e.sol"},{"line":157,"column":12,"severity":"Error","message":"Avoid to use low level calls.","ruleId":"avoid-low-level-calls","fix":null,"filePath":"Benchmarks/Study_SamplesSet/aacfbbeb9423f57cd53245f7d0de0e0e.sol"},{"line":157,"column":48,"severity":"Error","message":"Use \"keccak256\" instead of deprecated \"sha3\"","ruleId":"avoid-sha3","filePath":"Benchmarks/Study_SamplesSet/aacfbbeb9423f57cd53245f7d0de0e0e.sol"},{"line":158,"column":9,"severity":"Warning","message":"Provide an error message for revert","ruleId":"reason-string","fix":null,"filePath":"Benchmarks/Study_SamplesSet/aacfbbeb9423f57cd53245f7d0de0e0e.sol"},{"line":158,"column":9,"severity":"Warning","message":"Use Custom Errors instead of revert statements","ruleId":"custom-errors","fix":null,"filePath":"Benchmarks/Study_SamplesSet/aacfbbeb9423f57cd53245f7d0de0e0e.sol"},{"line":167,"column":10,"severity":"Error","message":"Avoid to use low level calls.","ruleId":"avoid-low-level-calls","fix":null,"filePath":"Benchmarks/Study_SamplesSet/aacfbbeb9423f57cd53245f7d0de0e0e.sol"},{"line":168,"column":7,"severity":"Warning","message":"Provide an error message for revert","ruleId":"reason-string","fix":null,"filePath":"Benchmarks/Study_SamplesSet/aacfbbeb9423f57cd53245f7d0de0e0e.sol"},{"line":168,"column":7,"severity":"Warning","message":"Use Custom Errors instead of revert statements","ruleId":"custom-errors","fix":null,"filePath":"Benchmarks/Study_SamplesSet/aacfbbeb9423f57cd53245f7d0de0e0e.sol"},{"line":172,"column":10,"severity":"Error","message":"Avoid to use low level calls.","ruleId":"avoid-low-level-calls","fix":null,"filePath":"Benchmarks/Study_SamplesSet/aacfbbeb9423f57cd53245f7d0de0e0e.sol"},{"line":173,"column":7,"severity":"Warning","message":"Provide an error message for revert","ruleId":"reason-string","fix":null,"filePath":"Benchmarks/Study_SamplesSet/aacfbbeb9423f57cd53245f7d0de0e0e.sol"},{"line":173,"column":7,"severity":"Warning","message":"Use Custom Errors instead of revert statements","ruleId":"custom-errors","fix":null,"filePath":"Benchmarks/Study_SamplesSet/aacfbbeb9423f57cd53245f7d0de0e0e.sol"},{"line":177,"column":10,"severity":"Error","message":"Avoid to use low level calls.","ruleId":"avoid-low-level-calls","fix":null,"filePath":"Benchmarks/Study_SamplesSet/aacfbbeb9423f57cd53245f7d0de0e0e.sol"},{"line":178,"column":7,"severity":"Warning","message":"Provide an error message for revert","ruleId":"reason-string","fix":null,"filePath":"Benchmarks/Study_SamplesSet/aacfbbeb9423f57cd53245f7d0de0e0e.sol"},{"line":178,"column":7,"severity":"Warning","message":"Use Custom Errors instead of revert statements","ruleId":"custom-errors","fix":null,"filePath":"Benchmarks/Study_SamplesSet/aacfbbeb9423f57cd53245f7d0de0e0e.sol"},{"line":182,"column":10,"severity":"Error","message":"Avoid to use low level calls.","ruleId":"avoid-low-level-calls","fix":null,"filePath":"Benchmarks/Study_SamplesSet/aacfbbeb9423f57cd53245f7d0de0e0e.sol"},{"line":183,"column":7,"severity":"Warning","message":"Provide an error message for revert","ruleId":"reason-string","fix":null,"filePath":"Benchmarks/Study_SamplesSet/aacfbbeb9423f57cd53245f7d0de0e0e.sol"},{"line":183,"column":7,"severity":"Warning","message":"Use Custom Errors instead of revert statements","ruleId":"custom-errors","fix":null,"filePath":"Benchmarks/Study_SamplesSet/aacfbbeb9423f57cd53245f7d0de0e0e.sol"},{"line":188,"column":10,"severity":"Error","message":"Avoid to use low level calls.","ruleId":"avoid-low-level-calls","fix":null,"filePath":"Benchmarks/Study_SamplesSet/aacfbbeb9423f57cd53245f7d0de0e0e.sol"},{"line":189,"column":7,"severity":"Warning","message":"Provide an error message for revert","ruleId":"reason-string","fix":null,"filePath":"Benchmarks/Study_SamplesSet/aacfbbeb9423f57cd53245f7d0de0e0e.sol"},{"line":189,"column":7,"severity":"Warning","message":"Use Custom Errors instead of revert statements","ruleId":"custom-errors","fix":null,"filePath":"Benchmarks/Study_SamplesSet/aacfbbeb9423f57cd53245f7d0de0e0e.sol"},{"line":192,"column":18,"severity":"Warning","message":"Rule is set with explicit type [var/s: uint]","ruleId":"explicit-types","filePath":"Benchmarks/Study_SamplesSet/aacfbbeb9423f57cd53245f7d0de0e0e.sol"},{"line":193,"column":10,"severity":"Error","message":"Avoid to use low level calls.","ruleId":"avoid-low-level-calls","fix":null,"filePath":"Benchmarks/Study_SamplesSet/aacfbbeb9423f57cd53245f7d0de0e0e.sol"},{"line":194,"column":7,"severity":"Warning","message":"Provide an error message for revert","ruleId":"reason-string","fix":null,"filePath":"Benchmarks/Study_SamplesSet/aacfbbeb9423f57cd53245f7d0de0e0e.sol"},{"line":194,"column":7,"severity":"Warning","message":"Use Custom Errors instead of revert statements","ruleId":"custom-errors","fix":null,"filePath":"Benchmarks/Study_SamplesSet/aacfbbeb9423f57cd53245f7d0de0e0e.sol"},{"line":198,"column":10,"severity":"Error","message":"Avoid to use low level calls.","ruleId":"avoid-low-level-calls","fix":null,"filePath":"Benchmarks/Study_SamplesSet/aacfbbeb9423f57cd53245f7d0de0e0e.sol"},{"line":199,"column":7,"severity":"Warning","message":"Provide an error message for revert","ruleId":"reason-string","fix":null,"filePath":"Benchmarks/Study_SamplesSet/aacfbbeb9423f57cd53245f7d0de0e0e.sol"},{"line":199,"column":7,"severity":"Warning","message":"Use Custom Errors instead of revert statements","ruleId":"custom-errors","fix":null,"filePath":"Benchmarks/Study_SamplesSet/aacfbbeb9423f57cd53245f7d0de0e0e.sol"},{"line":204,"column":5,"severity":"Warning","message":"Provide an error message for require","ruleId":"reason-string","fix":null,"filePath":"Benchmarks/Study_SamplesSet/aacfbbeb9423f57cd53245f7d0de0e0e.sol"},{"line":204,"column":5,"severity":"Warning","message":"Use Custom Errors instead of require statements","ruleId":"custom-errors","fix":null,"filePath":"Benchmarks/Study_SamplesSet/aacfbbeb9423f57cd53245f7d0de0e0e.sol"},{"line":209,"column":10,"severity":"Error","message":"Avoid to use low level calls.","ruleId":"avoid-low-level-calls","fix":null,"filePath":"Benchmarks/Study_SamplesSet/aacfbbeb9423f57cd53245f7d0de0e0e.sol"},{"line":210,"column":7,"severity":"Warning","message":"Provide an error message for revert","ruleId":"reason-string","fix":null,"filePath":"Benchmarks/Study_SamplesSet/aacfbbeb9423f57cd53245f7d0de0e0e.sol"},{"line":210,"column":7,"severity":"Warning","message":"Use Custom Errors instead of revert statements","ruleId":"custom-errors","fix":null,"filePath":"Benchmarks/Study_SamplesSet/aacfbbeb9423f57cd53245f7d0de0e0e.sol"},{"line":214,"column":10,"severity":"Error","message":"Avoid to use low level calls.","ruleId":"avoid-low-level-calls","fix":null,"filePath":"Benchmarks/Study_SamplesSet/aacfbbeb9423f57cd53245f7d0de0e0e.sol"},{"line":215,"column":7,"severity":"Warning","message":"Provide an error message for revert","ruleId":"reason-string","fix":null,"filePath":"Benchmarks/Study_SamplesSet/aacfbbeb9423f57cd53245f7d0de0e0e.sol"},{"line":215,"column":7,"severity":"Warning","message":"Use Custom Errors instead of revert statements","ruleId":"custom-errors","fix":null,"filePath":"Benchmarks/Study_SamplesSet/aacfbbeb9423f57cd53245f7d0de0e0e.sol"},{"line":222,"column":10,"severity":"Error","message":"Avoid to use low level calls.","ruleId":"avoid-low-level-calls","fix":null,"filePath":"Benchmarks/Study_SamplesSet/aacfbbeb9423f57cd53245f7d0de0e0e.sol"},{"line":222,"column":45,"severity":"Error","message":"Use \"keccak256\" instead of deprecated \"sha3\"","ruleId":"avoid-sha3","filePath":"Benchmarks/Study_SamplesSet/aacfbbeb9423f57cd53245f7d0de0e0e.sol"},{"line":223,"column":7,"severity":"Warning","message":"Provide an error message for revert","ruleId":"reason-string","fix":null,"filePath":"Benchmarks/Study_SamplesSet/aacfbbeb9423f57cd53245f7d0de0e0e.sol"},{"line":223,"column":7,"severity":"Warning","message":"Use Custom Errors instead of revert statements","ruleId":"custom-errors","fix":null,"filePath":"Benchmarks/Study_SamplesSet/aacfbbeb9423f57cd53245f7d0de0e0e.sol"},{"line":227,"column":12,"severity":"Error","message":"Avoid to use low level calls.","ruleId":"avoid-low-level-calls","fix":null,"filePath":"Benchmarks/Study_SamplesSet/aacfbbeb9423f57cd53245f7d0de0e0e.sol"},{"line":228,"column":9,"severity":"Warning","message":"Provide an error message for revert","ruleId":"reason-string","fix":null,"filePath":"Benchmarks/Study_SamplesSet/aacfbbeb9423f57cd53245f7d0de0e0e.sol"},{"line":228,"column":9,"severity":"Warning","message":"Use Custom Errors instead of revert statements","ruleId":"custom-errors","fix":null,"filePath":"Benchmarks/Study_SamplesSet/aacfbbeb9423f57cd53245f7d0de0e0e.sol"},{"line":232,"column":12,"severity":"Error","message":"Avoid to use low level calls.","ruleId":"avoid-low-level-calls","fix":null,"filePath":"Benchmarks/Study_SamplesSet/aacfbbeb9423f57cd53245f7d0de0e0e.sol"},{"line":233,"column":9,"severity":"Warning","message":"Provide an error message for revert","ruleId":"reason-string","fix":null,"filePath":"Benchmarks/Study_SamplesSet/aacfbbeb9423f57cd53245f7d0de0e0e.sol"},{"line":233,"column":9,"severity":"Warning","message":"Use Custom Errors instead of revert statements","ruleId":"custom-errors","fix":null,"filePath":"Benchmarks/Study_SamplesSet/aacfbbeb9423f57cd53245f7d0de0e0e.sol"},{"line":236,"column":12,"severity":"Error","message":"Avoid to use low level calls.","ruleId":"avoid-low-level-calls","fix":null,"filePath":"Benchmarks/Study_SamplesSet/aacfbbeb9423f57cd53245f7d0de0e0e.sol"},{"line":237,"column":9,"severity":"Warning","message":"Provide an error message for revert","ruleId":"reason-string","fix":null,"filePath":"Benchmarks/Study_SamplesSet/aacfbbeb9423f57cd53245f7d0de0e0e.sol"},{"line":237,"column":9,"severity":"Warning","message":"Use Custom Errors instead of revert statements","ruleId":"custom-errors","fix":null,"filePath":"Benchmarks/Study_SamplesSet/aacfbbeb9423f57cd53245f7d0de0e0e.sol"},{"line":240,"column":12,"severity":"Error","message":"Avoid to use low level calls.","ruleId":"avoid-low-level-calls","fix":null,"filePath":"Benchmarks/Study_SamplesSet/aacfbbeb9423f57cd53245f7d0de0e0e.sol"},{"line":241,"column":9,"severity":"Warning","message":"Provide an error message for revert","ruleId":"reason-string","fix":null,"filePath":"Benchmarks/Study_SamplesSet/aacfbbeb9423f57cd53245f7d0de0e0e.sol"},{"line":241,"column":9,"severity":"Warning","message":"Use Custom Errors instead of revert statements","ruleId":"custom-errors","fix":null,"filePath":"Benchmarks/Study_SamplesSet/aacfbbeb9423f57cd53245f7d0de0e0e.sol"},{"line":243,"column":36,"severity":"Warning","message":"Visibility modifier must be first in list of modifiers","ruleId":"visibility-modifier-order","fix":null,"filePath":"Benchmarks/Study_SamplesSet/aacfbbeb9423f57cd53245f7d0de0e0e.sol"},{"line":244,"column":12,"severity":"Error","message":"Avoid to use low level calls.","ruleId":"avoid-low-level-calls","fix":null,"filePath":"Benchmarks/Study_SamplesSet/aacfbbeb9423f57cd53245f7d0de0e0e.sol"},{"line":245,"column":9,"severity":"Warning","message":"Provide an error message for revert","ruleId":"reason-string","fix":null,"filePath":"Benchmarks/Study_SamplesSet/aacfbbeb9423f57cd53245f7d0de0e0e.sol"},{"line":245,"column":9,"severity":"Warning","message":"Use Custom Errors instead of revert statements","ruleId":"custom-errors","fix":null,"filePath":"Benchmarks/Study_SamplesSet/aacfbbeb9423f57cd53245f7d0de0e0e.sol"},{"conclusion":"85 problem/s (29 error/s, 56 warning/s)"}]
