[{"line":1,"column":1,"severity":"Warning","message":"Found more than One contract per file. 4 contracts found!","ruleId":"one-contract-per-file","fix":null,"filePath":"Benchmarks/Study_SamplesSet/aedb904ae894f07b5bc5bfcc94fa4c9e.sol"},{"line":1,"column":1,"severity":"Error","message":"Compiler version ^0.4.18 does not satisfy the ^0.8.0 semver requirement","ruleId":"compiler-version","fix":null,"filePath":"Benchmarks/Study_SamplesSet/aedb904ae894f07b5bc5bfcc94fa4c9e.sol"},{"line":28,"column":5,"severity":"Error","message":"Explicitly mark visibility in function","ruleId":"func-visibility","fix":null,"filePath":"Benchmarks/Study_SamplesSet/aedb904ae894f07b5bc5bfcc94fa4c9e.sol"},{"line":29,"column":5,"severity":"Error","message":"Explicitly mark visibility in function","ruleId":"func-visibility","fix":null,"filePath":"Benchmarks/Study_SamplesSet/aedb904ae894f07b5bc5bfcc94fa4c9e.sol"},{"line":30,"column":5,"severity":"Error","message":"Explicitly mark visibility in function","ruleId":"func-visibility","fix":null,"filePath":"Benchmarks/Study_SamplesSet/aedb904ae894f07b5bc5bfcc94fa4c9e.sol"},{"line":31,"column":5,"severity":"Error","message":"Explicitly mark visibility in function","ruleId":"func-visibility","fix":null,"filePath":"Benchmarks/Study_SamplesSet/aedb904ae894f07b5bc5bfcc94fa4c9e.sol"},{"line":32,"column":5,"severity":"Error","message":"Explicitly mark visibility in function","ruleId":"func-visibility","fix":null,"filePath":"Benchmarks/Study_SamplesSet/aedb904ae894f07b5bc5bfcc94fa4c9e.sol"},{"line":41,"column":5,"severity":"Error","message":"Explicitly mark visibility in function","ruleId":"func-visibility","fix":null,"filePath":"Benchmarks/Study_SamplesSet/aedb904ae894f07b5bc5bfcc94fa4c9e.sol"},{"line":45,"column":9,"severity":"Error","message":"Explicitly mark all external contracts as trusted or untrusted","ruleId":"mark-callable-contracts","filePath":"Benchmarks/Study_SamplesSet/aedb904ae894f07b5bc5bfcc94fa4c9e.sol"},{"line":52,"column":5,"severity":"Error","message":"Explicitly mark visibility in function","ruleId":"func-visibility","fix":null,"filePath":"Benchmarks/Study_SamplesSet/aedb904ae894f07b5bc5bfcc94fa4c9e.sol"},{"line":57,"column":9,"severity":"Error","message":"Explicitly mark all external contracts as trusted or untrusted","ruleId":"mark-callable-contracts","filePath":"Benchmarks/Study_SamplesSet/aedb904ae894f07b5bc5bfcc94fa4c9e.sol"},{"line":64,"column":5,"severity":"Error","message":"Explicitly mark visibility in function","ruleId":"func-visibility","fix":null,"filePath":"Benchmarks/Study_SamplesSet/aedb904ae894f07b5bc5bfcc94fa4c9e.sol"},{"line":68,"column":5,"severity":"Error","message":"Explicitly mark visibility in function","ruleId":"func-visibility","fix":null,"filePath":"Benchmarks/Study_SamplesSet/aedb904ae894f07b5bc5bfcc94fa4c9e.sol"},{"line":70,"column":9,"severity":"Error","message":"Explicitly mark all external contracts as trusted or untrusted","ruleId":"mark-callable-contracts","filePath":"Benchmarks/Study_SamplesSet/aedb904ae894f07b5bc5bfcc94fa4c9e.sol"},{"line":74,"column":5,"severity":"Error","message":"Explicitly mark visibility in function","ruleId":"func-visibility","fix":null,"filePath":"Benchmarks/Study_SamplesSet/aedb904ae894f07b5bc5bfcc94fa4c9e.sol"},{"line":78,"column":5,"severity":"Error","message":"Explicitly mark visibility of state","ruleId":"state-visibility","fix":null,"filePath":"Benchmarks/Study_SamplesSet/aedb904ae894f07b5bc5bfcc94fa4c9e.sol"},{"line":79,"column":5,"severity":"Error","message":"Explicitly mark visibility of state","ruleId":"state-visibility","fix":null,"filePath":"Benchmarks/Study_SamplesSet/aedb904ae894f07b5bc5bfcc94fa4c9e.sol"},{"line":84,"column":5,"severity":"Warning","message":"Constant name must be in capitalized SNAKE_CASE","ruleId":"const-name-snakecase","fix":null,"filePath":"Benchmarks/Study_SamplesSet/aedb904ae894f07b5bc5bfcc94fa4c9e.sol"},{"line":85,"column":5,"severity":"Warning","message":"Constant name must be in capitalized SNAKE_CASE","ruleId":"const-name-snakecase","fix":null,"filePath":"Benchmarks/Study_SamplesSet/aedb904ae894f07b5bc5bfcc94fa4c9e.sol"},{"line":86,"column":5,"severity":"Warning","message":"Constant name must be in capitalized SNAKE_CASE","ruleId":"const-name-snakecase","fix":null,"filePath":"Benchmarks/Study_SamplesSet/aedb904ae894f07b5bc5bfcc94fa4c9e.sol"},{"line":96,"column":5,"severity":"Warning","message":"Constant name must be in capitalized SNAKE_CASE","ruleId":"const-name-snakecase","fix":null,"filePath":"Benchmarks/Study_SamplesSet/aedb904ae894f07b5bc5bfcc94fa4c9e.sol"},{"line":97,"column":5,"severity":"Warning","message":"Constant name must be in capitalized SNAKE_CASE","ruleId":"const-name-snakecase","fix":null,"filePath":"Benchmarks/Study_SamplesSet/aedb904ae894f07b5bc5bfcc94fa4c9e.sol"},{"line":98,"column":5,"severity":"Warning","message":"Constant name must be in capitalized SNAKE_CASE","ruleId":"const-name-snakecase","fix":null,"filePath":"Benchmarks/Study_SamplesSet/aedb904ae894f07b5bc5bfcc94fa4c9e.sol"},{"line":100,"column":5,"severity":"Error","message":"Explicitly mark visibility in function","ruleId":"func-visibility","fix":null,"filePath":"Benchmarks/Study_SamplesSet/aedb904ae894f07b5bc5bfcc94fa4c9e.sol"},{"line":100,"column":43,"severity":"Warning","message":"Rule is set with explicit type [var/s: uint]","ruleId":"explicit-types","filePath":"Benchmarks/Study_SamplesSet/aedb904ae894f07b5bc5bfcc94fa4c9e.sol"},{"line":104,"column":5,"severity":"Warning","message":"Constant name must be in capitalized SNAKE_CASE","ruleId":"const-name-snakecase","fix":null,"filePath":"Benchmarks/Study_SamplesSet/aedb904ae894f07b5bc5bfcc94fa4c9e.sol"},{"line":111,"column":5,"severity":"Error","message":"Explicitly mark visibility in function (Set ignoreConstructors to true if using solidity >=0.7.0)","ruleId":"func-visibility","fix":null,"filePath":"Benchmarks/Study_SamplesSet/aedb904ae894f07b5bc5bfcc94fa4c9e.sol"},{"line":127,"column":7,"severity":"Error","message":"Explicitly mark all external contracts as trusted or untrusted","ruleId":"mark-callable-contracts","filePath":"Benchmarks/Study_SamplesSet/aedb904ae894f07b5bc5bfcc94fa4c9e.sol"},{"line":128,"column":7,"severity":"Error","message":"Explicitly mark all external contracts as trusted or untrusted","ruleId":"mark-callable-contracts","filePath":"Benchmarks/Study_SamplesSet/aedb904ae894f07b5bc5bfcc94fa4c9e.sol"},{"line":132,"column":5,"severity":"Error","message":"Explicitly mark visibility in function","ruleId":"func-visibility","fix":null,"filePath":"Benchmarks/Study_SamplesSet/aedb904ae894f07b5bc5bfcc94fa4c9e.sol"},{"line":133,"column":24,"severity":"Error","message":"\"throw\" is deprecated, avoid to use it","ruleId":"avoid-throw","filePath":"Benchmarks/Study_SamplesSet/aedb904ae894f07b5bc5bfcc94fa4c9e.sol"},{"line":134,"column":11,"severity":"Error","message":"Avoid making time-based decisions in your business logic","ruleId":"not-rely-on-time","fix":null,"filePath":"Benchmarks/Study_SamplesSet/aedb904ae894f07b5bc5bfcc94fa4c9e.sol"},{"line":134,"column":56,"severity":"Error","message":"\"throw\" is deprecated, avoid to use it","ruleId":"avoid-throw","filePath":"Benchmarks/Study_SamplesSet/aedb904ae894f07b5bc5bfcc94fa4c9e.sol"},{"line":135,"column":11,"severity":"Error","message":"Avoid making time-based decisions in your business logic","ruleId":"not-rely-on-time","fix":null,"filePath":"Benchmarks/Study_SamplesSet/aedb904ae894f07b5bc5bfcc94fa4c9e.sol"},{"line":135,"column":54,"severity":"Error","message":"\"throw\" is deprecated, avoid to use it","ruleId":"avoid-throw","filePath":"Benchmarks/Study_SamplesSet/aedb904ae894f07b5bc5bfcc94fa4c9e.sol"},{"line":136,"column":60,"severity":"Error","message":"\"throw\" is deprecated, avoid to use it","ruleId":"avoid-throw","filePath":"Benchmarks/Study_SamplesSet/aedb904ae894f07b5bc5bfcc94fa4c9e.sol"},{"line":142,"column":45,"severity":"Error","message":"\"throw\" is deprecated, avoid to use it","ruleId":"avoid-throw","filePath":"Benchmarks/Study_SamplesSet/aedb904ae894f07b5bc5bfcc94fa4c9e.sol"},{"line":146,"column":7,"severity":"Error","message":"Explicitly mark all external contracts as trusted or untrusted","ruleId":"mark-callable-contracts","filePath":"Benchmarks/Study_SamplesSet/aedb904ae894f07b5bc5bfcc94fa4c9e.sol"},{"line":149,"column":5,"severity":"Error","message":"Explicitly mark visibility in function","ruleId":"func-visibility","fix":null,"filePath":"Benchmarks/Study_SamplesSet/aedb904ae894f07b5bc5bfcc94fa4c9e.sol"},{"line":154,"column":24,"severity":"Error","message":"\"throw\" is deprecated, avoid to use it","ruleId":"avoid-throw","filePath":"Benchmarks/Study_SamplesSet/aedb904ae894f07b5bc5bfcc94fa4c9e.sol"},{"line":155,"column":41,"severity":"Error","message":"\"throw\" is deprecated, avoid to use it","ruleId":"avoid-throw","filePath":"Benchmarks/Study_SamplesSet/aedb904ae894f07b5bc5bfcc94fa4c9e.sol"},{"line":157,"column":10,"severity":"Error","message":"Avoid making time-based decisions in your business logic","ruleId":"not-rely-on-time","fix":null,"filePath":"Benchmarks/Study_SamplesSet/aedb904ae894f07b5bc5bfcc94fa4c9e.sol"},{"line":157,"column":89,"severity":"Error","message":"\"throw\" is deprecated, avoid to use it","ruleId":"avoid-throw","filePath":"Benchmarks/Study_SamplesSet/aedb904ae894f07b5bc5bfcc94fa4c9e.sol"},{"line":160,"column":46,"severity":"Error","message":"\"throw\" is deprecated, avoid to use it","ruleId":"avoid-throw","filePath":"Benchmarks/Study_SamplesSet/aedb904ae894f07b5bc5bfcc94fa4c9e.sol"},{"conclusion":"44 problem/s (35 error/s, 9 warning/s)"}]
