[{"line":1,"column":1,"severity":"Error","message":"Compiler version ^0.4.7 does not satisfy the ^0.8.0 semver requirement","ruleId":"compiler-version","fix":null,"filePath":"Benchmarks/Study_SamplesSet/b0ed6a87bfe3f7d8df5db0e3783c8ded.sol"},{"line":4,"column":5,"severity":"Error","message":"Explicitly mark visibility of state","ruleId":"state-visibility","fix":null,"filePath":"Benchmarks/Study_SamplesSet/b0ed6a87bfe3f7d8df5db0e3783c8ded.sol"},{"line":8,"column":5,"severity":"Warning","message":"Rule is set with explicit type [var/s: uint]","ruleId":"explicit-types","filePath":"Benchmarks/Study_SamplesSet/b0ed6a87bfe3f7d8df5db0e3783c8ded.sol"},{"line":10,"column":5,"severity":"Warning","message":"Rule is set with explicit type [var/s: uint]","ruleId":"explicit-types","filePath":"Benchmarks/Study_SamplesSet/b0ed6a87bfe3f7d8df5db0e3783c8ded.sol"},{"line":12,"column":5,"severity":"Warning","message":"Rule is set with explicit type [var/s: uint]","ruleId":"explicit-types","filePath":"Benchmarks/Study_SamplesSet/b0ed6a87bfe3f7d8df5db0e3783c8ded.sol"},{"line":14,"column":5,"severity":"Warning","message":"Rule is set with explicit type [var/s: uint]","ruleId":"explicit-types","filePath":"Benchmarks/Study_SamplesSet/b0ed6a87bfe3f7d8df5db0e3783c8ded.sol"},{"line":15,"column":5,"severity":"Warning","message":"Rule is set with explicit type [var/s: uint]","ruleId":"explicit-types","filePath":"Benchmarks/Study_SamplesSet/b0ed6a87bfe3f7d8df5db0e3783c8ded.sol"},{"line":19,"column":43,"severity":"Warning","message":"Rule is set with explicit type [var/s: uint]","ruleId":"explicit-types","filePath":"Benchmarks/Study_SamplesSet/b0ed6a87bfe3f7d8df5db0e3783c8ded.sol"},{"line":21,"column":20,"severity":"Warning","message":"Rule is set with explicit type [var/s: uint]","ruleId":"explicit-types","filePath":"Benchmarks/Study_SamplesSet/b0ed6a87bfe3f7d8df5db0e3783c8ded.sol"},{"line":24,"column":5,"severity":"Error","message":"Explicitly mark visibility in function (Set ignoreConstructors to true if using solidity >=0.7.0)","ruleId":"func-visibility","fix":null,"filePath":"Benchmarks/Study_SamplesSet/b0ed6a87bfe3f7d8df5db0e3783c8ded.sol"},{"line":34,"column":6,"severity":"Error","message":"Explicitly mark visibility in function","ruleId":"func-visibility","fix":null,"filePath":"Benchmarks/Study_SamplesSet/b0ed6a87bfe3f7d8df5db0e3783c8ded.sol"},{"line":35,"column":21,"severity":"Error","message":"\"throw\" is deprecated, avoid to use it","ruleId":"avoid-throw","filePath":"Benchmarks/Study_SamplesSet/b0ed6a87bfe3f7d8df5db0e3783c8ded.sol"},{"line":36,"column":34,"severity":"Error","message":"\"throw\" is deprecated, avoid to use it","ruleId":"avoid-throw","filePath":"Benchmarks/Study_SamplesSet/b0ed6a87bfe3f7d8df5db0e3783c8ded.sol"},{"line":42,"column":9,"severity":"Error","message":"Explicitly mark all external contracts as trusted or untrusted","ruleId":"mark-callable-contracts","filePath":"Benchmarks/Study_SamplesSet/b0ed6a87bfe3f7d8df5db0e3783c8ded.sol"},{"line":48,"column":6,"severity":"Error","message":"Explicitly mark visibility in function","ruleId":"func-visibility","fix":null,"filePath":"Benchmarks/Study_SamplesSet/b0ed6a87bfe3f7d8df5db0e3783c8ded.sol"},{"line":57,"column":31,"severity":"Warning","message":"Rule is set with explicit type [var/s: uint]","ruleId":"explicit-types","filePath":"Benchmarks/Study_SamplesSet/b0ed6a87bfe3f7d8df5db0e3783c8ded.sol"},{"line":57,"column":43,"severity":"Warning","message":"Rule is set with explicit type [var/s: uint]","ruleId":"explicit-types","filePath":"Benchmarks/Study_SamplesSet/b0ed6a87bfe3f7d8df5db0e3783c8ded.sol"},{"line":57,"column":72,"severity":"Warning","message":"Rule is set with explicit type [var/s: uint]","ruleId":"explicit-types","filePath":"Benchmarks/Study_SamplesSet/b0ed6a87bfe3f7d8df5db0e3783c8ded.sol"},{"line":59,"column":14,"severity":"Warning","message":"Rule is set with explicit type [var/s: uint]","ruleId":"explicit-types","filePath":"Benchmarks/Study_SamplesSet/b0ed6a87bfe3f7d8df5db0e3783c8ded.sol"},{"line":61,"column":17,"severity":"Warning","message":"Rule is set with explicit type [var/s: uint]","ruleId":"explicit-types","filePath":"Benchmarks/Study_SamplesSet/b0ed6a87bfe3f7d8df5db0e3783c8ded.sol"},{"line":63,"column":21,"severity":"Warning","message":"Rule is set with explicit type [var/s: uint]","ruleId":"explicit-types","filePath":"Benchmarks/Study_SamplesSet/b0ed6a87bfe3f7d8df5db0e3783c8ded.sol"},{"line":75,"column":6,"severity":"Error","message":"Explicitly mark visibility in function","ruleId":"func-visibility","fix":null,"filePath":"Benchmarks/Study_SamplesSet/b0ed6a87bfe3f7d8df5db0e3783c8ded.sol"},{"line":77,"column":14,"severity":"Error","message":"Check result of \"send\" call","ruleId":"check-send-result","fix":null,"filePath":"Benchmarks/Study_SamplesSet/b0ed6a87bfe3f7d8df5db0e3783c8ded.sol"},{"line":84,"column":6,"severity":"Error","message":"Explicitly mark visibility in function","ruleId":"func-visibility","fix":null,"filePath":"Benchmarks/Study_SamplesSet/b0ed6a87bfe3f7d8df5db0e3783c8ded.sol"},{"line":86,"column":9,"severity":"Error","message":"Explicitly mark all external contracts as trusted or untrusted","ruleId":"mark-callable-contracts","filePath":"Benchmarks/Study_SamplesSet/b0ed6a87bfe3f7d8df5db0e3783c8ded.sol"},{"line":92,"column":41,"severity":"Warning","message":"Rule is set with explicit type [var/s: uint]","ruleId":"explicit-types","filePath":"Benchmarks/Study_SamplesSet/b0ed6a87bfe3f7d8df5db0e3783c8ded.sol"},{"line":96,"column":55,"severity":"Error","message":"\"throw\" is deprecated, avoid to use it","ruleId":"avoid-throw","filePath":"Benchmarks/Study_SamplesSet/b0ed6a87bfe3f7d8df5db0e3783c8ded.sol"},{"line":99,"column":13,"severity":"Warning","message":"Rule is set with explicit type [var/s: uint]","ruleId":"explicit-types","filePath":"Benchmarks/Study_SamplesSet/b0ed6a87bfe3f7d8df5db0e3783c8ded.sol"},{"line":100,"column":13,"severity":"Error","message":"Possible reentrancy vulnerabilities. Avoid state changes after transfer.","ruleId":"reentrancy","fix":null,"filePath":"Benchmarks/Study_SamplesSet/b0ed6a87bfe3f7d8df5db0e3783c8ded.sol"},{"line":101,"column":17,"severity":"Error","message":"Avoid multiple calls of \"send\" method in single transaction","ruleId":"multiple-sends","fix":null,"filePath":"Benchmarks/Study_SamplesSet/b0ed6a87bfe3f7d8df5db0e3783c8ded.sol"},{"line":101,"column":53,"severity":"Error","message":"\"throw\" is deprecated, avoid to use it","ruleId":"avoid-throw","filePath":"Benchmarks/Study_SamplesSet/b0ed6a87bfe3f7d8df5db0e3783c8ded.sol"},{"line":111,"column":6,"severity":"Error","message":"Explicitly mark visibility in function","ruleId":"func-visibility","fix":null,"filePath":"Benchmarks/Study_SamplesSet/b0ed6a87bfe3f7d8df5db0e3783c8ded.sol"},{"line":111,"column":50,"severity":"Warning","message":"Rule is set with explicit type [var/s: uint]","ruleId":"explicit-types","filePath":"Benchmarks/Study_SamplesSet/b0ed6a87bfe3f7d8df5db0e3783c8ded.sol"},{"line":116,"column":6,"severity":"Error","message":"Explicitly mark visibility in function","ruleId":"func-visibility","fix":null,"filePath":"Benchmarks/Study_SamplesSet/b0ed6a87bfe3f7d8df5db0e3783c8ded.sol"},{"line":122,"column":6,"severity":"Error","message":"Explicitly mark visibility in function","ruleId":"func-visibility","fix":null,"filePath":"Benchmarks/Study_SamplesSet/b0ed6a87bfe3f7d8df5db0e3783c8ded.sol"},{"conclusion":"35 problem/s (19 error/s, 16 warning/s)"}]
