[{"line":1,"column":1,"severity":"Error","message":"Compiler version ^0.4.16 does not satisfy the ^0.8.0 semver requirement","ruleId":"compiler-version","fix":null,"filePath":"Benchmarks/Study_SamplesSet/b56b48ea2a51f48a769eaa6609797a3d.sol"},{"line":3,"column":1,"severity":"Warning","message":"Contract, Structs and Enums should be in CamelCase","ruleId":"contract-name-camelcase","filePath":"Benchmarks/Study_SamplesSet/b56b48ea2a51f48a769eaa6609797a3d.sol"},{"line":31,"column":16,"severity":"Error","message":"Use double quotes for string literals","ruleId":"quotes","filePath":"Benchmarks/Study_SamplesSet/b56b48ea2a51f48a769eaa6609797a3d.sol"},{"line":32,"column":18,"severity":"Error","message":"Use double quotes for string literals","ruleId":"quotes","filePath":"Benchmarks/Study_SamplesSet/b56b48ea2a51f48a769eaa6609797a3d.sol"},{"line":38,"column":52,"severity":"Warning","message":"Rule is set with explicit type [var/s: uint]","ruleId":"explicit-types","filePath":"Benchmarks/Study_SamplesSet/b56b48ea2a51f48a769eaa6609797a3d.sol"},{"line":40,"column":9,"severity":"Warning","message":"Provide an error message for require","ruleId":"reason-string","fix":null,"filePath":"Benchmarks/Study_SamplesSet/b56b48ea2a51f48a769eaa6609797a3d.sol"},{"line":40,"column":9,"severity":"Warning","message":"Use Custom Errors instead of require statements","ruleId":"custom-errors","fix":null,"filePath":"Benchmarks/Study_SamplesSet/b56b48ea2a51f48a769eaa6609797a3d.sol"},{"line":42,"column":9,"severity":"Warning","message":"Provide an error message for require","ruleId":"reason-string","fix":null,"filePath":"Benchmarks/Study_SamplesSet/b56b48ea2a51f48a769eaa6609797a3d.sol"},{"line":42,"column":9,"severity":"Warning","message":"Use Custom Errors instead of require statements","ruleId":"custom-errors","fix":null,"filePath":"Benchmarks/Study_SamplesSet/b56b48ea2a51f48a769eaa6609797a3d.sol"},{"line":44,"column":9,"severity":"Warning","message":"Provide an error message for require","ruleId":"reason-string","fix":null,"filePath":"Benchmarks/Study_SamplesSet/b56b48ea2a51f48a769eaa6609797a3d.sol"},{"line":44,"column":9,"severity":"Warning","message":"Use Custom Errors instead of require statements","ruleId":"custom-errors","fix":null,"filePath":"Benchmarks/Study_SamplesSet/b56b48ea2a51f48a769eaa6609797a3d.sol"},{"line":46,"column":9,"severity":"Warning","message":"Rule is set with explicit type [var/s: uint]","ruleId":"explicit-types","filePath":"Benchmarks/Study_SamplesSet/b56b48ea2a51f48a769eaa6609797a3d.sol"},{"line":51,"column":9,"severity":"Error","message":"Explicitly mark all external contracts as trusted or untrusted","ruleId":"mark-callable-contracts","filePath":"Benchmarks/Study_SamplesSet/b56b48ea2a51f48a769eaa6609797a3d.sol"},{"line":78,"column":9,"severity":"Warning","message":"Provide an error message for require","ruleId":"reason-string","fix":null,"filePath":"Benchmarks/Study_SamplesSet/b56b48ea2a51f48a769eaa6609797a3d.sol"},{"line":78,"column":9,"severity":"Warning","message":"Use Custom Errors instead of require statements","ruleId":"custom-errors","fix":null,"filePath":"Benchmarks/Study_SamplesSet/b56b48ea2a51f48a769eaa6609797a3d.sol"},{"line":125,"column":9,"severity":"Warning","message":"Provide an error message for require","ruleId":"reason-string","fix":null,"filePath":"Benchmarks/Study_SamplesSet/b56b48ea2a51f48a769eaa6609797a3d.sol"},{"line":125,"column":9,"severity":"Warning","message":"Use Custom Errors instead of require statements","ruleId":"custom-errors","fix":null,"filePath":"Benchmarks/Study_SamplesSet/b56b48ea2a51f48a769eaa6609797a3d.sol"},{"line":128,"column":9,"severity":"Error","message":"Explicitly mark all external contracts as trusted or untrusted","ruleId":"mark-callable-contracts","filePath":"Benchmarks/Study_SamplesSet/b56b48ea2a51f48a769eaa6609797a3d.sol"},{"line":141,"column":9,"severity":"Warning","message":"Provide an error message for require","ruleId":"reason-string","fix":null,"filePath":"Benchmarks/Study_SamplesSet/b56b48ea2a51f48a769eaa6609797a3d.sol"},{"line":141,"column":9,"severity":"Warning","message":"Use Custom Errors instead of require statements","ruleId":"custom-errors","fix":null,"filePath":"Benchmarks/Study_SamplesSet/b56b48ea2a51f48a769eaa6609797a3d.sol"},{"line":142,"column":9,"severity":"Warning","message":"Provide an error message for require","ruleId":"reason-string","fix":null,"filePath":"Benchmarks/Study_SamplesSet/b56b48ea2a51f48a769eaa6609797a3d.sol"},{"line":142,"column":9,"severity":"Warning","message":"Use Custom Errors instead of require statements","ruleId":"custom-errors","fix":null,"filePath":"Benchmarks/Study_SamplesSet/b56b48ea2a51f48a769eaa6609797a3d.sol"},{"line":146,"column":9,"severity":"Error","message":"Explicitly mark all external contracts as trusted or untrusted","ruleId":"mark-callable-contracts","filePath":"Benchmarks/Study_SamplesSet/b56b48ea2a51f48a769eaa6609797a3d.sol"},{"conclusion":"23 problem/s (6 error/s, 17 warning/s)"}]
