[{"line":5,"column":1,"severity":"Warning","message":"Found more than One contract per file. 5 contracts found!","ruleId":"one-contract-per-file","fix":null,"filePath":"Benchmarks/Study_SamplesSet/b573dbf75be1f453678ff395fed3e2bb.sol"},{"line":5,"column":1,"severity":"Error","message":"Compiler version ^0.5.0 does not satisfy the ^0.8.0 semver requirement","ruleId":"compiler-version","fix":null,"filePath":"Benchmarks/Study_SamplesSet/b573dbf75be1f453678ff395fed3e2bb.sol"},{"line":9,"column":18,"severity":"Warning","message":"Rule is set with explicit type [var/s: uint]","ruleId":"explicit-types","filePath":"Benchmarks/Study_SamplesSet/b573dbf75be1f453678ff395fed3e2bb.sol"},{"line":9,"column":26,"severity":"Warning","message":"Rule is set with explicit type [var/s: uint]","ruleId":"explicit-types","filePath":"Benchmarks/Study_SamplesSet/b573dbf75be1f453678ff395fed3e2bb.sol"},{"line":9,"column":57,"severity":"Warning","message":"Rule is set with explicit type [var/s: uint]","ruleId":"explicit-types","filePath":"Benchmarks/Study_SamplesSet/b573dbf75be1f453678ff395fed3e2bb.sol"},{"line":11,"column":9,"severity":"Warning","message":"Provide an error message for require","ruleId":"reason-string","fix":null,"filePath":"Benchmarks/Study_SamplesSet/b573dbf75be1f453678ff395fed3e2bb.sol"},{"line":11,"column":9,"severity":"Warning","message":"Use Custom Errors instead of require statements","ruleId":"custom-errors","fix":null,"filePath":"Benchmarks/Study_SamplesSet/b573dbf75be1f453678ff395fed3e2bb.sol"},{"line":13,"column":18,"severity":"Warning","message":"Rule is set with explicit type [var/s: uint]","ruleId":"explicit-types","filePath":"Benchmarks/Study_SamplesSet/b573dbf75be1f453678ff395fed3e2bb.sol"},{"line":13,"column":26,"severity":"Warning","message":"Rule is set with explicit type [var/s: uint]","ruleId":"explicit-types","filePath":"Benchmarks/Study_SamplesSet/b573dbf75be1f453678ff395fed3e2bb.sol"},{"line":13,"column":57,"severity":"Warning","message":"Rule is set with explicit type [var/s: uint]","ruleId":"explicit-types","filePath":"Benchmarks/Study_SamplesSet/b573dbf75be1f453678ff395fed3e2bb.sol"},{"line":14,"column":9,"severity":"Warning","message":"Provide an error message for require","ruleId":"reason-string","fix":null,"filePath":"Benchmarks/Study_SamplesSet/b573dbf75be1f453678ff395fed3e2bb.sol"},{"line":14,"column":9,"severity":"Warning","message":"Use Custom Errors instead of require statements","ruleId":"custom-errors","fix":null,"filePath":"Benchmarks/Study_SamplesSet/b573dbf75be1f453678ff395fed3e2bb.sol"},{"line":17,"column":18,"severity":"Warning","message":"Rule is set with explicit type [var/s: uint]","ruleId":"explicit-types","filePath":"Benchmarks/Study_SamplesSet/b573dbf75be1f453678ff395fed3e2bb.sol"},{"line":17,"column":26,"severity":"Warning","message":"Rule is set with explicit type [var/s: uint]","ruleId":"explicit-types","filePath":"Benchmarks/Study_SamplesSet/b573dbf75be1f453678ff395fed3e2bb.sol"},{"line":17,"column":57,"severity":"Warning","message":"Rule is set with explicit type [var/s: uint]","ruleId":"explicit-types","filePath":"Benchmarks/Study_SamplesSet/b573dbf75be1f453678ff395fed3e2bb.sol"},{"line":19,"column":9,"severity":"Warning","message":"Provide an error message for require","ruleId":"reason-string","fix":null,"filePath":"Benchmarks/Study_SamplesSet/b573dbf75be1f453678ff395fed3e2bb.sol"},{"line":19,"column":9,"severity":"Warning","message":"Use Custom Errors instead of require statements","ruleId":"custom-errors","fix":null,"filePath":"Benchmarks/Study_SamplesSet/b573dbf75be1f453678ff395fed3e2bb.sol"},{"line":21,"column":18,"severity":"Warning","message":"Rule is set with explicit type [var/s: uint]","ruleId":"explicit-types","filePath":"Benchmarks/Study_SamplesSet/b573dbf75be1f453678ff395fed3e2bb.sol"},{"line":21,"column":26,"severity":"Warning","message":"Rule is set with explicit type [var/s: uint]","ruleId":"explicit-types","filePath":"Benchmarks/Study_SamplesSet/b573dbf75be1f453678ff395fed3e2bb.sol"},{"line":21,"column":57,"severity":"Warning","message":"Rule is set with explicit type [var/s: uint]","ruleId":"explicit-types","filePath":"Benchmarks/Study_SamplesSet/b573dbf75be1f453678ff395fed3e2bb.sol"},{"line":22,"column":9,"severity":"Warning","message":"Provide an error message for require","ruleId":"reason-string","fix":null,"filePath":"Benchmarks/Study_SamplesSet/b573dbf75be1f453678ff395fed3e2bb.sol"},{"line":22,"column":9,"severity":"Warning","message":"Use Custom Errors instead of require statements","ruleId":"custom-errors","fix":null,"filePath":"Benchmarks/Study_SamplesSet/b573dbf75be1f453678ff395fed3e2bb.sol"},{"line":28,"column":49,"severity":"Warning","message":"Rule is set with explicit type [var/s: uint]","ruleId":"explicit-types","filePath":"Benchmarks/Study_SamplesSet/b573dbf75be1f453678ff395fed3e2bb.sol"},{"line":29,"column":1,"severity":"Warning","message":"Function name must be in mixedCase","ruleId":"func-name-mixedcase","fix":null,"filePath":"Benchmarks/Study_SamplesSet/b573dbf75be1f453678ff395fed3e2bb.sol"},{"line":29,"column":54,"severity":"Warning","message":"Rule is set with explicit type [var/s: uint]","ruleId":"explicit-types","filePath":"Benchmarks/Study_SamplesSet/b573dbf75be1f453678ff395fed3e2bb.sol"},{"line":29,"column":66,"severity":"Warning","message":"Variable name must be in mixedCase","ruleId":"var-name-mixedcase","fix":null,"filePath":"Benchmarks/Study_SamplesSet/b573dbf75be1f453678ff395fed3e2bb.sol"},{"line":30,"column":2,"severity":"Warning","message":"Provide an error message for require","ruleId":"reason-string","fix":null,"filePath":"Benchmarks/Study_SamplesSet/b573dbf75be1f453678ff395fed3e2bb.sol"},{"line":30,"column":2,"severity":"Warning","message":"Use Custom Errors instead of require statements","ruleId":"custom-errors","fix":null,"filePath":"Benchmarks/Study_SamplesSet/b573dbf75be1f453678ff395fed3e2bb.sol"},{"line":30,"column":11,"severity":"Error","message":"Avoid to use tx.origin","ruleId":"avoid-tx-origin","fix":null,"filePath":"Benchmarks/Study_SamplesSet/b573dbf75be1f453678ff395fed3e2bb.sol"},{"line":33,"column":65,"severity":"Warning","message":"Rule is set with explicit type [var/s: uint]","ruleId":"explicit-types","filePath":"Benchmarks/Study_SamplesSet/b573dbf75be1f453678ff395fed3e2bb.sol"},{"line":34,"column":1,"severity":"Warning","message":"Function name must be in mixedCase","ruleId":"func-name-mixedcase","fix":null,"filePath":"Benchmarks/Study_SamplesSet/b573dbf75be1f453678ff395fed3e2bb.sol"},{"line":34,"column":43,"severity":"Warning","message":"Rule is set with explicit type [var/s: uint]","ruleId":"explicit-types","filePath":"Benchmarks/Study_SamplesSet/b573dbf75be1f453678ff395fed3e2bb.sol"},{"line":34,"column":55,"severity":"Warning","message":"Variable name must be in mixedCase","ruleId":"var-name-mixedcase","fix":null,"filePath":"Benchmarks/Study_SamplesSet/b573dbf75be1f453678ff395fed3e2bb.sol"},{"line":35,"column":3,"severity":"Warning","message":"Provide an error message for require","ruleId":"reason-string","fix":null,"filePath":"Benchmarks/Study_SamplesSet/b573dbf75be1f453678ff395fed3e2bb.sol"},{"line":35,"column":3,"severity":"Warning","message":"Use Custom Errors instead of require statements","ruleId":"custom-errors","fix":null,"filePath":"Benchmarks/Study_SamplesSet/b573dbf75be1f453678ff395fed3e2bb.sol"},{"line":35,"column":11,"severity":"Error","message":"Avoid to use tx.origin","ruleId":"avoid-tx-origin","fix":null,"filePath":"Benchmarks/Study_SamplesSet/b573dbf75be1f453678ff395fed3e2bb.sol"},{"line":36,"column":3,"severity":"Error","message":"Avoid to use low level calls.","ruleId":"avoid-low-level-calls","fix":null,"filePath":"Benchmarks/Study_SamplesSet/b573dbf75be1f453678ff395fed3e2bb.sol"},{"line":36,"column":3,"severity":"Error","message":"Avoid to use \".call.value()()\"","ruleId":"avoid-call-value","fix":null,"filePath":"Benchmarks/Study_SamplesSet/b573dbf75be1f453678ff395fed3e2bb.sol"},{"line":38,"column":82,"severity":"Warning","message":"Rule is set with explicit type [var/s: uint]","ruleId":"explicit-types","filePath":"Benchmarks/Study_SamplesSet/b573dbf75be1f453678ff395fed3e2bb.sol"},{"line":39,"column":1,"severity":"Warning","message":"Function name must be in mixedCase","ruleId":"func-name-mixedcase","fix":null,"filePath":"Benchmarks/Study_SamplesSet/b573dbf75be1f453678ff395fed3e2bb.sol"},{"line":39,"column":53,"severity":"Warning","message":"Rule is set with explicit type [var/s: uint]","ruleId":"explicit-types","filePath":"Benchmarks/Study_SamplesSet/b573dbf75be1f453678ff395fed3e2bb.sol"},{"line":39,"column":65,"severity":"Warning","message":"Variable name must be in mixedCase","ruleId":"var-name-mixedcase","fix":null,"filePath":"Benchmarks/Study_SamplesSet/b573dbf75be1f453678ff395fed3e2bb.sol"},{"line":40,"column":2,"severity":"Warning","message":"Provide an error message for require","ruleId":"reason-string","fix":null,"filePath":"Benchmarks/Study_SamplesSet/b573dbf75be1f453678ff395fed3e2bb.sol"},{"line":40,"column":2,"severity":"Warning","message":"Use Custom Errors instead of require statements","ruleId":"custom-errors","fix":null,"filePath":"Benchmarks/Study_SamplesSet/b573dbf75be1f453678ff395fed3e2bb.sol"},{"line":40,"column":11,"severity":"Error","message":"Avoid to use tx.origin","ruleId":"avoid-tx-origin","fix":null,"filePath":"Benchmarks/Study_SamplesSet/b573dbf75be1f453678ff395fed3e2bb.sol"},{"line":43,"column":35,"severity":"Warning","message":"Rule is set with explicit type [var/s: uint]","ruleId":"explicit-types","filePath":"Benchmarks/Study_SamplesSet/b573dbf75be1f453678ff395fed3e2bb.sol"},{"line":44,"column":1,"severity":"Warning","message":"Function name must be in mixedCase","ruleId":"func-name-mixedcase","fix":null,"filePath":"Benchmarks/Study_SamplesSet/b573dbf75be1f453678ff395fed3e2bb.sol"},{"line":44,"column":54,"severity":"Warning","message":"Rule is set with explicit type [var/s: uint]","ruleId":"explicit-types","filePath":"Benchmarks/Study_SamplesSet/b573dbf75be1f453678ff395fed3e2bb.sol"},{"line":44,"column":66,"severity":"Warning","message":"Variable name must be in mixedCase","ruleId":"var-name-mixedcase","fix":null,"filePath":"Benchmarks/Study_SamplesSet/b573dbf75be1f453678ff395fed3e2bb.sol"},{"line":45,"column":2,"severity":"Warning","message":"Provide an error message for require","ruleId":"reason-string","fix":null,"filePath":"Benchmarks/Study_SamplesSet/b573dbf75be1f453678ff395fed3e2bb.sol"},{"line":45,"column":2,"severity":"Warning","message":"Use Custom Errors instead of require statements","ruleId":"custom-errors","fix":null,"filePath":"Benchmarks/Study_SamplesSet/b573dbf75be1f453678ff395fed3e2bb.sol"},{"line":45,"column":11,"severity":"Error","message":"Avoid to use tx.origin","ruleId":"avoid-tx-origin","fix":null,"filePath":"Benchmarks/Study_SamplesSet/b573dbf75be1f453678ff395fed3e2bb.sol"},{"line":48,"column":39,"severity":"Warning","message":"Rule is set with explicit type [var/s: uint]","ruleId":"explicit-types","filePath":"Benchmarks/Study_SamplesSet/b573dbf75be1f453678ff395fed3e2bb.sol"},{"line":49,"column":1,"severity":"Warning","message":"Function name must be in mixedCase","ruleId":"func-name-mixedcase","fix":null,"filePath":"Benchmarks/Study_SamplesSet/b573dbf75be1f453678ff395fed3e2bb.sol"},{"line":49,"column":44,"severity":"Warning","message":"Rule is set with explicit type [var/s: uint]","ruleId":"explicit-types","filePath":"Benchmarks/Study_SamplesSet/b573dbf75be1f453678ff395fed3e2bb.sol"},{"line":49,"column":56,"severity":"Warning","message":"Variable name must be in mixedCase","ruleId":"var-name-mixedcase","fix":null,"filePath":"Benchmarks/Study_SamplesSet/b573dbf75be1f453678ff395fed3e2bb.sol"},{"line":50,"column":3,"severity":"Warning","message":"Provide an error message for require","ruleId":"reason-string","fix":null,"filePath":"Benchmarks/Study_SamplesSet/b573dbf75be1f453678ff395fed3e2bb.sol"},{"line":50,"column":3,"severity":"Warning","message":"Use Custom Errors instead of require statements","ruleId":"custom-errors","fix":null,"filePath":"Benchmarks/Study_SamplesSet/b573dbf75be1f453678ff395fed3e2bb.sol"},{"line":50,"column":11,"severity":"Error","message":"Avoid to use tx.origin","ruleId":"avoid-tx-origin","fix":null,"filePath":"Benchmarks/Study_SamplesSet/b573dbf75be1f453678ff395fed3e2bb.sol"},{"line":51,"column":3,"severity":"Error","message":"Avoid to use low level calls.","ruleId":"avoid-low-level-calls","fix":null,"filePath":"Benchmarks/Study_SamplesSet/b573dbf75be1f453678ff395fed3e2bb.sol"},{"line":51,"column":3,"severity":"Error","message":"Avoid to use \".call.value()()\"","ruleId":"avoid-call-value","fix":null,"filePath":"Benchmarks/Study_SamplesSet/b573dbf75be1f453678ff395fed3e2bb.sol"},{"line":53,"column":53,"severity":"Warning","message":"Rule is set with explicit type [var/s: uint]","ruleId":"explicit-types","filePath":"Benchmarks/Study_SamplesSet/b573dbf75be1f453678ff395fed3e2bb.sol"},{"line":54,"column":1,"severity":"Warning","message":"Function name must be in mixedCase","ruleId":"func-name-mixedcase","fix":null,"filePath":"Benchmarks/Study_SamplesSet/b573dbf75be1f453678ff395fed3e2bb.sol"},{"line":54,"column":60,"severity":"Warning","message":"Variable name must be in mixedCase","ruleId":"var-name-mixedcase","fix":null,"filePath":"Benchmarks/Study_SamplesSet/b573dbf75be1f453678ff395fed3e2bb.sol"},{"line":55,"column":9,"severity":"Warning","message":"Provide an error message for require","ruleId":"reason-string","fix":null,"filePath":"Benchmarks/Study_SamplesSet/b573dbf75be1f453678ff395fed3e2bb.sol"},{"line":55,"column":9,"severity":"Warning","message":"Use Custom Errors instead of require statements","ruleId":"custom-errors","fix":null,"filePath":"Benchmarks/Study_SamplesSet/b573dbf75be1f453678ff395fed3e2bb.sol"},{"line":55,"column":17,"severity":"Error","message":"Avoid to use tx.origin","ruleId":"avoid-tx-origin","fix":null,"filePath":"Benchmarks/Study_SamplesSet/b573dbf75be1f453678ff395fed3e2bb.sol"},{"line":59,"column":3,"severity":"Warning","message":"Function name must be in mixedCase","ruleId":"func-name-mixedcase","fix":null,"filePath":"Benchmarks/Study_SamplesSet/b573dbf75be1f453678ff395fed3e2bb.sol"},{"line":59,"column":46,"severity":"Warning","message":"Rule is set with explicit type [var/s: uint]","ruleId":"explicit-types","filePath":"Benchmarks/Study_SamplesSet/b573dbf75be1f453678ff395fed3e2bb.sol"},{"line":59,"column":58,"severity":"Warning","message":"Variable name must be in mixedCase","ruleId":"var-name-mixedcase","fix":null,"filePath":"Benchmarks/Study_SamplesSet/b573dbf75be1f453678ff395fed3e2bb.sol"},{"line":60,"column":3,"severity":"Warning","message":"Provide an error message for require","ruleId":"reason-string","fix":null,"filePath":"Benchmarks/Study_SamplesSet/b573dbf75be1f453678ff395fed3e2bb.sol"},{"line":60,"column":3,"severity":"Warning","message":"Use Custom Errors instead of require statements","ruleId":"custom-errors","fix":null,"filePath":"Benchmarks/Study_SamplesSet/b573dbf75be1f453678ff395fed3e2bb.sol"},{"line":60,"column":11,"severity":"Error","message":"Avoid to use tx.origin","ruleId":"avoid-tx-origin","fix":null,"filePath":"Benchmarks/Study_SamplesSet/b573dbf75be1f453678ff395fed3e2bb.sol"},{"line":61,"column":3,"severity":"Error","message":"Avoid to use low level calls.","ruleId":"avoid-low-level-calls","fix":null,"filePath":"Benchmarks/Study_SamplesSet/b573dbf75be1f453678ff395fed3e2bb.sol"},{"line":61,"column":3,"severity":"Error","message":"Avoid to use \".call.value()()\"","ruleId":"avoid-call-value","fix":null,"filePath":"Benchmarks/Study_SamplesSet/b573dbf75be1f453678ff395fed3e2bb.sol"},{"line":63,"column":60,"severity":"Warning","message":"Rule is set with explicit type [var/s: uint]","ruleId":"explicit-types","filePath":"Benchmarks/Study_SamplesSet/b573dbf75be1f453678ff395fed3e2bb.sol"},{"line":64,"column":3,"severity":"Warning","message":"Function name must be in mixedCase","ruleId":"func-name-mixedcase","fix":null,"filePath":"Benchmarks/Study_SamplesSet/b573dbf75be1f453678ff395fed3e2bb.sol"},{"line":64,"column":46,"severity":"Warning","message":"Rule is set with explicit type [var/s: uint]","ruleId":"explicit-types","filePath":"Benchmarks/Study_SamplesSet/b573dbf75be1f453678ff395fed3e2bb.sol"},{"line":64,"column":58,"severity":"Warning","message":"Variable name must be in mixedCase","ruleId":"var-name-mixedcase","fix":null,"filePath":"Benchmarks/Study_SamplesSet/b573dbf75be1f453678ff395fed3e2bb.sol"},{"line":65,"column":3,"severity":"Warning","message":"Provide an error message for require","ruleId":"reason-string","fix":null,"filePath":"Benchmarks/Study_SamplesSet/b573dbf75be1f453678ff395fed3e2bb.sol"},{"line":65,"column":3,"severity":"Warning","message":"Use Custom Errors instead of require statements","ruleId":"custom-errors","fix":null,"filePath":"Benchmarks/Study_SamplesSet/b573dbf75be1f453678ff395fed3e2bb.sol"},{"line":65,"column":11,"severity":"Error","message":"Avoid to use tx.origin","ruleId":"avoid-tx-origin","fix":null,"filePath":"Benchmarks/Study_SamplesSet/b573dbf75be1f453678ff395fed3e2bb.sol"},{"line":66,"column":3,"severity":"Error","message":"Avoid to use low level calls.","ruleId":"avoid-low-level-calls","fix":null,"filePath":"Benchmarks/Study_SamplesSet/b573dbf75be1f453678ff395fed3e2bb.sol"},{"line":66,"column":3,"severity":"Error","message":"Avoid to use \".call.value()()\"","ruleId":"avoid-call-value","fix":null,"filePath":"Benchmarks/Study_SamplesSet/b573dbf75be1f453678ff395fed3e2bb.sol"},{"line":68,"column":71,"severity":"Warning","message":"Rule is set with explicit type [var/s: uint]","ruleId":"explicit-types","filePath":"Benchmarks/Study_SamplesSet/b573dbf75be1f453678ff395fed3e2bb.sol"},{"line":74,"column":1,"severity":"Warning","message":"Function name must be in mixedCase","ruleId":"func-name-mixedcase","fix":null,"filePath":"Benchmarks/Study_SamplesSet/b573dbf75be1f453678ff395fed3e2bb.sol"},{"line":74,"column":25,"severity":"Warning","message":"Variable name must be in mixedCase","ruleId":"var-name-mixedcase","fix":null,"filePath":"Benchmarks/Study_SamplesSet/b573dbf75be1f453678ff395fed3e2bb.sol"},{"line":75,"column":9,"severity":"Warning","message":"Provide an error message for require","ruleId":"reason-string","fix":null,"filePath":"Benchmarks/Study_SamplesSet/b573dbf75be1f453678ff395fed3e2bb.sol"},{"line":75,"column":9,"severity":"Warning","message":"Use Custom Errors instead of require statements","ruleId":"custom-errors","fix":null,"filePath":"Benchmarks/Study_SamplesSet/b573dbf75be1f453678ff395fed3e2bb.sol"},{"line":75,"column":17,"severity":"Error","message":"Avoid to use tx.origin","ruleId":"avoid-tx-origin","fix":null,"filePath":"Benchmarks/Study_SamplesSet/b573dbf75be1f453678ff395fed3e2bb.sol"},{"line":81,"column":3,"severity":"Warning","message":"Function name must be in mixedCase","ruleId":"func-name-mixedcase","fix":null,"filePath":"Benchmarks/Study_SamplesSet/b573dbf75be1f453678ff395fed3e2bb.sol"},{"line":81,"column":56,"severity":"Warning","message":"Rule is set with explicit type [var/s: uint]","ruleId":"explicit-types","filePath":"Benchmarks/Study_SamplesSet/b573dbf75be1f453678ff395fed3e2bb.sol"},{"line":81,"column":68,"severity":"Warning","message":"Variable name must be in mixedCase","ruleId":"var-name-mixedcase","fix":null,"filePath":"Benchmarks/Study_SamplesSet/b573dbf75be1f453678ff395fed3e2bb.sol"},{"line":82,"column":2,"severity":"Warning","message":"Provide an error message for require","ruleId":"reason-string","fix":null,"filePath":"Benchmarks/Study_SamplesSet/b573dbf75be1f453678ff395fed3e2bb.sol"},{"line":82,"column":2,"severity":"Warning","message":"Use Custom Errors instead of require statements","ruleId":"custom-errors","fix":null,"filePath":"Benchmarks/Study_SamplesSet/b573dbf75be1f453678ff395fed3e2bb.sol"},{"line":82,"column":11,"severity":"Error","message":"Avoid to use tx.origin","ruleId":"avoid-tx-origin","fix":null,"filePath":"Benchmarks/Study_SamplesSet/b573dbf75be1f453678ff395fed3e2bb.sol"},{"line":86,"column":3,"severity":"Warning","message":"Function name must be in mixedCase","ruleId":"func-name-mixedcase","fix":null,"filePath":"Benchmarks/Study_SamplesSet/b573dbf75be1f453678ff395fed3e2bb.sol"},{"line":86,"column":62,"severity":"Warning","message":"Variable name must be in mixedCase","ruleId":"var-name-mixedcase","fix":null,"filePath":"Benchmarks/Study_SamplesSet/b573dbf75be1f453678ff395fed3e2bb.sol"},{"line":87,"column":9,"severity":"Warning","message":"Provide an error message for require","ruleId":"reason-string","fix":null,"filePath":"Benchmarks/Study_SamplesSet/b573dbf75be1f453678ff395fed3e2bb.sol"},{"line":87,"column":9,"severity":"Warning","message":"Use Custom Errors instead of require statements","ruleId":"custom-errors","fix":null,"filePath":"Benchmarks/Study_SamplesSet/b573dbf75be1f453678ff395fed3e2bb.sol"},{"line":87,"column":17,"severity":"Error","message":"Avoid to use tx.origin","ruleId":"avoid-tx-origin","fix":null,"filePath":"Benchmarks/Study_SamplesSet/b573dbf75be1f453678ff395fed3e2bb.sol"},{"line":92,"column":3,"severity":"Warning","message":"Function name must be in mixedCase","ruleId":"func-name-mixedcase","fix":null,"filePath":"Benchmarks/Study_SamplesSet/b573dbf75be1f453678ff395fed3e2bb.sol"},{"line":92,"column":56,"severity":"Warning","message":"Rule is set with explicit type [var/s: uint]","ruleId":"explicit-types","filePath":"Benchmarks/Study_SamplesSet/b573dbf75be1f453678ff395fed3e2bb.sol"},{"line":92,"column":68,"severity":"Warning","message":"Variable name must be in mixedCase","ruleId":"var-name-mixedcase","fix":null,"filePath":"Benchmarks/Study_SamplesSet/b573dbf75be1f453678ff395fed3e2bb.sol"},{"line":93,"column":2,"severity":"Warning","message":"Provide an error message for require","ruleId":"reason-string","fix":null,"filePath":"Benchmarks/Study_SamplesSet/b573dbf75be1f453678ff395fed3e2bb.sol"},{"line":93,"column":2,"severity":"Warning","message":"Use Custom Errors instead of require statements","ruleId":"custom-errors","fix":null,"filePath":"Benchmarks/Study_SamplesSet/b573dbf75be1f453678ff395fed3e2bb.sol"},{"line":93,"column":11,"severity":"Error","message":"Avoid to use tx.origin","ruleId":"avoid-tx-origin","fix":null,"filePath":"Benchmarks/Study_SamplesSet/b573dbf75be1f453678ff395fed3e2bb.sol"},{"line":101,"column":1,"severity":"Warning","message":"Function name must be in mixedCase","ruleId":"func-name-mixedcase","fix":null,"filePath":"Benchmarks/Study_SamplesSet/b573dbf75be1f453678ff395fed3e2bb.sol"},{"line":101,"column":27,"severity":"Warning","message":"Variable name must be in mixedCase","ruleId":"var-name-mixedcase","fix":null,"filePath":"Benchmarks/Study_SamplesSet/b573dbf75be1f453678ff395fed3e2bb.sol"},{"line":102,"column":9,"severity":"Warning","message":"Provide an error message for require","ruleId":"reason-string","fix":null,"filePath":"Benchmarks/Study_SamplesSet/b573dbf75be1f453678ff395fed3e2bb.sol"},{"line":102,"column":9,"severity":"Warning","message":"Use Custom Errors instead of require statements","ruleId":"custom-errors","fix":null,"filePath":"Benchmarks/Study_SamplesSet/b573dbf75be1f453678ff395fed3e2bb.sol"},{"line":102,"column":17,"severity":"Error","message":"Avoid to use tx.origin","ruleId":"avoid-tx-origin","fix":null,"filePath":"Benchmarks/Study_SamplesSet/b573dbf75be1f453678ff395fed3e2bb.sol"},{"line":106,"column":9,"severity":"Warning","message":"Provide an error message for require","ruleId":"reason-string","fix":null,"filePath":"Benchmarks/Study_SamplesSet/b573dbf75be1f453678ff395fed3e2bb.sol"},{"line":106,"column":9,"severity":"Warning","message":"Use Custom Errors instead of require statements","ruleId":"custom-errors","fix":null,"filePath":"Benchmarks/Study_SamplesSet/b573dbf75be1f453678ff395fed3e2bb.sol"},{"line":113,"column":1,"severity":"Warning","message":"Function name must be in mixedCase","ruleId":"func-name-mixedcase","fix":null,"filePath":"Benchmarks/Study_SamplesSet/b573dbf75be1f453678ff395fed3e2bb.sol"},{"line":113,"column":60,"severity":"Warning","message":"Variable name must be in mixedCase","ruleId":"var-name-mixedcase","fix":null,"filePath":"Benchmarks/Study_SamplesSet/b573dbf75be1f453678ff395fed3e2bb.sol"},{"line":114,"column":9,"severity":"Warning","message":"Provide an error message for require","ruleId":"reason-string","fix":null,"filePath":"Benchmarks/Study_SamplesSet/b573dbf75be1f453678ff395fed3e2bb.sol"},{"line":114,"column":9,"severity":"Warning","message":"Use Custom Errors instead of require statements","ruleId":"custom-errors","fix":null,"filePath":"Benchmarks/Study_SamplesSet/b573dbf75be1f453678ff395fed3e2bb.sol"},{"line":114,"column":17,"severity":"Error","message":"Avoid to use tx.origin","ruleId":"avoid-tx-origin","fix":null,"filePath":"Benchmarks/Study_SamplesSet/b573dbf75be1f453678ff395fed3e2bb.sol"},{"line":118,"column":9,"severity":"Warning","message":"Provide an error message for require","ruleId":"reason-string","fix":null,"filePath":"Benchmarks/Study_SamplesSet/b573dbf75be1f453678ff395fed3e2bb.sol"},{"line":118,"column":9,"severity":"Warning","message":"Use Custom Errors instead of require statements","ruleId":"custom-errors","fix":null,"filePath":"Benchmarks/Study_SamplesSet/b573dbf75be1f453678ff395fed3e2bb.sol"},{"line":123,"column":1,"severity":"Warning","message":"Function name must be in mixedCase","ruleId":"func-name-mixedcase","fix":null,"filePath":"Benchmarks/Study_SamplesSet/b573dbf75be1f453678ff395fed3e2bb.sol"},{"line":123,"column":24,"severity":"Warning","message":"Variable name must be in mixedCase","ruleId":"var-name-mixedcase","fix":null,"filePath":"Benchmarks/Study_SamplesSet/b573dbf75be1f453678ff395fed3e2bb.sol"},{"line":124,"column":9,"severity":"Warning","message":"Provide an error message for require","ruleId":"reason-string","fix":null,"filePath":"Benchmarks/Study_SamplesSet/b573dbf75be1f453678ff395fed3e2bb.sol"},{"line":124,"column":9,"severity":"Warning","message":"Use Custom Errors instead of require statements","ruleId":"custom-errors","fix":null,"filePath":"Benchmarks/Study_SamplesSet/b573dbf75be1f453678ff395fed3e2bb.sol"},{"line":124,"column":17,"severity":"Error","message":"Avoid to use tx.origin","ruleId":"avoid-tx-origin","fix":null,"filePath":"Benchmarks/Study_SamplesSet/b573dbf75be1f453678ff395fed3e2bb.sol"},{"line":132,"column":3,"severity":"Warning","message":"Function name must be in mixedCase","ruleId":"func-name-mixedcase","fix":null,"filePath":"Benchmarks/Study_SamplesSet/b573dbf75be1f453678ff395fed3e2bb.sol"},{"line":132,"column":62,"severity":"Warning","message":"Variable name must be in mixedCase","ruleId":"var-name-mixedcase","fix":null,"filePath":"Benchmarks/Study_SamplesSet/b573dbf75be1f453678ff395fed3e2bb.sol"},{"line":133,"column":9,"severity":"Warning","message":"Provide an error message for require","ruleId":"reason-string","fix":null,"filePath":"Benchmarks/Study_SamplesSet/b573dbf75be1f453678ff395fed3e2bb.sol"},{"line":133,"column":9,"severity":"Warning","message":"Use Custom Errors instead of require statements","ruleId":"custom-errors","fix":null,"filePath":"Benchmarks/Study_SamplesSet/b573dbf75be1f453678ff395fed3e2bb.sol"},{"line":133,"column":17,"severity":"Error","message":"Avoid to use tx.origin","ruleId":"avoid-tx-origin","fix":null,"filePath":"Benchmarks/Study_SamplesSet/b573dbf75be1f453678ff395fed3e2bb.sol"},{"line":137,"column":3,"severity":"Warning","message":"Function name must be in mixedCase","ruleId":"func-name-mixedcase","fix":null,"filePath":"Benchmarks/Study_SamplesSet/b573dbf75be1f453678ff395fed3e2bb.sol"},{"line":137,"column":27,"severity":"Warning","message":"Variable name must be in mixedCase","ruleId":"var-name-mixedcase","fix":null,"filePath":"Benchmarks/Study_SamplesSet/b573dbf75be1f453678ff395fed3e2bb.sol"},{"line":138,"column":9,"severity":"Warning","message":"Provide an error message for require","ruleId":"reason-string","fix":null,"filePath":"Benchmarks/Study_SamplesSet/b573dbf75be1f453678ff395fed3e2bb.sol"},{"line":138,"column":9,"severity":"Warning","message":"Use Custom Errors instead of require statements","ruleId":"custom-errors","fix":null,"filePath":"Benchmarks/Study_SamplesSet/b573dbf75be1f453678ff395fed3e2bb.sol"},{"line":138,"column":17,"severity":"Error","message":"Avoid to use tx.origin","ruleId":"avoid-tx-origin","fix":null,"filePath":"Benchmarks/Study_SamplesSet/b573dbf75be1f453678ff395fed3e2bb.sol"},{"line":140,"column":3,"severity":"Warning","message":"Rule is set with explicit type [var/s: uint]","ruleId":"explicit-types","filePath":"Benchmarks/Study_SamplesSet/b573dbf75be1f453678ff395fed3e2bb.sol"},{"line":141,"column":3,"severity":"Warning","message":"Function name must be in mixedCase","ruleId":"func-name-mixedcase","fix":null,"filePath":"Benchmarks/Study_SamplesSet/b573dbf75be1f453678ff395fed3e2bb.sol"},{"line":141,"column":46,"severity":"Warning","message":"Rule is set with explicit type [var/s: uint]","ruleId":"explicit-types","filePath":"Benchmarks/Study_SamplesSet/b573dbf75be1f453678ff395fed3e2bb.sol"},{"line":141,"column":58,"severity":"Warning","message":"Variable name must be in mixedCase","ruleId":"var-name-mixedcase","fix":null,"filePath":"Benchmarks/Study_SamplesSet/b573dbf75be1f453678ff395fed3e2bb.sol"},{"line":142,"column":3,"severity":"Warning","message":"Provide an error message for require","ruleId":"reason-string","fix":null,"filePath":"Benchmarks/Study_SamplesSet/b573dbf75be1f453678ff395fed3e2bb.sol"},{"line":142,"column":3,"severity":"Warning","message":"Use Custom Errors instead of require statements","ruleId":"custom-errors","fix":null,"filePath":"Benchmarks/Study_SamplesSet/b573dbf75be1f453678ff395fed3e2bb.sol"},{"line":142,"column":11,"severity":"Error","message":"Avoid to use tx.origin","ruleId":"avoid-tx-origin","fix":null,"filePath":"Benchmarks/Study_SamplesSet/b573dbf75be1f453678ff395fed3e2bb.sol"},{"line":143,"column":3,"severity":"Error","message":"Avoid to use low level calls.","ruleId":"avoid-low-level-calls","fix":null,"filePath":"Benchmarks/Study_SamplesSet/b573dbf75be1f453678ff395fed3e2bb.sol"},{"line":143,"column":3,"severity":"Error","message":"Avoid to use \".call.value()()\"","ruleId":"avoid-call-value","fix":null,"filePath":"Benchmarks/Study_SamplesSet/b573dbf75be1f453678ff395fed3e2bb.sol"},{"line":146,"column":3,"severity":"Warning","message":"Function name must be in mixedCase","ruleId":"func-name-mixedcase","fix":null,"filePath":"Benchmarks/Study_SamplesSet/b573dbf75be1f453678ff395fed3e2bb.sol"},{"line":146,"column":55,"severity":"Warning","message":"Rule is set with explicit type [var/s: uint]","ruleId":"explicit-types","filePath":"Benchmarks/Study_SamplesSet/b573dbf75be1f453678ff395fed3e2bb.sol"},{"line":146,"column":67,"severity":"Warning","message":"Variable name must be in mixedCase","ruleId":"var-name-mixedcase","fix":null,"filePath":"Benchmarks/Study_SamplesSet/b573dbf75be1f453678ff395fed3e2bb.sol"},{"line":147,"column":2,"severity":"Warning","message":"Provide an error message for require","ruleId":"reason-string","fix":null,"filePath":"Benchmarks/Study_SamplesSet/b573dbf75be1f453678ff395fed3e2bb.sol"},{"line":147,"column":2,"severity":"Warning","message":"Use Custom Errors instead of require statements","ruleId":"custom-errors","fix":null,"filePath":"Benchmarks/Study_SamplesSet/b573dbf75be1f453678ff395fed3e2bb.sol"},{"line":147,"column":11,"severity":"Error","message":"Avoid to use tx.origin","ruleId":"avoid-tx-origin","fix":null,"filePath":"Benchmarks/Study_SamplesSet/b573dbf75be1f453678ff395fed3e2bb.sol"},{"line":150,"column":3,"severity":"Error","message":"Explicitly mark visibility of state","ruleId":"state-visibility","fix":null,"filePath":"Benchmarks/Study_SamplesSet/b573dbf75be1f453678ff395fed3e2bb.sol"},{"line":150,"column":3,"severity":"Warning","message":"Rule is set with explicit type [var/s: uint]","ruleId":"explicit-types","filePath":"Benchmarks/Study_SamplesSet/b573dbf75be1f453678ff395fed3e2bb.sol"},{"line":153,"column":3,"severity":"Warning","message":"Function name must be in mixedCase","ruleId":"func-name-mixedcase","fix":null,"filePath":"Benchmarks/Study_SamplesSet/b573dbf75be1f453678ff395fed3e2bb.sol"},{"line":153,"column":61,"severity":"Warning","message":"Variable name must be in mixedCase","ruleId":"var-name-mixedcase","fix":null,"filePath":"Benchmarks/Study_SamplesSet/b573dbf75be1f453678ff395fed3e2bb.sol"},{"line":154,"column":9,"severity":"Warning","message":"Provide an error message for require","ruleId":"reason-string","fix":null,"filePath":"Benchmarks/Study_SamplesSet/b573dbf75be1f453678ff395fed3e2bb.sol"},{"line":154,"column":9,"severity":"Warning","message":"Use Custom Errors instead of require statements","ruleId":"custom-errors","fix":null,"filePath":"Benchmarks/Study_SamplesSet/b573dbf75be1f453678ff395fed3e2bb.sol"},{"line":154,"column":17,"severity":"Error","message":"Avoid to use tx.origin","ruleId":"avoid-tx-origin","fix":null,"filePath":"Benchmarks/Study_SamplesSet/b573dbf75be1f453678ff395fed3e2bb.sol"},{"line":157,"column":3,"severity":"Error","message":"Explicitly mark visibility of state","ruleId":"state-visibility","fix":null,"filePath":"Benchmarks/Study_SamplesSet/b573dbf75be1f453678ff395fed3e2bb.sol"},{"line":157,"column":3,"severity":"Warning","message":"Rule is set with explicit type [var/s: uint]","ruleId":"explicit-types","filePath":"Benchmarks/Study_SamplesSet/b573dbf75be1f453678ff395fed3e2bb.sol"},{"line":158,"column":3,"severity":"Warning","message":"Function name must be in mixedCase","ruleId":"func-name-mixedcase","fix":null,"filePath":"Benchmarks/Study_SamplesSet/b573dbf75be1f453678ff395fed3e2bb.sol"},{"line":158,"column":56,"severity":"Warning","message":"Rule is set with explicit type [var/s: uint]","ruleId":"explicit-types","filePath":"Benchmarks/Study_SamplesSet/b573dbf75be1f453678ff395fed3e2bb.sol"},{"line":158,"column":68,"severity":"Warning","message":"Variable name must be in mixedCase","ruleId":"var-name-mixedcase","fix":null,"filePath":"Benchmarks/Study_SamplesSet/b573dbf75be1f453678ff395fed3e2bb.sol"},{"line":159,"column":2,"severity":"Warning","message":"Provide an error message for require","ruleId":"reason-string","fix":null,"filePath":"Benchmarks/Study_SamplesSet/b573dbf75be1f453678ff395fed3e2bb.sol"},{"line":159,"column":2,"severity":"Warning","message":"Use Custom Errors instead of require statements","ruleId":"custom-errors","fix":null,"filePath":"Benchmarks/Study_SamplesSet/b573dbf75be1f453678ff395fed3e2bb.sol"},{"line":159,"column":11,"severity":"Error","message":"Avoid to use tx.origin","ruleId":"avoid-tx-origin","fix":null,"filePath":"Benchmarks/Study_SamplesSet/b573dbf75be1f453678ff395fed3e2bb.sol"},{"line":162,"column":3,"severity":"Error","message":"Explicitly mark visibility of state","ruleId":"state-visibility","fix":null,"filePath":"Benchmarks/Study_SamplesSet/b573dbf75be1f453678ff395fed3e2bb.sol"},{"line":162,"column":3,"severity":"Warning","message":"Rule is set with explicit type [var/s: uint]","ruleId":"explicit-types","filePath":"Benchmarks/Study_SamplesSet/b573dbf75be1f453678ff395fed3e2bb.sol"},{"line":177,"column":1,"severity":"Warning","message":"Function name must be in mixedCase","ruleId":"func-name-mixedcase","fix":null,"filePath":"Benchmarks/Study_SamplesSet/b573dbf75be1f453678ff395fed3e2bb.sol"},{"line":177,"column":43,"severity":"Warning","message":"Rule is set with explicit type [var/s: uint]","ruleId":"explicit-types","filePath":"Benchmarks/Study_SamplesSet/b573dbf75be1f453678ff395fed3e2bb.sol"},{"line":177,"column":55,"severity":"Warning","message":"Variable name must be in mixedCase","ruleId":"var-name-mixedcase","fix":null,"filePath":"Benchmarks/Study_SamplesSet/b573dbf75be1f453678ff395fed3e2bb.sol"},{"line":178,"column":3,"severity":"Warning","message":"Provide an error message for require","ruleId":"reason-string","fix":null,"filePath":"Benchmarks/Study_SamplesSet/b573dbf75be1f453678ff395fed3e2bb.sol"},{"line":178,"column":3,"severity":"Warning","message":"Use Custom Errors instead of require statements","ruleId":"custom-errors","fix":null,"filePath":"Benchmarks/Study_SamplesSet/b573dbf75be1f453678ff395fed3e2bb.sol"},{"line":178,"column":11,"severity":"Error","message":"Avoid to use tx.origin","ruleId":"avoid-tx-origin","fix":null,"filePath":"Benchmarks/Study_SamplesSet/b573dbf75be1f453678ff395fed3e2bb.sol"},{"line":179,"column":3,"severity":"Error","message":"Avoid to use low level calls.","ruleId":"avoid-low-level-calls","fix":null,"filePath":"Benchmarks/Study_SamplesSet/b573dbf75be1f453678ff395fed3e2bb.sol"},{"line":179,"column":3,"severity":"Error","message":"Avoid to use \".call.value()()\"","ruleId":"avoid-call-value","fix":null,"filePath":"Benchmarks/Study_SamplesSet/b573dbf75be1f453678ff395fed3e2bb.sol"},{"line":186,"column":49,"severity":"Warning","message":"Rule is set with explicit type [var/s: uint]","ruleId":"explicit-types","filePath":"Benchmarks/Study_SamplesSet/b573dbf75be1f453678ff395fed3e2bb.sol"},{"line":189,"column":1,"severity":"Warning","message":"Function name must be in mixedCase","ruleId":"func-name-mixedcase","fix":null,"filePath":"Benchmarks/Study_SamplesSet/b573dbf75be1f453678ff395fed3e2bb.sol"},{"line":189,"column":44,"severity":"Warning","message":"Rule is set with explicit type [var/s: uint]","ruleId":"explicit-types","filePath":"Benchmarks/Study_SamplesSet/b573dbf75be1f453678ff395fed3e2bb.sol"},{"line":189,"column":56,"severity":"Warning","message":"Variable name must be in mixedCase","ruleId":"var-name-mixedcase","fix":null,"filePath":"Benchmarks/Study_SamplesSet/b573dbf75be1f453678ff395fed3e2bb.sol"},{"line":190,"column":3,"severity":"Warning","message":"Provide an error message for require","ruleId":"reason-string","fix":null,"filePath":"Benchmarks/Study_SamplesSet/b573dbf75be1f453678ff395fed3e2bb.sol"},{"line":190,"column":3,"severity":"Warning","message":"Use Custom Errors instead of require statements","ruleId":"custom-errors","fix":null,"filePath":"Benchmarks/Study_SamplesSet/b573dbf75be1f453678ff395fed3e2bb.sol"},{"line":190,"column":11,"severity":"Error","message":"Avoid to use tx.origin","ruleId":"avoid-tx-origin","fix":null,"filePath":"Benchmarks/Study_SamplesSet/b573dbf75be1f453678ff395fed3e2bb.sol"},{"line":191,"column":3,"severity":"Error","message":"Avoid to use low level calls.","ruleId":"avoid-low-level-calls","fix":null,"filePath":"Benchmarks/Study_SamplesSet/b573dbf75be1f453678ff395fed3e2bb.sol"},{"line":191,"column":3,"severity":"Error","message":"Avoid to use \".call.value()()\"","ruleId":"avoid-call-value","fix":null,"filePath":"Benchmarks/Study_SamplesSet/b573dbf75be1f453678ff395fed3e2bb.sol"},{"line":198,"column":65,"severity":"Warning","message":"Rule is set with explicit type [var/s: uint]","ruleId":"explicit-types","filePath":"Benchmarks/Study_SamplesSet/b573dbf75be1f453678ff395fed3e2bb.sol"},{"line":201,"column":1,"severity":"Warning","message":"Function name must be in mixedCase","ruleId":"func-name-mixedcase","fix":null,"filePath":"Benchmarks/Study_SamplesSet/b573dbf75be1f453678ff395fed3e2bb.sol"},{"line":201,"column":60,"severity":"Warning","message":"Variable name must be in mixedCase","ruleId":"var-name-mixedcase","fix":null,"filePath":"Benchmarks/Study_SamplesSet/b573dbf75be1f453678ff395fed3e2bb.sol"},{"line":202,"column":9,"severity":"Warning","message":"Provide an error message for require","ruleId":"reason-string","fix":null,"filePath":"Benchmarks/Study_SamplesSet/b573dbf75be1f453678ff395fed3e2bb.sol"},{"line":202,"column":9,"severity":"Warning","message":"Use Custom Errors instead of require statements","ruleId":"custom-errors","fix":null,"filePath":"Benchmarks/Study_SamplesSet/b573dbf75be1f453678ff395fed3e2bb.sol"},{"line":202,"column":17,"severity":"Error","message":"Avoid to use tx.origin","ruleId":"avoid-tx-origin","fix":null,"filePath":"Benchmarks/Study_SamplesSet/b573dbf75be1f453678ff395fed3e2bb.sol"},{"line":212,"column":35,"severity":"Warning","message":"Rule is set with explicit type [var/s: uint]","ruleId":"explicit-types","filePath":"Benchmarks/Study_SamplesSet/b573dbf75be1f453678ff395fed3e2bb.sol"},{"line":218,"column":1,"severity":"Warning","message":"Function name must be in mixedCase","ruleId":"func-name-mixedcase","fix":null,"filePath":"Benchmarks/Study_SamplesSet/b573dbf75be1f453678ff395fed3e2bb.sol"},{"line":218,"column":60,"severity":"Warning","message":"Variable name must be in mixedCase","ruleId":"var-name-mixedcase","fix":null,"filePath":"Benchmarks/Study_SamplesSet/b573dbf75be1f453678ff395fed3e2bb.sol"},{"line":219,"column":9,"severity":"Warning","message":"Provide an error message for require","ruleId":"reason-string","fix":null,"filePath":"Benchmarks/Study_SamplesSet/b573dbf75be1f453678ff395fed3e2bb.sol"},{"line":219,"column":9,"severity":"Warning","message":"Use Custom Errors instead of require statements","ruleId":"custom-errors","fix":null,"filePath":"Benchmarks/Study_SamplesSet/b573dbf75be1f453678ff395fed3e2bb.sol"},{"line":219,"column":17,"severity":"Error","message":"Avoid to use tx.origin","ruleId":"avoid-tx-origin","fix":null,"filePath":"Benchmarks/Study_SamplesSet/b573dbf75be1f453678ff395fed3e2bb.sol"},{"line":232,"column":39,"severity":"Warning","message":"Rule is set with explicit type [var/s: uint]","ruleId":"explicit-types","filePath":"Benchmarks/Study_SamplesSet/b573dbf75be1f453678ff395fed3e2bb.sol"},{"line":237,"column":1,"severity":"Warning","message":"Function name must be in mixedCase","ruleId":"func-name-mixedcase","fix":null,"filePath":"Benchmarks/Study_SamplesSet/b573dbf75be1f453678ff395fed3e2bb.sol"},{"line":237,"column":24,"severity":"Warning","message":"Variable name must be in mixedCase","ruleId":"var-name-mixedcase","fix":null,"filePath":"Benchmarks/Study_SamplesSet/b573dbf75be1f453678ff395fed3e2bb.sol"},{"line":238,"column":9,"severity":"Warning","message":"Provide an error message for require","ruleId":"reason-string","fix":null,"filePath":"Benchmarks/Study_SamplesSet/b573dbf75be1f453678ff395fed3e2bb.sol"},{"line":238,"column":9,"severity":"Warning","message":"Use Custom Errors instead of require statements","ruleId":"custom-errors","fix":null,"filePath":"Benchmarks/Study_SamplesSet/b573dbf75be1f453678ff395fed3e2bb.sol"},{"line":238,"column":17,"severity":"Error","message":"Avoid to use tx.origin","ruleId":"avoid-tx-origin","fix":null,"filePath":"Benchmarks/Study_SamplesSet/b573dbf75be1f453678ff395fed3e2bb.sol"},{"line":251,"column":53,"severity":"Warning","message":"Rule is set with explicit type [var/s: uint]","ruleId":"explicit-types","filePath":"Benchmarks/Study_SamplesSet/b573dbf75be1f453678ff395fed3e2bb.sol"},{"line":258,"column":1,"severity":"Warning","message":"Function name must be in mixedCase","ruleId":"func-name-mixedcase","fix":null,"filePath":"Benchmarks/Study_SamplesSet/b573dbf75be1f453678ff395fed3e2bb.sol"},{"line":258,"column":44,"severity":"Warning","message":"Rule is set with explicit type [var/s: uint]","ruleId":"explicit-types","filePath":"Benchmarks/Study_SamplesSet/b573dbf75be1f453678ff395fed3e2bb.sol"},{"line":258,"column":56,"severity":"Warning","message":"Variable name must be in mixedCase","ruleId":"var-name-mixedcase","fix":null,"filePath":"Benchmarks/Study_SamplesSet/b573dbf75be1f453678ff395fed3e2bb.sol"},{"line":259,"column":3,"severity":"Warning","message":"Provide an error message for require","ruleId":"reason-string","fix":null,"filePath":"Benchmarks/Study_SamplesSet/b573dbf75be1f453678ff395fed3e2bb.sol"},{"line":259,"column":3,"severity":"Warning","message":"Use Custom Errors instead of require statements","ruleId":"custom-errors","fix":null,"filePath":"Benchmarks/Study_SamplesSet/b573dbf75be1f453678ff395fed3e2bb.sol"},{"line":259,"column":11,"severity":"Error","message":"Avoid to use tx.origin","ruleId":"avoid-tx-origin","fix":null,"filePath":"Benchmarks/Study_SamplesSet/b573dbf75be1f453678ff395fed3e2bb.sol"},{"line":260,"column":3,"severity":"Error","message":"Avoid to use low level calls.","ruleId":"avoid-low-level-calls","fix":null,"filePath":"Benchmarks/Study_SamplesSet/b573dbf75be1f453678ff395fed3e2bb.sol"},{"line":260,"column":3,"severity":"Error","message":"Avoid to use \".call.value()()\"","ruleId":"avoid-call-value","fix":null,"filePath":"Benchmarks/Study_SamplesSet/b573dbf75be1f453678ff395fed3e2bb.sol"},{"line":268,"column":82,"severity":"Warning","message":"Rule is set with explicit type [var/s: uint]","ruleId":"explicit-types","filePath":"Benchmarks/Study_SamplesSet/b573dbf75be1f453678ff395fed3e2bb.sol"},{"line":271,"column":1,"severity":"Warning","message":"Function name must be in mixedCase","ruleId":"func-name-mixedcase","fix":null,"filePath":"Benchmarks/Study_SamplesSet/b573dbf75be1f453678ff395fed3e2bb.sol"},{"line":271,"column":27,"severity":"Warning","message":"Variable name must be in mixedCase","ruleId":"var-name-mixedcase","fix":null,"filePath":"Benchmarks/Study_SamplesSet/b573dbf75be1f453678ff395fed3e2bb.sol"},{"line":272,"column":9,"severity":"Warning","message":"Provide an error message for require","ruleId":"reason-string","fix":null,"filePath":"Benchmarks/Study_SamplesSet/b573dbf75be1f453678ff395fed3e2bb.sol"},{"line":272,"column":9,"severity":"Warning","message":"Use Custom Errors instead of require statements","ruleId":"custom-errors","fix":null,"filePath":"Benchmarks/Study_SamplesSet/b573dbf75be1f453678ff395fed3e2bb.sol"},{"line":272,"column":17,"severity":"Error","message":"Avoid to use tx.origin","ruleId":"avoid-tx-origin","fix":null,"filePath":"Benchmarks/Study_SamplesSet/b573dbf75be1f453678ff395fed3e2bb.sol"},{"line":281,"column":46,"severity":"Warning","message":"Rule is set with explicit type [var/s: uint]","ruleId":"explicit-types","filePath":"Benchmarks/Study_SamplesSet/b573dbf75be1f453678ff395fed3e2bb.sol"},{"line":284,"column":9,"severity":"Error","message":"Explicitly mark all external contracts as trusted or untrusted","ruleId":"mark-callable-contracts","filePath":"Benchmarks/Study_SamplesSet/b573dbf75be1f453678ff395fed3e2bb.sol"},{"line":287,"column":1,"severity":"Warning","message":"Function name must be in mixedCase","ruleId":"func-name-mixedcase","fix":null,"filePath":"Benchmarks/Study_SamplesSet/b573dbf75be1f453678ff395fed3e2bb.sol"},{"line":287,"column":44,"severity":"Warning","message":"Rule is set with explicit type [var/s: uint]","ruleId":"explicit-types","filePath":"Benchmarks/Study_SamplesSet/b573dbf75be1f453678ff395fed3e2bb.sol"},{"line":287,"column":56,"severity":"Warning","message":"Variable name must be in mixedCase","ruleId":"var-name-mixedcase","fix":null,"filePath":"Benchmarks/Study_SamplesSet/b573dbf75be1f453678ff395fed3e2bb.sol"},{"line":288,"column":3,"severity":"Warning","message":"Provide an error message for require","ruleId":"reason-string","fix":null,"filePath":"Benchmarks/Study_SamplesSet/b573dbf75be1f453678ff395fed3e2bb.sol"},{"line":288,"column":3,"severity":"Warning","message":"Use Custom Errors instead of require statements","ruleId":"custom-errors","fix":null,"filePath":"Benchmarks/Study_SamplesSet/b573dbf75be1f453678ff395fed3e2bb.sol"},{"line":288,"column":11,"severity":"Error","message":"Avoid to use tx.origin","ruleId":"avoid-tx-origin","fix":null,"filePath":"Benchmarks/Study_SamplesSet/b573dbf75be1f453678ff395fed3e2bb.sol"},{"line":289,"column":3,"severity":"Error","message":"Avoid to use low level calls.","ruleId":"avoid-low-level-calls","fix":null,"filePath":"Benchmarks/Study_SamplesSet/b573dbf75be1f453678ff395fed3e2bb.sol"},{"line":289,"column":3,"severity":"Error","message":"Avoid to use \".call.value()()\"","ruleId":"avoid-call-value","fix":null,"filePath":"Benchmarks/Study_SamplesSet/b573dbf75be1f453678ff395fed3e2bb.sol"},{"line":297,"column":9,"severity":"Warning","message":"Provide an error message for revert","ruleId":"reason-string","fix":null,"filePath":"Benchmarks/Study_SamplesSet/b573dbf75be1f453678ff395fed3e2bb.sol"},{"line":297,"column":9,"severity":"Warning","message":"Use Custom Errors instead of revert statements","ruleId":"custom-errors","fix":null,"filePath":"Benchmarks/Study_SamplesSet/b573dbf75be1f453678ff395fed3e2bb.sol"},{"line":299,"column":1,"severity":"Warning","message":"Function name must be in mixedCase","ruleId":"func-name-mixedcase","fix":null,"filePath":"Benchmarks/Study_SamplesSet/b573dbf75be1f453678ff395fed3e2bb.sol"},{"line":299,"column":25,"severity":"Warning","message":"Variable name must be in mixedCase","ruleId":"var-name-mixedcase","fix":null,"filePath":"Benchmarks/Study_SamplesSet/b573dbf75be1f453678ff395fed3e2bb.sol"},{"line":300,"column":9,"severity":"Warning","message":"Provide an error message for require","ruleId":"reason-string","fix":null,"filePath":"Benchmarks/Study_SamplesSet/b573dbf75be1f453678ff395fed3e2bb.sol"},{"line":300,"column":9,"severity":"Warning","message":"Use Custom Errors instead of require statements","ruleId":"custom-errors","fix":null,"filePath":"Benchmarks/Study_SamplesSet/b573dbf75be1f453678ff395fed3e2bb.sol"},{"line":300,"column":17,"severity":"Error","message":"Avoid to use tx.origin","ruleId":"avoid-tx-origin","fix":null,"filePath":"Benchmarks/Study_SamplesSet/b573dbf75be1f453678ff395fed3e2bb.sol"},{"line":307,"column":58,"severity":"Warning","message":"Rule is set with explicit type [var/s: uint]","ruleId":"explicit-types","filePath":"Benchmarks/Study_SamplesSet/b573dbf75be1f453678ff395fed3e2bb.sol"},{"line":310,"column":1,"severity":"Warning","message":"Function name must be in mixedCase","ruleId":"func-name-mixedcase","fix":null,"filePath":"Benchmarks/Study_SamplesSet/b573dbf75be1f453678ff395fed3e2bb.sol"},{"line":310,"column":54,"severity":"Warning","message":"Rule is set with explicit type [var/s: uint]","ruleId":"explicit-types","filePath":"Benchmarks/Study_SamplesSet/b573dbf75be1f453678ff395fed3e2bb.sol"},{"line":310,"column":66,"severity":"Warning","message":"Variable name must be in mixedCase","ruleId":"var-name-mixedcase","fix":null,"filePath":"Benchmarks/Study_SamplesSet/b573dbf75be1f453678ff395fed3e2bb.sol"},{"line":311,"column":2,"severity":"Warning","message":"Provide an error message for require","ruleId":"reason-string","fix":null,"filePath":"Benchmarks/Study_SamplesSet/b573dbf75be1f453678ff395fed3e2bb.sol"},{"line":311,"column":2,"severity":"Warning","message":"Use Custom Errors instead of require statements","ruleId":"custom-errors","fix":null,"filePath":"Benchmarks/Study_SamplesSet/b573dbf75be1f453678ff395fed3e2bb.sol"},{"line":311,"column":11,"severity":"Error","message":"Avoid to use tx.origin","ruleId":"avoid-tx-origin","fix":null,"filePath":"Benchmarks/Study_SamplesSet/b573dbf75be1f453678ff395fed3e2bb.sol"},{"conclusion":"242 problem/s (54 error/s, 188 warning/s)"}]
