[{"line":1,"column":1,"severity":"Error","message":"Compiler version 0.6.2 does not satisfy the ^0.8.0 semver requirement","ruleId":"compiler-version","fix":null,"filePath":"Benchmarks/Study_SamplesSet/b8fe1ff0ab2c71f9603024595e45a431.sol"},{"line":7,"column":5,"severity":"Error","message":"Explicitly mark visibility of state","ruleId":"state-visibility","fix":null,"filePath":"Benchmarks/Study_SamplesSet/b8fe1ff0ab2c71f9603024595e45a431.sol"},{"line":7,"column":5,"severity":"Warning","message":"Rule is set with explicit type [var/s: uint]","ruleId":"explicit-types","filePath":"Benchmarks/Study_SamplesSet/b8fe1ff0ab2c71f9603024595e45a431.sol"},{"line":9,"column":9,"severity":"Warning","message":"Rule is set with explicit type [var/s: uint]","ruleId":"explicit-types","filePath":"Benchmarks/Study_SamplesSet/b8fe1ff0ab2c71f9603024595e45a431.sol"},{"line":11,"column":9,"severity":"Warning","message":"Rule is set with explicit type [var/s: uint]","ruleId":"explicit-types","filePath":"Benchmarks/Study_SamplesSet/b8fe1ff0ab2c71f9603024595e45a431.sol"},{"conclusion":"5 problem/s (2 error/s, 3 warning/s)"}]
