[{"line":1,"column":1,"severity":"Error","message":"Compiler version ^0.4.16 does not satisfy the ^0.8.0 semver requirement","ruleId":"compiler-version","fix":null,"filePath":"Benchmarks/Study_SamplesSet/c228eaf30e8e8835e44573b39fcfd4ea.sol"},{"line":3,"column":1,"severity":"Warning","message":"Contract, Structs and Enums should be in CamelCase","ruleId":"contract-name-camelcase","filePath":"Benchmarks/Study_SamplesSet/c228eaf30e8e8835e44573b39fcfd4ea.sol"},{"line":40,"column":52,"severity":"Warning","message":"Rule is set with explicit type [var/s: uint]","ruleId":"explicit-types","filePath":"Benchmarks/Study_SamplesSet/c228eaf30e8e8835e44573b39fcfd4ea.sol"},{"line":42,"column":9,"severity":"Warning","message":"Provide an error message for require","ruleId":"reason-string","fix":null,"filePath":"Benchmarks/Study_SamplesSet/c228eaf30e8e8835e44573b39fcfd4ea.sol"},{"line":42,"column":9,"severity":"Warning","message":"Use Custom Errors instead of require statements","ruleId":"custom-errors","fix":null,"filePath":"Benchmarks/Study_SamplesSet/c228eaf30e8e8835e44573b39fcfd4ea.sol"},{"line":44,"column":9,"severity":"Warning","message":"Provide an error message for require","ruleId":"reason-string","fix":null,"filePath":"Benchmarks/Study_SamplesSet/c228eaf30e8e8835e44573b39fcfd4ea.sol"},{"line":44,"column":9,"severity":"Warning","message":"Use Custom Errors instead of require statements","ruleId":"custom-errors","fix":null,"filePath":"Benchmarks/Study_SamplesSet/c228eaf30e8e8835e44573b39fcfd4ea.sol"},{"line":46,"column":9,"severity":"Warning","message":"Provide an error message for require","ruleId":"reason-string","fix":null,"filePath":"Benchmarks/Study_SamplesSet/c228eaf30e8e8835e44573b39fcfd4ea.sol"},{"line":46,"column":9,"severity":"Warning","message":"Use Custom Errors instead of require statements","ruleId":"custom-errors","fix":null,"filePath":"Benchmarks/Study_SamplesSet/c228eaf30e8e8835e44573b39fcfd4ea.sol"},{"line":48,"column":9,"severity":"Warning","message":"Rule is set with explicit type [var/s: uint]","ruleId":"explicit-types","filePath":"Benchmarks/Study_SamplesSet/c228eaf30e8e8835e44573b39fcfd4ea.sol"},{"line":53,"column":9,"severity":"Error","message":"Explicitly mark all external contracts as trusted or untrusted","ruleId":"mark-callable-contracts","filePath":"Benchmarks/Study_SamplesSet/c228eaf30e8e8835e44573b39fcfd4ea.sol"},{"line":80,"column":9,"severity":"Warning","message":"Provide an error message for require","ruleId":"reason-string","fix":null,"filePath":"Benchmarks/Study_SamplesSet/c228eaf30e8e8835e44573b39fcfd4ea.sol"},{"line":80,"column":9,"severity":"Warning","message":"Use Custom Errors instead of require statements","ruleId":"custom-errors","fix":null,"filePath":"Benchmarks/Study_SamplesSet/c228eaf30e8e8835e44573b39fcfd4ea.sol"},{"line":127,"column":9,"severity":"Warning","message":"Provide an error message for require","ruleId":"reason-string","fix":null,"filePath":"Benchmarks/Study_SamplesSet/c228eaf30e8e8835e44573b39fcfd4ea.sol"},{"line":127,"column":9,"severity":"Warning","message":"Use Custom Errors instead of require statements","ruleId":"custom-errors","fix":null,"filePath":"Benchmarks/Study_SamplesSet/c228eaf30e8e8835e44573b39fcfd4ea.sol"},{"line":130,"column":9,"severity":"Error","message":"Explicitly mark all external contracts as trusted or untrusted","ruleId":"mark-callable-contracts","filePath":"Benchmarks/Study_SamplesSet/c228eaf30e8e8835e44573b39fcfd4ea.sol"},{"line":143,"column":9,"severity":"Warning","message":"Provide an error message for require","ruleId":"reason-string","fix":null,"filePath":"Benchmarks/Study_SamplesSet/c228eaf30e8e8835e44573b39fcfd4ea.sol"},{"line":143,"column":9,"severity":"Warning","message":"Use Custom Errors instead of require statements","ruleId":"custom-errors","fix":null,"filePath":"Benchmarks/Study_SamplesSet/c228eaf30e8e8835e44573b39fcfd4ea.sol"},{"line":144,"column":9,"severity":"Warning","message":"Provide an error message for require","ruleId":"reason-string","fix":null,"filePath":"Benchmarks/Study_SamplesSet/c228eaf30e8e8835e44573b39fcfd4ea.sol"},{"line":144,"column":9,"severity":"Warning","message":"Use Custom Errors instead of require statements","ruleId":"custom-errors","fix":null,"filePath":"Benchmarks/Study_SamplesSet/c228eaf30e8e8835e44573b39fcfd4ea.sol"},{"line":148,"column":9,"severity":"Error","message":"Explicitly mark all external contracts as trusted or untrusted","ruleId":"mark-callable-contracts","filePath":"Benchmarks/Study_SamplesSet/c228eaf30e8e8835e44573b39fcfd4ea.sol"},{"conclusion":"21 problem/s (4 error/s, 17 warning/s)"}]
