[{"line":1,"column":1,"severity":"Warning","message":"Found more than One contract per file. 2 contracts found!","ruleId":"one-contract-per-file","fix":null,"filePath":"Benchmarks/Study_SamplesSet/c28430394cf134981f20166b8ac1c64e.sol"},{"line":1,"column":1,"severity":"Error","message":"Compiler version 0.4.15 does not satisfy the ^0.8.0 semver requirement","ruleId":"compiler-version","fix":null,"filePath":"Benchmarks/Study_SamplesSet/c28430394cf134981f20166b8ac1c64e.sol"},{"line":18,"column":1,"severity":"Warning","message":"Contract, Structs and Enums should be in CamelCase","ruleId":"contract-name-camelcase","filePath":"Benchmarks/Study_SamplesSet/c28430394cf134981f20166b8ac1c64e.sol"},{"line":25,"column":9,"severity":"Warning","message":"Rule is set with explicit type [var/s: uint]","ruleId":"explicit-types","filePath":"Benchmarks/Study_SamplesSet/c28430394cf134981f20166b8ac1c64e.sol"},{"line":28,"column":9,"severity":"Warning","message":"Rule is set with explicit type [var/s: uint]","ruleId":"explicit-types","filePath":"Benchmarks/Study_SamplesSet/c28430394cf134981f20166b8ac1c64e.sol"},{"line":31,"column":9,"severity":"Warning","message":"Rule is set with explicit type [var/s: uint]","ruleId":"explicit-types","filePath":"Benchmarks/Study_SamplesSet/c28430394cf134981f20166b8ac1c64e.sol"},{"line":46,"column":30,"severity":"Warning","message":"Rule is set with explicit type [var/s: uint]","ruleId":"explicit-types","filePath":"Benchmarks/Study_SamplesSet/c28430394cf134981f20166b8ac1c64e.sol"},{"line":52,"column":9,"severity":"Warning","message":"Provide an error message for require","ruleId":"reason-string","fix":null,"filePath":"Benchmarks/Study_SamplesSet/c28430394cf134981f20166b8ac1c64e.sol"},{"line":52,"column":9,"severity":"Warning","message":"Use Custom Errors instead of require statements","ruleId":"custom-errors","fix":null,"filePath":"Benchmarks/Study_SamplesSet/c28430394cf134981f20166b8ac1c64e.sol"},{"line":67,"column":29,"severity":"Warning","message":"Rule is set with explicit type [var/s: uint]","ruleId":"explicit-types","filePath":"Benchmarks/Study_SamplesSet/c28430394cf134981f20166b8ac1c64e.sol"},{"line":68,"column":9,"severity":"Warning","message":"Provide an error message for require","ruleId":"reason-string","fix":null,"filePath":"Benchmarks/Study_SamplesSet/c28430394cf134981f20166b8ac1c64e.sol"},{"line":68,"column":9,"severity":"Warning","message":"Use Custom Errors instead of require statements","ruleId":"custom-errors","fix":null,"filePath":"Benchmarks/Study_SamplesSet/c28430394cf134981f20166b8ac1c64e.sol"},{"line":72,"column":41,"severity":"Warning","message":"Rule is set with explicit type [var/s: uint]","ruleId":"explicit-types","filePath":"Benchmarks/Study_SamplesSet/c28430394cf134981f20166b8ac1c64e.sol"},{"line":72,"column":57,"severity":"Warning","message":"Rule is set with explicit type [var/s: uint]","ruleId":"explicit-types","filePath":"Benchmarks/Study_SamplesSet/c28430394cf134981f20166b8ac1c64e.sol"},{"line":73,"column":9,"severity":"Warning","message":"Provide an error message for require","ruleId":"reason-string","fix":null,"filePath":"Benchmarks/Study_SamplesSet/c28430394cf134981f20166b8ac1c64e.sol"},{"line":73,"column":9,"severity":"Warning","message":"Use Custom Errors instead of require statements","ruleId":"custom-errors","fix":null,"filePath":"Benchmarks/Study_SamplesSet/c28430394cf134981f20166b8ac1c64e.sol"},{"line":78,"column":9,"severity":"Warning","message":"Provide an error message for require","ruleId":"reason-string","fix":null,"filePath":"Benchmarks/Study_SamplesSet/c28430394cf134981f20166b8ac1c64e.sol"},{"line":78,"column":9,"severity":"Warning","message":"Use Custom Errors instead of require statements","ruleId":"custom-errors","fix":null,"filePath":"Benchmarks/Study_SamplesSet/c28430394cf134981f20166b8ac1c64e.sol"},{"line":83,"column":9,"severity":"Warning","message":"Provide an error message for require","ruleId":"reason-string","fix":null,"filePath":"Benchmarks/Study_SamplesSet/c28430394cf134981f20166b8ac1c64e.sol"},{"line":83,"column":9,"severity":"Warning","message":"Use Custom Errors instead of require statements","ruleId":"custom-errors","fix":null,"filePath":"Benchmarks/Study_SamplesSet/c28430394cf134981f20166b8ac1c64e.sol"},{"line":88,"column":9,"severity":"Warning","message":"Provide an error message for require","ruleId":"reason-string","fix":null,"filePath":"Benchmarks/Study_SamplesSet/c28430394cf134981f20166b8ac1c64e.sol"},{"line":88,"column":9,"severity":"Warning","message":"Use Custom Errors instead of require statements","ruleId":"custom-errors","fix":null,"filePath":"Benchmarks/Study_SamplesSet/c28430394cf134981f20166b8ac1c64e.sol"},{"line":96,"column":5,"severity":"Error","message":"Explicitly mark visibility in function (Set ignoreConstructors to true if using solidity >=0.7.0)","ruleId":"func-visibility","fix":null,"filePath":"Benchmarks/Study_SamplesSet/c28430394cf134981f20166b8ac1c64e.sol"},{"line":96,"column":44,"severity":"Warning","message":"Rule is set with explicit type [var/s: uint]","ruleId":"explicit-types","filePath":"Benchmarks/Study_SamplesSet/c28430394cf134981f20166b8ac1c64e.sol"},{"line":105,"column":14,"severity":"Warning","message":"Rule is set with explicit type [var/s: uint]","ruleId":"explicit-types","filePath":"Benchmarks/Study_SamplesSet/c28430394cf134981f20166b8ac1c64e.sol"},{"line":109,"column":13,"severity":"Warning","message":"Provide an error message for require","ruleId":"reason-string","fix":null,"filePath":"Benchmarks/Study_SamplesSet/c28430394cf134981f20166b8ac1c64e.sol"},{"line":109,"column":13,"severity":"Warning","message":"Use Custom Errors instead of require statements","ruleId":"custom-errors","fix":null,"filePath":"Benchmarks/Study_SamplesSet/c28430394cf134981f20166b8ac1c64e.sol"},{"line":111,"column":13,"severity":"Warning","message":"Rule is set with explicit type [var/s: uint]","ruleId":"explicit-types","filePath":"Benchmarks/Study_SamplesSet/c28430394cf134981f20166b8ac1c64e.sol"},{"line":127,"column":24,"severity":"Error","message":"Use \"keccak256\" instead of deprecated \"sha3\"","ruleId":"avoid-sha3","filePath":"Benchmarks/Study_SamplesSet/c28430394cf134981f20166b8ac1c64e.sol"},{"line":132,"column":9,"severity":"Warning","message":"Rule is set with explicit type [var/s: uint]","ruleId":"explicit-types","filePath":"Benchmarks/Study_SamplesSet/c28430394cf134981f20166b8ac1c64e.sol"},{"line":138,"column":9,"severity":"Error","message":"Explicitly mark all external contracts as trusted or untrusted","ruleId":"mark-callable-contracts","filePath":"Benchmarks/Study_SamplesSet/c28430394cf134981f20166b8ac1c64e.sol"},{"line":148,"column":24,"severity":"Error","message":"Use \"keccak256\" instead of deprecated \"sha3\"","ruleId":"avoid-sha3","filePath":"Benchmarks/Study_SamplesSet/c28430394cf134981f20166b8ac1c64e.sol"},{"line":158,"column":9,"severity":"Error","message":"Explicitly mark all external contracts as trusted or untrusted","ruleId":"mark-callable-contracts","filePath":"Benchmarks/Study_SamplesSet/c28430394cf134981f20166b8ac1c64e.sol"},{"line":169,"column":24,"severity":"Error","message":"Use \"keccak256\" instead of deprecated \"sha3\"","ruleId":"avoid-sha3","filePath":"Benchmarks/Study_SamplesSet/c28430394cf134981f20166b8ac1c64e.sol"},{"line":174,"column":9,"severity":"Warning","message":"Rule is set with explicit type [var/s: uint]","ruleId":"explicit-types","filePath":"Benchmarks/Study_SamplesSet/c28430394cf134981f20166b8ac1c64e.sol"},{"line":181,"column":9,"severity":"Error","message":"Explicitly mark all external contracts as trusted or untrusted","ruleId":"mark-callable-contracts","filePath":"Benchmarks/Study_SamplesSet/c28430394cf134981f20166b8ac1c64e.sol"},{"line":187,"column":32,"severity":"Warning","message":"Rule is set with explicit type [var/s: uint]","ruleId":"explicit-types","filePath":"Benchmarks/Study_SamplesSet/c28430394cf134981f20166b8ac1c64e.sol"},{"line":190,"column":24,"severity":"Error","message":"Use \"keccak256\" instead of deprecated \"sha3\"","ruleId":"avoid-sha3","filePath":"Benchmarks/Study_SamplesSet/c28430394cf134981f20166b8ac1c64e.sol"},{"line":194,"column":9,"severity":"Error","message":"Explicitly mark all external contracts as trusted or untrusted","ruleId":"mark-callable-contracts","filePath":"Benchmarks/Study_SamplesSet/c28430394cf134981f20166b8ac1c64e.sol"},{"line":199,"column":23,"severity":"Warning","message":"Rule is set with explicit type [var/s: uint]","ruleId":"explicit-types","filePath":"Benchmarks/Study_SamplesSet/c28430394cf134981f20166b8ac1c64e.sol"},{"line":207,"column":14,"severity":"Warning","message":"Rule is set with explicit type [var/s: uint]","ruleId":"explicit-types","filePath":"Benchmarks/Study_SamplesSet/c28430394cf134981f20166b8ac1c64e.sol"},{"line":235,"column":9,"severity":"Warning","message":"Rule is set with explicit type [var/s: uint]","ruleId":"explicit-types","filePath":"Benchmarks/Study_SamplesSet/c28430394cf134981f20166b8ac1c64e.sol"},{"line":237,"column":9,"severity":"Warning","message":"Provide an error message for require","ruleId":"reason-string","fix":null,"filePath":"Benchmarks/Study_SamplesSet/c28430394cf134981f20166b8ac1c64e.sol"},{"line":237,"column":9,"severity":"Warning","message":"Use Custom Errors instead of require statements","ruleId":"custom-errors","fix":null,"filePath":"Benchmarks/Study_SamplesSet/c28430394cf134981f20166b8ac1c64e.sol"},{"line":245,"column":9,"severity":"Error","message":"Explicitly mark all external contracts as trusted or untrusted","ruleId":"mark-callable-contracts","filePath":"Benchmarks/Study_SamplesSet/c28430394cf134981f20166b8ac1c64e.sol"},{"line":289,"column":9,"severity":"Warning","message":"Rule is set with explicit type [var/s: uint]","ruleId":"explicit-types","filePath":"Benchmarks/Study_SamplesSet/c28430394cf134981f20166b8ac1c64e.sol"},{"line":298,"column":17,"severity":"Error","message":"Explicitly mark all external contracts as trusted or untrusted","ruleId":"mark-callable-contracts","filePath":"Benchmarks/Study_SamplesSet/c28430394cf134981f20166b8ac1c64e.sol"},{"line":307,"column":17,"severity":"Error","message":"Explicitly mark all external contracts as trusted or untrusted","ruleId":"mark-callable-contracts","filePath":"Benchmarks/Study_SamplesSet/c28430394cf134981f20166b8ac1c64e.sol"},{"line":315,"column":9,"severity":"Warning","message":"Rule is set with explicit type [var/s: uint]","ruleId":"explicit-types","filePath":"Benchmarks/Study_SamplesSet/c28430394cf134981f20166b8ac1c64e.sol"},{"line":336,"column":9,"severity":"Warning","message":"Rule is set with explicit type [var/s: uint]","ruleId":"explicit-types","filePath":"Benchmarks/Study_SamplesSet/c28430394cf134981f20166b8ac1c64e.sol"},{"line":337,"column":14,"severity":"Warning","message":"Rule is set with explicit type [var/s: uint]","ruleId":"explicit-types","filePath":"Benchmarks/Study_SamplesSet/c28430394cf134981f20166b8ac1c64e.sol"},{"line":344,"column":30,"severity":"Warning","message":"Rule is set with explicit type [var/s: uint]","ruleId":"explicit-types","filePath":"Benchmarks/Study_SamplesSet/c28430394cf134981f20166b8ac1c64e.sol"},{"line":344,"column":73,"severity":"Warning","message":"Rule is set with explicit type [var/s: uint]","ruleId":"explicit-types","filePath":"Benchmarks/Study_SamplesSet/c28430394cf134981f20166b8ac1c64e.sol"},{"line":349,"column":74,"severity":"Warning","message":"Rule is set with explicit type [var/s: uint]","ruleId":"explicit-types","filePath":"Benchmarks/Study_SamplesSet/c28430394cf134981f20166b8ac1c64e.sol"},{"line":350,"column":9,"severity":"Warning","message":"Rule is set with explicit type [var/s: uint]","ruleId":"explicit-types","filePath":"Benchmarks/Study_SamplesSet/c28430394cf134981f20166b8ac1c64e.sol"},{"line":376,"column":5,"severity":"Error","message":"Explicitly mark visibility of state","ruleId":"state-visibility","fix":null,"filePath":"Benchmarks/Study_SamplesSet/c28430394cf134981f20166b8ac1c64e.sol"},{"line":376,"column":5,"severity":"Warning","message":"Rule is set with explicit type [var/s: uint]","ruleId":"explicit-types","filePath":"Benchmarks/Study_SamplesSet/c28430394cf134981f20166b8ac1c64e.sol"},{"line":376,"column":5,"severity":"Warning","message":"Constant name must be in capitalized SNAKE_CASE","ruleId":"const-name-snakecase","fix":null,"filePath":"Benchmarks/Study_SamplesSet/c28430394cf134981f20166b8ac1c64e.sol"},{"line":379,"column":5,"severity":"Warning","message":"Rule is set with explicit type [var/s: uint]","ruleId":"explicit-types","filePath":"Benchmarks/Study_SamplesSet/c28430394cf134981f20166b8ac1c64e.sol"},{"line":379,"column":5,"severity":"Warning","message":"Variable name must be in mixedCase","ruleId":"var-name-mixedcase","fix":null,"filePath":"Benchmarks/Study_SamplesSet/c28430394cf134981f20166b8ac1c64e.sol"},{"line":383,"column":5,"severity":"Warning","message":"Rule is set with explicit type [var/s: uint]","ruleId":"explicit-types","filePath":"Benchmarks/Study_SamplesSet/c28430394cf134981f20166b8ac1c64e.sol"},{"line":383,"column":5,"severity":"Warning","message":"Variable name must be in mixedCase","ruleId":"var-name-mixedcase","fix":null,"filePath":"Benchmarks/Study_SamplesSet/c28430394cf134981f20166b8ac1c64e.sol"},{"line":388,"column":5,"severity":"Warning","message":"Variable name must be in mixedCase","ruleId":"var-name-mixedcase","fix":null,"filePath":"Benchmarks/Study_SamplesSet/c28430394cf134981f20166b8ac1c64e.sol"},{"line":391,"column":5,"severity":"Warning","message":"Rule is set with explicit type [var/s: uint]","ruleId":"explicit-types","filePath":"Benchmarks/Study_SamplesSet/c28430394cf134981f20166b8ac1c64e.sol"},{"line":391,"column":5,"severity":"Warning","message":"Variable name must be in mixedCase","ruleId":"var-name-mixedcase","fix":null,"filePath":"Benchmarks/Study_SamplesSet/c28430394cf134981f20166b8ac1c64e.sol"},{"line":395,"column":5,"severity":"Warning","message":"Variable name must be in mixedCase","ruleId":"var-name-mixedcase","fix":null,"filePath":"Benchmarks/Study_SamplesSet/c28430394cf134981f20166b8ac1c64e.sol"},{"line":396,"column":5,"severity":"Warning","message":"Variable name must be in mixedCase","ruleId":"var-name-mixedcase","fix":null,"filePath":"Benchmarks/Study_SamplesSet/c28430394cf134981f20166b8ac1c64e.sol"},{"line":405,"column":43,"severity":"Warning","message":"Rule is set with explicit type [var/s: uint]","ruleId":"explicit-types","filePath":"Benchmarks/Study_SamplesSet/c28430394cf134981f20166b8ac1c64e.sol"},{"line":406,"column":41,"severity":"Warning","message":"Rule is set with explicit type [var/s: uint]","ruleId":"explicit-types","filePath":"Benchmarks/Study_SamplesSet/c28430394cf134981f20166b8ac1c64e.sol"},{"line":408,"column":5,"severity":"Error","message":"Explicitly mark visibility in function (Set ignoreConstructors to true if using solidity >=0.7.0)","ruleId":"func-visibility","fix":null,"filePath":"Benchmarks/Study_SamplesSet/c28430394cf134981f20166b8ac1c64e.sol"},{"line":408,"column":54,"severity":"Warning","message":"Rule is set with explicit type [var/s: uint]","ruleId":"explicit-types","filePath":"Benchmarks/Study_SamplesSet/c28430394cf134981f20166b8ac1c64e.sol"},{"line":414,"column":5,"severity":"Error","message":"Explicitly mark visibility in function","ruleId":"func-visibility","fix":null,"filePath":"Benchmarks/Study_SamplesSet/c28430394cf134981f20166b8ac1c64e.sol"},{"line":418,"column":13,"severity":"Error","message":"Explicitly mark all external contracts as trusted or untrusted","ruleId":"mark-callable-contracts","filePath":"Benchmarks/Study_SamplesSet/c28430394cf134981f20166b8ac1c64e.sol"},{"line":424,"column":36,"severity":"Warning","message":"Rule is set with explicit type [var/s: uint]","ruleId":"explicit-types","filePath":"Benchmarks/Study_SamplesSet/c28430394cf134981f20166b8ac1c64e.sol"},{"line":426,"column":24,"severity":"Error","message":"Use \"keccak256\" instead of deprecated \"sha3\"","ruleId":"avoid-sha3","filePath":"Benchmarks/Study_SamplesSet/c28430394cf134981f20166b8ac1c64e.sol"},{"line":428,"column":9,"severity":"Warning","message":"Provide an error message for require","ruleId":"reason-string","fix":null,"filePath":"Benchmarks/Study_SamplesSet/c28430394cf134981f20166b8ac1c64e.sol"},{"line":428,"column":9,"severity":"Warning","message":"Use Custom Errors instead of require statements","ruleId":"custom-errors","fix":null,"filePath":"Benchmarks/Study_SamplesSet/c28430394cf134981f20166b8ac1c64e.sol"},{"line":429,"column":9,"severity":"Warning","message":"Provide an error message for require","ruleId":"reason-string","fix":null,"filePath":"Benchmarks/Study_SamplesSet/c28430394cf134981f20166b8ac1c64e.sol"},{"line":429,"column":9,"severity":"Warning","message":"Use Custom Errors instead of require statements","ruleId":"custom-errors","fix":null,"filePath":"Benchmarks/Study_SamplesSet/c28430394cf134981f20166b8ac1c64e.sol"},{"line":431,"column":9,"severity":"Error","message":"Explicitly mark all external contracts as trusted or untrusted","ruleId":"mark-callable-contracts","filePath":"Benchmarks/Study_SamplesSet/c28430394cf134981f20166b8ac1c64e.sol"},{"conclusion":"80 problem/s (19 error/s, 61 warning/s)"}]
