[{"line":1,"column":1,"severity":"Warning","message":"Found more than One contract per file. 2 contracts found!","ruleId":"one-contract-per-file","fix":null,"filePath":"Benchmarks/Study_SamplesSet/c581caa3d3c87b76018c5da612bdebd6.sol"},{"line":1,"column":1,"severity":"Error","message":"Compiler version ^0.4.15 does not satisfy the ^0.8.0 semver requirement","ruleId":"compiler-version","fix":null,"filePath":"Benchmarks/Study_SamplesSet/c581caa3d3c87b76018c5da612bdebd6.sol"},{"line":13,"column":32,"severity":"Warning","message":"Variable name must be in mixedCase","ruleId":"var-name-mixedcase","fix":null,"filePath":"Benchmarks/Study_SamplesSet/c581caa3d3c87b76018c5da612bdebd6.sol"},{"line":13,"column":60,"severity":"Warning","message":"Variable name must be in mixedCase","ruleId":"var-name-mixedcase","fix":null,"filePath":"Benchmarks/Study_SamplesSet/c581caa3d3c87b76018c5da612bdebd6.sol"},{"line":20,"column":5,"severity":"Warning","message":"Provide an error message for require","ruleId":"reason-string","fix":null,"filePath":"Benchmarks/Study_SamplesSet/c581caa3d3c87b76018c5da612bdebd6.sol"},{"line":20,"column":5,"severity":"Warning","message":"Use Custom Errors instead of require statements","ruleId":"custom-errors","fix":null,"filePath":"Benchmarks/Study_SamplesSet/c581caa3d3c87b76018c5da612bdebd6.sol"},{"line":24,"column":60,"severity":"Warning","message":"Visibility modifier must be first in list of modifiers","ruleId":"visibility-modifier-order","fix":null,"filePath":"Benchmarks/Study_SamplesSet/c581caa3d3c87b76018c5da612bdebd6.sol"},{"line":24,"column":31,"severity":"Warning","message":"Variable name must be in mixedCase","ruleId":"var-name-mixedcase","fix":null,"filePath":"Benchmarks/Study_SamplesSet/c581caa3d3c87b76018c5da612bdebd6.sol"},{"line":25,"column":5,"severity":"Warning","message":"Provide an error message for require","ruleId":"reason-string","fix":null,"filePath":"Benchmarks/Study_SamplesSet/c581caa3d3c87b76018c5da612bdebd6.sol"},{"line":25,"column":5,"severity":"Warning","message":"Use Custom Errors instead of require statements","ruleId":"custom-errors","fix":null,"filePath":"Benchmarks/Study_SamplesSet/c581caa3d3c87b76018c5da612bdebd6.sol"},{"line":26,"column":5,"severity":"Error","message":"Explicitly mark all external contracts as trusted or untrusted","ruleId":"mark-callable-contracts","filePath":"Benchmarks/Study_SamplesSet/c581caa3d3c87b76018c5da612bdebd6.sol"},{"line":43,"column":3,"severity":"Warning","message":"Rule is set with explicit type [var/s: uint]","ruleId":"explicit-types","filePath":"Benchmarks/Study_SamplesSet/c581caa3d3c87b76018c5da612bdebd6.sol"},{"line":46,"column":3,"severity":"Warning","message":"Rule is set with explicit type [var/s: uint]","ruleId":"explicit-types","filePath":"Benchmarks/Study_SamplesSet/c581caa3d3c87b76018c5da612bdebd6.sol"},{"line":49,"column":3,"severity":"Warning","message":"Rule is set with explicit type [var/s: uint]","ruleId":"explicit-types","filePath":"Benchmarks/Study_SamplesSet/c581caa3d3c87b76018c5da612bdebd6.sol"},{"line":52,"column":3,"severity":"Warning","message":"Rule is set with explicit type [var/s: uint]","ruleId":"explicit-types","filePath":"Benchmarks/Study_SamplesSet/c581caa3d3c87b76018c5da612bdebd6.sol"},{"line":55,"column":3,"severity":"Warning","message":"Rule is set with explicit type [var/s: uint]","ruleId":"explicit-types","filePath":"Benchmarks/Study_SamplesSet/c581caa3d3c87b76018c5da612bdebd6.sol"},{"line":76,"column":62,"severity":"Warning","message":"Rule is set with explicit type [var/s: uint]","ruleId":"explicit-types","filePath":"Benchmarks/Study_SamplesSet/c581caa3d3c87b76018c5da612bdebd6.sol"},{"line":82,"column":3,"severity":"Warning","message":"Rule is set with explicit type [var/s: uint]","ruleId":"explicit-types","filePath":"Benchmarks/Study_SamplesSet/c581caa3d3c87b76018c5da612bdebd6.sol"},{"line":85,"column":3,"severity":"Warning","message":"Rule is set with explicit type [var/s: uint]","ruleId":"explicit-types","filePath":"Benchmarks/Study_SamplesSet/c581caa3d3c87b76018c5da612bdebd6.sol"},{"line":88,"column":3,"severity":"Warning","message":"Rule is set with explicit type [var/s: uint]","ruleId":"explicit-types","filePath":"Benchmarks/Study_SamplesSet/c581caa3d3c87b76018c5da612bdebd6.sol"},{"line":91,"column":3,"severity":"Warning","message":"Rule is set with explicit type [var/s: uint]","ruleId":"explicit-types","filePath":"Benchmarks/Study_SamplesSet/c581caa3d3c87b76018c5da612bdebd6.sol"},{"line":94,"column":3,"severity":"Warning","message":"Rule is set with explicit type [var/s: uint]","ruleId":"explicit-types","filePath":"Benchmarks/Study_SamplesSet/c581caa3d3c87b76018c5da612bdebd6.sol"},{"line":97,"column":3,"severity":"Warning","message":"Rule is set with explicit type [var/s: uint]","ruleId":"explicit-types","filePath":"Benchmarks/Study_SamplesSet/c581caa3d3c87b76018c5da612bdebd6.sol"},{"line":106,"column":3,"severity":"Warning","message":"Rule is set with explicit type [var/s: uint]","ruleId":"explicit-types","filePath":"Benchmarks/Study_SamplesSet/c581caa3d3c87b76018c5da612bdebd6.sol"},{"line":113,"column":3,"severity":"Warning","message":"Code contains empty blocks","ruleId":"no-empty-blocks","fix":null,"filePath":"Benchmarks/Study_SamplesSet/c581caa3d3c87b76018c5da612bdebd6.sol"},{"line":123,"column":5,"severity":"Warning","message":"Rule is set with explicit type [var/s: uint]","ruleId":"explicit-types","filePath":"Benchmarks/Study_SamplesSet/c581caa3d3c87b76018c5da612bdebd6.sol"},{"line":123,"column":21,"severity":"Error","message":"Avoid making time-based decisions in your business logic","ruleId":"not-rely-on-time","fix":null,"filePath":"Benchmarks/Study_SamplesSet/c581caa3d3c87b76018c5da612bdebd6.sol"},{"line":135,"column":32,"severity":"Warning","message":"Rule is set with explicit type [var/s: uint]","ruleId":"explicit-types","filePath":"Benchmarks/Study_SamplesSet/c581caa3d3c87b76018c5da612bdebd6.sol"},{"line":135,"column":32,"severity":"Warning","message":"Variable name must be in mixedCase","ruleId":"var-name-mixedcase","fix":null,"filePath":"Benchmarks/Study_SamplesSet/c581caa3d3c87b76018c5da612bdebd6.sol"},{"line":135,"column":84,"severity":"Warning","message":"Rule is set with explicit type [var/s: uint]","ruleId":"explicit-types","filePath":"Benchmarks/Study_SamplesSet/c581caa3d3c87b76018c5da612bdebd6.sol"},{"line":140,"column":31,"severity":"Warning","message":"Rule is set with explicit type [var/s: uint]","ruleId":"explicit-types","filePath":"Benchmarks/Study_SamplesSet/c581caa3d3c87b76018c5da612bdebd6.sol"},{"line":140,"column":31,"severity":"Warning","message":"Variable name must be in mixedCase","ruleId":"var-name-mixedcase","fix":null,"filePath":"Benchmarks/Study_SamplesSet/c581caa3d3c87b76018c5da612bdebd6.sol"},{"line":140,"column":83,"severity":"Warning","message":"Rule is set with explicit type [var/s: uint]","ruleId":"explicit-types","filePath":"Benchmarks/Study_SamplesSet/c581caa3d3c87b76018c5da612bdebd6.sol"},{"line":145,"column":31,"severity":"Warning","message":"Rule is set with explicit type [var/s: uint]","ruleId":"explicit-types","filePath":"Benchmarks/Study_SamplesSet/c581caa3d3c87b76018c5da612bdebd6.sol"},{"line":145,"column":31,"severity":"Warning","message":"Variable name must be in mixedCase","ruleId":"var-name-mixedcase","fix":null,"filePath":"Benchmarks/Study_SamplesSet/c581caa3d3c87b76018c5da612bdebd6.sol"},{"line":145,"column":70,"severity":"Warning","message":"Rule is set with explicit type [var/s: uint]","ruleId":"explicit-types","filePath":"Benchmarks/Study_SamplesSet/c581caa3d3c87b76018c5da612bdebd6.sol"},{"line":156,"column":50,"severity":"Warning","message":"Rule is set with explicit type [var/s: uint]","ruleId":"explicit-types","filePath":"Benchmarks/Study_SamplesSet/c581caa3d3c87b76018c5da612bdebd6.sol"},{"line":158,"column":5,"severity":"Warning","message":"Provide an error message for require","ruleId":"reason-string","fix":null,"filePath":"Benchmarks/Study_SamplesSet/c581caa3d3c87b76018c5da612bdebd6.sol"},{"line":158,"column":5,"severity":"Warning","message":"Use Custom Errors instead of require statements","ruleId":"custom-errors","fix":null,"filePath":"Benchmarks/Study_SamplesSet/c581caa3d3c87b76018c5da612bdebd6.sol"},{"line":159,"column":5,"severity":"Warning","message":"Provide an error message for require","ruleId":"reason-string","fix":null,"filePath":"Benchmarks/Study_SamplesSet/c581caa3d3c87b76018c5da612bdebd6.sol"},{"line":159,"column":5,"severity":"Warning","message":"Use Custom Errors instead of require statements","ruleId":"custom-errors","fix":null,"filePath":"Benchmarks/Study_SamplesSet/c581caa3d3c87b76018c5da612bdebd6.sol"},{"line":160,"column":5,"severity":"Warning","message":"Provide an error message for require","ruleId":"reason-string","fix":null,"filePath":"Benchmarks/Study_SamplesSet/c581caa3d3c87b76018c5da612bdebd6.sol"},{"line":160,"column":5,"severity":"Warning","message":"Use Custom Errors instead of require statements","ruleId":"custom-errors","fix":null,"filePath":"Benchmarks/Study_SamplesSet/c581caa3d3c87b76018c5da612bdebd6.sol"},{"line":161,"column":5,"severity":"Warning","message":"Provide an error message for require","ruleId":"reason-string","fix":null,"filePath":"Benchmarks/Study_SamplesSet/c581caa3d3c87b76018c5da612bdebd6.sol"},{"line":161,"column":5,"severity":"Warning","message":"Use Custom Errors instead of require statements","ruleId":"custom-errors","fix":null,"filePath":"Benchmarks/Study_SamplesSet/c581caa3d3c87b76018c5da612bdebd6.sol"},{"line":166,"column":5,"severity":"Error","message":"Explicitly mark all external contracts as trusted or untrusted","ruleId":"mark-callable-contracts","filePath":"Benchmarks/Study_SamplesSet/c581caa3d3c87b76018c5da612bdebd6.sol"},{"line":186,"column":59,"severity":"Warning","message":"Rule is set with explicit type [var/s: uint]","ruleId":"explicit-types","filePath":"Benchmarks/Study_SamplesSet/c581caa3d3c87b76018c5da612bdebd6.sol"},{"line":197,"column":28,"severity":"Warning","message":"Variable name must be in mixedCase","ruleId":"var-name-mixedcase","fix":null,"filePath":"Benchmarks/Study_SamplesSet/c581caa3d3c87b76018c5da612bdebd6.sol"},{"line":197,"column":73,"severity":"Warning","message":"Rule is set with explicit type [var/s: uint]","ruleId":"explicit-types","filePath":"Benchmarks/Study_SamplesSet/c581caa3d3c87b76018c5da612bdebd6.sol"},{"line":198,"column":5,"severity":"Warning","message":"Provide an error message for require","ruleId":"reason-string","fix":null,"filePath":"Benchmarks/Study_SamplesSet/c581caa3d3c87b76018c5da612bdebd6.sol"},{"line":198,"column":5,"severity":"Warning","message":"Use Custom Errors instead of require statements","ruleId":"custom-errors","fix":null,"filePath":"Benchmarks/Study_SamplesSet/c581caa3d3c87b76018c5da612bdebd6.sol"},{"line":207,"column":56,"severity":"Warning","message":"Rule is set with explicit type [var/s: uint]","ruleId":"explicit-types","filePath":"Benchmarks/Study_SamplesSet/c581caa3d3c87b76018c5da612bdebd6.sol"},{"line":216,"column":59,"severity":"Warning","message":"Rule is set with explicit type [var/s: uint]","ruleId":"explicit-types","filePath":"Benchmarks/Study_SamplesSet/c581caa3d3c87b76018c5da612bdebd6.sol"},{"line":225,"column":28,"severity":"Warning","message":"Variable name must be in mixedCase","ruleId":"var-name-mixedcase","fix":null,"filePath":"Benchmarks/Study_SamplesSet/c581caa3d3c87b76018c5da612bdebd6.sol"},{"line":225,"column":73,"severity":"Warning","message":"Rule is set with explicit type [var/s: uint]","ruleId":"explicit-types","filePath":"Benchmarks/Study_SamplesSet/c581caa3d3c87b76018c5da612bdebd6.sol"},{"line":226,"column":5,"severity":"Warning","message":"Provide an error message for require","ruleId":"reason-string","fix":null,"filePath":"Benchmarks/Study_SamplesSet/c581caa3d3c87b76018c5da612bdebd6.sol"},{"line":226,"column":5,"severity":"Warning","message":"Use Custom Errors instead of require statements","ruleId":"custom-errors","fix":null,"filePath":"Benchmarks/Study_SamplesSet/c581caa3d3c87b76018c5da612bdebd6.sol"},{"line":237,"column":5,"severity":"Warning","message":"Provide an error message for require","ruleId":"reason-string","fix":null,"filePath":"Benchmarks/Study_SamplesSet/c581caa3d3c87b76018c5da612bdebd6.sol"},{"line":237,"column":5,"severity":"Warning","message":"Use Custom Errors instead of require statements","ruleId":"custom-errors","fix":null,"filePath":"Benchmarks/Study_SamplesSet/c581caa3d3c87b76018c5da612bdebd6.sol"},{"line":237,"column":30,"severity":"Error","message":"Explicitly mark all external contracts as trusted or untrusted","ruleId":"mark-callable-contracts","filePath":"Benchmarks/Study_SamplesSet/c581caa3d3c87b76018c5da612bdebd6.sol"},{"line":238,"column":5,"severity":"Warning","message":"Provide an error message for require","ruleId":"reason-string","fix":null,"filePath":"Benchmarks/Study_SamplesSet/c581caa3d3c87b76018c5da612bdebd6.sol"},{"line":238,"column":5,"severity":"Warning","message":"Use Custom Errors instead of require statements","ruleId":"custom-errors","fix":null,"filePath":"Benchmarks/Study_SamplesSet/c581caa3d3c87b76018c5da612bdebd6.sol"},{"line":238,"column":13,"severity":"Error","message":"Avoid making time-based decisions in your business logic","ruleId":"not-rely-on-time","fix":null,"filePath":"Benchmarks/Study_SamplesSet/c581caa3d3c87b76018c5da612bdebd6.sol"},{"line":239,"column":5,"severity":"Warning","message":"Provide an error message for require","ruleId":"reason-string","fix":null,"filePath":"Benchmarks/Study_SamplesSet/c581caa3d3c87b76018c5da612bdebd6.sol"},{"line":239,"column":5,"severity":"Warning","message":"Use Custom Errors instead of require statements","ruleId":"custom-errors","fix":null,"filePath":"Benchmarks/Study_SamplesSet/c581caa3d3c87b76018c5da612bdebd6.sol"},{"line":239,"column":26,"severity":"Error","message":"Explicitly mark all external contracts as trusted or untrusted","ruleId":"mark-callable-contracts","filePath":"Benchmarks/Study_SamplesSet/c581caa3d3c87b76018c5da612bdebd6.sol"},{"line":242,"column":5,"severity":"Warning","message":"Rule is set with explicit type [var/s: uint]","ruleId":"explicit-types","filePath":"Benchmarks/Study_SamplesSet/c581caa3d3c87b76018c5da612bdebd6.sol"},{"line":244,"column":5,"severity":"Warning","message":"Provide an error message for require","ruleId":"reason-string","fix":null,"filePath":"Benchmarks/Study_SamplesSet/c581caa3d3c87b76018c5da612bdebd6.sol"},{"line":244,"column":5,"severity":"Warning","message":"Use Custom Errors instead of require statements","ruleId":"custom-errors","fix":null,"filePath":"Benchmarks/Study_SamplesSet/c581caa3d3c87b76018c5da612bdebd6.sol"},{"line":262,"column":20,"severity":"Warning","message":"Rule is set with explicit type [var/s: uint]","ruleId":"explicit-types","filePath":"Benchmarks/Study_SamplesSet/c581caa3d3c87b76018c5da612bdebd6.sol"},{"line":262,"column":20,"severity":"Warning","message":"Variable name must be in mixedCase","ruleId":"var-name-mixedcase","fix":null,"filePath":"Benchmarks/Study_SamplesSet/c581caa3d3c87b76018c5da612bdebd6.sol"},{"line":264,"column":5,"severity":"Warning","message":"Provide an error message for require","ruleId":"reason-string","fix":null,"filePath":"Benchmarks/Study_SamplesSet/c581caa3d3c87b76018c5da612bdebd6.sol"},{"line":264,"column":5,"severity":"Warning","message":"Use Custom Errors instead of require statements","ruleId":"custom-errors","fix":null,"filePath":"Benchmarks/Study_SamplesSet/c581caa3d3c87b76018c5da612bdebd6.sol"},{"line":264,"column":30,"severity":"Error","message":"Explicitly mark all external contracts as trusted or untrusted","ruleId":"mark-callable-contracts","filePath":"Benchmarks/Study_SamplesSet/c581caa3d3c87b76018c5da612bdebd6.sol"},{"line":265,"column":5,"severity":"Warning","message":"Provide an error message for require","ruleId":"reason-string","fix":null,"filePath":"Benchmarks/Study_SamplesSet/c581caa3d3c87b76018c5da612bdebd6.sol"},{"line":265,"column":5,"severity":"Warning","message":"Use Custom Errors instead of require statements","ruleId":"custom-errors","fix":null,"filePath":"Benchmarks/Study_SamplesSet/c581caa3d3c87b76018c5da612bdebd6.sol"},{"line":266,"column":5,"severity":"Warning","message":"Provide an error message for require","ruleId":"reason-string","fix":null,"filePath":"Benchmarks/Study_SamplesSet/c581caa3d3c87b76018c5da612bdebd6.sol"},{"line":266,"column":5,"severity":"Warning","message":"Use Custom Errors instead of require statements","ruleId":"custom-errors","fix":null,"filePath":"Benchmarks/Study_SamplesSet/c581caa3d3c87b76018c5da612bdebd6.sol"},{"line":266,"column":28,"severity":"Error","message":"Explicitly mark all external contracts as trusted or untrusted","ruleId":"mark-callable-contracts","filePath":"Benchmarks/Study_SamplesSet/c581caa3d3c87b76018c5da612bdebd6.sol"},{"line":267,"column":5,"severity":"Warning","message":"Provide an error message for require","ruleId":"reason-string","fix":null,"filePath":"Benchmarks/Study_SamplesSet/c581caa3d3c87b76018c5da612bdebd6.sol"},{"line":267,"column":5,"severity":"Warning","message":"Use Custom Errors instead of require statements","ruleId":"custom-errors","fix":null,"filePath":"Benchmarks/Study_SamplesSet/c581caa3d3c87b76018c5da612bdebd6.sol"},{"line":269,"column":5,"severity":"Warning","message":"Rule is set with explicit type [var/s: uint]","ruleId":"explicit-types","filePath":"Benchmarks/Study_SamplesSet/c581caa3d3c87b76018c5da612bdebd6.sol"},{"line":272,"column":5,"severity":"Warning","message":"Provide an error message for require","ruleId":"reason-string","fix":null,"filePath":"Benchmarks/Study_SamplesSet/c581caa3d3c87b76018c5da612bdebd6.sol"},{"line":272,"column":5,"severity":"Warning","message":"Use Custom Errors instead of require statements","ruleId":"custom-errors","fix":null,"filePath":"Benchmarks/Study_SamplesSet/c581caa3d3c87b76018c5da612bdebd6.sol"},{"line":290,"column":55,"severity":"Warning","message":"Visibility modifier must be first in list of modifiers","ruleId":"visibility-modifier-order","fix":null,"filePath":"Benchmarks/Study_SamplesSet/c581caa3d3c87b76018c5da612bdebd6.sol"},{"line":290,"column":28,"severity":"Warning","message":"Rule is set with explicit type [var/s: uint]","ruleId":"explicit-types","filePath":"Benchmarks/Study_SamplesSet/c581caa3d3c87b76018c5da612bdebd6.sol"},{"line":290,"column":28,"severity":"Warning","message":"Variable name must be in mixedCase","ruleId":"var-name-mixedcase","fix":null,"filePath":"Benchmarks/Study_SamplesSet/c581caa3d3c87b76018c5da612bdebd6.sol"},{"line":301,"column":58,"severity":"Warning","message":"Visibility modifier must be first in list of modifiers","ruleId":"visibility-modifier-order","fix":null,"filePath":"Benchmarks/Study_SamplesSet/c581caa3d3c87b76018c5da612bdebd6.sol"},{"line":301,"column":28,"severity":"Warning","message":"Rule is set with explicit type [var/s: uint]","ruleId":"explicit-types","filePath":"Benchmarks/Study_SamplesSet/c581caa3d3c87b76018c5da612bdebd6.sol"},{"line":301,"column":28,"severity":"Warning","message":"Variable name must be in mixedCase","ruleId":"var-name-mixedcase","fix":null,"filePath":"Benchmarks/Study_SamplesSet/c581caa3d3c87b76018c5da612bdebd6.sol"},{"line":302,"column":5,"severity":"Warning","message":"Provide an error message for require","ruleId":"reason-string","fix":null,"filePath":"Benchmarks/Study_SamplesSet/c581caa3d3c87b76018c5da612bdebd6.sol"},{"line":302,"column":5,"severity":"Warning","message":"Use Custom Errors instead of require statements","ruleId":"custom-errors","fix":null,"filePath":"Benchmarks/Study_SamplesSet/c581caa3d3c87b76018c5da612bdebd6.sol"},{"line":313,"column":51,"severity":"Warning","message":"Visibility modifier must be first in list of modifiers","ruleId":"visibility-modifier-order","fix":null,"filePath":"Benchmarks/Study_SamplesSet/c581caa3d3c87b76018c5da612bdebd6.sol"},{"line":313,"column":21,"severity":"Warning","message":"Rule is set with explicit type [var/s: uint]","ruleId":"explicit-types","filePath":"Benchmarks/Study_SamplesSet/c581caa3d3c87b76018c5da612bdebd6.sol"},{"line":313,"column":21,"severity":"Warning","message":"Variable name must be in mixedCase","ruleId":"var-name-mixedcase","fix":null,"filePath":"Benchmarks/Study_SamplesSet/c581caa3d3c87b76018c5da612bdebd6.sol"},{"line":314,"column":5,"severity":"Warning","message":"Provide an error message for require","ruleId":"reason-string","fix":null,"filePath":"Benchmarks/Study_SamplesSet/c581caa3d3c87b76018c5da612bdebd6.sol"},{"line":314,"column":5,"severity":"Warning","message":"Use Custom Errors instead of require statements","ruleId":"custom-errors","fix":null,"filePath":"Benchmarks/Study_SamplesSet/c581caa3d3c87b76018c5da612bdebd6.sol"},{"line":314,"column":30,"severity":"Error","message":"Explicitly mark all external contracts as trusted or untrusted","ruleId":"mark-callable-contracts","filePath":"Benchmarks/Study_SamplesSet/c581caa3d3c87b76018c5da612bdebd6.sol"},{"line":317,"column":23,"severity":"Error","message":"Explicitly mark all external contracts as trusted or untrusted","ruleId":"mark-callable-contracts","filePath":"Benchmarks/Study_SamplesSet/c581caa3d3c87b76018c5da612bdebd6.sol"},{"line":319,"column":21,"severity":"Error","message":"Explicitly mark all external contracts as trusted or untrusted","ruleId":"mark-callable-contracts","filePath":"Benchmarks/Study_SamplesSet/c581caa3d3c87b76018c5da612bdebd6.sol"},{"line":320,"column":5,"severity":"Error","message":"Explicitly mark all external contracts as trusted or untrusted","ruleId":"mark-callable-contracts","filePath":"Benchmarks/Study_SamplesSet/c581caa3d3c87b76018c5da612bdebd6.sol"},{"line":327,"column":32,"severity":"Warning","message":"Visibility modifier must be first in list of modifiers","ruleId":"visibility-modifier-order","fix":null,"filePath":"Benchmarks/Study_SamplesSet/c581caa3d3c87b76018c5da612bdebd6.sol"},{"line":328,"column":5,"severity":"Warning","message":"Provide an error message for require","ruleId":"reason-string","fix":null,"filePath":"Benchmarks/Study_SamplesSet/c581caa3d3c87b76018c5da612bdebd6.sol"},{"line":328,"column":5,"severity":"Warning","message":"Use Custom Errors instead of require statements","ruleId":"custom-errors","fix":null,"filePath":"Benchmarks/Study_SamplesSet/c581caa3d3c87b76018c5da612bdebd6.sol"},{"line":328,"column":30,"severity":"Error","message":"Explicitly mark all external contracts as trusted or untrusted","ruleId":"mark-callable-contracts","filePath":"Benchmarks/Study_SamplesSet/c581caa3d3c87b76018c5da612bdebd6.sol"},{"line":330,"column":21,"severity":"Error","message":"Explicitly mark all external contracts as trusted or untrusted","ruleId":"mark-callable-contracts","filePath":"Benchmarks/Study_SamplesSet/c581caa3d3c87b76018c5da612bdebd6.sol"},{"line":331,"column":5,"severity":"Error","message":"Explicitly mark all external contracts as trusted or untrusted","ruleId":"mark-callable-contracts","filePath":"Benchmarks/Study_SamplesSet/c581caa3d3c87b76018c5da612bdebd6.sol"},{"line":340,"column":62,"severity":"Warning","message":"Visibility modifier must be first in list of modifiers","ruleId":"visibility-modifier-order","fix":null,"filePath":"Benchmarks/Study_SamplesSet/c581caa3d3c87b76018c5da612bdebd6.sol"},{"line":340,"column":34,"severity":"Warning","message":"Rule is set with explicit type [var/s: uint]","ruleId":"explicit-types","filePath":"Benchmarks/Study_SamplesSet/c581caa3d3c87b76018c5da612bdebd6.sol"},{"line":340,"column":34,"severity":"Warning","message":"Variable name must be in mixedCase","ruleId":"var-name-mixedcase","fix":null,"filePath":"Benchmarks/Study_SamplesSet/c581caa3d3c87b76018c5da612bdebd6.sol"},{"line":341,"column":5,"severity":"Warning","message":"Provide an error message for require","ruleId":"reason-string","fix":null,"filePath":"Benchmarks/Study_SamplesSet/c581caa3d3c87b76018c5da612bdebd6.sol"},{"line":341,"column":5,"severity":"Warning","message":"Use Custom Errors instead of require statements","ruleId":"custom-errors","fix":null,"filePath":"Benchmarks/Study_SamplesSet/c581caa3d3c87b76018c5da612bdebd6.sol"},{"line":352,"column":64,"severity":"Warning","message":"Visibility modifier must be first in list of modifiers","ruleId":"visibility-modifier-order","fix":null,"filePath":"Benchmarks/Study_SamplesSet/c581caa3d3c87b76018c5da612bdebd6.sol"},{"line":352,"column":29,"severity":"Warning","message":"Variable name must be in mixedCase","ruleId":"var-name-mixedcase","fix":null,"filePath":"Benchmarks/Study_SamplesSet/c581caa3d3c87b76018c5da612bdebd6.sol"},{"line":363,"column":27,"severity":"Warning","message":"Variable name must be in mixedCase","ruleId":"var-name-mixedcase","fix":null,"filePath":"Benchmarks/Study_SamplesSet/c581caa3d3c87b76018c5da612bdebd6.sol"},{"line":363,"column":54,"severity":"Warning","message":"Rule is set with explicit type [var/s: uint]","ruleId":"explicit-types","filePath":"Benchmarks/Study_SamplesSet/c581caa3d3c87b76018c5da612bdebd6.sol"},{"line":363,"column":54,"severity":"Warning","message":"Variable name must be in mixedCase","ruleId":"var-name-mixedcase","fix":null,"filePath":"Benchmarks/Study_SamplesSet/c581caa3d3c87b76018c5da612bdebd6.sol"},{"line":364,"column":5,"severity":"Warning","message":"Provide an error message for require","ruleId":"reason-string","fix":null,"filePath":"Benchmarks/Study_SamplesSet/c581caa3d3c87b76018c5da612bdebd6.sol"},{"line":364,"column":5,"severity":"Warning","message":"Use Custom Errors instead of require statements","ruleId":"custom-errors","fix":null,"filePath":"Benchmarks/Study_SamplesSet/c581caa3d3c87b76018c5da612bdebd6.sol"},{"line":365,"column":5,"severity":"Warning","message":"Provide an error message for require","ruleId":"reason-string","fix":null,"filePath":"Benchmarks/Study_SamplesSet/c581caa3d3c87b76018c5da612bdebd6.sol"},{"line":365,"column":5,"severity":"Warning","message":"Use Custom Errors instead of require statements","ruleId":"custom-errors","fix":null,"filePath":"Benchmarks/Study_SamplesSet/c581caa3d3c87b76018c5da612bdebd6.sol"},{"line":365,"column":30,"severity":"Error","message":"Explicitly mark all external contracts as trusted or untrusted","ruleId":"mark-callable-contracts","filePath":"Benchmarks/Study_SamplesSet/c581caa3d3c87b76018c5da612bdebd6.sol"},{"line":366,"column":5,"severity":"Warning","message":"Provide an error message for require","ruleId":"reason-string","fix":null,"filePath":"Benchmarks/Study_SamplesSet/c581caa3d3c87b76018c5da612bdebd6.sol"},{"line":366,"column":5,"severity":"Warning","message":"Use Custom Errors instead of require statements","ruleId":"custom-errors","fix":null,"filePath":"Benchmarks/Study_SamplesSet/c581caa3d3c87b76018c5da612bdebd6.sol"},{"line":366,"column":13,"severity":"Error","message":"Avoid making time-based decisions in your business logic","ruleId":"not-rely-on-time","fix":null,"filePath":"Benchmarks/Study_SamplesSet/c581caa3d3c87b76018c5da612bdebd6.sol"},{"line":379,"column":79,"severity":"Warning","message":"Visibility modifier must be first in list of modifiers","ruleId":"visibility-modifier-order","fix":null,"filePath":"Benchmarks/Study_SamplesSet/c581caa3d3c87b76018c5da612bdebd6.sol"},{"line":379,"column":24,"severity":"Warning","message":"Variable name must be in mixedCase","ruleId":"var-name-mixedcase","fix":null,"filePath":"Benchmarks/Study_SamplesSet/c581caa3d3c87b76018c5da612bdebd6.sol"},{"line":379,"column":51,"severity":"Warning","message":"Rule is set with explicit type [var/s: uint]","ruleId":"explicit-types","filePath":"Benchmarks/Study_SamplesSet/c581caa3d3c87b76018c5da612bdebd6.sol"},{"line":379,"column":51,"severity":"Warning","message":"Variable name must be in mixedCase","ruleId":"var-name-mixedcase","fix":null,"filePath":"Benchmarks/Study_SamplesSet/c581caa3d3c87b76018c5da612bdebd6.sol"},{"line":380,"column":5,"severity":"Warning","message":"Provide an error message for require","ruleId":"reason-string","fix":null,"filePath":"Benchmarks/Study_SamplesSet/c581caa3d3c87b76018c5da612bdebd6.sol"},{"line":380,"column":5,"severity":"Warning","message":"Use Custom Errors instead of require statements","ruleId":"custom-errors","fix":null,"filePath":"Benchmarks/Study_SamplesSet/c581caa3d3c87b76018c5da612bdebd6.sol"},{"line":380,"column":31,"severity":"Error","message":"Explicitly mark all external contracts as trusted or untrusted","ruleId":"mark-callable-contracts","filePath":"Benchmarks/Study_SamplesSet/c581caa3d3c87b76018c5da612bdebd6.sol"},{"line":380,"column":78,"severity":"Error","message":"Explicitly mark all external contracts as trusted or untrusted","ruleId":"mark-callable-contracts","filePath":"Benchmarks/Study_SamplesSet/c581caa3d3c87b76018c5da612bdebd6.sol"},{"line":381,"column":5,"severity":"Warning","message":"Provide an error message for require","ruleId":"reason-string","fix":null,"filePath":"Benchmarks/Study_SamplesSet/c581caa3d3c87b76018c5da612bdebd6.sol"},{"line":381,"column":5,"severity":"Warning","message":"Use Custom Errors instead of require statements","ruleId":"custom-errors","fix":null,"filePath":"Benchmarks/Study_SamplesSet/c581caa3d3c87b76018c5da612bdebd6.sol"},{"line":382,"column":5,"severity":"Warning","message":"Provide an error message for require","ruleId":"reason-string","fix":null,"filePath":"Benchmarks/Study_SamplesSet/c581caa3d3c87b76018c5da612bdebd6.sol"},{"line":382,"column":5,"severity":"Warning","message":"Use Custom Errors instead of require statements","ruleId":"custom-errors","fix":null,"filePath":"Benchmarks/Study_SamplesSet/c581caa3d3c87b76018c5da612bdebd6.sol"},{"line":382,"column":13,"severity":"Error","message":"Avoid making time-based decisions in your business logic","ruleId":"not-rely-on-time","fix":null,"filePath":"Benchmarks/Study_SamplesSet/c581caa3d3c87b76018c5da612bdebd6.sol"},{"line":406,"column":83,"severity":"Warning","message":"Visibility modifier must be first in list of modifiers","ruleId":"visibility-modifier-order","fix":null,"filePath":"Benchmarks/Study_SamplesSet/c581caa3d3c87b76018c5da612bdebd6.sol"},{"line":406,"column":29,"severity":"Warning","message":"Variable name must be in mixedCase","ruleId":"var-name-mixedcase","fix":null,"filePath":"Benchmarks/Study_SamplesSet/c581caa3d3c87b76018c5da612bdebd6.sol"},{"line":406,"column":55,"severity":"Warning","message":"Rule is set with explicit type [var/s: uint]","ruleId":"explicit-types","filePath":"Benchmarks/Study_SamplesSet/c581caa3d3c87b76018c5da612bdebd6.sol"},{"line":406,"column":55,"severity":"Warning","message":"Variable name must be in mixedCase","ruleId":"var-name-mixedcase","fix":null,"filePath":"Benchmarks/Study_SamplesSet/c581caa3d3c87b76018c5da612bdebd6.sol"},{"line":407,"column":5,"severity":"Warning","message":"Provide an error message for require","ruleId":"reason-string","fix":null,"filePath":"Benchmarks/Study_SamplesSet/c581caa3d3c87b76018c5da612bdebd6.sol"},{"line":407,"column":5,"severity":"Warning","message":"Use Custom Errors instead of require statements","ruleId":"custom-errors","fix":null,"filePath":"Benchmarks/Study_SamplesSet/c581caa3d3c87b76018c5da612bdebd6.sol"},{"line":407,"column":31,"severity":"Error","message":"Explicitly mark all external contracts as trusted or untrusted","ruleId":"mark-callable-contracts","filePath":"Benchmarks/Study_SamplesSet/c581caa3d3c87b76018c5da612bdebd6.sol"},{"line":407,"column":78,"severity":"Error","message":"Explicitly mark all external contracts as trusted or untrusted","ruleId":"mark-callable-contracts","filePath":"Benchmarks/Study_SamplesSet/c581caa3d3c87b76018c5da612bdebd6.sol"},{"line":409,"column":5,"severity":"Warning","message":"Provide an error message for require","ruleId":"reason-string","fix":null,"filePath":"Benchmarks/Study_SamplesSet/c581caa3d3c87b76018c5da612bdebd6.sol"},{"line":409,"column":5,"severity":"Warning","message":"Use Custom Errors instead of require statements","ruleId":"custom-errors","fix":null,"filePath":"Benchmarks/Study_SamplesSet/c581caa3d3c87b76018c5da612bdebd6.sol"},{"line":410,"column":5,"severity":"Warning","message":"Provide an error message for require","ruleId":"reason-string","fix":null,"filePath":"Benchmarks/Study_SamplesSet/c581caa3d3c87b76018c5da612bdebd6.sol"},{"line":410,"column":5,"severity":"Warning","message":"Use Custom Errors instead of require statements","ruleId":"custom-errors","fix":null,"filePath":"Benchmarks/Study_SamplesSet/c581caa3d3c87b76018c5da612bdebd6.sol"},{"line":411,"column":5,"severity":"Warning","message":"Provide an error message for require","ruleId":"reason-string","fix":null,"filePath":"Benchmarks/Study_SamplesSet/c581caa3d3c87b76018c5da612bdebd6.sol"},{"line":411,"column":5,"severity":"Warning","message":"Use Custom Errors instead of require statements","ruleId":"custom-errors","fix":null,"filePath":"Benchmarks/Study_SamplesSet/c581caa3d3c87b76018c5da612bdebd6.sol"},{"line":412,"column":5,"severity":"Warning","message":"Provide an error message for require","ruleId":"reason-string","fix":null,"filePath":"Benchmarks/Study_SamplesSet/c581caa3d3c87b76018c5da612bdebd6.sol"},{"line":412,"column":5,"severity":"Warning","message":"Use Custom Errors instead of require statements","ruleId":"custom-errors","fix":null,"filePath":"Benchmarks/Study_SamplesSet/c581caa3d3c87b76018c5da612bdebd6.sol"},{"line":428,"column":58,"severity":"Warning","message":"Visibility modifier must be first in list of modifiers","ruleId":"visibility-modifier-order","fix":null,"filePath":"Benchmarks/Study_SamplesSet/c581caa3d3c87b76018c5da612bdebd6.sol"},{"line":428,"column":28,"severity":"Warning","message":"Rule is set with explicit type [var/s: uint]","ruleId":"explicit-types","filePath":"Benchmarks/Study_SamplesSet/c581caa3d3c87b76018c5da612bdebd6.sol"},{"line":428,"column":28,"severity":"Warning","message":"Variable name must be in mixedCase","ruleId":"var-name-mixedcase","fix":null,"filePath":"Benchmarks/Study_SamplesSet/c581caa3d3c87b76018c5da612bdebd6.sol"},{"line":429,"column":5,"severity":"Warning","message":"Provide an error message for require","ruleId":"reason-string","fix":null,"filePath":"Benchmarks/Study_SamplesSet/c581caa3d3c87b76018c5da612bdebd6.sol"},{"line":429,"column":5,"severity":"Warning","message":"Use Custom Errors instead of require statements","ruleId":"custom-errors","fix":null,"filePath":"Benchmarks/Study_SamplesSet/c581caa3d3c87b76018c5da612bdebd6.sol"},{"line":442,"column":56,"severity":"Warning","message":"Visibility modifier must be first in list of modifiers","ruleId":"visibility-modifier-order","fix":null,"filePath":"Benchmarks/Study_SamplesSet/c581caa3d3c87b76018c5da612bdebd6.sol"},{"line":442,"column":26,"severity":"Warning","message":"Rule is set with explicit type [var/s: uint]","ruleId":"explicit-types","filePath":"Benchmarks/Study_SamplesSet/c581caa3d3c87b76018c5da612bdebd6.sol"},{"line":442,"column":26,"severity":"Warning","message":"Variable name must be in mixedCase","ruleId":"var-name-mixedcase","fix":null,"filePath":"Benchmarks/Study_SamplesSet/c581caa3d3c87b76018c5da612bdebd6.sol"},{"line":443,"column":5,"severity":"Warning","message":"Provide an error message for require","ruleId":"reason-string","fix":null,"filePath":"Benchmarks/Study_SamplesSet/c581caa3d3c87b76018c5da612bdebd6.sol"},{"line":443,"column":5,"severity":"Warning","message":"Use Custom Errors instead of require statements","ruleId":"custom-errors","fix":null,"filePath":"Benchmarks/Study_SamplesSet/c581caa3d3c87b76018c5da612bdebd6.sol"},{"line":443,"column":31,"severity":"Error","message":"Explicitly mark all external contracts as trusted or untrusted","ruleId":"mark-callable-contracts","filePath":"Benchmarks/Study_SamplesSet/c581caa3d3c87b76018c5da612bdebd6.sol"},{"line":443,"column":78,"severity":"Error","message":"Explicitly mark all external contracts as trusted or untrusted","ruleId":"mark-callable-contracts","filePath":"Benchmarks/Study_SamplesSet/c581caa3d3c87b76018c5da612bdebd6.sol"},{"line":446,"column":21,"severity":"Error","message":"Explicitly mark all external contracts as trusted or untrusted","ruleId":"mark-callable-contracts","filePath":"Benchmarks/Study_SamplesSet/c581caa3d3c87b76018c5da612bdebd6.sol"},{"line":447,"column":5,"severity":"Error","message":"Explicitly mark all external contracts as trusted or untrusted","ruleId":"mark-callable-contracts","filePath":"Benchmarks/Study_SamplesSet/c581caa3d3c87b76018c5da612bdebd6.sol"},{"line":457,"column":37,"severity":"Warning","message":"Visibility modifier must be first in list of modifiers","ruleId":"visibility-modifier-order","fix":null,"filePath":"Benchmarks/Study_SamplesSet/c581caa3d3c87b76018c5da612bdebd6.sol"},{"line":458,"column":7,"severity":"Warning","message":"Provide an error message for require","ruleId":"reason-string","fix":null,"filePath":"Benchmarks/Study_SamplesSet/c581caa3d3c87b76018c5da612bdebd6.sol"},{"line":458,"column":7,"severity":"Warning","message":"Use Custom Errors instead of require statements","ruleId":"custom-errors","fix":null,"filePath":"Benchmarks/Study_SamplesSet/c581caa3d3c87b76018c5da612bdebd6.sol"},{"line":458,"column":32,"severity":"Error","message":"Explicitly mark all external contracts as trusted or untrusted","ruleId":"mark-callable-contracts","filePath":"Benchmarks/Study_SamplesSet/c581caa3d3c87b76018c5da612bdebd6.sol"},{"line":460,"column":23,"severity":"Error","message":"Explicitly mark all external contracts as trusted or untrusted","ruleId":"mark-callable-contracts","filePath":"Benchmarks/Study_SamplesSet/c581caa3d3c87b76018c5da612bdebd6.sol"},{"line":461,"column":7,"severity":"Error","message":"Explicitly mark all external contracts as trusted or untrusted","ruleId":"mark-callable-contracts","filePath":"Benchmarks/Study_SamplesSet/c581caa3d3c87b76018c5da612bdebd6.sol"},{"line":470,"column":40,"severity":"Warning","message":"Visibility modifier must be first in list of modifiers","ruleId":"visibility-modifier-order","fix":null,"filePath":"Benchmarks/Study_SamplesSet/c581caa3d3c87b76018c5da612bdebd6.sol"},{"line":471,"column":7,"severity":"Warning","message":"Provide an error message for require","ruleId":"reason-string","fix":null,"filePath":"Benchmarks/Study_SamplesSet/c581caa3d3c87b76018c5da612bdebd6.sol"},{"line":471,"column":7,"severity":"Warning","message":"Use Custom Errors instead of require statements","ruleId":"custom-errors","fix":null,"filePath":"Benchmarks/Study_SamplesSet/c581caa3d3c87b76018c5da612bdebd6.sol"},{"line":471,"column":32,"severity":"Error","message":"Explicitly mark all external contracts as trusted or untrusted","ruleId":"mark-callable-contracts","filePath":"Benchmarks/Study_SamplesSet/c581caa3d3c87b76018c5da612bdebd6.sol"},{"line":473,"column":23,"severity":"Error","message":"Explicitly mark all external contracts as trusted or untrusted","ruleId":"mark-callable-contracts","filePath":"Benchmarks/Study_SamplesSet/c581caa3d3c87b76018c5da612bdebd6.sol"},{"line":474,"column":7,"severity":"Error","message":"Explicitly mark all external contracts as trusted or untrusted","ruleId":"mark-callable-contracts","filePath":"Benchmarks/Study_SamplesSet/c581caa3d3c87b76018c5da612bdebd6.sol"},{"conclusion":"180 problem/s (33 error/s, 147 warning/s)"}]
