[{"line":1,"column":1,"severity":"Warning","message":"Found more than One contract per file. 3 contracts found!","ruleId":"one-contract-per-file","fix":null,"filePath":"Benchmarks/Study_SamplesSet/c73fa27f9ce017c02dd2e11d0ba91ff4.sol"},{"line":1,"column":1,"severity":"Error","message":"Compiler version ^0.4.2 does not satisfy the ^0.8.0 semver requirement","ruleId":"compiler-version","fix":null,"filePath":"Benchmarks/Study_SamplesSet/c73fa27f9ce017c02dd2e11d0ba91ff4.sol"},{"line":8,"column":3,"severity":"Error","message":"Explicitly mark visibility in function","ruleId":"func-visibility","fix":null,"filePath":"Benchmarks/Study_SamplesSet/c73fa27f9ce017c02dd2e11d0ba91ff4.sol"},{"line":8,"column":63,"severity":"Warning","message":"Code contains empty blocks","ruleId":"no-empty-blocks","fix":null,"filePath":"Benchmarks/Study_SamplesSet/c73fa27f9ce017c02dd2e11d0ba91ff4.sol"},{"line":10,"column":3,"severity":"Error","message":"Explicitly mark visibility in function","ruleId":"func-visibility","fix":null,"filePath":"Benchmarks/Study_SamplesSet/c73fa27f9ce017c02dd2e11d0ba91ff4.sol"},{"line":10,"column":72,"severity":"Warning","message":"Code contains empty blocks","ruleId":"no-empty-blocks","fix":null,"filePath":"Benchmarks/Study_SamplesSet/c73fa27f9ce017c02dd2e11d0ba91ff4.sol"},{"line":12,"column":3,"severity":"Error","message":"Explicitly mark visibility in function","ruleId":"func-visibility","fix":null,"filePath":"Benchmarks/Study_SamplesSet/c73fa27f9ce017c02dd2e11d0ba91ff4.sol"},{"line":12,"column":80,"severity":"Warning","message":"Code contains empty blocks","ruleId":"no-empty-blocks","fix":null,"filePath":"Benchmarks/Study_SamplesSet/c73fa27f9ce017c02dd2e11d0ba91ff4.sol"},{"line":14,"column":3,"severity":"Error","message":"Explicitly mark visibility in function","ruleId":"func-visibility","fix":null,"filePath":"Benchmarks/Study_SamplesSet/c73fa27f9ce017c02dd2e11d0ba91ff4.sol"},{"line":14,"column":100,"severity":"Warning","message":"Code contains empty blocks","ruleId":"no-empty-blocks","fix":null,"filePath":"Benchmarks/Study_SamplesSet/c73fa27f9ce017c02dd2e11d0ba91ff4.sol"},{"line":16,"column":3,"severity":"Error","message":"Explicitly mark visibility in function","ruleId":"func-visibility","fix":null,"filePath":"Benchmarks/Study_SamplesSet/c73fa27f9ce017c02dd2e11d0ba91ff4.sol"},{"line":16,"column":84,"severity":"Warning","message":"Code contains empty blocks","ruleId":"no-empty-blocks","fix":null,"filePath":"Benchmarks/Study_SamplesSet/c73fa27f9ce017c02dd2e11d0ba91ff4.sol"},{"line":18,"column":3,"severity":"Error","message":"Explicitly mark visibility in function","ruleId":"func-visibility","fix":null,"filePath":"Benchmarks/Study_SamplesSet/c73fa27f9ce017c02dd2e11d0ba91ff4.sol"},{"line":18,"column":38,"severity":"Warning","message":"Rule is set with explicit type [var/s: uint]","ruleId":"explicit-types","filePath":"Benchmarks/Study_SamplesSet/c73fa27f9ce017c02dd2e11d0ba91ff4.sol"},{"line":18,"column":88,"severity":"Warning","message":"Code contains empty blocks","ruleId":"no-empty-blocks","fix":null,"filePath":"Benchmarks/Study_SamplesSet/c73fa27f9ce017c02dd2e11d0ba91ff4.sol"},{"line":24,"column":3,"severity":"Error","message":"Explicitly mark visibility of state","ruleId":"state-visibility","fix":null,"filePath":"Benchmarks/Study_SamplesSet/c73fa27f9ce017c02dd2e11d0ba91ff4.sol"},{"line":25,"column":3,"severity":"Error","message":"Explicitly mark visibility of state","ruleId":"state-visibility","fix":null,"filePath":"Benchmarks/Study_SamplesSet/c73fa27f9ce017c02dd2e11d0ba91ff4.sol"},{"line":28,"column":3,"severity":"Error","message":"Explicitly mark visibility in function","ruleId":"func-visibility","fix":null,"filePath":"Benchmarks/Study_SamplesSet/c73fa27f9ce017c02dd2e11d0ba91ff4.sol"},{"line":32,"column":7,"severity":"Error","message":"Explicitly mark all external contracts as trusted or untrusted","ruleId":"mark-callable-contracts","filePath":"Benchmarks/Study_SamplesSet/c73fa27f9ce017c02dd2e11d0ba91ff4.sol"},{"line":39,"column":3,"severity":"Error","message":"Explicitly mark visibility in function","ruleId":"func-visibility","fix":null,"filePath":"Benchmarks/Study_SamplesSet/c73fa27f9ce017c02dd2e11d0ba91ff4.sol"},{"line":44,"column":7,"severity":"Error","message":"Explicitly mark all external contracts as trusted or untrusted","ruleId":"mark-callable-contracts","filePath":"Benchmarks/Study_SamplesSet/c73fa27f9ce017c02dd2e11d0ba91ff4.sol"},{"line":51,"column":3,"severity":"Error","message":"Explicitly mark visibility in function","ruleId":"func-visibility","fix":null,"filePath":"Benchmarks/Study_SamplesSet/c73fa27f9ce017c02dd2e11d0ba91ff4.sol"},{"line":53,"column":5,"severity":"Error","message":"Explicitly mark all external contracts as trusted or untrusted","ruleId":"mark-callable-contracts","filePath":"Benchmarks/Study_SamplesSet/c73fa27f9ce017c02dd2e11d0ba91ff4.sol"},{"line":57,"column":3,"severity":"Error","message":"Explicitly mark visibility in function","ruleId":"func-visibility","fix":null,"filePath":"Benchmarks/Study_SamplesSet/c73fa27f9ce017c02dd2e11d0ba91ff4.sol"},{"line":61,"column":3,"severity":"Error","message":"Explicitly mark visibility in function","ruleId":"func-visibility","fix":null,"filePath":"Benchmarks/Study_SamplesSet/c73fa27f9ce017c02dd2e11d0ba91ff4.sol"},{"line":69,"column":5,"severity":"Warning","message":"Rule is set with explicit type [var/s: uint]","ruleId":"explicit-types","filePath":"Benchmarks/Study_SamplesSet/c73fa27f9ce017c02dd2e11d0ba91ff4.sol"},{"line":76,"column":5,"severity":"Warning","message":"Rule is set with explicit type [var/s: uint]","ruleId":"explicit-types","filePath":"Benchmarks/Study_SamplesSet/c73fa27f9ce017c02dd2e11d0ba91ff4.sol"},{"line":77,"column":5,"severity":"Warning","message":"Rule is set with explicit type [var/s: uint]","ruleId":"explicit-types","filePath":"Benchmarks/Study_SamplesSet/c73fa27f9ce017c02dd2e11d0ba91ff4.sol"},{"line":78,"column":5,"severity":"Warning","message":"Rule is set with explicit type [var/s: uint]","ruleId":"explicit-types","filePath":"Benchmarks/Study_SamplesSet/c73fa27f9ce017c02dd2e11d0ba91ff4.sol"},{"line":79,"column":5,"severity":"Warning","message":"Rule is set with explicit type [var/s: uint]","ruleId":"explicit-types","filePath":"Benchmarks/Study_SamplesSet/c73fa27f9ce017c02dd2e11d0ba91ff4.sol"},{"line":85,"column":5,"severity":"Error","message":"Explicitly mark visibility in function (Set ignoreConstructors to true if using solidity >=0.7.0)","ruleId":"func-visibility","fix":null,"filePath":"Benchmarks/Study_SamplesSet/c73fa27f9ce017c02dd2e11d0ba91ff4.sol"},{"line":90,"column":5,"severity":"Error","message":"Explicitly mark visibility in function","ruleId":"func-visibility","fix":null,"filePath":"Benchmarks/Study_SamplesSet/c73fa27f9ce017c02dd2e11d0ba91ff4.sol"},{"line":91,"column":31,"severity":"Error","message":"\"throw\" is deprecated, avoid to use it","ruleId":"avoid-throw","filePath":"Benchmarks/Study_SamplesSet/c73fa27f9ce017c02dd2e11d0ba91ff4.sol"},{"line":96,"column":5,"severity":"Error","message":"Explicitly mark visibility in function","ruleId":"func-visibility","fix":null,"filePath":"Benchmarks/Study_SamplesSet/c73fa27f9ce017c02dd2e11d0ba91ff4.sol"},{"line":97,"column":33,"severity":"Error","message":"\"throw\" is deprecated, avoid to use it","ruleId":"avoid-throw","filePath":"Benchmarks/Study_SamplesSet/c73fa27f9ce017c02dd2e11d0ba91ff4.sol"},{"line":102,"column":5,"severity":"Error","message":"Explicitly mark visibility in function","ruleId":"func-visibility","fix":null,"filePath":"Benchmarks/Study_SamplesSet/c73fa27f9ce017c02dd2e11d0ba91ff4.sol"},{"line":102,"column":28,"severity":"Warning","message":"Rule is set with explicit type [var/s: uint]","ruleId":"explicit-types","filePath":"Benchmarks/Study_SamplesSet/c73fa27f9ce017c02dd2e11d0ba91ff4.sol"},{"line":102,"column":46,"severity":"Warning","message":"Rule is set with explicit type [var/s: uint]","ruleId":"explicit-types","filePath":"Benchmarks/Study_SamplesSet/c73fa27f9ce017c02dd2e11d0ba91ff4.sol"},{"line":102,"column":66,"severity":"Warning","message":"Rule is set with explicit type [var/s: uint]","ruleId":"explicit-types","filePath":"Benchmarks/Study_SamplesSet/c73fa27f9ce017c02dd2e11d0ba91ff4.sol"},{"line":103,"column":33,"severity":"Error","message":"\"throw\" is deprecated, avoid to use it","ruleId":"avoid-throw","filePath":"Benchmarks/Study_SamplesSet/c73fa27f9ce017c02dd2e11d0ba91ff4.sol"},{"line":109,"column":5,"severity":"Error","message":"Explicitly mark visibility in function","ruleId":"func-visibility","fix":null,"filePath":"Benchmarks/Study_SamplesSet/c73fa27f9ce017c02dd2e11d0ba91ff4.sol"},{"line":110,"column":89,"severity":"Error","message":"\"throw\" is deprecated, avoid to use it","ruleId":"avoid-throw","filePath":"Benchmarks/Study_SamplesSet/c73fa27f9ce017c02dd2e11d0ba91ff4.sol"},{"line":111,"column":128,"severity":"Error","message":"\"throw\" is deprecated, avoid to use it","ruleId":"avoid-throw","filePath":"Benchmarks/Study_SamplesSet/c73fa27f9ce017c02dd2e11d0ba91ff4.sol"},{"line":112,"column":13,"severity":"Error","message":"Avoid to use low level calls.","ruleId":"avoid-low-level-calls","fix":null,"filePath":"Benchmarks/Study_SamplesSet/c73fa27f9ce017c02dd2e11d0ba91ff4.sol"},{"line":112,"column":13,"severity":"Error","message":"Avoid to use \".call.value()()\"","ruleId":"avoid-call-value","fix":null,"filePath":"Benchmarks/Study_SamplesSet/c73fa27f9ce017c02dd2e11d0ba91ff4.sol"},{"line":112,"column":53,"severity":"Error","message":"\"throw\" is deprecated, avoid to use it","ruleId":"avoid-throw","filePath":"Benchmarks/Study_SamplesSet/c73fa27f9ce017c02dd2e11d0ba91ff4.sol"},{"line":114,"column":9,"severity":"Error","message":"Explicitly mark all external contracts as trusted or untrusted","ruleId":"mark-callable-contracts","filePath":"Benchmarks/Study_SamplesSet/c73fa27f9ce017c02dd2e11d0ba91ff4.sol"},{"line":117,"column":5,"severity":"Error","message":"Explicitly mark visibility in function","ruleId":"func-visibility","fix":null,"filePath":"Benchmarks/Study_SamplesSet/c73fa27f9ce017c02dd2e11d0ba91ff4.sol"},{"line":117,"column":23,"severity":"Warning","message":"Rule is set with explicit type [var/s: uint]","ruleId":"explicit-types","filePath":"Benchmarks/Study_SamplesSet/c73fa27f9ce017c02dd2e11d0ba91ff4.sol"},{"line":118,"column":33,"severity":"Error","message":"\"throw\" is deprecated, avoid to use it","ruleId":"avoid-throw","filePath":"Benchmarks/Study_SamplesSet/c73fa27f9ce017c02dd2e11d0ba91ff4.sol"},{"line":123,"column":5,"severity":"Error","message":"Explicitly mark visibility in function","ruleId":"func-visibility","fix":null,"filePath":"Benchmarks/Study_SamplesSet/c73fa27f9ce017c02dd2e11d0ba91ff4.sol"},{"line":124,"column":100,"severity":"Error","message":"\"throw\" is deprecated, avoid to use it","ruleId":"avoid-throw","filePath":"Benchmarks/Study_SamplesSet/c73fa27f9ce017c02dd2e11d0ba91ff4.sol"},{"line":125,"column":13,"severity":"Error","message":"Avoid to use low level calls.","ruleId":"avoid-low-level-calls","fix":null,"filePath":"Benchmarks/Study_SamplesSet/c73fa27f9ce017c02dd2e11d0ba91ff4.sol"},{"line":125,"column":13,"severity":"Error","message":"Avoid to use \".call.value()()\"","ruleId":"avoid-call-value","fix":null,"filePath":"Benchmarks/Study_SamplesSet/c73fa27f9ce017c02dd2e11d0ba91ff4.sol"},{"line":125,"column":53,"severity":"Error","message":"\"throw\" is deprecated, avoid to use it","ruleId":"avoid-throw","filePath":"Benchmarks/Study_SamplesSet/c73fa27f9ce017c02dd2e11d0ba91ff4.sol"},{"line":128,"column":9,"severity":"Error","message":"Explicitly mark all external contracts as trusted or untrusted","ruleId":"mark-callable-contracts","filePath":"Benchmarks/Study_SamplesSet/c73fa27f9ce017c02dd2e11d0ba91ff4.sol"},{"line":131,"column":5,"severity":"Error","message":"Explicitly mark visibility in function","ruleId":"func-visibility","fix":null,"filePath":"Benchmarks/Study_SamplesSet/c73fa27f9ce017c02dd2e11d0ba91ff4.sol"},{"line":132,"column":26,"severity":"Error","message":"\"throw\" is deprecated, avoid to use it","ruleId":"avoid-throw","filePath":"Benchmarks/Study_SamplesSet/c73fa27f9ce017c02dd2e11d0ba91ff4.sol"},{"line":136,"column":5,"severity":"Error","message":"Explicitly mark visibility in function","ruleId":"func-visibility","fix":null,"filePath":"Benchmarks/Study_SamplesSet/c73fa27f9ce017c02dd2e11d0ba91ff4.sol"},{"line":137,"column":26,"severity":"Error","message":"\"throw\" is deprecated, avoid to use it","ruleId":"avoid-throw","filePath":"Benchmarks/Study_SamplesSet/c73fa27f9ce017c02dd2e11d0ba91ff4.sol"},{"conclusion":"60 problem/s (43 error/s, 17 warning/s)"}]
