[{"line":1,"column":1,"severity":"Warning","message":"Found more than One contract per file. 3 contracts found!","ruleId":"one-contract-per-file","fix":null,"filePath":"Benchmarks/Study_SamplesSet/c91dd487c6dad948e096c360fec5769d.sol"},{"line":1,"column":1,"severity":"Error","message":"Compiler version ^0.4.25 does not satisfy the ^0.8.0 semver requirement","ruleId":"compiler-version","fix":null,"filePath":"Benchmarks/Study_SamplesSet/c91dd487c6dad948e096c360fec5769d.sol"},{"line":21,"column":5,"severity":"Warning","message":"Provide an error message for require","ruleId":"reason-string","fix":null,"filePath":"Benchmarks/Study_SamplesSet/c91dd487c6dad948e096c360fec5769d.sol"},{"line":21,"column":5,"severity":"Warning","message":"Use Custom Errors instead of require statements","ruleId":"custom-errors","fix":null,"filePath":"Benchmarks/Study_SamplesSet/c91dd487c6dad948e096c360fec5769d.sol"},{"line":30,"column":5,"severity":"Warning","message":"Provide an error message for require","ruleId":"reason-string","fix":null,"filePath":"Benchmarks/Study_SamplesSet/c91dd487c6dad948e096c360fec5769d.sol"},{"line":30,"column":5,"severity":"Warning","message":"Use Custom Errors instead of require statements","ruleId":"custom-errors","fix":null,"filePath":"Benchmarks/Study_SamplesSet/c91dd487c6dad948e096c360fec5769d.sol"},{"line":41,"column":5,"severity":"Warning","message":"Provide an error message for require","ruleId":"reason-string","fix":null,"filePath":"Benchmarks/Study_SamplesSet/c91dd487c6dad948e096c360fec5769d.sol"},{"line":41,"column":5,"severity":"Warning","message":"Use Custom Errors instead of require statements","ruleId":"custom-errors","fix":null,"filePath":"Benchmarks/Study_SamplesSet/c91dd487c6dad948e096c360fec5769d.sol"},{"line":52,"column":5,"severity":"Warning","message":"Provide an error message for require","ruleId":"reason-string","fix":null,"filePath":"Benchmarks/Study_SamplesSet/c91dd487c6dad948e096c360fec5769d.sol"},{"line":52,"column":5,"severity":"Warning","message":"Use Custom Errors instead of require statements","ruleId":"custom-errors","fix":null,"filePath":"Benchmarks/Study_SamplesSet/c91dd487c6dad948e096c360fec5769d.sol"},{"line":62,"column":5,"severity":"Warning","message":"Provide an error message for require","ruleId":"reason-string","fix":null,"filePath":"Benchmarks/Study_SamplesSet/c91dd487c6dad948e096c360fec5769d.sol"},{"line":62,"column":5,"severity":"Warning","message":"Use Custom Errors instead of require statements","ruleId":"custom-errors","fix":null,"filePath":"Benchmarks/Study_SamplesSet/c91dd487c6dad948e096c360fec5769d.sol"},{"line":71,"column":9,"severity":"Warning","message":"Provide an error message for require","ruleId":"reason-string","fix":null,"filePath":"Benchmarks/Study_SamplesSet/c91dd487c6dad948e096c360fec5769d.sol"},{"line":71,"column":9,"severity":"Warning","message":"Use Custom Errors instead of require statements","ruleId":"custom-errors","fix":null,"filePath":"Benchmarks/Study_SamplesSet/c91dd487c6dad948e096c360fec5769d.sol"},{"line":78,"column":9,"severity":"Warning","message":"Provide an error message for require","ruleId":"reason-string","fix":null,"filePath":"Benchmarks/Study_SamplesSet/c91dd487c6dad948e096c360fec5769d.sol"},{"line":78,"column":9,"severity":"Warning","message":"Use Custom Errors instead of require statements","ruleId":"custom-errors","fix":null,"filePath":"Benchmarks/Study_SamplesSet/c91dd487c6dad948e096c360fec5769d.sol"},{"line":140,"column":16,"severity":"Warning","message":"Rule is set with explicit type [var/s: uint]","ruleId":"explicit-types","filePath":"Benchmarks/Study_SamplesSet/c91dd487c6dad948e096c360fec5769d.sol"},{"line":140,"column":33,"severity":"Warning","message":"Rule is set with explicit type [var/s: uint]","ruleId":"explicit-types","filePath":"Benchmarks/Study_SamplesSet/c91dd487c6dad948e096c360fec5769d.sol"},{"line":143,"column":5,"severity":"Warning","message":"Constant name must be in capitalized SNAKE_CASE","ruleId":"const-name-snakecase","fix":null,"filePath":"Benchmarks/Study_SamplesSet/c91dd487c6dad948e096c360fec5769d.sol"},{"line":144,"column":5,"severity":"Warning","message":"Constant name must be in capitalized SNAKE_CASE","ruleId":"const-name-snakecase","fix":null,"filePath":"Benchmarks/Study_SamplesSet/c91dd487c6dad948e096c360fec5769d.sol"},{"line":145,"column":5,"severity":"Warning","message":"Constant name must be in capitalized SNAKE_CASE","ruleId":"const-name-snakecase","fix":null,"filePath":"Benchmarks/Study_SamplesSet/c91dd487c6dad948e096c360fec5769d.sol"},{"line":146,"column":5,"severity":"Warning","message":"Constant name must be in capitalized SNAKE_CASE","ruleId":"const-name-snakecase","fix":null,"filePath":"Benchmarks/Study_SamplesSet/c91dd487c6dad948e096c360fec5769d.sol"},{"line":152,"column":5,"severity":"Error","message":"Explicitly mark visibility of state","ruleId":"state-visibility","fix":null,"filePath":"Benchmarks/Study_SamplesSet/c91dd487c6dad948e096c360fec5769d.sol"},{"line":158,"column":53,"severity":"Warning","message":"Rule is set with explicit type [var/s: uint]","ruleId":"explicit-types","filePath":"Benchmarks/Study_SamplesSet/c91dd487c6dad948e096c360fec5769d.sol"},{"line":163,"column":69,"severity":"Warning","message":"Rule is set with explicit type [var/s: uint]","ruleId":"explicit-types","filePath":"Benchmarks/Study_SamplesSet/c91dd487c6dad948e096c360fec5769d.sol"},{"line":168,"column":86,"severity":"Warning","message":"Rule is set with explicit type [var/s: uint]","ruleId":"explicit-types","filePath":"Benchmarks/Study_SamplesSet/c91dd487c6dad948e096c360fec5769d.sol"},{"line":173,"column":35,"severity":"Warning","message":"Rule is set with explicit type [var/s: uint]","ruleId":"explicit-types","filePath":"Benchmarks/Study_SamplesSet/c91dd487c6dad948e096c360fec5769d.sol"},{"line":174,"column":9,"severity":"Warning","message":"Provide an error message for require","ruleId":"reason-string","fix":null,"filePath":"Benchmarks/Study_SamplesSet/c91dd487c6dad948e096c360fec5769d.sol"},{"line":174,"column":9,"severity":"Warning","message":"Use Custom Errors instead of require statements","ruleId":"custom-errors","fix":null,"filePath":"Benchmarks/Study_SamplesSet/c91dd487c6dad948e096c360fec5769d.sol"},{"line":182,"column":39,"severity":"Warning","message":"Rule is set with explicit type [var/s: uint]","ruleId":"explicit-types","filePath":"Benchmarks/Study_SamplesSet/c91dd487c6dad948e096c360fec5769d.sol"},{"line":189,"column":53,"severity":"Warning","message":"Rule is set with explicit type [var/s: uint]","ruleId":"explicit-types","filePath":"Benchmarks/Study_SamplesSet/c91dd487c6dad948e096c360fec5769d.sol"},{"line":190,"column":9,"severity":"Warning","message":"Provide an error message for require","ruleId":"reason-string","fix":null,"filePath":"Benchmarks/Study_SamplesSet/c91dd487c6dad948e096c360fec5769d.sol"},{"line":190,"column":9,"severity":"Warning","message":"Use Custom Errors instead of require statements","ruleId":"custom-errors","fix":null,"filePath":"Benchmarks/Study_SamplesSet/c91dd487c6dad948e096c360fec5769d.sol"},{"line":191,"column":9,"severity":"Warning","message":"Provide an error message for require","ruleId":"reason-string","fix":null,"filePath":"Benchmarks/Study_SamplesSet/c91dd487c6dad948e096c360fec5769d.sol"},{"line":191,"column":9,"severity":"Warning","message":"Use Custom Errors instead of require statements","ruleId":"custom-errors","fix":null,"filePath":"Benchmarks/Study_SamplesSet/c91dd487c6dad948e096c360fec5769d.sol"},{"line":201,"column":13,"severity":"Warning","message":"Provide an error message for require","ruleId":"reason-string","fix":null,"filePath":"Benchmarks/Study_SamplesSet/c91dd487c6dad948e096c360fec5769d.sol"},{"line":201,"column":13,"severity":"Warning","message":"Use Custom Errors instead of require statements","ruleId":"custom-errors","fix":null,"filePath":"Benchmarks/Study_SamplesSet/c91dd487c6dad948e096c360fec5769d.sol"},{"line":207,"column":13,"severity":"Warning","message":"Provide an error message for require","ruleId":"reason-string","fix":null,"filePath":"Benchmarks/Study_SamplesSet/c91dd487c6dad948e096c360fec5769d.sol"},{"line":207,"column":13,"severity":"Warning","message":"Use Custom Errors instead of require statements","ruleId":"custom-errors","fix":null,"filePath":"Benchmarks/Study_SamplesSet/c91dd487c6dad948e096c360fec5769d.sol"},{"line":212,"column":13,"severity":"Warning","message":"Provide an error message for require","ruleId":"reason-string","fix":null,"filePath":"Benchmarks/Study_SamplesSet/c91dd487c6dad948e096c360fec5769d.sol"},{"line":212,"column":13,"severity":"Warning","message":"Use Custom Errors instead of require statements","ruleId":"custom-errors","fix":null,"filePath":"Benchmarks/Study_SamplesSet/c91dd487c6dad948e096c360fec5769d.sol"},{"line":217,"column":13,"severity":"Warning","message":"Provide an error message for require","ruleId":"reason-string","fix":null,"filePath":"Benchmarks/Study_SamplesSet/c91dd487c6dad948e096c360fec5769d.sol"},{"line":217,"column":13,"severity":"Warning","message":"Use Custom Errors instead of require statements","ruleId":"custom-errors","fix":null,"filePath":"Benchmarks/Study_SamplesSet/c91dd487c6dad948e096c360fec5769d.sol"},{"line":222,"column":13,"severity":"Warning","message":"Provide an error message for revert","ruleId":"reason-string","fix":null,"filePath":"Benchmarks/Study_SamplesSet/c91dd487c6dad948e096c360fec5769d.sol"},{"line":222,"column":13,"severity":"Warning","message":"Use Custom Errors instead of revert statements","ruleId":"custom-errors","fix":null,"filePath":"Benchmarks/Study_SamplesSet/c91dd487c6dad948e096c360fec5769d.sol"},{"conclusion":"45 problem/s (2 error/s, 43 warning/s)"}]
