[{"line":1,"column":1,"severity":"Warning","message":"Found more than One contract per file. 2 contracts found!","ruleId":"one-contract-per-file","fix":null,"filePath":"Benchmarks/Study_SamplesSet/cd3bbc46c2f6bec35d23c8b660bf901a.sol"},{"line":1,"column":1,"severity":"Error","message":"Compiler version ^0.4.0 does not satisfy the ^0.8.0 semver requirement","ruleId":"compiler-version","fix":null,"filePath":"Benchmarks/Study_SamplesSet/cd3bbc46c2f6bec35d23c8b660bf901a.sol"},{"line":4,"column":5,"severity":"Error","message":"Explicitly mark visibility in function","ruleId":"func-visibility","fix":null,"filePath":"Benchmarks/Study_SamplesSet/cd3bbc46c2f6bec35d23c8b660bf901a.sol"},{"line":5,"column":5,"severity":"Error","message":"Explicitly mark visibility in function","ruleId":"func-visibility","fix":null,"filePath":"Benchmarks/Study_SamplesSet/cd3bbc46c2f6bec35d23c8b660bf901a.sol"},{"line":10,"column":5,"severity":"Error","message":"Explicitly mark visibility of state","ruleId":"state-visibility","fix":null,"filePath":"Benchmarks/Study_SamplesSet/cd3bbc46c2f6bec35d23c8b660bf901a.sol"},{"line":12,"column":5,"severity":"Warning","message":"Function name must be in mixedCase","ruleId":"func-name-mixedcase","fix":null,"filePath":"Benchmarks/Study_SamplesSet/cd3bbc46c2f6bec35d23c8b660bf901a.sol"},{"line":12,"column":5,"severity":"Error","message":"Explicitly mark visibility in function","ruleId":"func-visibility","fix":null,"filePath":"Benchmarks/Study_SamplesSet/cd3bbc46c2f6bec35d23c8b660bf901a.sol"},{"line":17,"column":33,"severity":"Error","message":"\"throw\" is deprecated, avoid to use it","ruleId":"avoid-throw","filePath":"Benchmarks/Study_SamplesSet/cd3bbc46c2f6bec35d23c8b660bf901a.sol"},{"line":21,"column":5,"severity":"Error","message":"Explicitly mark visibility in function","ruleId":"func-visibility","fix":null,"filePath":"Benchmarks/Study_SamplesSet/cd3bbc46c2f6bec35d23c8b660bf901a.sol"},{"line":25,"column":5,"severity":"Error","message":"Explicitly mark visibility in function","ruleId":"func-visibility","fix":null,"filePath":"Benchmarks/Study_SamplesSet/cd3bbc46c2f6bec35d23c8b660bf901a.sol"},{"line":29,"column":5,"severity":"Error","message":"Explicitly mark visibility in function","ruleId":"func-visibility","fix":null,"filePath":"Benchmarks/Study_SamplesSet/cd3bbc46c2f6bec35d23c8b660bf901a.sol"},{"conclusion":"11 problem/s (9 error/s, 2 warning/s)"}]
