[{"line":1,"column":1,"severity":"Warning","message":"Found more than One contract per file. 5 contracts found!","ruleId":"one-contract-per-file","fix":null,"filePath":"Benchmarks/Study_SamplesSet/cfc47ebc88ae67c25c2961c2f9aca2a6.sol"},{"line":1,"column":1,"severity":"Error","message":"Compiler version ^0.4.18 does not satisfy the ^0.8.0 semver requirement","ruleId":"compiler-version","fix":null,"filePath":"Benchmarks/Study_SamplesSet/cfc47ebc88ae67c25c2961c2f9aca2a6.sol"},{"line":27,"column":49,"severity":"Warning","message":"Visibility modifier must be first in list of modifiers","ruleId":"visibility-modifier-order","fix":null,"filePath":"Benchmarks/Study_SamplesSet/cfc47ebc88ae67c25c2961c2f9aca2a6.sol"},{"line":45,"column":1,"severity":"Warning","message":"Contract, Structs and Enums should be in CamelCase","ruleId":"contract-name-camelcase","filePath":"Benchmarks/Study_SamplesSet/cfc47ebc88ae67c25c2961c2f9aca2a6.sol"},{"line":48,"column":5,"severity":"Error","message":"Explicitly mark visibility of state","ruleId":"state-visibility","fix":null,"filePath":"Benchmarks/Study_SamplesSet/cfc47ebc88ae67c25c2961c2f9aca2a6.sol"},{"line":50,"column":5,"severity":"Error","message":"Explicitly mark visibility of state","ruleId":"state-visibility","fix":null,"filePath":"Benchmarks/Study_SamplesSet/cfc47ebc88ae67c25c2961c2f9aca2a6.sol"},{"line":51,"column":5,"severity":"Error","message":"Explicitly mark visibility of state","ruleId":"state-visibility","fix":null,"filePath":"Benchmarks/Study_SamplesSet/cfc47ebc88ae67c25c2961c2f9aca2a6.sol"},{"line":54,"column":5,"severity":"Warning","message":"Constant name must be in capitalized SNAKE_CASE","ruleId":"const-name-snakecase","fix":null,"filePath":"Benchmarks/Study_SamplesSet/cfc47ebc88ae67c25c2961c2f9aca2a6.sol"},{"line":55,"column":5,"severity":"Warning","message":"Constant name must be in capitalized SNAKE_CASE","ruleId":"const-name-snakecase","fix":null,"filePath":"Benchmarks/Study_SamplesSet/cfc47ebc88ae67c25c2961c2f9aca2a6.sol"},{"line":56,"column":5,"severity":"Warning","message":"Rule is set with explicit type [var/s: uint]","ruleId":"explicit-types","filePath":"Benchmarks/Study_SamplesSet/cfc47ebc88ae67c25c2961c2f9aca2a6.sol"},{"line":56,"column":5,"severity":"Warning","message":"Constant name must be in capitalized SNAKE_CASE","ruleId":"const-name-snakecase","fix":null,"filePath":"Benchmarks/Study_SamplesSet/cfc47ebc88ae67c25c2961c2f9aca2a6.sol"},{"line":75,"column":9,"severity":"Warning","message":"Provide an error message for require","ruleId":"reason-string","fix":null,"filePath":"Benchmarks/Study_SamplesSet/cfc47ebc88ae67c25c2961c2f9aca2a6.sol"},{"line":75,"column":9,"severity":"Warning","message":"Use Custom Errors instead of require statements","ruleId":"custom-errors","fix":null,"filePath":"Benchmarks/Study_SamplesSet/cfc47ebc88ae67c25c2961c2f9aca2a6.sol"},{"line":80,"column":9,"severity":"Warning","message":"Provide an error message for require","ruleId":"reason-string","fix":null,"filePath":"Benchmarks/Study_SamplesSet/cfc47ebc88ae67c25c2961c2f9aca2a6.sol"},{"line":80,"column":9,"severity":"Warning","message":"Use Custom Errors instead of require statements","ruleId":"custom-errors","fix":null,"filePath":"Benchmarks/Study_SamplesSet/cfc47ebc88ae67c25c2961c2f9aca2a6.sol"},{"line":90,"column":60,"severity":"Warning","message":"Visibility modifier must be first in list of modifiers","ruleId":"visibility-modifier-order","fix":null,"filePath":"Benchmarks/Study_SamplesSet/cfc47ebc88ae67c25c2961c2f9aca2a6.sol"},{"line":96,"column":54,"severity":"Warning","message":"Visibility modifier must be first in list of modifiers","ruleId":"visibility-modifier-order","fix":null,"filePath":"Benchmarks/Study_SamplesSet/cfc47ebc88ae67c25c2961c2f9aca2a6.sol"},{"line":102,"column":59,"severity":"Warning","message":"Visibility modifier must be first in list of modifiers","ruleId":"visibility-modifier-order","fix":null,"filePath":"Benchmarks/Study_SamplesSet/cfc47ebc88ae67c25c2961c2f9aca2a6.sol"},{"line":112,"column":5,"severity":"Error","message":"Fallback function must be simple","ruleId":"no-complex-fallback","fix":null,"filePath":"Benchmarks/Study_SamplesSet/cfc47ebc88ae67c25c2961c2f9aca2a6.sol"},{"line":117,"column":4,"severity":"Warning","message":"Provide an error message for require","ruleId":"reason-string","fix":null,"filePath":"Benchmarks/Study_SamplesSet/cfc47ebc88ae67c25c2961c2f9aca2a6.sol"},{"line":117,"column":4,"severity":"Warning","message":"Use Custom Errors instead of require statements","ruleId":"custom-errors","fix":null,"filePath":"Benchmarks/Study_SamplesSet/cfc47ebc88ae67c25c2961c2f9aca2a6.sol"},{"line":118,"column":4,"severity":"Warning","message":"Provide an error message for require","ruleId":"reason-string","fix":null,"filePath":"Benchmarks/Study_SamplesSet/cfc47ebc88ae67c25c2961c2f9aca2a6.sol"},{"line":118,"column":4,"severity":"Warning","message":"Use Custom Errors instead of require statements","ruleId":"custom-errors","fix":null,"filePath":"Benchmarks/Study_SamplesSet/cfc47ebc88ae67c25c2961c2f9aca2a6.sol"},{"line":133,"column":65,"severity":"Warning","message":"Visibility modifier must be first in list of modifiers","ruleId":"visibility-modifier-order","fix":null,"filePath":"Benchmarks/Study_SamplesSet/cfc47ebc88ae67c25c2961c2f9aca2a6.sol"},{"line":148,"column":3,"severity":"Warning","message":"Provide an error message for require","ruleId":"reason-string","fix":null,"filePath":"Benchmarks/Study_SamplesSet/cfc47ebc88ae67c25c2961c2f9aca2a6.sol"},{"line":148,"column":3,"severity":"Warning","message":"Use Custom Errors instead of require statements","ruleId":"custom-errors","fix":null,"filePath":"Benchmarks/Study_SamplesSet/cfc47ebc88ae67c25c2961c2f9aca2a6.sol"},{"line":153,"column":49,"severity":"Warning","message":"Visibility modifier must be first in list of modifiers","ruleId":"visibility-modifier-order","fix":null,"filePath":"Benchmarks/Study_SamplesSet/cfc47ebc88ae67c25c2961c2f9aca2a6.sol"},{"line":157,"column":30,"severity":"Warning","message":"Rule is set with explicit type [var/s: uint]","ruleId":"explicit-types","filePath":"Benchmarks/Study_SamplesSet/cfc47ebc88ae67c25c2961c2f9aca2a6.sol"},{"line":162,"column":77,"severity":"Warning","message":"Visibility modifier must be first in list of modifiers","ruleId":"visibility-modifier-order","fix":null,"filePath":"Benchmarks/Study_SamplesSet/cfc47ebc88ae67c25c2961c2f9aca2a6.sol"},{"line":164,"column":9,"severity":"Warning","message":"Provide an error message for require","ruleId":"reason-string","fix":null,"filePath":"Benchmarks/Study_SamplesSet/cfc47ebc88ae67c25c2961c2f9aca2a6.sol"},{"line":164,"column":9,"severity":"Warning","message":"Use Custom Errors instead of require statements","ruleId":"custom-errors","fix":null,"filePath":"Benchmarks/Study_SamplesSet/cfc47ebc88ae67c25c2961c2f9aca2a6.sol"},{"line":165,"column":9,"severity":"Warning","message":"Provide an error message for require","ruleId":"reason-string","fix":null,"filePath":"Benchmarks/Study_SamplesSet/cfc47ebc88ae67c25c2961c2f9aca2a6.sol"},{"line":165,"column":9,"severity":"Warning","message":"Use Custom Errors instead of require statements","ruleId":"custom-errors","fix":null,"filePath":"Benchmarks/Study_SamplesSet/cfc47ebc88ae67c25c2961c2f9aca2a6.sol"},{"line":173,"column":96,"severity":"Warning","message":"Visibility modifier must be first in list of modifiers","ruleId":"visibility-modifier-order","fix":null,"filePath":"Benchmarks/Study_SamplesSet/cfc47ebc88ae67c25c2961c2f9aca2a6.sol"},{"line":175,"column":9,"severity":"Warning","message":"Provide an error message for require","ruleId":"reason-string","fix":null,"filePath":"Benchmarks/Study_SamplesSet/cfc47ebc88ae67c25c2961c2f9aca2a6.sol"},{"line":175,"column":9,"severity":"Warning","message":"Use Custom Errors instead of require statements","ruleId":"custom-errors","fix":null,"filePath":"Benchmarks/Study_SamplesSet/cfc47ebc88ae67c25c2961c2f9aca2a6.sol"},{"line":176,"column":9,"severity":"Warning","message":"Provide an error message for require","ruleId":"reason-string","fix":null,"filePath":"Benchmarks/Study_SamplesSet/cfc47ebc88ae67c25c2961c2f9aca2a6.sol"},{"line":176,"column":9,"severity":"Warning","message":"Use Custom Errors instead of require statements","ruleId":"custom-errors","fix":null,"filePath":"Benchmarks/Study_SamplesSet/cfc47ebc88ae67c25c2961c2f9aca2a6.sol"},{"line":177,"column":9,"severity":"Warning","message":"Provide an error message for require","ruleId":"reason-string","fix":null,"filePath":"Benchmarks/Study_SamplesSet/cfc47ebc88ae67c25c2961c2f9aca2a6.sol"},{"line":177,"column":9,"severity":"Warning","message":"Use Custom Errors instead of require statements","ruleId":"custom-errors","fix":null,"filePath":"Benchmarks/Study_SamplesSet/cfc47ebc88ae67c25c2961c2f9aca2a6.sol"},{"line":193,"column":67,"severity":"Warning","message":"Visibility modifier must be first in list of modifiers","ruleId":"visibility-modifier-order","fix":null,"filePath":"Benchmarks/Study_SamplesSet/cfc47ebc88ae67c25c2961c2f9aca2a6.sol"},{"line":197,"column":74,"severity":"Warning","message":"Visibility modifier must be first in list of modifiers","ruleId":"visibility-modifier-order","fix":null,"filePath":"Benchmarks/Study_SamplesSet/cfc47ebc88ae67c25c2961c2f9aca2a6.sol"},{"line":197,"column":90,"severity":"Warning","message":"Rule is set with explicit type [var/s: uint]","ruleId":"explicit-types","filePath":"Benchmarks/Study_SamplesSet/cfc47ebc88ae67c25c2961c2f9aca2a6.sol"},{"line":199,"column":9,"severity":"Warning","message":"Rule is set with explicit type [var/s: uint]","ruleId":"explicit-types","filePath":"Benchmarks/Study_SamplesSet/cfc47ebc88ae67c25c2961c2f9aca2a6.sol"},{"line":203,"column":35,"severity":"Warning","message":"Visibility modifier must be first in list of modifiers","ruleId":"visibility-modifier-order","fix":null,"filePath":"Benchmarks/Study_SamplesSet/cfc47ebc88ae67c25c2961c2f9aca2a6.sol"},{"line":209,"column":70,"severity":"Warning","message":"Visibility modifier must be first in list of modifiers","ruleId":"visibility-modifier-order","fix":null,"filePath":"Benchmarks/Study_SamplesSet/cfc47ebc88ae67c25c2961c2f9aca2a6.sol"},{"line":215,"column":42,"severity":"Warning","message":"Visibility modifier must be first in list of modifiers","ruleId":"visibility-modifier-order","fix":null,"filePath":"Benchmarks/Study_SamplesSet/cfc47ebc88ae67c25c2961c2f9aca2a6.sol"},{"line":216,"column":9,"severity":"Warning","message":"Provide an error message for require","ruleId":"reason-string","fix":null,"filePath":"Benchmarks/Study_SamplesSet/cfc47ebc88ae67c25c2961c2f9aca2a6.sol"},{"line":216,"column":9,"severity":"Warning","message":"Use Custom Errors instead of require statements","ruleId":"custom-errors","fix":null,"filePath":"Benchmarks/Study_SamplesSet/cfc47ebc88ae67c25c2961c2f9aca2a6.sol"},{"line":225,"column":63,"severity":"Warning","message":"Visibility modifier must be first in list of modifiers","ruleId":"visibility-modifier-order","fix":null,"filePath":"Benchmarks/Study_SamplesSet/cfc47ebc88ae67c25c2961c2f9aca2a6.sol"},{"line":226,"column":9,"severity":"Warning","message":"Provide an error message for require","ruleId":"reason-string","fix":null,"filePath":"Benchmarks/Study_SamplesSet/cfc47ebc88ae67c25c2961c2f9aca2a6.sol"},{"line":226,"column":9,"severity":"Warning","message":"Use Custom Errors instead of require statements","ruleId":"custom-errors","fix":null,"filePath":"Benchmarks/Study_SamplesSet/cfc47ebc88ae67c25c2961c2f9aca2a6.sol"},{"conclusion":"52 problem/s (5 error/s, 47 warning/s)"}]
