[{"line":5,"column":1,"severity":"Error","message":"Compiler version ^0.5.11 does not satisfy the ^0.8.0 semver requirement","ruleId":"compiler-version","fix":null,"filePath":"Benchmarks/Study_SamplesSet/cfd0c3461a7ba813b8ca80c6571d969a.sol"},{"line":7,"column":1,"severity":"Warning","message":"Contract has 18 states declarations but allowed no more than 15","ruleId":"max-states-count","fix":null,"filePath":"Benchmarks/Study_SamplesSet/cfd0c3461a7ba813b8ca80c6571d969a.sol"},{"line":8,"column":3,"severity":"Error","message":"Explicitly mark visibility of state","ruleId":"state-visibility","fix":null,"filePath":"Benchmarks/Study_SamplesSet/cfd0c3461a7ba813b8ca80c6571d969a.sol"},{"line":8,"column":3,"severity":"Warning","message":"Variable name must be in mixedCase","ruleId":"var-name-mixedcase","fix":null,"filePath":"Benchmarks/Study_SamplesSet/cfd0c3461a7ba813b8ca80c6571d969a.sol"},{"line":9,"column":1,"severity":"Warning","message":"Function name must be in mixedCase","ruleId":"func-name-mixedcase","fix":null,"filePath":"Benchmarks/Study_SamplesSet/cfd0c3461a7ba813b8ca80c6571d969a.sol"},{"line":10,"column":9,"severity":"Warning","message":"Provide an error message for require","ruleId":"reason-string","fix":null,"filePath":"Benchmarks/Study_SamplesSet/cfd0c3461a7ba813b8ca80c6571d969a.sol"},{"line":10,"column":9,"severity":"Warning","message":"Use Custom Errors instead of require statements","ruleId":"custom-errors","fix":null,"filePath":"Benchmarks/Study_SamplesSet/cfd0c3461a7ba813b8ca80c6571d969a.sol"},{"line":12,"column":13,"severity":"Warning","message":"Provide an error message for revert","ruleId":"reason-string","fix":null,"filePath":"Benchmarks/Study_SamplesSet/cfd0c3461a7ba813b8ca80c6571d969a.sol"},{"line":12,"column":13,"severity":"Warning","message":"Use Custom Errors instead of revert statements","ruleId":"custom-errors","fix":null,"filePath":"Benchmarks/Study_SamplesSet/cfd0c3461a7ba813b8ca80c6571d969a.sol"},{"line":14,"column":9,"severity":"Error","message":"Possible reentrancy vulnerabilities. Avoid state changes after transfer.","ruleId":"reentrancy","fix":null,"filePath":"Benchmarks/Study_SamplesSet/cfd0c3461a7ba813b8ca80c6571d969a.sol"},{"line":18,"column":3,"severity":"Error","message":"Explicitly mark visibility of state","ruleId":"state-visibility","fix":null,"filePath":"Benchmarks/Study_SamplesSet/cfd0c3461a7ba813b8ca80c6571d969a.sol"},{"line":18,"column":3,"severity":"Warning","message":"Variable name must be in mixedCase","ruleId":"var-name-mixedcase","fix":null,"filePath":"Benchmarks/Study_SamplesSet/cfd0c3461a7ba813b8ca80c6571d969a.sol"},{"line":19,"column":7,"severity":"Error","message":"Explicitly mark visibility of state","ruleId":"state-visibility","fix":null,"filePath":"Benchmarks/Study_SamplesSet/cfd0c3461a7ba813b8ca80c6571d969a.sol"},{"line":19,"column":7,"severity":"Warning","message":"Rule is set with explicit type [var/s: uint]","ruleId":"explicit-types","filePath":"Benchmarks/Study_SamplesSet/cfd0c3461a7ba813b8ca80c6571d969a.sol"},{"line":19,"column":7,"severity":"Warning","message":"Variable name must be in mixedCase","ruleId":"var-name-mixedcase","fix":null,"filePath":"Benchmarks/Study_SamplesSet/cfd0c3461a7ba813b8ca80c6571d969a.sol"},{"line":20,"column":4,"severity":"Warning","message":"Function name must be in mixedCase","ruleId":"func-name-mixedcase","fix":null,"filePath":"Benchmarks/Study_SamplesSet/cfd0c3461a7ba813b8ca80c6571d969a.sol"},{"line":22,"column":9,"severity":"Warning","message":"Provide an error message for revert","ruleId":"reason-string","fix":null,"filePath":"Benchmarks/Study_SamplesSet/cfd0c3461a7ba813b8ca80c6571d969a.sol"},{"line":22,"column":9,"severity":"Warning","message":"Use Custom Errors instead of revert statements","ruleId":"custom-errors","fix":null,"filePath":"Benchmarks/Study_SamplesSet/cfd0c3461a7ba813b8ca80c6571d969a.sol"},{"line":23,"column":7,"severity":"Error","message":"Possible reentrancy vulnerabilities. Avoid state changes after transfer.","ruleId":"reentrancy","fix":null,"filePath":"Benchmarks/Study_SamplesSet/cfd0c3461a7ba813b8ca80c6571d969a.sol"},{"line":24,"column":7,"severity":"Error","message":"Possible reentrancy vulnerabilities. Avoid state changes after transfer.","ruleId":"reentrancy","fix":null,"filePath":"Benchmarks/Study_SamplesSet/cfd0c3461a7ba813b8ca80c6571d969a.sol"},{"line":27,"column":3,"severity":"Error","message":"Explicitly mark visibility of state","ruleId":"state-visibility","fix":null,"filePath":"Benchmarks/Study_SamplesSet/cfd0c3461a7ba813b8ca80c6571d969a.sol"},{"line":27,"column":3,"severity":"Warning","message":"Rule is set with explicit type [var/s: uint]","ruleId":"explicit-types","filePath":"Benchmarks/Study_SamplesSet/cfd0c3461a7ba813b8ca80c6571d969a.sol"},{"line":27,"column":3,"severity":"Warning","message":"Variable name must be in mixedCase","ruleId":"var-name-mixedcase","fix":null,"filePath":"Benchmarks/Study_SamplesSet/cfd0c3461a7ba813b8ca80c6571d969a.sol"},{"line":28,"column":5,"severity":"Warning","message":"Function name must be in mixedCase","ruleId":"func-name-mixedcase","fix":null,"filePath":"Benchmarks/Study_SamplesSet/cfd0c3461a7ba813b8ca80c6571d969a.sol"},{"line":29,"column":26,"severity":"Error","message":"Avoid to use low level calls.","ruleId":"avoid-low-level-calls","fix":null,"filePath":"Benchmarks/Study_SamplesSet/cfd0c3461a7ba813b8ca80c6571d969a.sol"},{"line":29,"column":26,"severity":"Error","message":"Avoid to use \".call.value()()\"","ruleId":"avoid-call-value","fix":null,"filePath":"Benchmarks/Study_SamplesSet/cfd0c3461a7ba813b8ca80c6571d969a.sol"},{"line":34,"column":3,"severity":"Error","message":"Explicitly mark visibility of state","ruleId":"state-visibility","fix":null,"filePath":"Benchmarks/Study_SamplesSet/cfd0c3461a7ba813b8ca80c6571d969a.sol"},{"line":34,"column":3,"severity":"Warning","message":"Rule is set with explicit type [var/s: uint]","ruleId":"explicit-types","filePath":"Benchmarks/Study_SamplesSet/cfd0c3461a7ba813b8ca80c6571d969a.sol"},{"line":34,"column":3,"severity":"Warning","message":"Variable name must be in mixedCase","ruleId":"var-name-mixedcase","fix":null,"filePath":"Benchmarks/Study_SamplesSet/cfd0c3461a7ba813b8ca80c6571d969a.sol"},{"line":35,"column":1,"severity":"Warning","message":"Function name must be in mixedCase","ruleId":"func-name-mixedcase","fix":null,"filePath":"Benchmarks/Study_SamplesSet/cfd0c3461a7ba813b8ca80c6571d969a.sol"},{"line":37,"column":9,"severity":"Warning","message":"Provide an error message for require","ruleId":"reason-string","fix":null,"filePath":"Benchmarks/Study_SamplesSet/cfd0c3461a7ba813b8ca80c6571d969a.sol"},{"line":37,"column":9,"severity":"Warning","message":"Use Custom Errors instead of require statements","ruleId":"custom-errors","fix":null,"filePath":"Benchmarks/Study_SamplesSet/cfd0c3461a7ba813b8ca80c6571d969a.sol"},{"line":38,"column":9,"severity":"Warning","message":"Rule is set with explicit type [var/s: uint]","ruleId":"explicit-types","filePath":"Benchmarks/Study_SamplesSet/cfd0c3461a7ba813b8ca80c6571d969a.sol"},{"line":38,"column":9,"severity":"Warning","message":"Variable name must be in mixedCase","ruleId":"var-name-mixedcase","fix":null,"filePath":"Benchmarks/Study_SamplesSet/cfd0c3461a7ba813b8ca80c6571d969a.sol"},{"line":40,"column":9,"severity":"Error","message":"Possible reentrancy vulnerabilities. Avoid state changes after transfer.","ruleId":"reentrancy","fix":null,"filePath":"Benchmarks/Study_SamplesSet/cfd0c3461a7ba813b8ca80c6571d969a.sol"},{"line":45,"column":3,"severity":"Error","message":"Explicitly mark visibility of state","ruleId":"state-visibility","fix":null,"filePath":"Benchmarks/Study_SamplesSet/cfd0c3461a7ba813b8ca80c6571d969a.sol"},{"line":45,"column":3,"severity":"Warning","message":"Rule is set with explicit type [var/s: uint]","ruleId":"explicit-types","filePath":"Benchmarks/Study_SamplesSet/cfd0c3461a7ba813b8ca80c6571d969a.sol"},{"line":45,"column":3,"severity":"Warning","message":"Variable name must be in mixedCase","ruleId":"var-name-mixedcase","fix":null,"filePath":"Benchmarks/Study_SamplesSet/cfd0c3461a7ba813b8ca80c6571d969a.sol"},{"line":46,"column":1,"severity":"Warning","message":"Function name must be in mixedCase","ruleId":"func-name-mixedcase","fix":null,"filePath":"Benchmarks/Study_SamplesSet/cfd0c3461a7ba813b8ca80c6571d969a.sol"},{"line":47,"column":9,"severity":"Warning","message":"Provide an error message for require","ruleId":"reason-string","fix":null,"filePath":"Benchmarks/Study_SamplesSet/cfd0c3461a7ba813b8ca80c6571d969a.sol"},{"line":47,"column":9,"severity":"Warning","message":"Use Custom Errors instead of require statements","ruleId":"custom-errors","fix":null,"filePath":"Benchmarks/Study_SamplesSet/cfd0c3461a7ba813b8ca80c6571d969a.sol"},{"line":49,"column":9,"severity":"Warning","message":"Provide an error message for require","ruleId":"reason-string","fix":null,"filePath":"Benchmarks/Study_SamplesSet/cfd0c3461a7ba813b8ca80c6571d969a.sol"},{"line":49,"column":9,"severity":"Warning","message":"Use Custom Errors instead of require statements","ruleId":"custom-errors","fix":null,"filePath":"Benchmarks/Study_SamplesSet/cfd0c3461a7ba813b8ca80c6571d969a.sol"},{"line":50,"column":9,"severity":"Error","message":"Possible reentrancy vulnerabilities. Avoid state changes after transfer.","ruleId":"reentrancy","fix":null,"filePath":"Benchmarks/Study_SamplesSet/cfd0c3461a7ba813b8ca80c6571d969a.sol"},{"line":58,"column":1,"severity":"Error","message":"Explicitly mark visibility of state","ruleId":"state-visibility","fix":null,"filePath":"Benchmarks/Study_SamplesSet/cfd0c3461a7ba813b8ca80c6571d969a.sol"},{"line":58,"column":1,"severity":"Warning","message":"Variable name must be in mixedCase","ruleId":"var-name-mixedcase","fix":null,"filePath":"Benchmarks/Study_SamplesSet/cfd0c3461a7ba813b8ca80c6571d969a.sol"},{"line":59,"column":1,"severity":"Warning","message":"Function name must be in mixedCase","ruleId":"func-name-mixedcase","fix":null,"filePath":"Benchmarks/Study_SamplesSet/cfd0c3461a7ba813b8ca80c6571d969a.sol"},{"line":60,"column":9,"severity":"Warning","message":"Provide an error message for require","ruleId":"reason-string","fix":null,"filePath":"Benchmarks/Study_SamplesSet/cfd0c3461a7ba813b8ca80c6571d969a.sol"},{"line":60,"column":9,"severity":"Warning","message":"Use Custom Errors instead of require statements","ruleId":"custom-errors","fix":null,"filePath":"Benchmarks/Study_SamplesSet/cfd0c3461a7ba813b8ca80c6571d969a.sol"},{"line":62,"column":13,"severity":"Warning","message":"Provide an error message for revert","ruleId":"reason-string","fix":null,"filePath":"Benchmarks/Study_SamplesSet/cfd0c3461a7ba813b8ca80c6571d969a.sol"},{"line":62,"column":13,"severity":"Warning","message":"Use Custom Errors instead of revert statements","ruleId":"custom-errors","fix":null,"filePath":"Benchmarks/Study_SamplesSet/cfd0c3461a7ba813b8ca80c6571d969a.sol"},{"line":64,"column":9,"severity":"Error","message":"Possible reentrancy vulnerabilities. Avoid state changes after transfer.","ruleId":"reentrancy","fix":null,"filePath":"Benchmarks/Study_SamplesSet/cfd0c3461a7ba813b8ca80c6571d969a.sol"},{"line":68,"column":9,"severity":"Warning","message":"Provide an error message for require","ruleId":"reason-string","fix":null,"filePath":"Benchmarks/Study_SamplesSet/cfd0c3461a7ba813b8ca80c6571d969a.sol"},{"line":68,"column":9,"severity":"Warning","message":"Use Custom Errors instead of require statements","ruleId":"custom-errors","fix":null,"filePath":"Benchmarks/Study_SamplesSet/cfd0c3461a7ba813b8ca80c6571d969a.sol"},{"line":74,"column":1,"severity":"Error","message":"Explicitly mark visibility of state","ruleId":"state-visibility","fix":null,"filePath":"Benchmarks/Study_SamplesSet/cfd0c3461a7ba813b8ca80c6571d969a.sol"},{"line":74,"column":1,"severity":"Warning","message":"Rule is set with explicit type [var/s: uint]","ruleId":"explicit-types","filePath":"Benchmarks/Study_SamplesSet/cfd0c3461a7ba813b8ca80c6571d969a.sol"},{"line":74,"column":1,"severity":"Warning","message":"Variable name must be in mixedCase","ruleId":"var-name-mixedcase","fix":null,"filePath":"Benchmarks/Study_SamplesSet/cfd0c3461a7ba813b8ca80c6571d969a.sol"},{"line":75,"column":1,"severity":"Warning","message":"Function name must be in mixedCase","ruleId":"func-name-mixedcase","fix":null,"filePath":"Benchmarks/Study_SamplesSet/cfd0c3461a7ba813b8ca80c6571d969a.sol"},{"line":78,"column":25,"severity":"Error","message":"Avoid to use low level calls.","ruleId":"avoid-low-level-calls","fix":null,"filePath":"Benchmarks/Study_SamplesSet/cfd0c3461a7ba813b8ca80c6571d969a.sol"},{"line":78,"column":25,"severity":"Error","message":"Avoid to use \".call.value()()\"","ruleId":"avoid-call-value","fix":null,"filePath":"Benchmarks/Study_SamplesSet/cfd0c3461a7ba813b8ca80c6571d969a.sol"},{"line":80,"column":13,"severity":"Warning","message":"Provide an error message for revert","ruleId":"reason-string","fix":null,"filePath":"Benchmarks/Study_SamplesSet/cfd0c3461a7ba813b8ca80c6571d969a.sol"},{"line":80,"column":13,"severity":"Warning","message":"Use Custom Errors instead of revert statements","ruleId":"custom-errors","fix":null,"filePath":"Benchmarks/Study_SamplesSet/cfd0c3461a7ba813b8ca80c6571d969a.sol"},{"line":85,"column":3,"severity":"Error","message":"Explicitly mark visibility of state","ruleId":"state-visibility","fix":null,"filePath":"Benchmarks/Study_SamplesSet/cfd0c3461a7ba813b8ca80c6571d969a.sol"},{"line":85,"column":3,"severity":"Warning","message":"Variable name must be in mixedCase","ruleId":"var-name-mixedcase","fix":null,"filePath":"Benchmarks/Study_SamplesSet/cfd0c3461a7ba813b8ca80c6571d969a.sol"},{"line":86,"column":1,"severity":"Warning","message":"Function name must be in mixedCase","ruleId":"func-name-mixedcase","fix":null,"filePath":"Benchmarks/Study_SamplesSet/cfd0c3461a7ba813b8ca80c6571d969a.sol"},{"line":87,"column":9,"severity":"Warning","message":"Provide an error message for require","ruleId":"reason-string","fix":null,"filePath":"Benchmarks/Study_SamplesSet/cfd0c3461a7ba813b8ca80c6571d969a.sol"},{"line":87,"column":9,"severity":"Warning","message":"Use Custom Errors instead of require statements","ruleId":"custom-errors","fix":null,"filePath":"Benchmarks/Study_SamplesSet/cfd0c3461a7ba813b8ca80c6571d969a.sol"},{"line":88,"column":25,"severity":"Error","message":"Avoid to use low level calls.","ruleId":"avoid-low-level-calls","fix":null,"filePath":"Benchmarks/Study_SamplesSet/cfd0c3461a7ba813b8ca80c6571d969a.sol"},{"line":88,"column":25,"severity":"Error","message":"Avoid to use \".call.value()()\"","ruleId":"avoid-call-value","fix":null,"filePath":"Benchmarks/Study_SamplesSet/cfd0c3461a7ba813b8ca80c6571d969a.sol"},{"line":90,"column":13,"severity":"Warning","message":"Provide an error message for revert","ruleId":"reason-string","fix":null,"filePath":"Benchmarks/Study_SamplesSet/cfd0c3461a7ba813b8ca80c6571d969a.sol"},{"line":90,"column":13,"severity":"Warning","message":"Use Custom Errors instead of revert statements","ruleId":"custom-errors","fix":null,"filePath":"Benchmarks/Study_SamplesSet/cfd0c3461a7ba813b8ca80c6571d969a.sol"},{"line":96,"column":3,"severity":"Error","message":"Explicitly mark visibility of state","ruleId":"state-visibility","fix":null,"filePath":"Benchmarks/Study_SamplesSet/cfd0c3461a7ba813b8ca80c6571d969a.sol"},{"line":96,"column":3,"severity":"Warning","message":"Rule is set with explicit type [var/s: uint]","ruleId":"explicit-types","filePath":"Benchmarks/Study_SamplesSet/cfd0c3461a7ba813b8ca80c6571d969a.sol"},{"line":96,"column":3,"severity":"Warning","message":"Variable name must be in mixedCase","ruleId":"var-name-mixedcase","fix":null,"filePath":"Benchmarks/Study_SamplesSet/cfd0c3461a7ba813b8ca80c6571d969a.sol"},{"line":97,"column":5,"severity":"Warning","message":"Function name must be in mixedCase","ruleId":"func-name-mixedcase","fix":null,"filePath":"Benchmarks/Study_SamplesSet/cfd0c3461a7ba813b8ca80c6571d969a.sol"},{"line":99,"column":11,"severity":"Error","message":"Possible reentrancy vulnerabilities. Avoid state changes after transfer.","ruleId":"reentrancy","fix":null,"filePath":"Benchmarks/Study_SamplesSet/cfd0c3461a7ba813b8ca80c6571d969a.sol"},{"line":111,"column":1,"severity":"Error","message":"Explicitly mark visibility of state","ruleId":"state-visibility","fix":null,"filePath":"Benchmarks/Study_SamplesSet/cfd0c3461a7ba813b8ca80c6571d969a.sol"},{"line":111,"column":1,"severity":"Warning","message":"Rule is set with explicit type [var/s: uint]","ruleId":"explicit-types","filePath":"Benchmarks/Study_SamplesSet/cfd0c3461a7ba813b8ca80c6571d969a.sol"},{"line":111,"column":1,"severity":"Warning","message":"Variable name must be in mixedCase","ruleId":"var-name-mixedcase","fix":null,"filePath":"Benchmarks/Study_SamplesSet/cfd0c3461a7ba813b8ca80c6571d969a.sol"},{"line":112,"column":1,"severity":"Warning","message":"Function name must be in mixedCase","ruleId":"func-name-mixedcase","fix":null,"filePath":"Benchmarks/Study_SamplesSet/cfd0c3461a7ba813b8ca80c6571d969a.sol"},{"line":115,"column":26,"severity":"Error","message":"Avoid to use low level calls.","ruleId":"avoid-low-level-calls","fix":null,"filePath":"Benchmarks/Study_SamplesSet/cfd0c3461a7ba813b8ca80c6571d969a.sol"},{"line":115,"column":26,"severity":"Error","message":"Avoid to use \".call.value()()\"","ruleId":"avoid-call-value","fix":null,"filePath":"Benchmarks/Study_SamplesSet/cfd0c3461a7ba813b8ca80c6571d969a.sol"},{"line":117,"column":13,"severity":"Warning","message":"Provide an error message for revert","ruleId":"reason-string","fix":null,"filePath":"Benchmarks/Study_SamplesSet/cfd0c3461a7ba813b8ca80c6571d969a.sol"},{"line":117,"column":13,"severity":"Warning","message":"Use Custom Errors instead of revert statements","ruleId":"custom-errors","fix":null,"filePath":"Benchmarks/Study_SamplesSet/cfd0c3461a7ba813b8ca80c6571d969a.sol"},{"line":126,"column":9,"severity":"Warning","message":"Provide an error message for require","ruleId":"reason-string","fix":null,"filePath":"Benchmarks/Study_SamplesSet/cfd0c3461a7ba813b8ca80c6571d969a.sol"},{"line":126,"column":9,"severity":"Warning","message":"Use Custom Errors instead of require statements","ruleId":"custom-errors","fix":null,"filePath":"Benchmarks/Study_SamplesSet/cfd0c3461a7ba813b8ca80c6571d969a.sol"},{"line":127,"column":9,"severity":"Warning","message":"Provide an error message for require","ruleId":"reason-string","fix":null,"filePath":"Benchmarks/Study_SamplesSet/cfd0c3461a7ba813b8ca80c6571d969a.sol"},{"line":127,"column":9,"severity":"Warning","message":"Use Custom Errors instead of require statements","ruleId":"custom-errors","fix":null,"filePath":"Benchmarks/Study_SamplesSet/cfd0c3461a7ba813b8ca80c6571d969a.sol"},{"line":135,"column":1,"severity":"Error","message":"Explicitly mark visibility of state","ruleId":"state-visibility","fix":null,"filePath":"Benchmarks/Study_SamplesSet/cfd0c3461a7ba813b8ca80c6571d969a.sol"},{"line":135,"column":1,"severity":"Warning","message":"Variable name must be in mixedCase","ruleId":"var-name-mixedcase","fix":null,"filePath":"Benchmarks/Study_SamplesSet/cfd0c3461a7ba813b8ca80c6571d969a.sol"},{"line":136,"column":1,"severity":"Warning","message":"Function name must be in mixedCase","ruleId":"func-name-mixedcase","fix":null,"filePath":"Benchmarks/Study_SamplesSet/cfd0c3461a7ba813b8ca80c6571d969a.sol"},{"line":137,"column":9,"severity":"Warning","message":"Provide an error message for require","ruleId":"reason-string","fix":null,"filePath":"Benchmarks/Study_SamplesSet/cfd0c3461a7ba813b8ca80c6571d969a.sol"},{"line":137,"column":9,"severity":"Warning","message":"Use Custom Errors instead of require statements","ruleId":"custom-errors","fix":null,"filePath":"Benchmarks/Study_SamplesSet/cfd0c3461a7ba813b8ca80c6571d969a.sol"},{"line":139,"column":13,"severity":"Warning","message":"Provide an error message for revert","ruleId":"reason-string","fix":null,"filePath":"Benchmarks/Study_SamplesSet/cfd0c3461a7ba813b8ca80c6571d969a.sol"},{"line":139,"column":13,"severity":"Warning","message":"Use Custom Errors instead of revert statements","ruleId":"custom-errors","fix":null,"filePath":"Benchmarks/Study_SamplesSet/cfd0c3461a7ba813b8ca80c6571d969a.sol"},{"line":141,"column":9,"severity":"Error","message":"Possible reentrancy vulnerabilities. Avoid state changes after transfer.","ruleId":"reentrancy","fix":null,"filePath":"Benchmarks/Study_SamplesSet/cfd0c3461a7ba813b8ca80c6571d969a.sol"},{"conclusion":"96 problem/s (29 error/s, 67 warning/s)"}]
