[{"line":1,"column":1,"severity":"Warning","message":"Found more than One contract per file. 3 contracts found!","ruleId":"one-contract-per-file","fix":null,"filePath":"Benchmarks/Study_SamplesSet/d180c81aa0d47565bed5ed89a2f5b38c.sol"},{"line":1,"column":1,"severity":"Error","message":"Compiler version ^0.4.4 does not satisfy the ^0.8.0 semver requirement","ruleId":"compiler-version","fix":null,"filePath":"Benchmarks/Study_SamplesSet/d180c81aa0d47565bed5ed89a2f5b38c.sol"},{"line":6,"column":9,"severity":"Error","message":"Explicitly mark visibility in function","ruleId":"func-visibility","fix":null,"filePath":"Benchmarks/Study_SamplesSet/d180c81aa0d47565bed5ed89a2f5b38c.sol"},{"line":6,"column":66,"severity":"Warning","message":"Code contains empty blocks","ruleId":"no-empty-blocks","fix":null,"filePath":"Benchmarks/Study_SamplesSet/d180c81aa0d47565bed5ed89a2f5b38c.sol"},{"line":10,"column":9,"severity":"Error","message":"Explicitly mark visibility in function","ruleId":"func-visibility","fix":null,"filePath":"Benchmarks/Study_SamplesSet/d180c81aa0d47565bed5ed89a2f5b38c.sol"},{"line":10,"column":79,"severity":"Warning","message":"Code contains empty blocks","ruleId":"no-empty-blocks","fix":null,"filePath":"Benchmarks/Study_SamplesSet/d180c81aa0d47565bed5ed89a2f5b38c.sol"},{"line":16,"column":9,"severity":"Error","message":"Explicitly mark visibility in function","ruleId":"func-visibility","fix":null,"filePath":"Benchmarks/Study_SamplesSet/d180c81aa0d47565bed5ed89a2f5b38c.sol"},{"line":16,"column":79,"severity":"Warning","message":"Code contains empty blocks","ruleId":"no-empty-blocks","fix":null,"filePath":"Benchmarks/Study_SamplesSet/d180c81aa0d47565bed5ed89a2f5b38c.sol"},{"line":23,"column":9,"severity":"Error","message":"Explicitly mark visibility in function","ruleId":"func-visibility","fix":null,"filePath":"Benchmarks/Study_SamplesSet/d180c81aa0d47565bed5ed89a2f5b38c.sol"},{"line":23,"column":98,"severity":"Warning","message":"Code contains empty blocks","ruleId":"no-empty-blocks","fix":null,"filePath":"Benchmarks/Study_SamplesSet/d180c81aa0d47565bed5ed89a2f5b38c.sol"},{"line":29,"column":9,"severity":"Error","message":"Explicitly mark visibility in function","ruleId":"func-visibility","fix":null,"filePath":"Benchmarks/Study_SamplesSet/d180c81aa0d47565bed5ed89a2f5b38c.sol"},{"line":29,"column":83,"severity":"Warning","message":"Code contains empty blocks","ruleId":"no-empty-blocks","fix":null,"filePath":"Benchmarks/Study_SamplesSet/d180c81aa0d47565bed5ed89a2f5b38c.sol"},{"line":34,"column":9,"severity":"Error","message":"Explicitly mark visibility in function","ruleId":"func-visibility","fix":null,"filePath":"Benchmarks/Study_SamplesSet/d180c81aa0d47565bed5ed89a2f5b38c.sol"},{"line":34,"column":99,"severity":"Warning","message":"Code contains empty blocks","ruleId":"no-empty-blocks","fix":null,"filePath":"Benchmarks/Study_SamplesSet/d180c81aa0d47565bed5ed89a2f5b38c.sol"},{"line":45,"column":9,"severity":"Error","message":"Explicitly mark visibility in function","ruleId":"func-visibility","fix":null,"filePath":"Benchmarks/Study_SamplesSet/d180c81aa0d47565bed5ed89a2f5b38c.sol"},{"line":53,"column":17,"severity":"Error","message":"Explicitly mark all external contracts as trusted or untrusted","ruleId":"mark-callable-contracts","filePath":"Benchmarks/Study_SamplesSet/d180c81aa0d47565bed5ed89a2f5b38c.sol"},{"line":58,"column":9,"severity":"Error","message":"Explicitly mark visibility in function","ruleId":"func-visibility","fix":null,"filePath":"Benchmarks/Study_SamplesSet/d180c81aa0d47565bed5ed89a2f5b38c.sol"},{"line":65,"column":17,"severity":"Error","message":"Explicitly mark all external contracts as trusted or untrusted","ruleId":"mark-callable-contracts","filePath":"Benchmarks/Study_SamplesSet/d180c81aa0d47565bed5ed89a2f5b38c.sol"},{"line":70,"column":9,"severity":"Error","message":"Explicitly mark visibility in function","ruleId":"func-visibility","fix":null,"filePath":"Benchmarks/Study_SamplesSet/d180c81aa0d47565bed5ed89a2f5b38c.sol"},{"line":74,"column":9,"severity":"Error","message":"Explicitly mark visibility in function","ruleId":"func-visibility","fix":null,"filePath":"Benchmarks/Study_SamplesSet/d180c81aa0d47565bed5ed89a2f5b38c.sol"},{"line":76,"column":13,"severity":"Error","message":"Explicitly mark all external contracts as trusted or untrusted","ruleId":"mark-callable-contracts","filePath":"Benchmarks/Study_SamplesSet/d180c81aa0d47565bed5ed89a2f5b38c.sol"},{"line":80,"column":9,"severity":"Error","message":"Explicitly mark visibility in function","ruleId":"func-visibility","fix":null,"filePath":"Benchmarks/Study_SamplesSet/d180c81aa0d47565bed5ed89a2f5b38c.sol"},{"line":84,"column":9,"severity":"Error","message":"Explicitly mark visibility of state","ruleId":"state-visibility","fix":null,"filePath":"Benchmarks/Study_SamplesSet/d180c81aa0d47565bed5ed89a2f5b38c.sol"},{"line":85,"column":9,"severity":"Error","message":"Explicitly mark visibility of state","ruleId":"state-visibility","fix":null,"filePath":"Benchmarks/Study_SamplesSet/d180c81aa0d47565bed5ed89a2f5b38c.sol"},{"line":91,"column":5,"severity":"Warning","message":"Contract, Structs and Enums should be in CamelCase","ruleId":"contract-name-camelcase","filePath":"Benchmarks/Study_SamplesSet/d180c81aa0d47565bed5ed89a2f5b38c.sol"},{"line":93,"column":9,"severity":"Warning","message":"Fallback should be external and payable to accept native currency","ruleId":"payable-fallback","filePath":"Benchmarks/Study_SamplesSet/d180c81aa0d47565bed5ed89a2f5b38c.sol"},{"line":93,"column":9,"severity":"Error","message":"Explicitly mark visibility in function","ruleId":"func-visibility","fix":null,"filePath":"Benchmarks/Study_SamplesSet/d180c81aa0d47565bed5ed89a2f5b38c.sol"},{"line":95,"column":13,"severity":"Error","message":"\"throw\" is deprecated, avoid to use it","ruleId":"avoid-throw","filePath":"Benchmarks/Study_SamplesSet/d180c81aa0d47565bed5ed89a2f5b38c.sol"},{"line":109,"column":33,"severity":"Error","message":"Use double quotes for string literals","ruleId":"quotes","filePath":"Benchmarks/Study_SamplesSet/d180c81aa0d47565bed5ed89a2f5b38c.sol"},{"line":117,"column":9,"severity":"Error","message":"Explicitly mark visibility in function (Set ignoreConstructors to true if using solidity >=0.7.0)","ruleId":"func-visibility","fix":null,"filePath":"Benchmarks/Study_SamplesSet/d180c81aa0d47565bed5ed89a2f5b38c.sol"},{"line":127,"column":9,"severity":"Error","message":"Explicitly mark visibility in function","ruleId":"func-visibility","fix":null,"filePath":"Benchmarks/Study_SamplesSet/d180c81aa0d47565bed5ed89a2f5b38c.sol"},{"line":129,"column":13,"severity":"Error","message":"Explicitly mark all external contracts as trusted or untrusted","ruleId":"mark-callable-contracts","filePath":"Benchmarks/Study_SamplesSet/d180c81aa0d47565bed5ed89a2f5b38c.sol"},{"line":134,"column":17,"severity":"Error","message":"Avoid to use low level calls.","ruleId":"avoid-low-level-calls","fix":null,"filePath":"Benchmarks/Study_SamplesSet/d180c81aa0d47565bed5ed89a2f5b38c.sol"},{"line":134,"column":46,"severity":"Error","message":"Use \"keccak256\" instead of deprecated \"sha3\"","ruleId":"avoid-sha3","filePath":"Benchmarks/Study_SamplesSet/d180c81aa0d47565bed5ed89a2f5b38c.sol"},{"line":134,"column":145,"severity":"Error","message":"\"throw\" is deprecated, avoid to use it","ruleId":"avoid-throw","filePath":"Benchmarks/Study_SamplesSet/d180c81aa0d47565bed5ed89a2f5b38c.sol"},{"conclusion":"35 problem/s (26 error/s, 9 warning/s)"}]
