[{"line":1,"column":1,"severity":"Error","message":"Compiler version ^0.4.20 does not satisfy the ^0.8.0 semver requirement","ruleId":"compiler-version","fix":null,"filePath":"Benchmarks/Study_SamplesSet/d3e6d5fe5c3bd946da9dc413800ead21.sol"},{"line":3,"column":1,"severity":"Warning","message":"Contract, Structs and Enums should be in CamelCase","ruleId":"contract-name-camelcase","filePath":"Benchmarks/Study_SamplesSet/d3e6d5fe5c3bd946da9dc413800ead21.sol"},{"line":5,"column":5,"severity":"Warning","message":"Function name must be in mixedCase","ruleId":"func-name-mixedcase","fix":null,"filePath":"Benchmarks/Study_SamplesSet/d3e6d5fe5c3bd946da9dc413800ead21.sol"},{"line":9,"column":9,"severity":"Warning","message":"Provide an error message for require","ruleId":"reason-string","fix":null,"filePath":"Benchmarks/Study_SamplesSet/d3e6d5fe5c3bd946da9dc413800ead21.sol"},{"line":9,"column":9,"severity":"Warning","message":"Use Custom Errors instead of require statements","ruleId":"custom-errors","fix":null,"filePath":"Benchmarks/Study_SamplesSet/d3e6d5fe5c3bd946da9dc413800ead21.sol"},{"line":9,"column":31,"severity":"Error","message":"Avoid to use tx.origin","ruleId":"avoid-tx-origin","fix":null,"filePath":"Benchmarks/Study_SamplesSet/d3e6d5fe5c3bd946da9dc413800ead21.sol"},{"line":19,"column":5,"severity":"Error","message":"Explicitly mark visibility of state","ruleId":"state-visibility","fix":null,"filePath":"Benchmarks/Study_SamplesSet/d3e6d5fe5c3bd946da9dc413800ead21.sol"},{"line":21,"column":5,"severity":"Error","message":"Explicitly mark visibility of state","ruleId":"state-visibility","fix":null,"filePath":"Benchmarks/Study_SamplesSet/d3e6d5fe5c3bd946da9dc413800ead21.sol"},{"line":23,"column":5,"severity":"Warning","message":"Function name must be in mixedCase","ruleId":"func-name-mixedcase","fix":null,"filePath":"Benchmarks/Study_SamplesSet/d3e6d5fe5c3bd946da9dc413800ead21.sol"},{"line":37,"column":5,"severity":"Warning","message":"Function name must be in mixedCase","ruleId":"func-name-mixedcase","fix":null,"filePath":"Benchmarks/Study_SamplesSet/d3e6d5fe5c3bd946da9dc413800ead21.sol"},{"line":41,"column":8,"severity":"Warning","message":"Provide an error message for require","ruleId":"reason-string","fix":null,"filePath":"Benchmarks/Study_SamplesSet/d3e6d5fe5c3bd946da9dc413800ead21.sol"},{"line":41,"column":8,"severity":"Warning","message":"Use Custom Errors instead of require statements","ruleId":"custom-errors","fix":null,"filePath":"Benchmarks/Study_SamplesSet/d3e6d5fe5c3bd946da9dc413800ead21.sol"},{"line":46,"column":5,"severity":"Warning","message":"Function name must be in mixedCase","ruleId":"func-name-mixedcase","fix":null,"filePath":"Benchmarks/Study_SamplesSet/d3e6d5fe5c3bd946da9dc413800ead21.sol"},{"line":50,"column":9,"severity":"Warning","message":"Provide an error message for require","ruleId":"reason-string","fix":null,"filePath":"Benchmarks/Study_SamplesSet/d3e6d5fe5c3bd946da9dc413800ead21.sol"},{"line":50,"column":9,"severity":"Warning","message":"Use Custom Errors instead of require statements","ruleId":"custom-errors","fix":null,"filePath":"Benchmarks/Study_SamplesSet/d3e6d5fe5c3bd946da9dc413800ead21.sol"},{"conclusion":"15 problem/s (4 error/s, 11 warning/s)"}]
