[{"line":1,"column":1,"severity":"Error","message":"Compiler version ^0.4.13 does not satisfy the ^0.8.0 semver requirement","ruleId":"compiler-version","fix":null,"filePath":"Benchmarks/Study_SamplesSet/d5cd71cd25bac40546f0bd5765a3fd47.sol"},{"line":16,"column":2,"severity":"Error","message":"Explicitly mark visibility in function (Set ignoreConstructors to true if using solidity >=0.7.0)","ruleId":"func-visibility","fix":null,"filePath":"Benchmarks/Study_SamplesSet/d5cd71cd25bac40546f0bd5765a3fd47.sol"},{"line":24,"column":2,"severity":"Error","message":"Explicitly mark visibility in function","ruleId":"func-visibility","fix":null,"filePath":"Benchmarks/Study_SamplesSet/d5cd71cd25bac40546f0bd5765a3fd47.sol"},{"line":27,"column":3,"severity":"Warning","message":"Provide an error message for revert","ruleId":"reason-string","fix":null,"filePath":"Benchmarks/Study_SamplesSet/d5cd71cd25bac40546f0bd5765a3fd47.sol"},{"line":27,"column":3,"severity":"Warning","message":"Use Custom Errors instead of revert statements","ruleId":"custom-errors","fix":null,"filePath":"Benchmarks/Study_SamplesSet/d5cd71cd25bac40546f0bd5765a3fd47.sol"},{"line":32,"column":2,"severity":"Error","message":"Explicitly mark all external contracts as trusted or untrusted","ruleId":"mark-callable-contracts","filePath":"Benchmarks/Study_SamplesSet/d5cd71cd25bac40546f0bd5765a3fd47.sol"},{"line":36,"column":2,"severity":"Warning","message":"Fallback should be external and payable to accept native currency","ruleId":"payable-fallback","filePath":"Benchmarks/Study_SamplesSet/d5cd71cd25bac40546f0bd5765a3fd47.sol"},{"line":36,"column":2,"severity":"Error","message":"Explicitly mark visibility in function","ruleId":"func-visibility","fix":null,"filePath":"Benchmarks/Study_SamplesSet/d5cd71cd25bac40546f0bd5765a3fd47.sol"},{"line":37,"column":2,"severity":"Warning","message":"Provide an error message for revert","ruleId":"reason-string","fix":null,"filePath":"Benchmarks/Study_SamplesSet/d5cd71cd25bac40546f0bd5765a3fd47.sol"},{"line":37,"column":2,"severity":"Warning","message":"Use Custom Errors instead of revert statements","ruleId":"custom-errors","fix":null,"filePath":"Benchmarks/Study_SamplesSet/d5cd71cd25bac40546f0bd5765a3fd47.sol"},{"conclusion":"10 problem/s (5 error/s, 5 warning/s)"}]
