[{"line":1,"column":1,"severity":"Error","message":"Compiler version ^0.4.9 does not satisfy the ^0.8.0 semver requirement","ruleId":"compiler-version","fix":null,"filePath":"Benchmarks/Study_SamplesSet/dbf5b348b0d854b3863ba6f48f66a33e.sol"},{"line":36,"column":5,"severity":"Error","message":"Explicitly mark visibility of state","ruleId":"state-visibility","fix":null,"filePath":"Benchmarks/Study_SamplesSet/dbf5b348b0d854b3863ba6f48f66a33e.sol"},{"line":37,"column":5,"severity":"Error","message":"Explicitly mark visibility of state","ruleId":"state-visibility","fix":null,"filePath":"Benchmarks/Study_SamplesSet/dbf5b348b0d854b3863ba6f48f66a33e.sol"},{"line":38,"column":5,"severity":"Error","message":"Explicitly mark visibility of state","ruleId":"state-visibility","fix":null,"filePath":"Benchmarks/Study_SamplesSet/dbf5b348b0d854b3863ba6f48f66a33e.sol"},{"line":41,"column":5,"severity":"Error","message":"Explicitly mark visibility of state","ruleId":"state-visibility","fix":null,"filePath":"Benchmarks/Study_SamplesSet/dbf5b348b0d854b3863ba6f48f66a33e.sol"},{"line":42,"column":5,"severity":"Error","message":"Explicitly mark visibility of state","ruleId":"state-visibility","fix":null,"filePath":"Benchmarks/Study_SamplesSet/dbf5b348b0d854b3863ba6f48f66a33e.sol"},{"line":45,"column":5,"severity":"Error","message":"Explicitly mark visibility of state","ruleId":"state-visibility","fix":null,"filePath":"Benchmarks/Study_SamplesSet/dbf5b348b0d854b3863ba6f48f66a33e.sol"},{"line":48,"column":5,"severity":"Error","message":"Explicitly mark visibility of state","ruleId":"state-visibility","fix":null,"filePath":"Benchmarks/Study_SamplesSet/dbf5b348b0d854b3863ba6f48f66a33e.sol"},{"line":57,"column":5,"severity":"Error","message":"Explicitly mark visibility in function (Set ignoreConstructors to true if using solidity >=0.7.0)","ruleId":"func-visibility","fix":null,"filePath":"Benchmarks/Study_SamplesSet/dbf5b348b0d854b3863ba6f48f66a33e.sol"},{"line":62,"column":5,"severity":"Error","message":"Explicitly mark visibility in function","ruleId":"func-visibility","fix":null,"filePath":"Benchmarks/Study_SamplesSet/dbf5b348b0d854b3863ba6f48f66a33e.sol"},{"line":62,"column":32,"severity":"Warning","message":"Rule is set with explicit type [var/s: uint]","ruleId":"explicit-types","filePath":"Benchmarks/Study_SamplesSet/dbf5b348b0d854b3863ba6f48f66a33e.sol"},{"line":62,"column":62,"severity":"Warning","message":"Variable name must be in mixedCase","ruleId":"var-name-mixedcase","fix":null,"filePath":"Benchmarks/Study_SamplesSet/dbf5b348b0d854b3863ba6f48f66a33e.sol"},{"line":62,"column":83,"severity":"Warning","message":"Variable name must be in mixedCase","ruleId":"var-name-mixedcase","fix":null,"filePath":"Benchmarks/Study_SamplesSet/dbf5b348b0d854b3863ba6f48f66a33e.sol"},{"line":62,"column":106,"severity":"Warning","message":"Rule is set with explicit type [var/s: uint]","ruleId":"explicit-types","filePath":"Benchmarks/Study_SamplesSet/dbf5b348b0d854b3863ba6f48f66a33e.sol"},{"line":62,"column":106,"severity":"Warning","message":"Variable name must be in mixedCase","ruleId":"var-name-mixedcase","fix":null,"filePath":"Benchmarks/Study_SamplesSet/dbf5b348b0d854b3863ba6f48f66a33e.sol"},{"line":62,"column":127,"severity":"Warning","message":"Rule is set with explicit type [var/s: uint]","ruleId":"explicit-types","filePath":"Benchmarks/Study_SamplesSet/dbf5b348b0d854b3863ba6f48f66a33e.sol"},{"line":62,"column":127,"severity":"Warning","message":"Variable name must be in mixedCase","ruleId":"var-name-mixedcase","fix":null,"filePath":"Benchmarks/Study_SamplesSet/dbf5b348b0d854b3863ba6f48f66a33e.sol"},{"line":62,"column":151,"severity":"Warning","message":"Variable name must be in mixedCase","ruleId":"var-name-mixedcase","fix":null,"filePath":"Benchmarks/Study_SamplesSet/dbf5b348b0d854b3863ba6f48f66a33e.sol"},{"line":62,"column":174,"severity":"Warning","message":"Variable name must be in mixedCase","ruleId":"var-name-mixedcase","fix":null,"filePath":"Benchmarks/Study_SamplesSet/dbf5b348b0d854b3863ba6f48f66a33e.sol"},{"line":65,"column":13,"severity":"Error","message":"\"throw\" is deprecated, avoid to use it","ruleId":"avoid-throw","filePath":"Benchmarks/Study_SamplesSet/dbf5b348b0d854b3863ba6f48f66a33e.sol"},{"line":73,"column":5,"severity":"Error","message":"Explicitly mark visibility in function","ruleId":"func-visibility","fix":null,"filePath":"Benchmarks/Study_SamplesSet/dbf5b348b0d854b3863ba6f48f66a33e.sol"},{"line":73,"column":73,"severity":"Warning","message":"Variable name must be in mixedCase","ruleId":"var-name-mixedcase","fix":null,"filePath":"Benchmarks/Study_SamplesSet/dbf5b348b0d854b3863ba6f48f66a33e.sol"},{"line":73,"column":96,"severity":"Warning","message":"Rule is set with explicit type [var/s: uint]","ruleId":"explicit-types","filePath":"Benchmarks/Study_SamplesSet/dbf5b348b0d854b3863ba6f48f66a33e.sol"},{"line":73,"column":96,"severity":"Warning","message":"Variable name must be in mixedCase","ruleId":"var-name-mixedcase","fix":null,"filePath":"Benchmarks/Study_SamplesSet/dbf5b348b0d854b3863ba6f48f66a33e.sol"},{"line":73,"column":117,"severity":"Warning","message":"Rule is set with explicit type [var/s: uint]","ruleId":"explicit-types","filePath":"Benchmarks/Study_SamplesSet/dbf5b348b0d854b3863ba6f48f66a33e.sol"},{"line":73,"column":117,"severity":"Warning","message":"Variable name must be in mixedCase","ruleId":"var-name-mixedcase","fix":null,"filePath":"Benchmarks/Study_SamplesSet/dbf5b348b0d854b3863ba6f48f66a33e.sol"},{"line":73,"column":141,"severity":"Warning","message":"Variable name must be in mixedCase","ruleId":"var-name-mixedcase","fix":null,"filePath":"Benchmarks/Study_SamplesSet/dbf5b348b0d854b3863ba6f48f66a33e.sol"},{"line":73,"column":164,"severity":"Warning","message":"Variable name must be in mixedCase","ruleId":"var-name-mixedcase","fix":null,"filePath":"Benchmarks/Study_SamplesSet/dbf5b348b0d854b3863ba6f48f66a33e.sol"},{"line":80,"column":5,"severity":"Error","message":"Explicitly mark visibility in function","ruleId":"func-visibility","fix":null,"filePath":"Benchmarks/Study_SamplesSet/dbf5b348b0d854b3863ba6f48f66a33e.sol"},{"line":80,"column":52,"severity":"Warning","message":"Rule is set with explicit type [var/s: uint]","ruleId":"explicit-types","filePath":"Benchmarks/Study_SamplesSet/dbf5b348b0d854b3863ba6f48f66a33e.sol"},{"line":81,"column":49,"severity":"Warning","message":"Variable name must be in mixedCase","ruleId":"var-name-mixedcase","fix":null,"filePath":"Benchmarks/Study_SamplesSet/dbf5b348b0d854b3863ba6f48f66a33e.sol"},{"line":81,"column":76,"severity":"Warning","message":"Variable name must be in mixedCase","ruleId":"var-name-mixedcase","fix":null,"filePath":"Benchmarks/Study_SamplesSet/dbf5b348b0d854b3863ba6f48f66a33e.sol"},{"line":81,"column":97,"severity":"Warning","message":"Variable name must be in mixedCase","ruleId":"var-name-mixedcase","fix":null,"filePath":"Benchmarks/Study_SamplesSet/dbf5b348b0d854b3863ba6f48f66a33e.sol"},{"line":81,"column":119,"severity":"Warning","message":"Variable name must be in mixedCase","ruleId":"var-name-mixedcase","fix":null,"filePath":"Benchmarks/Study_SamplesSet/dbf5b348b0d854b3863ba6f48f66a33e.sol"},{"line":81,"column":141,"severity":"Warning","message":"Variable name must be in mixedCase","ruleId":"var-name-mixedcase","fix":null,"filePath":"Benchmarks/Study_SamplesSet/dbf5b348b0d854b3863ba6f48f66a33e.sol"},{"line":86,"column":13,"severity":"Error","message":"\"throw\" is deprecated, avoid to use it","ruleId":"avoid-throw","filePath":"Benchmarks/Study_SamplesSet/dbf5b348b0d854b3863ba6f48f66a33e.sol"},{"line":96,"column":5,"severity":"Error","message":"Explicitly mark visibility in function","ruleId":"func-visibility","fix":null,"filePath":"Benchmarks/Study_SamplesSet/dbf5b348b0d854b3863ba6f48f66a33e.sol"},{"line":96,"column":54,"severity":"Warning","message":"Rule is set with explicit type [var/s: uint]","ruleId":"explicit-types","filePath":"Benchmarks/Study_SamplesSet/dbf5b348b0d854b3863ba6f48f66a33e.sol"},{"line":96,"column":100,"severity":"Warning","message":"Variable name must be in mixedCase","ruleId":"var-name-mixedcase","fix":null,"filePath":"Benchmarks/Study_SamplesSet/dbf5b348b0d854b3863ba6f48f66a33e.sol"},{"line":96,"column":123,"severity":"Warning","message":"Variable name must be in mixedCase","ruleId":"var-name-mixedcase","fix":null,"filePath":"Benchmarks/Study_SamplesSet/dbf5b348b0d854b3863ba6f48f66a33e.sol"},{"line":101,"column":13,"severity":"Error","message":"\"throw\" is deprecated, avoid to use it","ruleId":"avoid-throw","filePath":"Benchmarks/Study_SamplesSet/dbf5b348b0d854b3863ba6f48f66a33e.sol"},{"line":110,"column":5,"severity":"Error","message":"Explicitly mark visibility in function","ruleId":"func-visibility","fix":null,"filePath":"Benchmarks/Study_SamplesSet/dbf5b348b0d854b3863ba6f48f66a33e.sol"},{"line":110,"column":59,"severity":"Warning","message":"Rule is set with explicit type [var/s: uint]","ruleId":"explicit-types","filePath":"Benchmarks/Study_SamplesSet/dbf5b348b0d854b3863ba6f48f66a33e.sol"},{"line":116,"column":5,"severity":"Error","message":"Explicitly mark visibility in function","ruleId":"func-visibility","fix":null,"filePath":"Benchmarks/Study_SamplesSet/dbf5b348b0d854b3863ba6f48f66a33e.sol"},{"line":116,"column":135,"severity":"Warning","message":"Rule is set with explicit type [var/s: uint]","ruleId":"explicit-types","filePath":"Benchmarks/Study_SamplesSet/dbf5b348b0d854b3863ba6f48f66a33e.sol"},{"line":116,"column":135,"severity":"Warning","message":"Variable name must be in mixedCase","ruleId":"var-name-mixedcase","fix":null,"filePath":"Benchmarks/Study_SamplesSet/dbf5b348b0d854b3863ba6f48f66a33e.sol"},{"line":119,"column":13,"severity":"Error","message":"\"throw\" is deprecated, avoid to use it","ruleId":"avoid-throw","filePath":"Benchmarks/Study_SamplesSet/dbf5b348b0d854b3863ba6f48f66a33e.sol"},{"line":122,"column":9,"severity":"Warning","message":"Rule is set with explicit type [var/s: uint]","ruleId":"explicit-types","filePath":"Benchmarks/Study_SamplesSet/dbf5b348b0d854b3863ba6f48f66a33e.sol"},{"line":135,"column":5,"severity":"Error","message":"Explicitly mark visibility in function","ruleId":"func-visibility","fix":null,"filePath":"Benchmarks/Study_SamplesSet/dbf5b348b0d854b3863ba6f48f66a33e.sol"},{"line":135,"column":110,"severity":"Warning","message":"Rule is set with explicit type [var/s: uint]","ruleId":"explicit-types","filePath":"Benchmarks/Study_SamplesSet/dbf5b348b0d854b3863ba6f48f66a33e.sol"},{"line":135,"column":110,"severity":"Warning","message":"Variable name must be in mixedCase","ruleId":"var-name-mixedcase","fix":null,"filePath":"Benchmarks/Study_SamplesSet/dbf5b348b0d854b3863ba6f48f66a33e.sol"},{"line":139,"column":13,"severity":"Error","message":"\"throw\" is deprecated, avoid to use it","ruleId":"avoid-throw","filePath":"Benchmarks/Study_SamplesSet/dbf5b348b0d854b3863ba6f48f66a33e.sol"},{"line":142,"column":9,"severity":"Warning","message":"Rule is set with explicit type [var/s: uint]","ruleId":"explicit-types","filePath":"Benchmarks/Study_SamplesSet/dbf5b348b0d854b3863ba6f48f66a33e.sol"},{"line":151,"column":5,"severity":"Error","message":"Explicitly mark visibility in function","ruleId":"func-visibility","fix":null,"filePath":"Benchmarks/Study_SamplesSet/dbf5b348b0d854b3863ba6f48f66a33e.sol"},{"line":151,"column":138,"severity":"Warning","message":"Rule is set with explicit type [var/s: uint]","ruleId":"explicit-types","filePath":"Benchmarks/Study_SamplesSet/dbf5b348b0d854b3863ba6f48f66a33e.sol"},{"line":151,"column":138,"severity":"Warning","message":"Variable name must be in mixedCase","ruleId":"var-name-mixedcase","fix":null,"filePath":"Benchmarks/Study_SamplesSet/dbf5b348b0d854b3863ba6f48f66a33e.sol"},{"line":155,"column":13,"severity":"Error","message":"\"throw\" is deprecated, avoid to use it","ruleId":"avoid-throw","filePath":"Benchmarks/Study_SamplesSet/dbf5b348b0d854b3863ba6f48f66a33e.sol"},{"line":158,"column":9,"severity":"Warning","message":"Rule is set with explicit type [var/s: uint]","ruleId":"explicit-types","filePath":"Benchmarks/Study_SamplesSet/dbf5b348b0d854b3863ba6f48f66a33e.sol"},{"line":168,"column":5,"severity":"Error","message":"Explicitly mark visibility in function","ruleId":"func-visibility","fix":null,"filePath":"Benchmarks/Study_SamplesSet/dbf5b348b0d854b3863ba6f48f66a33e.sol"},{"line":168,"column":107,"severity":"Warning","message":"Rule is set with explicit type [var/s: uint]","ruleId":"explicit-types","filePath":"Benchmarks/Study_SamplesSet/dbf5b348b0d854b3863ba6f48f66a33e.sol"},{"line":168,"column":107,"severity":"Warning","message":"Variable name must be in mixedCase","ruleId":"var-name-mixedcase","fix":null,"filePath":"Benchmarks/Study_SamplesSet/dbf5b348b0d854b3863ba6f48f66a33e.sol"},{"line":171,"column":13,"severity":"Error","message":"\"throw\" is deprecated, avoid to use it","ruleId":"avoid-throw","filePath":"Benchmarks/Study_SamplesSet/dbf5b348b0d854b3863ba6f48f66a33e.sol"},{"line":179,"column":5,"severity":"Error","message":"Explicitly mark visibility in function","ruleId":"func-visibility","fix":null,"filePath":"Benchmarks/Study_SamplesSet/dbf5b348b0d854b3863ba6f48f66a33e.sol"},{"line":179,"column":113,"severity":"Warning","message":"Rule is set with explicit type [var/s: uint]","ruleId":"explicit-types","filePath":"Benchmarks/Study_SamplesSet/dbf5b348b0d854b3863ba6f48f66a33e.sol"},{"line":179,"column":113,"severity":"Warning","message":"Variable name must be in mixedCase","ruleId":"var-name-mixedcase","fix":null,"filePath":"Benchmarks/Study_SamplesSet/dbf5b348b0d854b3863ba6f48f66a33e.sol"},{"line":182,"column":13,"severity":"Error","message":"\"throw\" is deprecated, avoid to use it","ruleId":"avoid-throw","filePath":"Benchmarks/Study_SamplesSet/dbf5b348b0d854b3863ba6f48f66a33e.sol"},{"line":197,"column":5,"severity":"Error","message":"Explicitly mark visibility in function","ruleId":"func-visibility","fix":null,"filePath":"Benchmarks/Study_SamplesSet/dbf5b348b0d854b3863ba6f48f66a33e.sol"},{"line":197,"column":113,"severity":"Warning","message":"Rule is set with explicit type [var/s: uint]","ruleId":"explicit-types","filePath":"Benchmarks/Study_SamplesSet/dbf5b348b0d854b3863ba6f48f66a33e.sol"},{"line":197,"column":113,"severity":"Warning","message":"Variable name must be in mixedCase","ruleId":"var-name-mixedcase","fix":null,"filePath":"Benchmarks/Study_SamplesSet/dbf5b348b0d854b3863ba6f48f66a33e.sol"},{"line":200,"column":13,"severity":"Error","message":"\"throw\" is deprecated, avoid to use it","ruleId":"avoid-throw","filePath":"Benchmarks/Study_SamplesSet/dbf5b348b0d854b3863ba6f48f66a33e.sol"},{"line":210,"column":5,"severity":"Error","message":"Explicitly mark visibility in function","ruleId":"func-visibility","fix":null,"filePath":"Benchmarks/Study_SamplesSet/dbf5b348b0d854b3863ba6f48f66a33e.sol"},{"line":215,"column":5,"severity":"Error","message":"Explicitly mark visibility in function","ruleId":"func-visibility","fix":null,"filePath":"Benchmarks/Study_SamplesSet/dbf5b348b0d854b3863ba6f48f66a33e.sol"},{"line":220,"column":5,"severity":"Error","message":"Explicitly mark visibility in function","ruleId":"func-visibility","fix":null,"filePath":"Benchmarks/Study_SamplesSet/dbf5b348b0d854b3863ba6f48f66a33e.sol"},{"line":225,"column":5,"severity":"Error","message":"Explicitly mark visibility in function","ruleId":"func-visibility","fix":null,"filePath":"Benchmarks/Study_SamplesSet/dbf5b348b0d854b3863ba6f48f66a33e.sol"},{"line":225,"column":59,"severity":"Warning","message":"Variable name must be in mixedCase","ruleId":"var-name-mixedcase","fix":null,"filePath":"Benchmarks/Study_SamplesSet/dbf5b348b0d854b3863ba6f48f66a33e.sol"},{"line":230,"column":5,"severity":"Error","message":"Explicitly mark visibility in function","ruleId":"func-visibility","fix":null,"filePath":"Benchmarks/Study_SamplesSet/dbf5b348b0d854b3863ba6f48f66a33e.sol"},{"line":231,"column":9,"severity":"Error","message":"Use \"selfdestruct\" instead of deprecated \"suicide\"","ruleId":"avoid-suicide","filePath":"Benchmarks/Study_SamplesSet/dbf5b348b0d854b3863ba6f48f66a33e.sol"},{"line":235,"column":5,"severity":"Error","message":"Explicitly mark visibility in function","ruleId":"func-visibility","fix":null,"filePath":"Benchmarks/Study_SamplesSet/dbf5b348b0d854b3863ba6f48f66a33e.sol"},{"line":235,"column":51,"severity":"Warning","message":"Variable name must be in mixedCase","ruleId":"var-name-mixedcase","fix":null,"filePath":"Benchmarks/Study_SamplesSet/dbf5b348b0d854b3863ba6f48f66a33e.sol"},{"line":240,"column":5,"severity":"Error","message":"Explicitly mark visibility in function","ruleId":"func-visibility","fix":null,"filePath":"Benchmarks/Study_SamplesSet/dbf5b348b0d854b3863ba6f48f66a33e.sol"},{"line":240,"column":43,"severity":"Warning","message":"Variable name must be in mixedCase","ruleId":"var-name-mixedcase","fix":null,"filePath":"Benchmarks/Study_SamplesSet/dbf5b348b0d854b3863ba6f48f66a33e.sol"},{"conclusion":"81 problem/s (37 error/s, 44 warning/s)"}]
