[{"line":5,"column":1,"severity":"Warning","message":"Found more than One contract per file. 2 contracts found!","ruleId":"one-contract-per-file","fix":null,"filePath":"Benchmarks/Study_SamplesSet/dc7b5b833d896d6c73ebb98c130128dc.sol"},{"line":5,"column":1,"severity":"Error","message":"Compiler version ^0.4.1 does not satisfy the ^0.8.0 semver requirement","ruleId":"compiler-version","fix":null,"filePath":"Benchmarks/Study_SamplesSet/dc7b5b833d896d6c73ebb98c130128dc.sol"},{"line":11,"column":28,"severity":"Error","message":"\"throw\" is deprecated, avoid to use it","ruleId":"avoid-throw","filePath":"Benchmarks/Study_SamplesSet/dc7b5b833d896d6c73ebb98c130128dc.sol"},{"line":17,"column":2,"severity":"Error","message":"Explicitly mark visibility in function","ruleId":"func-visibility","fix":null,"filePath":"Benchmarks/Study_SamplesSet/dc7b5b833d896d6c73ebb98c130128dc.sol"},{"line":18,"column":3,"severity":"Error","message":"Explicitly mark all external contracts as trusted or untrusted","ruleId":"mark-callable-contracts","filePath":"Benchmarks/Study_SamplesSet/dc7b5b833d896d6c73ebb98c130128dc.sol"},{"line":34,"column":24,"severity":"Error","message":"\"throw\" is deprecated, avoid to use it","ruleId":"avoid-throw","filePath":"Benchmarks/Study_SamplesSet/dc7b5b833d896d6c73ebb98c130128dc.sol"},{"line":39,"column":39,"severity":"Error","message":"\"throw\" is deprecated, avoid to use it","ruleId":"avoid-throw","filePath":"Benchmarks/Study_SamplesSet/dc7b5b833d896d6c73ebb98c130128dc.sol"},{"line":44,"column":62,"severity":"Error","message":"\"throw\" is deprecated, avoid to use it","ruleId":"avoid-throw","filePath":"Benchmarks/Study_SamplesSet/dc7b5b833d896d6c73ebb98c130128dc.sol"},{"line":49,"column":27,"severity":"Error","message":"\"throw\" is deprecated, avoid to use it","ruleId":"avoid-throw","filePath":"Benchmarks/Study_SamplesSet/dc7b5b833d896d6c73ebb98c130128dc.sol"},{"line":58,"column":2,"severity":"Error","message":"Explicitly mark visibility of state","ruleId":"state-visibility","fix":null,"filePath":"Benchmarks/Study_SamplesSet/dc7b5b833d896d6c73ebb98c130128dc.sol"},{"line":59,"column":2,"severity":"Error","message":"Explicitly mark visibility of state","ruleId":"state-visibility","fix":null,"filePath":"Benchmarks/Study_SamplesSet/dc7b5b833d896d6c73ebb98c130128dc.sol"},{"line":61,"column":2,"severity":"Warning","message":"Rule is set with explicit type [var/s: uint]","ruleId":"explicit-types","filePath":"Benchmarks/Study_SamplesSet/dc7b5b833d896d6c73ebb98c130128dc.sol"},{"line":64,"column":2,"severity":"Error","message":"Explicitly mark visibility in function","ruleId":"func-visibility","fix":null,"filePath":"Benchmarks/Study_SamplesSet/dc7b5b833d896d6c73ebb98c130128dc.sol"},{"line":64,"column":37,"severity":"Warning","message":"Rule is set with explicit type [var/s: uint]","ruleId":"explicit-types","filePath":"Benchmarks/Study_SamplesSet/dc7b5b833d896d6c73ebb98c130128dc.sol"},{"line":69,"column":2,"severity":"Error","message":"Explicitly mark visibility in function","ruleId":"func-visibility","fix":null,"filePath":"Benchmarks/Study_SamplesSet/dc7b5b833d896d6c73ebb98c130128dc.sol"},{"line":69,"column":14,"severity":"Warning","message":"Rule is set with explicit type [var/s: uint]","ruleId":"explicit-types","filePath":"Benchmarks/Study_SamplesSet/dc7b5b833d896d6c73ebb98c130128dc.sol"},{"line":76,"column":2,"severity":"Error","message":"Explicitly mark visibility in function","ruleId":"func-visibility","fix":null,"filePath":"Benchmarks/Study_SamplesSet/dc7b5b833d896d6c73ebb98c130128dc.sol"},{"line":83,"column":2,"severity":"Error","message":"Explicitly mark visibility in function","ruleId":"func-visibility","fix":null,"filePath":"Benchmarks/Study_SamplesSet/dc7b5b833d896d6c73ebb98c130128dc.sol"},{"line":85,"column":16,"severity":"Error","message":"Explicitly mark all external contracts as trusted or untrusted","ruleId":"mark-callable-contracts","filePath":"Benchmarks/Study_SamplesSet/dc7b5b833d896d6c73ebb98c130128dc.sol"},{"line":86,"column":3,"severity":"Error","message":"Explicitly mark all external contracts as trusted or untrusted","ruleId":"mark-callable-contracts","filePath":"Benchmarks/Study_SamplesSet/dc7b5b833d896d6c73ebb98c130128dc.sol"},{"line":90,"column":2,"severity":"Error","message":"Explicitly mark visibility in function","ruleId":"func-visibility","fix":null,"filePath":"Benchmarks/Study_SamplesSet/dc7b5b833d896d6c73ebb98c130128dc.sol"},{"line":92,"column":3,"severity":"Error","message":"Explicitly mark all external contracts as trusted or untrusted","ruleId":"mark-callable-contracts","filePath":"Benchmarks/Study_SamplesSet/dc7b5b833d896d6c73ebb98c130128dc.sol"},{"line":96,"column":2,"severity":"Error","message":"Explicitly mark visibility in function","ruleId":"func-visibility","fix":null,"filePath":"Benchmarks/Study_SamplesSet/dc7b5b833d896d6c73ebb98c130128dc.sol"},{"line":101,"column":2,"severity":"Error","message":"Explicitly mark visibility in function","ruleId":"func-visibility","fix":null,"filePath":"Benchmarks/Study_SamplesSet/dc7b5b833d896d6c73ebb98c130128dc.sol"},{"line":103,"column":3,"severity":"Error","message":"Explicitly mark all external contracts as trusted or untrusted","ruleId":"mark-callable-contracts","filePath":"Benchmarks/Study_SamplesSet/dc7b5b833d896d6c73ebb98c130128dc.sol"},{"line":107,"column":2,"severity":"Error","message":"Explicitly mark visibility in function","ruleId":"func-visibility","fix":null,"filePath":"Benchmarks/Study_SamplesSet/dc7b5b833d896d6c73ebb98c130128dc.sol"},{"line":109,"column":3,"severity":"Error","message":"Explicitly mark all external contracts as trusted or untrusted","ruleId":"mark-callable-contracts","filePath":"Benchmarks/Study_SamplesSet/dc7b5b833d896d6c73ebb98c130128dc.sol"},{"line":113,"column":2,"severity":"Error","message":"Explicitly mark visibility in function","ruleId":"func-visibility","fix":null,"filePath":"Benchmarks/Study_SamplesSet/dc7b5b833d896d6c73ebb98c130128dc.sol"},{"line":113,"column":18,"severity":"Warning","message":"Rule is set with explicit type [var/s: uint]","ruleId":"explicit-types","filePath":"Benchmarks/Study_SamplesSet/dc7b5b833d896d6c73ebb98c130128dc.sol"},{"line":118,"column":2,"severity":"Error","message":"Explicitly mark visibility in function","ruleId":"func-visibility","fix":null,"filePath":"Benchmarks/Study_SamplesSet/dc7b5b833d896d6c73ebb98c130128dc.sol"},{"line":120,"column":4,"severity":"Error","message":"\"throw\" is deprecated, avoid to use it","ruleId":"avoid-throw","filePath":"Benchmarks/Study_SamplesSet/dc7b5b833d896d6c73ebb98c130128dc.sol"},{"conclusion":"31 problem/s (26 error/s, 5 warning/s)"}]
