[{"line":5,"column":1,"severity":"Error","message":"Compiler version ^0.5.7 does not satisfy the ^0.8.0 semver requirement","ruleId":"compiler-version","fix":null,"filePath":"Benchmarks/Study_SamplesSet/dde77fad873fc09aca4825971a6bf4ab.sol"},{"line":7,"column":1,"severity":"Warning","message":"Contract, Structs and Enums should be in CamelCase","ruleId":"contract-name-camelcase","filePath":"Benchmarks/Study_SamplesSet/dde77fad873fc09aca4825971a6bf4ab.sol"},{"line":11,"column":1,"severity":"Warning","message":"Contract has 25 states declarations but allowed no more than 15","ruleId":"max-states-count","fix":null,"filePath":"Benchmarks/Study_SamplesSet/dde77fad873fc09aca4825971a6bf4ab.sol"},{"line":13,"column":3,"severity":"Error","message":"Explicitly mark visibility of state","ruleId":"state-visibility","fix":null,"filePath":"Benchmarks/Study_SamplesSet/dde77fad873fc09aca4825971a6bf4ab.sol"},{"line":13,"column":3,"severity":"Warning","message":"Variable name must be in mixedCase","ruleId":"var-name-mixedcase","fix":null,"filePath":"Benchmarks/Study_SamplesSet/dde77fad873fc09aca4825971a6bf4ab.sol"},{"line":14,"column":1,"severity":"Warning","message":"Function name must be in mixedCase","ruleId":"func-name-mixedcase","fix":null,"filePath":"Benchmarks/Study_SamplesSet/dde77fad873fc09aca4825971a6bf4ab.sol"},{"line":15,"column":9,"severity":"Warning","message":"Provide an error message for require","ruleId":"reason-string","fix":null,"filePath":"Benchmarks/Study_SamplesSet/dde77fad873fc09aca4825971a6bf4ab.sol"},{"line":15,"column":9,"severity":"Warning","message":"Use Custom Errors instead of require statements","ruleId":"custom-errors","fix":null,"filePath":"Benchmarks/Study_SamplesSet/dde77fad873fc09aca4825971a6bf4ab.sol"},{"line":17,"column":13,"severity":"Warning","message":"Provide an error message for revert","ruleId":"reason-string","fix":null,"filePath":"Benchmarks/Study_SamplesSet/dde77fad873fc09aca4825971a6bf4ab.sol"},{"line":17,"column":13,"severity":"Warning","message":"Use Custom Errors instead of revert statements","ruleId":"custom-errors","fix":null,"filePath":"Benchmarks/Study_SamplesSet/dde77fad873fc09aca4825971a6bf4ab.sol"},{"line":19,"column":9,"severity":"Error","message":"Possible reentrancy vulnerabilities. Avoid state changes after transfer.","ruleId":"reentrancy","fix":null,"filePath":"Benchmarks/Study_SamplesSet/dde77fad873fc09aca4825971a6bf4ab.sol"},{"line":22,"column":3,"severity":"Error","message":"Explicitly mark visibility of state","ruleId":"state-visibility","fix":null,"filePath":"Benchmarks/Study_SamplesSet/dde77fad873fc09aca4825971a6bf4ab.sol"},{"line":22,"column":3,"severity":"Warning","message":"Rule is set with explicit type [var/s: uint]","ruleId":"explicit-types","filePath":"Benchmarks/Study_SamplesSet/dde77fad873fc09aca4825971a6bf4ab.sol"},{"line":22,"column":3,"severity":"Warning","message":"Variable name must be in mixedCase","ruleId":"var-name-mixedcase","fix":null,"filePath":"Benchmarks/Study_SamplesSet/dde77fad873fc09aca4825971a6bf4ab.sol"},{"line":23,"column":1,"severity":"Warning","message":"Function name must be in mixedCase","ruleId":"func-name-mixedcase","fix":null,"filePath":"Benchmarks/Study_SamplesSet/dde77fad873fc09aca4825971a6bf4ab.sol"},{"line":25,"column":9,"severity":"Warning","message":"Provide an error message for require","ruleId":"reason-string","fix":null,"filePath":"Benchmarks/Study_SamplesSet/dde77fad873fc09aca4825971a6bf4ab.sol"},{"line":25,"column":9,"severity":"Warning","message":"Use Custom Errors instead of require statements","ruleId":"custom-errors","fix":null,"filePath":"Benchmarks/Study_SamplesSet/dde77fad873fc09aca4825971a6bf4ab.sol"},{"line":26,"column":9,"severity":"Warning","message":"Rule is set with explicit type [var/s: uint]","ruleId":"explicit-types","filePath":"Benchmarks/Study_SamplesSet/dde77fad873fc09aca4825971a6bf4ab.sol"},{"line":26,"column":9,"severity":"Warning","message":"Variable name must be in mixedCase","ruleId":"var-name-mixedcase","fix":null,"filePath":"Benchmarks/Study_SamplesSet/dde77fad873fc09aca4825971a6bf4ab.sol"},{"line":28,"column":9,"severity":"Error","message":"Possible reentrancy vulnerabilities. Avoid state changes after transfer.","ruleId":"reentrancy","fix":null,"filePath":"Benchmarks/Study_SamplesSet/dde77fad873fc09aca4825971a6bf4ab.sol"},{"line":31,"column":3,"severity":"Error","message":"Explicitly mark visibility of state","ruleId":"state-visibility","fix":null,"filePath":"Benchmarks/Study_SamplesSet/dde77fad873fc09aca4825971a6bf4ab.sol"},{"line":31,"column":3,"severity":"Warning","message":"Rule is set with explicit type [var/s: uint]","ruleId":"explicit-types","filePath":"Benchmarks/Study_SamplesSet/dde77fad873fc09aca4825971a6bf4ab.sol"},{"line":31,"column":3,"severity":"Warning","message":"Variable name must be in mixedCase","ruleId":"var-name-mixedcase","fix":null,"filePath":"Benchmarks/Study_SamplesSet/dde77fad873fc09aca4825971a6bf4ab.sol"},{"line":32,"column":1,"severity":"Warning","message":"Function name must be in mixedCase","ruleId":"func-name-mixedcase","fix":null,"filePath":"Benchmarks/Study_SamplesSet/dde77fad873fc09aca4825971a6bf4ab.sol"},{"line":33,"column":9,"severity":"Warning","message":"Provide an error message for require","ruleId":"reason-string","fix":null,"filePath":"Benchmarks/Study_SamplesSet/dde77fad873fc09aca4825971a6bf4ab.sol"},{"line":33,"column":9,"severity":"Warning","message":"Use Custom Errors instead of require statements","ruleId":"custom-errors","fix":null,"filePath":"Benchmarks/Study_SamplesSet/dde77fad873fc09aca4825971a6bf4ab.sol"},{"line":35,"column":9,"severity":"Warning","message":"Provide an error message for require","ruleId":"reason-string","fix":null,"filePath":"Benchmarks/Study_SamplesSet/dde77fad873fc09aca4825971a6bf4ab.sol"},{"line":35,"column":9,"severity":"Warning","message":"Use Custom Errors instead of require statements","ruleId":"custom-errors","fix":null,"filePath":"Benchmarks/Study_SamplesSet/dde77fad873fc09aca4825971a6bf4ab.sol"},{"line":36,"column":9,"severity":"Error","message":"Possible reentrancy vulnerabilities. Avoid state changes after transfer.","ruleId":"reentrancy","fix":null,"filePath":"Benchmarks/Study_SamplesSet/dde77fad873fc09aca4825971a6bf4ab.sol"},{"line":40,"column":3,"severity":"Error","message":"Explicitly mark visibility of state","ruleId":"state-visibility","fix":null,"filePath":"Benchmarks/Study_SamplesSet/dde77fad873fc09aca4825971a6bf4ab.sol"},{"line":40,"column":3,"severity":"Warning","message":"Rule is set with explicit type [var/s: uint]","ruleId":"explicit-types","filePath":"Benchmarks/Study_SamplesSet/dde77fad873fc09aca4825971a6bf4ab.sol"},{"line":40,"column":3,"severity":"Warning","message":"Variable name must be in mixedCase","ruleId":"var-name-mixedcase","fix":null,"filePath":"Benchmarks/Study_SamplesSet/dde77fad873fc09aca4825971a6bf4ab.sol"},{"line":41,"column":1,"severity":"Warning","message":"Function name must be in mixedCase","ruleId":"func-name-mixedcase","fix":null,"filePath":"Benchmarks/Study_SamplesSet/dde77fad873fc09aca4825971a6bf4ab.sol"},{"line":43,"column":9,"severity":"Warning","message":"Provide an error message for require","ruleId":"reason-string","fix":null,"filePath":"Benchmarks/Study_SamplesSet/dde77fad873fc09aca4825971a6bf4ab.sol"},{"line":43,"column":9,"severity":"Warning","message":"Use Custom Errors instead of require statements","ruleId":"custom-errors","fix":null,"filePath":"Benchmarks/Study_SamplesSet/dde77fad873fc09aca4825971a6bf4ab.sol"},{"line":44,"column":9,"severity":"Warning","message":"Rule is set with explicit type [var/s: uint]","ruleId":"explicit-types","filePath":"Benchmarks/Study_SamplesSet/dde77fad873fc09aca4825971a6bf4ab.sol"},{"line":44,"column":9,"severity":"Warning","message":"Variable name must be in mixedCase","ruleId":"var-name-mixedcase","fix":null,"filePath":"Benchmarks/Study_SamplesSet/dde77fad873fc09aca4825971a6bf4ab.sol"},{"line":46,"column":9,"severity":"Error","message":"Possible reentrancy vulnerabilities. Avoid state changes after transfer.","ruleId":"reentrancy","fix":null,"filePath":"Benchmarks/Study_SamplesSet/dde77fad873fc09aca4825971a6bf4ab.sol"},{"line":51,"column":3,"severity":"Error","message":"Explicitly mark visibility of state","ruleId":"state-visibility","fix":null,"filePath":"Benchmarks/Study_SamplesSet/dde77fad873fc09aca4825971a6bf4ab.sol"},{"line":51,"column":3,"severity":"Warning","message":"Variable name must be in mixedCase","ruleId":"var-name-mixedcase","fix":null,"filePath":"Benchmarks/Study_SamplesSet/dde77fad873fc09aca4825971a6bf4ab.sol"},{"line":52,"column":1,"severity":"Warning","message":"Function name must be in mixedCase","ruleId":"func-name-mixedcase","fix":null,"filePath":"Benchmarks/Study_SamplesSet/dde77fad873fc09aca4825971a6bf4ab.sol"},{"line":53,"column":9,"severity":"Warning","message":"Provide an error message for require","ruleId":"reason-string","fix":null,"filePath":"Benchmarks/Study_SamplesSet/dde77fad873fc09aca4825971a6bf4ab.sol"},{"line":53,"column":9,"severity":"Warning","message":"Use Custom Errors instead of require statements","ruleId":"custom-errors","fix":null,"filePath":"Benchmarks/Study_SamplesSet/dde77fad873fc09aca4825971a6bf4ab.sol"},{"line":55,"column":13,"severity":"Warning","message":"Provide an error message for revert","ruleId":"reason-string","fix":null,"filePath":"Benchmarks/Study_SamplesSet/dde77fad873fc09aca4825971a6bf4ab.sol"},{"line":55,"column":13,"severity":"Warning","message":"Use Custom Errors instead of revert statements","ruleId":"custom-errors","fix":null,"filePath":"Benchmarks/Study_SamplesSet/dde77fad873fc09aca4825971a6bf4ab.sol"},{"line":57,"column":9,"severity":"Error","message":"Possible reentrancy vulnerabilities. Avoid state changes after transfer.","ruleId":"reentrancy","fix":null,"filePath":"Benchmarks/Study_SamplesSet/dde77fad873fc09aca4825971a6bf4ab.sol"},{"line":60,"column":3,"severity":"Error","message":"Explicitly mark visibility of state","ruleId":"state-visibility","fix":null,"filePath":"Benchmarks/Study_SamplesSet/dde77fad873fc09aca4825971a6bf4ab.sol"},{"line":60,"column":3,"severity":"Warning","message":"Variable name must be in mixedCase","ruleId":"var-name-mixedcase","fix":null,"filePath":"Benchmarks/Study_SamplesSet/dde77fad873fc09aca4825971a6bf4ab.sol"},{"line":61,"column":7,"severity":"Error","message":"Explicitly mark visibility of state","ruleId":"state-visibility","fix":null,"filePath":"Benchmarks/Study_SamplesSet/dde77fad873fc09aca4825971a6bf4ab.sol"},{"line":61,"column":7,"severity":"Warning","message":"Rule is set with explicit type [var/s: uint]","ruleId":"explicit-types","filePath":"Benchmarks/Study_SamplesSet/dde77fad873fc09aca4825971a6bf4ab.sol"},{"line":61,"column":7,"severity":"Warning","message":"Variable name must be in mixedCase","ruleId":"var-name-mixedcase","fix":null,"filePath":"Benchmarks/Study_SamplesSet/dde77fad873fc09aca4825971a6bf4ab.sol"},{"line":62,"column":4,"severity":"Warning","message":"Function name must be in mixedCase","ruleId":"func-name-mixedcase","fix":null,"filePath":"Benchmarks/Study_SamplesSet/dde77fad873fc09aca4825971a6bf4ab.sol"},{"line":64,"column":9,"severity":"Warning","message":"Provide an error message for revert","ruleId":"reason-string","fix":null,"filePath":"Benchmarks/Study_SamplesSet/dde77fad873fc09aca4825971a6bf4ab.sol"},{"line":64,"column":9,"severity":"Warning","message":"Use Custom Errors instead of revert statements","ruleId":"custom-errors","fix":null,"filePath":"Benchmarks/Study_SamplesSet/dde77fad873fc09aca4825971a6bf4ab.sol"},{"line":65,"column":7,"severity":"Error","message":"Possible reentrancy vulnerabilities. Avoid state changes after transfer.","ruleId":"reentrancy","fix":null,"filePath":"Benchmarks/Study_SamplesSet/dde77fad873fc09aca4825971a6bf4ab.sol"},{"line":66,"column":7,"severity":"Error","message":"Possible reentrancy vulnerabilities. Avoid state changes after transfer.","ruleId":"reentrancy","fix":null,"filePath":"Benchmarks/Study_SamplesSet/dde77fad873fc09aca4825971a6bf4ab.sol"},{"line":71,"column":3,"severity":"Error","message":"Explicitly mark visibility of state","ruleId":"state-visibility","fix":null,"filePath":"Benchmarks/Study_SamplesSet/dde77fad873fc09aca4825971a6bf4ab.sol"},{"line":71,"column":3,"severity":"Warning","message":"Variable name must be in mixedCase","ruleId":"var-name-mixedcase","fix":null,"filePath":"Benchmarks/Study_SamplesSet/dde77fad873fc09aca4825971a6bf4ab.sol"},{"line":72,"column":1,"severity":"Warning","message":"Function name must be in mixedCase","ruleId":"func-name-mixedcase","fix":null,"filePath":"Benchmarks/Study_SamplesSet/dde77fad873fc09aca4825971a6bf4ab.sol"},{"line":73,"column":9,"severity":"Warning","message":"Provide an error message for require","ruleId":"reason-string","fix":null,"filePath":"Benchmarks/Study_SamplesSet/dde77fad873fc09aca4825971a6bf4ab.sol"},{"line":73,"column":9,"severity":"Warning","message":"Use Custom Errors instead of require statements","ruleId":"custom-errors","fix":null,"filePath":"Benchmarks/Study_SamplesSet/dde77fad873fc09aca4825971a6bf4ab.sol"},{"line":75,"column":13,"severity":"Warning","message":"Provide an error message for revert","ruleId":"reason-string","fix":null,"filePath":"Benchmarks/Study_SamplesSet/dde77fad873fc09aca4825971a6bf4ab.sol"},{"line":75,"column":13,"severity":"Warning","message":"Use Custom Errors instead of revert statements","ruleId":"custom-errors","fix":null,"filePath":"Benchmarks/Study_SamplesSet/dde77fad873fc09aca4825971a6bf4ab.sol"},{"line":77,"column":9,"severity":"Error","message":"Possible reentrancy vulnerabilities. Avoid state changes after transfer.","ruleId":"reentrancy","fix":null,"filePath":"Benchmarks/Study_SamplesSet/dde77fad873fc09aca4825971a6bf4ab.sol"},{"line":82,"column":3,"severity":"Error","message":"Explicitly mark visibility of state","ruleId":"state-visibility","fix":null,"filePath":"Benchmarks/Study_SamplesSet/dde77fad873fc09aca4825971a6bf4ab.sol"},{"line":82,"column":3,"severity":"Warning","message":"Rule is set with explicit type [var/s: uint]","ruleId":"explicit-types","filePath":"Benchmarks/Study_SamplesSet/dde77fad873fc09aca4825971a6bf4ab.sol"},{"line":82,"column":3,"severity":"Warning","message":"Variable name must be in mixedCase","ruleId":"var-name-mixedcase","fix":null,"filePath":"Benchmarks/Study_SamplesSet/dde77fad873fc09aca4825971a6bf4ab.sol"},{"line":83,"column":1,"severity":"Warning","message":"Function name must be in mixedCase","ruleId":"func-name-mixedcase","fix":null,"filePath":"Benchmarks/Study_SamplesSet/dde77fad873fc09aca4825971a6bf4ab.sol"},{"line":84,"column":9,"severity":"Warning","message":"Provide an error message for require","ruleId":"reason-string","fix":null,"filePath":"Benchmarks/Study_SamplesSet/dde77fad873fc09aca4825971a6bf4ab.sol"},{"line":84,"column":9,"severity":"Warning","message":"Use Custom Errors instead of require statements","ruleId":"custom-errors","fix":null,"filePath":"Benchmarks/Study_SamplesSet/dde77fad873fc09aca4825971a6bf4ab.sol"},{"line":86,"column":9,"severity":"Warning","message":"Provide an error message for require","ruleId":"reason-string","fix":null,"filePath":"Benchmarks/Study_SamplesSet/dde77fad873fc09aca4825971a6bf4ab.sol"},{"line":86,"column":9,"severity":"Warning","message":"Use Custom Errors instead of require statements","ruleId":"custom-errors","fix":null,"filePath":"Benchmarks/Study_SamplesSet/dde77fad873fc09aca4825971a6bf4ab.sol"},{"line":87,"column":9,"severity":"Error","message":"Possible reentrancy vulnerabilities. Avoid state changes after transfer.","ruleId":"reentrancy","fix":null,"filePath":"Benchmarks/Study_SamplesSet/dde77fad873fc09aca4825971a6bf4ab.sol"},{"line":92,"column":3,"severity":"Error","message":"Explicitly mark visibility of state","ruleId":"state-visibility","fix":null,"filePath":"Benchmarks/Study_SamplesSet/dde77fad873fc09aca4825971a6bf4ab.sol"},{"line":92,"column":3,"severity":"Warning","message":"Variable name must be in mixedCase","ruleId":"var-name-mixedcase","fix":null,"filePath":"Benchmarks/Study_SamplesSet/dde77fad873fc09aca4825971a6bf4ab.sol"},{"line":93,"column":1,"severity":"Warning","message":"Function name must be in mixedCase","ruleId":"func-name-mixedcase","fix":null,"filePath":"Benchmarks/Study_SamplesSet/dde77fad873fc09aca4825971a6bf4ab.sol"},{"line":94,"column":9,"severity":"Warning","message":"Provide an error message for require","ruleId":"reason-string","fix":null,"filePath":"Benchmarks/Study_SamplesSet/dde77fad873fc09aca4825971a6bf4ab.sol"},{"line":94,"column":9,"severity":"Warning","message":"Use Custom Errors instead of require statements","ruleId":"custom-errors","fix":null,"filePath":"Benchmarks/Study_SamplesSet/dde77fad873fc09aca4825971a6bf4ab.sol"},{"line":95,"column":25,"severity":"Error","message":"Avoid to use low level calls.","ruleId":"avoid-low-level-calls","fix":null,"filePath":"Benchmarks/Study_SamplesSet/dde77fad873fc09aca4825971a6bf4ab.sol"},{"line":95,"column":25,"severity":"Error","message":"Avoid to use \".call.value()()\"","ruleId":"avoid-call-value","fix":null,"filePath":"Benchmarks/Study_SamplesSet/dde77fad873fc09aca4825971a6bf4ab.sol"},{"line":97,"column":13,"severity":"Warning","message":"Provide an error message for revert","ruleId":"reason-string","fix":null,"filePath":"Benchmarks/Study_SamplesSet/dde77fad873fc09aca4825971a6bf4ab.sol"},{"line":97,"column":13,"severity":"Warning","message":"Use Custom Errors instead of revert statements","ruleId":"custom-errors","fix":null,"filePath":"Benchmarks/Study_SamplesSet/dde77fad873fc09aca4825971a6bf4ab.sol"},{"line":118,"column":1,"severity":"Error","message":"Explicitly mark visibility of state","ruleId":"state-visibility","fix":null,"filePath":"Benchmarks/Study_SamplesSet/dde77fad873fc09aca4825971a6bf4ab.sol"},{"line":118,"column":1,"severity":"Warning","message":"Variable name must be in mixedCase","ruleId":"var-name-mixedcase","fix":null,"filePath":"Benchmarks/Study_SamplesSet/dde77fad873fc09aca4825971a6bf4ab.sol"},{"line":119,"column":1,"severity":"Warning","message":"Function name must be in mixedCase","ruleId":"func-name-mixedcase","fix":null,"filePath":"Benchmarks/Study_SamplesSet/dde77fad873fc09aca4825971a6bf4ab.sol"},{"line":120,"column":9,"severity":"Warning","message":"Provide an error message for require","ruleId":"reason-string","fix":null,"filePath":"Benchmarks/Study_SamplesSet/dde77fad873fc09aca4825971a6bf4ab.sol"},{"line":120,"column":9,"severity":"Warning","message":"Use Custom Errors instead of require statements","ruleId":"custom-errors","fix":null,"filePath":"Benchmarks/Study_SamplesSet/dde77fad873fc09aca4825971a6bf4ab.sol"},{"line":122,"column":13,"severity":"Warning","message":"Provide an error message for revert","ruleId":"reason-string","fix":null,"filePath":"Benchmarks/Study_SamplesSet/dde77fad873fc09aca4825971a6bf4ab.sol"},{"line":122,"column":13,"severity":"Warning","message":"Use Custom Errors instead of revert statements","ruleId":"custom-errors","fix":null,"filePath":"Benchmarks/Study_SamplesSet/dde77fad873fc09aca4825971a6bf4ab.sol"},{"line":124,"column":9,"severity":"Error","message":"Possible reentrancy vulnerabilities. Avoid state changes after transfer.","ruleId":"reentrancy","fix":null,"filePath":"Benchmarks/Study_SamplesSet/dde77fad873fc09aca4825971a6bf4ab.sol"},{"line":130,"column":52,"severity":"Warning","message":"Rule is set with explicit type [var/s: uint]","ruleId":"explicit-types","filePath":"Benchmarks/Study_SamplesSet/dde77fad873fc09aca4825971a6bf4ab.sol"},{"line":132,"column":9,"severity":"Warning","message":"Provide an error message for require","ruleId":"reason-string","fix":null,"filePath":"Benchmarks/Study_SamplesSet/dde77fad873fc09aca4825971a6bf4ab.sol"},{"line":132,"column":9,"severity":"Warning","message":"Use Custom Errors instead of require statements","ruleId":"custom-errors","fix":null,"filePath":"Benchmarks/Study_SamplesSet/dde77fad873fc09aca4825971a6bf4ab.sol"},{"line":134,"column":9,"severity":"Warning","message":"Provide an error message for require","ruleId":"reason-string","fix":null,"filePath":"Benchmarks/Study_SamplesSet/dde77fad873fc09aca4825971a6bf4ab.sol"},{"line":134,"column":9,"severity":"Warning","message":"Use Custom Errors instead of require statements","ruleId":"custom-errors","fix":null,"filePath":"Benchmarks/Study_SamplesSet/dde77fad873fc09aca4825971a6bf4ab.sol"},{"line":136,"column":9,"severity":"Warning","message":"Provide an error message for require","ruleId":"reason-string","fix":null,"filePath":"Benchmarks/Study_SamplesSet/dde77fad873fc09aca4825971a6bf4ab.sol"},{"line":136,"column":9,"severity":"Warning","message":"Use Custom Errors instead of require statements","ruleId":"custom-errors","fix":null,"filePath":"Benchmarks/Study_SamplesSet/dde77fad873fc09aca4825971a6bf4ab.sol"},{"line":138,"column":9,"severity":"Warning","message":"Rule is set with explicit type [var/s: uint]","ruleId":"explicit-types","filePath":"Benchmarks/Study_SamplesSet/dde77fad873fc09aca4825971a6bf4ab.sol"},{"line":147,"column":1,"severity":"Error","message":"Explicitly mark visibility of state","ruleId":"state-visibility","fix":null,"filePath":"Benchmarks/Study_SamplesSet/dde77fad873fc09aca4825971a6bf4ab.sol"},{"line":147,"column":1,"severity":"Warning","message":"Variable name must be in mixedCase","ruleId":"var-name-mixedcase","fix":null,"filePath":"Benchmarks/Study_SamplesSet/dde77fad873fc09aca4825971a6bf4ab.sol"},{"line":148,"column":7,"severity":"Error","message":"Explicitly mark visibility of state","ruleId":"state-visibility","fix":null,"filePath":"Benchmarks/Study_SamplesSet/dde77fad873fc09aca4825971a6bf4ab.sol"},{"line":148,"column":7,"severity":"Warning","message":"Rule is set with explicit type [var/s: uint]","ruleId":"explicit-types","filePath":"Benchmarks/Study_SamplesSet/dde77fad873fc09aca4825971a6bf4ab.sol"},{"line":148,"column":7,"severity":"Warning","message":"Variable name must be in mixedCase","ruleId":"var-name-mixedcase","fix":null,"filePath":"Benchmarks/Study_SamplesSet/dde77fad873fc09aca4825971a6bf4ab.sol"},{"line":149,"column":4,"severity":"Warning","message":"Function name must be in mixedCase","ruleId":"func-name-mixedcase","fix":null,"filePath":"Benchmarks/Study_SamplesSet/dde77fad873fc09aca4825971a6bf4ab.sol"},{"line":151,"column":9,"severity":"Warning","message":"Provide an error message for revert","ruleId":"reason-string","fix":null,"filePath":"Benchmarks/Study_SamplesSet/dde77fad873fc09aca4825971a6bf4ab.sol"},{"line":151,"column":9,"severity":"Warning","message":"Use Custom Errors instead of revert statements","ruleId":"custom-errors","fix":null,"filePath":"Benchmarks/Study_SamplesSet/dde77fad873fc09aca4825971a6bf4ab.sol"},{"line":152,"column":7,"severity":"Error","message":"Possible reentrancy vulnerabilities. Avoid state changes after transfer.","ruleId":"reentrancy","fix":null,"filePath":"Benchmarks/Study_SamplesSet/dde77fad873fc09aca4825971a6bf4ab.sol"},{"line":153,"column":7,"severity":"Error","message":"Possible reentrancy vulnerabilities. Avoid state changes after transfer.","ruleId":"reentrancy","fix":null,"filePath":"Benchmarks/Study_SamplesSet/dde77fad873fc09aca4825971a6bf4ab.sol"},{"line":168,"column":1,"severity":"Error","message":"Explicitly mark visibility of state","ruleId":"state-visibility","fix":null,"filePath":"Benchmarks/Study_SamplesSet/dde77fad873fc09aca4825971a6bf4ab.sol"},{"line":168,"column":1,"severity":"Warning","message":"Rule is set with explicit type [var/s: uint]","ruleId":"explicit-types","filePath":"Benchmarks/Study_SamplesSet/dde77fad873fc09aca4825971a6bf4ab.sol"},{"line":168,"column":1,"severity":"Warning","message":"Variable name must be in mixedCase","ruleId":"var-name-mixedcase","fix":null,"filePath":"Benchmarks/Study_SamplesSet/dde77fad873fc09aca4825971a6bf4ab.sol"},{"line":169,"column":5,"severity":"Warning","message":"Function name must be in mixedCase","ruleId":"func-name-mixedcase","fix":null,"filePath":"Benchmarks/Study_SamplesSet/dde77fad873fc09aca4825971a6bf4ab.sol"},{"line":170,"column":26,"severity":"Error","message":"Avoid to use low level calls.","ruleId":"avoid-low-level-calls","fix":null,"filePath":"Benchmarks/Study_SamplesSet/dde77fad873fc09aca4825971a6bf4ab.sol"},{"line":170,"column":26,"severity":"Error","message":"Avoid to use \".call.value()()\"","ruleId":"avoid-call-value","fix":null,"filePath":"Benchmarks/Study_SamplesSet/dde77fad873fc09aca4825971a6bf4ab.sol"},{"line":185,"column":9,"severity":"Warning","message":"Provide an error message for require","ruleId":"reason-string","fix":null,"filePath":"Benchmarks/Study_SamplesSet/dde77fad873fc09aca4825971a6bf4ab.sol"},{"line":185,"column":9,"severity":"Warning","message":"Use Custom Errors instead of require statements","ruleId":"custom-errors","fix":null,"filePath":"Benchmarks/Study_SamplesSet/dde77fad873fc09aca4825971a6bf4ab.sol"},{"line":190,"column":1,"severity":"Error","message":"Explicitly mark visibility of state","ruleId":"state-visibility","fix":null,"filePath":"Benchmarks/Study_SamplesSet/dde77fad873fc09aca4825971a6bf4ab.sol"},{"line":190,"column":1,"severity":"Warning","message":"Rule is set with explicit type [var/s: uint]","ruleId":"explicit-types","filePath":"Benchmarks/Study_SamplesSet/dde77fad873fc09aca4825971a6bf4ab.sol"},{"line":190,"column":1,"severity":"Warning","message":"Variable name must be in mixedCase","ruleId":"var-name-mixedcase","fix":null,"filePath":"Benchmarks/Study_SamplesSet/dde77fad873fc09aca4825971a6bf4ab.sol"},{"line":191,"column":1,"severity":"Warning","message":"Function name must be in mixedCase","ruleId":"func-name-mixedcase","fix":null,"filePath":"Benchmarks/Study_SamplesSet/dde77fad873fc09aca4825971a6bf4ab.sol"},{"line":193,"column":9,"severity":"Warning","message":"Provide an error message for require","ruleId":"reason-string","fix":null,"filePath":"Benchmarks/Study_SamplesSet/dde77fad873fc09aca4825971a6bf4ab.sol"},{"line":193,"column":9,"severity":"Warning","message":"Use Custom Errors instead of require statements","ruleId":"custom-errors","fix":null,"filePath":"Benchmarks/Study_SamplesSet/dde77fad873fc09aca4825971a6bf4ab.sol"},{"line":194,"column":9,"severity":"Warning","message":"Rule is set with explicit type [var/s: uint]","ruleId":"explicit-types","filePath":"Benchmarks/Study_SamplesSet/dde77fad873fc09aca4825971a6bf4ab.sol"},{"line":194,"column":9,"severity":"Warning","message":"Variable name must be in mixedCase","ruleId":"var-name-mixedcase","fix":null,"filePath":"Benchmarks/Study_SamplesSet/dde77fad873fc09aca4825971a6bf4ab.sol"},{"line":196,"column":9,"severity":"Error","message":"Possible reentrancy vulnerabilities. Avoid state changes after transfer.","ruleId":"reentrancy","fix":null,"filePath":"Benchmarks/Study_SamplesSet/dde77fad873fc09aca4825971a6bf4ab.sol"},{"line":213,"column":1,"severity":"Error","message":"Explicitly mark visibility of state","ruleId":"state-visibility","fix":null,"filePath":"Benchmarks/Study_SamplesSet/dde77fad873fc09aca4825971a6bf4ab.sol"},{"line":213,"column":1,"severity":"Warning","message":"Rule is set with explicit type [var/s: uint]","ruleId":"explicit-types","filePath":"Benchmarks/Study_SamplesSet/dde77fad873fc09aca4825971a6bf4ab.sol"},{"line":213,"column":1,"severity":"Warning","message":"Variable name must be in mixedCase","ruleId":"var-name-mixedcase","fix":null,"filePath":"Benchmarks/Study_SamplesSet/dde77fad873fc09aca4825971a6bf4ab.sol"},{"line":214,"column":5,"severity":"Warning","message":"Function name must be in mixedCase","ruleId":"func-name-mixedcase","fix":null,"filePath":"Benchmarks/Study_SamplesSet/dde77fad873fc09aca4825971a6bf4ab.sol"},{"line":216,"column":11,"severity":"Error","message":"Possible reentrancy vulnerabilities. Avoid state changes after transfer.","ruleId":"reentrancy","fix":null,"filePath":"Benchmarks/Study_SamplesSet/dde77fad873fc09aca4825971a6bf4ab.sol"},{"line":237,"column":1,"severity":"Error","message":"Explicitly mark visibility of state","ruleId":"state-visibility","fix":null,"filePath":"Benchmarks/Study_SamplesSet/dde77fad873fc09aca4825971a6bf4ab.sol"},{"line":237,"column":1,"severity":"Warning","message":"Variable name must be in mixedCase","ruleId":"var-name-mixedcase","fix":null,"filePath":"Benchmarks/Study_SamplesSet/dde77fad873fc09aca4825971a6bf4ab.sol"},{"line":238,"column":1,"severity":"Warning","message":"Function name must be in mixedCase","ruleId":"func-name-mixedcase","fix":null,"filePath":"Benchmarks/Study_SamplesSet/dde77fad873fc09aca4825971a6bf4ab.sol"},{"line":239,"column":9,"severity":"Warning","message":"Provide an error message for require","ruleId":"reason-string","fix":null,"filePath":"Benchmarks/Study_SamplesSet/dde77fad873fc09aca4825971a6bf4ab.sol"},{"line":239,"column":9,"severity":"Warning","message":"Use Custom Errors instead of require statements","ruleId":"custom-errors","fix":null,"filePath":"Benchmarks/Study_SamplesSet/dde77fad873fc09aca4825971a6bf4ab.sol"},{"line":241,"column":13,"severity":"Warning","message":"Provide an error message for revert","ruleId":"reason-string","fix":null,"filePath":"Benchmarks/Study_SamplesSet/dde77fad873fc09aca4825971a6bf4ab.sol"},{"line":241,"column":13,"severity":"Warning","message":"Use Custom Errors instead of revert statements","ruleId":"custom-errors","fix":null,"filePath":"Benchmarks/Study_SamplesSet/dde77fad873fc09aca4825971a6bf4ab.sol"},{"line":243,"column":9,"severity":"Error","message":"Possible reentrancy vulnerabilities. Avoid state changes after transfer.","ruleId":"reentrancy","fix":null,"filePath":"Benchmarks/Study_SamplesSet/dde77fad873fc09aca4825971a6bf4ab.sol"},{"line":254,"column":9,"severity":"Warning","message":"Provide an error message for require","ruleId":"reason-string","fix":null,"filePath":"Benchmarks/Study_SamplesSet/dde77fad873fc09aca4825971a6bf4ab.sol"},{"line":254,"column":9,"severity":"Warning","message":"Use Custom Errors instead of require statements","ruleId":"custom-errors","fix":null,"filePath":"Benchmarks/Study_SamplesSet/dde77fad873fc09aca4825971a6bf4ab.sol"},{"line":260,"column":1,"severity":"Error","message":"Explicitly mark visibility of state","ruleId":"state-visibility","fix":null,"filePath":"Benchmarks/Study_SamplesSet/dde77fad873fc09aca4825971a6bf4ab.sol"},{"line":260,"column":1,"severity":"Warning","message":"Rule is set with explicit type [var/s: uint]","ruleId":"explicit-types","filePath":"Benchmarks/Study_SamplesSet/dde77fad873fc09aca4825971a6bf4ab.sol"},{"line":260,"column":1,"severity":"Warning","message":"Variable name must be in mixedCase","ruleId":"var-name-mixedcase","fix":null,"filePath":"Benchmarks/Study_SamplesSet/dde77fad873fc09aca4825971a6bf4ab.sol"},{"line":261,"column":1,"severity":"Warning","message":"Function name must be in mixedCase","ruleId":"func-name-mixedcase","fix":null,"filePath":"Benchmarks/Study_SamplesSet/dde77fad873fc09aca4825971a6bf4ab.sol"},{"line":264,"column":25,"severity":"Error","message":"Avoid to use low level calls.","ruleId":"avoid-low-level-calls","fix":null,"filePath":"Benchmarks/Study_SamplesSet/dde77fad873fc09aca4825971a6bf4ab.sol"},{"line":264,"column":25,"severity":"Error","message":"Avoid to use \".call.value()()\"","ruleId":"avoid-call-value","fix":null,"filePath":"Benchmarks/Study_SamplesSet/dde77fad873fc09aca4825971a6bf4ab.sol"},{"line":266,"column":13,"severity":"Warning","message":"Provide an error message for revert","ruleId":"reason-string","fix":null,"filePath":"Benchmarks/Study_SamplesSet/dde77fad873fc09aca4825971a6bf4ab.sol"},{"line":266,"column":13,"severity":"Warning","message":"Use Custom Errors instead of revert statements","ruleId":"custom-errors","fix":null,"filePath":"Benchmarks/Study_SamplesSet/dde77fad873fc09aca4825971a6bf4ab.sol"},{"line":280,"column":9,"severity":"Warning","message":"Provide an error message for require","ruleId":"reason-string","fix":null,"filePath":"Benchmarks/Study_SamplesSet/dde77fad873fc09aca4825971a6bf4ab.sol"},{"line":280,"column":9,"severity":"Warning","message":"Use Custom Errors instead of require statements","ruleId":"custom-errors","fix":null,"filePath":"Benchmarks/Study_SamplesSet/dde77fad873fc09aca4825971a6bf4ab.sol"},{"line":281,"column":9,"severity":"Warning","message":"Provide an error message for require","ruleId":"reason-string","fix":null,"filePath":"Benchmarks/Study_SamplesSet/dde77fad873fc09aca4825971a6bf4ab.sol"},{"line":281,"column":9,"severity":"Warning","message":"Use Custom Errors instead of require statements","ruleId":"custom-errors","fix":null,"filePath":"Benchmarks/Study_SamplesSet/dde77fad873fc09aca4825971a6bf4ab.sol"},{"line":288,"column":1,"severity":"Error","message":"Explicitly mark visibility of state","ruleId":"state-visibility","fix":null,"filePath":"Benchmarks/Study_SamplesSet/dde77fad873fc09aca4825971a6bf4ab.sol"},{"line":288,"column":1,"severity":"Warning","message":"Rule is set with explicit type [var/s: uint]","ruleId":"explicit-types","filePath":"Benchmarks/Study_SamplesSet/dde77fad873fc09aca4825971a6bf4ab.sol"},{"line":288,"column":1,"severity":"Warning","message":"Variable name must be in mixedCase","ruleId":"var-name-mixedcase","fix":null,"filePath":"Benchmarks/Study_SamplesSet/dde77fad873fc09aca4825971a6bf4ab.sol"},{"line":289,"column":1,"severity":"Warning","message":"Function name must be in mixedCase","ruleId":"func-name-mixedcase","fix":null,"filePath":"Benchmarks/Study_SamplesSet/dde77fad873fc09aca4825971a6bf4ab.sol"},{"line":292,"column":26,"severity":"Error","message":"Avoid to use low level calls.","ruleId":"avoid-low-level-calls","fix":null,"filePath":"Benchmarks/Study_SamplesSet/dde77fad873fc09aca4825971a6bf4ab.sol"},{"line":292,"column":26,"severity":"Error","message":"Avoid to use \".call.value()()\"","ruleId":"avoid-call-value","fix":null,"filePath":"Benchmarks/Study_SamplesSet/dde77fad873fc09aca4825971a6bf4ab.sol"},{"line":294,"column":13,"severity":"Warning","message":"Provide an error message for revert","ruleId":"reason-string","fix":null,"filePath":"Benchmarks/Study_SamplesSet/dde77fad873fc09aca4825971a6bf4ab.sol"},{"line":294,"column":13,"severity":"Warning","message":"Use Custom Errors instead of revert statements","ruleId":"custom-errors","fix":null,"filePath":"Benchmarks/Study_SamplesSet/dde77fad873fc09aca4825971a6bf4ab.sol"},{"conclusion":"160 problem/s (43 error/s, 117 warning/s)"}]
