[{"line":1,"column":1,"severity":"Error","message":"Compiler version ^0.4.19 does not satisfy the ^0.8.0 semver requirement","ruleId":"compiler-version","fix":null,"filePath":"Benchmarks/Study_SamplesSet/de72844be55fd4d4c6a957a927ed53e2.sol"},{"line":3,"column":1,"severity":"Warning","message":"Contract, Structs and Enums should be in CamelCase","ruleId":"contract-name-camelcase","filePath":"Benchmarks/Study_SamplesSet/de72844be55fd4d4c6a957a927ed53e2.sol"},{"line":7,"column":5,"severity":"Error","message":"Explicitly mark visibility of state","ruleId":"state-visibility","fix":null,"filePath":"Benchmarks/Study_SamplesSet/de72844be55fd4d4c6a957a927ed53e2.sol"},{"line":9,"column":5,"severity":"Error","message":"Explicitly mark visibility of state","ruleId":"state-visibility","fix":null,"filePath":"Benchmarks/Study_SamplesSet/de72844be55fd4d4c6a957a927ed53e2.sol"},{"line":11,"column":5,"severity":"Error","message":"Explicitly mark visibility of state","ruleId":"state-visibility","fix":null,"filePath":"Benchmarks/Study_SamplesSet/de72844be55fd4d4c6a957a927ed53e2.sol"},{"line":11,"column":5,"severity":"Warning","message":"Rule is set with explicit type [var/s: uint]","ruleId":"explicit-types","filePath":"Benchmarks/Study_SamplesSet/de72844be55fd4d4c6a957a927ed53e2.sol"},{"line":13,"column":5,"severity":"Warning","message":"Function name must be in mixedCase","ruleId":"func-name-mixedcase","fix":null,"filePath":"Benchmarks/Study_SamplesSet/de72844be55fd4d4c6a957a927ed53e2.sol"},{"line":15,"column":5,"severity":"Warning","message":"Function name must be in mixedCase","ruleId":"func-name-mixedcase","fix":null,"filePath":"Benchmarks/Study_SamplesSet/de72844be55fd4d4c6a957a927ed53e2.sol"},{"line":23,"column":26,"severity":"Error","message":"Avoid making time-based decisions in your business logic","ruleId":"not-rely-on-time","fix":null,"filePath":"Benchmarks/Study_SamplesSet/de72844be55fd4d4c6a957a927ed53e2.sol"},{"line":27,"column":5,"severity":"Warning","message":"Function name must be in mixedCase","ruleId":"func-name-mixedcase","fix":null,"filePath":"Benchmarks/Study_SamplesSet/de72844be55fd4d4c6a957a927ed53e2.sol"},{"line":27,"column":26,"severity":"Warning","message":"Rule is set with explicit type [var/s: uint]","ruleId":"explicit-types","filePath":"Benchmarks/Study_SamplesSet/de72844be55fd4d4c6a957a927ed53e2.sol"},{"line":36,"column":5,"severity":"Warning","message":"Function name must be in mixedCase","ruleId":"func-name-mixedcase","fix":null,"filePath":"Benchmarks/Study_SamplesSet/de72844be55fd4d4c6a957a927ed53e2.sol"},{"line":47,"column":5,"severity":"Warning","message":"Function name must be in mixedCase","ruleId":"func-name-mixedcase","fix":null,"filePath":"Benchmarks/Study_SamplesSet/de72844be55fd4d4c6a957a927ed53e2.sol"},{"line":58,"column":5,"severity":"Warning","message":"Function name must be in mixedCase","ruleId":"func-name-mixedcase","fix":null,"filePath":"Benchmarks/Study_SamplesSet/de72844be55fd4d4c6a957a927ed53e2.sol"},{"line":69,"column":9,"severity":"Warning","message":"Provide an error message for require","ruleId":"reason-string","fix":null,"filePath":"Benchmarks/Study_SamplesSet/de72844be55fd4d4c6a957a927ed53e2.sol"},{"line":69,"column":9,"severity":"Warning","message":"Use Custom Errors instead of require statements","ruleId":"custom-errors","fix":null,"filePath":"Benchmarks/Study_SamplesSet/de72844be55fd4d4c6a957a927ed53e2.sol"},{"line":69,"column":17,"severity":"Error","message":"Avoid making time-based decisions in your business logic","ruleId":"not-rely-on-time","fix":null,"filePath":"Benchmarks/Study_SamplesSet/de72844be55fd4d4c6a957a927ed53e2.sol"},{"conclusion":"17 problem/s (6 error/s, 11 warning/s)"}]
