[{"line":1,"column":1,"severity":"Error","message":"Compiler version ^0.4.6 does not satisfy the ^0.8.0 semver requirement","ruleId":"compiler-version","fix":null,"filePath":"Benchmarks/Study_SamplesSet/e21708560a41c4e69248853021afb37f.sol"},{"line":8,"column":5,"severity":"Error","message":"Explicitly mark visibility of state","ruleId":"state-visibility","fix":null,"filePath":"Benchmarks/Study_SamplesSet/e21708560a41c4e69248853021afb37f.sol"},{"line":12,"column":5,"severity":"Error","message":"Explicitly mark visibility of state","ruleId":"state-visibility","fix":null,"filePath":"Benchmarks/Study_SamplesSet/e21708560a41c4e69248853021afb37f.sol"},{"line":13,"column":5,"severity":"Warning","message":"Rule is set with explicit type [var/s: uint]","ruleId":"explicit-types","filePath":"Benchmarks/Study_SamplesSet/e21708560a41c4e69248853021afb37f.sol"},{"line":14,"column":5,"severity":"Warning","message":"Rule is set with explicit type [var/s: uint]","ruleId":"explicit-types","filePath":"Benchmarks/Study_SamplesSet/e21708560a41c4e69248853021afb37f.sol"},{"line":15,"column":5,"severity":"Error","message":"Explicitly mark visibility of state","ruleId":"state-visibility","fix":null,"filePath":"Benchmarks/Study_SamplesSet/e21708560a41c4e69248853021afb37f.sol"},{"line":16,"column":5,"severity":"Error","message":"Explicitly mark visibility of state","ruleId":"state-visibility","fix":null,"filePath":"Benchmarks/Study_SamplesSet/e21708560a41c4e69248853021afb37f.sol"},{"line":16,"column":5,"severity":"Warning","message":"Rule is set with explicit type [var/s: uint]","ruleId":"explicit-types","filePath":"Benchmarks/Study_SamplesSet/e21708560a41c4e69248853021afb37f.sol"},{"line":18,"column":50,"severity":"Warning","message":"Rule is set with explicit type [var/s: uint]","ruleId":"explicit-types","filePath":"Benchmarks/Study_SamplesSet/e21708560a41c4e69248853021afb37f.sol"},{"line":18,"column":63,"severity":"Warning","message":"Rule is set with explicit type [var/s: uint]","ruleId":"explicit-types","filePath":"Benchmarks/Study_SamplesSet/e21708560a41c4e69248853021afb37f.sol"},{"line":19,"column":54,"severity":"Warning","message":"Rule is set with explicit type [var/s: uint]","ruleId":"explicit-types","filePath":"Benchmarks/Study_SamplesSet/e21708560a41c4e69248853021afb37f.sol"},{"line":19,"column":66,"severity":"Warning","message":"Rule is set with explicit type [var/s: uint]","ruleId":"explicit-types","filePath":"Benchmarks/Study_SamplesSet/e21708560a41c4e69248853021afb37f.sol"},{"line":21,"column":5,"severity":"Error","message":"Explicitly mark visibility in function (Set ignoreConstructors to true if using solidity >=0.7.0)","ruleId":"func-visibility","fix":null,"filePath":"Benchmarks/Study_SamplesSet/e21708560a41c4e69248853021afb37f.sol"},{"line":34,"column":5,"severity":"Error","message":"Explicitly mark visibility in function","ruleId":"func-visibility","fix":null,"filePath":"Benchmarks/Study_SamplesSet/e21708560a41c4e69248853021afb37f.sol"},{"line":40,"column":29,"severity":"Error","message":"Check result of \"send\" call","ruleId":"check-send-result","fix":null,"filePath":"Benchmarks/Study_SamplesSet/e21708560a41c4e69248853021afb37f.sol"},{"line":41,"column":13,"severity":"Error","message":"Explicitly mark all external contracts as trusted or untrusted","ruleId":"mark-callable-contracts","filePath":"Benchmarks/Study_SamplesSet/e21708560a41c4e69248853021afb37f.sol"},{"line":47,"column":44,"severity":"Error","message":"\"throw\" is deprecated, avoid to use it","ruleId":"avoid-throw","filePath":"Benchmarks/Study_SamplesSet/e21708560a41c4e69248853021afb37f.sol"},{"line":48,"column":35,"severity":"Error","message":"Check result of \"send\" call","ruleId":"check-send-result","fix":null,"filePath":"Benchmarks/Study_SamplesSet/e21708560a41c4e69248853021afb37f.sol"},{"line":48,"column":35,"severity":"Error","message":"Avoid multiple calls of \"send\" method in single transaction","ruleId":"multiple-sends","fix":null,"filePath":"Benchmarks/Study_SamplesSet/e21708560a41c4e69248853021afb37f.sol"},{"line":48,"column":13,"severity":"Warning","message":"Variable \"isOtherSuccess\" is unused","ruleId":"no-unused-vars","fix":null,"filePath":"Benchmarks/Study_SamplesSet/e21708560a41c4e69248853021afb37f.sol"},{"line":50,"column":13,"severity":"Error","message":"Explicitly mark all external contracts as trusted or untrusted","ruleId":"mark-callable-contracts","filePath":"Benchmarks/Study_SamplesSet/e21708560a41c4e69248853021afb37f.sol"},{"line":55,"column":5,"severity":"Error","message":"Explicitly mark visibility in function","ruleId":"func-visibility","fix":null,"filePath":"Benchmarks/Study_SamplesSet/e21708560a41c4e69248853021afb37f.sol"},{"line":60,"column":5,"severity":"Error","message":"Explicitly mark visibility in function","ruleId":"func-visibility","fix":null,"filePath":"Benchmarks/Study_SamplesSet/e21708560a41c4e69248853021afb37f.sol"},{"line":60,"column":27,"severity":"Warning","message":"Rule is set with explicit type [var/s: uint]","ruleId":"explicit-types","filePath":"Benchmarks/Study_SamplesSet/e21708560a41c4e69248853021afb37f.sol"},{"line":64,"column":5,"severity":"Error","message":"Explicitly mark visibility in function","ruleId":"func-visibility","fix":null,"filePath":"Benchmarks/Study_SamplesSet/e21708560a41c4e69248853021afb37f.sol"},{"line":64,"column":44,"severity":"Warning","message":"Rule is set with explicit type [var/s: uint]","ruleId":"explicit-types","filePath":"Benchmarks/Study_SamplesSet/e21708560a41c4e69248853021afb37f.sol"},{"line":68,"column":5,"severity":"Error","message":"Explicitly mark visibility in function","ruleId":"func-visibility","fix":null,"filePath":"Benchmarks/Study_SamplesSet/e21708560a41c4e69248853021afb37f.sol"},{"line":68,"column":47,"severity":"Warning","message":"Rule is set with explicit type [var/s: uint]","ruleId":"explicit-types","filePath":"Benchmarks/Study_SamplesSet/e21708560a41c4e69248853021afb37f.sol"},{"line":72,"column":5,"severity":"Error","message":"Explicitly mark visibility in function","ruleId":"func-visibility","fix":null,"filePath":"Benchmarks/Study_SamplesSet/e21708560a41c4e69248853021afb37f.sol"},{"line":77,"column":61,"severity":"Warning","message":"Rule is set with explicit type [var/s: uint]","ruleId":"explicit-types","filePath":"Benchmarks/Study_SamplesSet/e21708560a41c4e69248853021afb37f.sol"},{"line":85,"column":34,"severity":"Error","message":"\"throw\" is deprecated, avoid to use it","ruleId":"avoid-throw","filePath":"Benchmarks/Study_SamplesSet/e21708560a41c4e69248853021afb37f.sol"},{"conclusion":"31 problem/s (19 error/s, 12 warning/s)"}]
