[{"line":1,"column":1,"severity":"Warning","message":"Found more than One contract per file. 2 contracts found!","ruleId":"one-contract-per-file","fix":null,"filePath":"Benchmarks/Study_SamplesSet/e343f8fca22f2e70b0933ca10dab53de.sol"},{"line":1,"column":1,"severity":"Error","message":"Compiler version ^0.4.25 does not satisfy the ^0.8.0 semver requirement","ruleId":"compiler-version","fix":null,"filePath":"Benchmarks/Study_SamplesSet/e343f8fca22f2e70b0933ca10dab53de.sol"},{"line":13,"column":5,"severity":"Error","message":"Explicitly mark visibility in function","ruleId":"func-visibility","fix":null,"filePath":"Benchmarks/Study_SamplesSet/e343f8fca22f2e70b0933ca10dab53de.sol"},{"line":16,"column":5,"severity":"Error","message":"Explicitly mark visibility in function","ruleId":"func-visibility","fix":null,"filePath":"Benchmarks/Study_SamplesSet/e343f8fca22f2e70b0933ca10dab53de.sol"},{"line":19,"column":5,"severity":"Error","message":"Explicitly mark visibility in function","ruleId":"func-visibility","fix":null,"filePath":"Benchmarks/Study_SamplesSet/e343f8fca22f2e70b0933ca10dab53de.sol"},{"line":22,"column":5,"severity":"Error","message":"Explicitly mark visibility in function","ruleId":"func-visibility","fix":null,"filePath":"Benchmarks/Study_SamplesSet/e343f8fca22f2e70b0933ca10dab53de.sol"},{"line":27,"column":5,"severity":"Error","message":"Explicitly mark visibility in function","ruleId":"func-visibility","fix":null,"filePath":"Benchmarks/Study_SamplesSet/e343f8fca22f2e70b0933ca10dab53de.sol"},{"line":30,"column":5,"severity":"Error","message":"Explicitly mark visibility in function","ruleId":"func-visibility","fix":null,"filePath":"Benchmarks/Study_SamplesSet/e343f8fca22f2e70b0933ca10dab53de.sol"},{"line":40,"column":5,"severity":"Warning","message":"Constant name must be in capitalized SNAKE_CASE","ruleId":"const-name-snakecase","fix":null,"filePath":"Benchmarks/Study_SamplesSet/e343f8fca22f2e70b0933ca10dab53de.sol"},{"line":41,"column":5,"severity":"Warning","message":"Constant name must be in capitalized SNAKE_CASE","ruleId":"const-name-snakecase","fix":null,"filePath":"Benchmarks/Study_SamplesSet/e343f8fca22f2e70b0933ca10dab53de.sol"},{"line":42,"column":5,"severity":"Warning","message":"Constant name must be in capitalized SNAKE_CASE","ruleId":"const-name-snakecase","fix":null,"filePath":"Benchmarks/Study_SamplesSet/e343f8fca22f2e70b0933ca10dab53de.sol"},{"line":43,"column":5,"severity":"Error","message":"Explicitly mark visibility of state","ruleId":"state-visibility","fix":null,"filePath":"Benchmarks/Study_SamplesSet/e343f8fca22f2e70b0933ca10dab53de.sol"},{"line":50,"column":5,"severity":"Error","message":"Explicitly mark visibility of state","ruleId":"state-visibility","fix":null,"filePath":"Benchmarks/Study_SamplesSet/e343f8fca22f2e70b0933ca10dab53de.sol"},{"line":53,"column":5,"severity":"Error","message":"Explicitly mark visibility of state","ruleId":"state-visibility","fix":null,"filePath":"Benchmarks/Study_SamplesSet/e343f8fca22f2e70b0933ca10dab53de.sol"},{"line":58,"column":13,"severity":"Error","message":"\"throw\" is deprecated, avoid to use it","ruleId":"avoid-throw","filePath":"Benchmarks/Study_SamplesSet/e343f8fca22f2e70b0933ca10dab53de.sol"},{"line":64,"column":5,"severity":"Error","message":"Explicitly mark visibility in function (Set ignoreConstructors to true if using solidity >=0.7.0)","ruleId":"func-visibility","fix":null,"filePath":"Benchmarks/Study_SamplesSet/e343f8fca22f2e70b0933ca10dab53de.sol"},{"line":69,"column":5,"severity":"Error","message":"Explicitly mark visibility in function","ruleId":"func-visibility","fix":null,"filePath":"Benchmarks/Study_SamplesSet/e343f8fca22f2e70b0933ca10dab53de.sol"},{"line":74,"column":5,"severity":"Error","message":"Explicitly mark visibility in function","ruleId":"func-visibility","fix":null,"filePath":"Benchmarks/Study_SamplesSet/e343f8fca22f2e70b0933ca10dab53de.sol"},{"line":79,"column":5,"severity":"Error","message":"Explicitly mark visibility in function","ruleId":"func-visibility","fix":null,"filePath":"Benchmarks/Study_SamplesSet/e343f8fca22f2e70b0933ca10dab53de.sol"},{"line":85,"column":13,"severity":"Error","message":"Explicitly mark all external contracts as trusted or untrusted","ruleId":"mark-callable-contracts","filePath":"Benchmarks/Study_SamplesSet/e343f8fca22f2e70b0933ca10dab53de.sol"},{"line":98,"column":5,"severity":"Error","message":"Explicitly mark visibility in function","ruleId":"func-visibility","fix":null,"filePath":"Benchmarks/Study_SamplesSet/e343f8fca22f2e70b0933ca10dab53de.sol"},{"line":110,"column":13,"severity":"Error","message":"Explicitly mark all external contracts as trusted or untrusted","ruleId":"mark-callable-contracts","filePath":"Benchmarks/Study_SamplesSet/e343f8fca22f2e70b0933ca10dab53de.sol"},{"line":119,"column":5,"severity":"Error","message":"Explicitly mark visibility in function","ruleId":"func-visibility","fix":null,"filePath":"Benchmarks/Study_SamplesSet/e343f8fca22f2e70b0933ca10dab53de.sol"},{"line":121,"column":9,"severity":"Error","message":"Explicitly mark all external contracts as trusted or untrusted","ruleId":"mark-callable-contracts","filePath":"Benchmarks/Study_SamplesSet/e343f8fca22f2e70b0933ca10dab53de.sol"},{"line":125,"column":5,"severity":"Error","message":"Explicitly mark visibility in function","ruleId":"func-visibility","fix":null,"filePath":"Benchmarks/Study_SamplesSet/e343f8fca22f2e70b0933ca10dab53de.sol"},{"line":129,"column":57,"severity":"Warning","message":"Rule is set with explicit type [var/s: uint]","ruleId":"explicit-types","filePath":"Benchmarks/Study_SamplesSet/e343f8fca22f2e70b0933ca10dab53de.sol"},{"conclusion":"26 problem/s (21 error/s, 5 warning/s)"}]
