[{"line":8,"column":1,"severity":"Error","message":"Compiler version ^0.4.24 does not satisfy the ^0.8.0 semver requirement","ruleId":"compiler-version","fix":null,"filePath":"Benchmarks/Study_SamplesSet/e3fa5aa8eb4c92b368afc9fb7f79a342.sol"},{"line":14,"column":9,"severity":"Warning","message":"Provide an error message for require","ruleId":"reason-string","fix":null,"filePath":"Benchmarks/Study_SamplesSet/e3fa5aa8eb4c92b368afc9fb7f79a342.sol"},{"line":14,"column":9,"severity":"Warning","message":"Use Custom Errors instead of require statements","ruleId":"custom-errors","fix":null,"filePath":"Benchmarks/Study_SamplesSet/e3fa5aa8eb4c92b368afc9fb7f79a342.sol"},{"line":24,"column":5,"severity":"Error","message":"Explicitly mark visibility in function","ruleId":"func-visibility","fix":null,"filePath":"Benchmarks/Study_SamplesSet/e3fa5aa8eb4c92b368afc9fb7f79a342.sol"},{"conclusion":"4 problem/s (2 error/s, 2 warning/s)"}]
