[{"line":7,"column":1,"severity":"Warning","message":"Found more than One contract per file. 5 contracts found!","ruleId":"one-contract-per-file","fix":null,"filePath":"Benchmarks/Study_SamplesSet/e7e3f0903fafd53582326a487b1dfdbf.sol"},{"line":7,"column":1,"severity":"Error","message":"Compiler version ^0.5.2 does not satisfy the ^0.8.0 semver requirement","ruleId":"compiler-version","fix":null,"filePath":"Benchmarks/Study_SamplesSet/e7e3f0903fafd53582326a487b1dfdbf.sol"},{"line":33,"column":1,"severity":"Error","message":"Compiler version ^0.5.2 does not satisfy the ^0.8.0 semver requirement","ruleId":"compiler-version","fix":null,"filePath":"Benchmarks/Study_SamplesSet/e7e3f0903fafd53582326a487b1dfdbf.sol"},{"line":52,"column":9,"severity":"Warning","message":"Provide an error message for require","ruleId":"reason-string","fix":null,"filePath":"Benchmarks/Study_SamplesSet/e7e3f0903fafd53582326a487b1dfdbf.sol"},{"line":52,"column":9,"severity":"Warning","message":"Use Custom Errors instead of require statements","ruleId":"custom-errors","fix":null,"filePath":"Benchmarks/Study_SamplesSet/e7e3f0903fafd53582326a487b1dfdbf.sol"},{"line":62,"column":9,"severity":"Warning","message":"Provide an error message for require","ruleId":"reason-string","fix":null,"filePath":"Benchmarks/Study_SamplesSet/e7e3f0903fafd53582326a487b1dfdbf.sol"},{"line":62,"column":9,"severity":"Warning","message":"Use Custom Errors instead of require statements","ruleId":"custom-errors","fix":null,"filePath":"Benchmarks/Study_SamplesSet/e7e3f0903fafd53582326a487b1dfdbf.sol"},{"line":73,"column":9,"severity":"Warning","message":"Provide an error message for require","ruleId":"reason-string","fix":null,"filePath":"Benchmarks/Study_SamplesSet/e7e3f0903fafd53582326a487b1dfdbf.sol"},{"line":73,"column":9,"severity":"Warning","message":"Use Custom Errors instead of require statements","ruleId":"custom-errors","fix":null,"filePath":"Benchmarks/Study_SamplesSet/e7e3f0903fafd53582326a487b1dfdbf.sol"},{"line":84,"column":9,"severity":"Warning","message":"Provide an error message for require","ruleId":"reason-string","fix":null,"filePath":"Benchmarks/Study_SamplesSet/e7e3f0903fafd53582326a487b1dfdbf.sol"},{"line":84,"column":9,"severity":"Warning","message":"Use Custom Errors instead of require statements","ruleId":"custom-errors","fix":null,"filePath":"Benchmarks/Study_SamplesSet/e7e3f0903fafd53582326a487b1dfdbf.sol"},{"line":94,"column":9,"severity":"Warning","message":"Provide an error message for require","ruleId":"reason-string","fix":null,"filePath":"Benchmarks/Study_SamplesSet/e7e3f0903fafd53582326a487b1dfdbf.sol"},{"line":94,"column":9,"severity":"Warning","message":"Use Custom Errors instead of require statements","ruleId":"custom-errors","fix":null,"filePath":"Benchmarks/Study_SamplesSet/e7e3f0903fafd53582326a487b1dfdbf.sol"},{"line":101,"column":1,"severity":"Error","message":"Compiler version ^0.5.2 does not satisfy the ^0.8.0 semver requirement","ruleId":"compiler-version","fix":null,"filePath":"Benchmarks/Study_SamplesSet/e7e3f0903fafd53582326a487b1dfdbf.sol"},{"line":120,"column":3,"severity":"Warning","message":"Function name must be in mixedCase","ruleId":"func-name-mixedcase","fix":null,"filePath":"Benchmarks/Study_SamplesSet/e7e3f0903fafd53582326a487b1dfdbf.sol"},{"line":120,"column":39,"severity":"Warning","message":"Visibility modifier must be first in list of modifiers","ruleId":"visibility-modifier-order","fix":null,"filePath":"Benchmarks/Study_SamplesSet/e7e3f0903fafd53582326a487b1dfdbf.sol"},{"line":124,"column":3,"severity":"Warning","message":"Function name must be in mixedCase","ruleId":"func-name-mixedcase","fix":null,"filePath":"Benchmarks/Study_SamplesSet/e7e3f0903fafd53582326a487b1dfdbf.sol"},{"line":124,"column":39,"severity":"Warning","message":"Visibility modifier must be first in list of modifiers","ruleId":"visibility-modifier-order","fix":null,"filePath":"Benchmarks/Study_SamplesSet/e7e3f0903fafd53582326a487b1dfdbf.sol"},{"line":128,"column":3,"severity":"Warning","message":"Function name must be in mixedCase","ruleId":"func-name-mixedcase","fix":null,"filePath":"Benchmarks/Study_SamplesSet/e7e3f0903fafd53582326a487b1dfdbf.sol"},{"line":128,"column":39,"severity":"Warning","message":"Visibility modifier must be first in list of modifiers","ruleId":"visibility-modifier-order","fix":null,"filePath":"Benchmarks/Study_SamplesSet/e7e3f0903fafd53582326a487b1dfdbf.sol"},{"line":138,"column":1,"severity":"Warning","message":"Function name must be in mixedCase","ruleId":"func-name-mixedcase","fix":null,"filePath":"Benchmarks/Study_SamplesSet/e7e3f0903fafd53582326a487b1dfdbf.sol"},{"line":138,"column":37,"severity":"Warning","message":"Visibility modifier must be first in list of modifiers","ruleId":"visibility-modifier-order","fix":null,"filePath":"Benchmarks/Study_SamplesSet/e7e3f0903fafd53582326a487b1dfdbf.sol"},{"line":149,"column":1,"severity":"Warning","message":"Function name must be in mixedCase","ruleId":"func-name-mixedcase","fix":null,"filePath":"Benchmarks/Study_SamplesSet/e7e3f0903fafd53582326a487b1dfdbf.sol"},{"line":149,"column":36,"severity":"Warning","message":"Visibility modifier must be first in list of modifiers","ruleId":"visibility-modifier-order","fix":null,"filePath":"Benchmarks/Study_SamplesSet/e7e3f0903fafd53582326a487b1dfdbf.sol"},{"line":161,"column":1,"severity":"Warning","message":"Function name must be in mixedCase","ruleId":"func-name-mixedcase","fix":null,"filePath":"Benchmarks/Study_SamplesSet/e7e3f0903fafd53582326a487b1dfdbf.sol"},{"line":161,"column":36,"severity":"Warning","message":"Visibility modifier must be first in list of modifiers","ruleId":"visibility-modifier-order","fix":null,"filePath":"Benchmarks/Study_SamplesSet/e7e3f0903fafd53582326a487b1dfdbf.sol"},{"line":173,"column":1,"severity":"Warning","message":"Function name must be in mixedCase","ruleId":"func-name-mixedcase","fix":null,"filePath":"Benchmarks/Study_SamplesSet/e7e3f0903fafd53582326a487b1dfdbf.sol"},{"line":173,"column":37,"severity":"Warning","message":"Visibility modifier must be first in list of modifiers","ruleId":"visibility-modifier-order","fix":null,"filePath":"Benchmarks/Study_SamplesSet/e7e3f0903fafd53582326a487b1dfdbf.sol"},{"line":189,"column":1,"severity":"Warning","message":"Function name must be in mixedCase","ruleId":"func-name-mixedcase","fix":null,"filePath":"Benchmarks/Study_SamplesSet/e7e3f0903fafd53582326a487b1dfdbf.sol"},{"line":189,"column":36,"severity":"Warning","message":"Visibility modifier must be first in list of modifiers","ruleId":"visibility-modifier-order","fix":null,"filePath":"Benchmarks/Study_SamplesSet/e7e3f0903fafd53582326a487b1dfdbf.sol"},{"line":205,"column":1,"severity":"Warning","message":"Function name must be in mixedCase","ruleId":"func-name-mixedcase","fix":null,"filePath":"Benchmarks/Study_SamplesSet/e7e3f0903fafd53582326a487b1dfdbf.sol"},{"line":205,"column":36,"severity":"Warning","message":"Visibility modifier must be first in list of modifiers","ruleId":"visibility-modifier-order","fix":null,"filePath":"Benchmarks/Study_SamplesSet/e7e3f0903fafd53582326a487b1dfdbf.sol"},{"line":222,"column":1,"severity":"Warning","message":"Function name must be in mixedCase","ruleId":"func-name-mixedcase","fix":null,"filePath":"Benchmarks/Study_SamplesSet/e7e3f0903fafd53582326a487b1dfdbf.sol"},{"line":222,"column":37,"severity":"Warning","message":"Visibility modifier must be first in list of modifiers","ruleId":"visibility-modifier-order","fix":null,"filePath":"Benchmarks/Study_SamplesSet/e7e3f0903fafd53582326a487b1dfdbf.sol"},{"line":239,"column":1,"severity":"Warning","message":"Function name must be in mixedCase","ruleId":"func-name-mixedcase","fix":null,"filePath":"Benchmarks/Study_SamplesSet/e7e3f0903fafd53582326a487b1dfdbf.sol"},{"line":239,"column":37,"severity":"Warning","message":"Visibility modifier must be first in list of modifiers","ruleId":"visibility-modifier-order","fix":null,"filePath":"Benchmarks/Study_SamplesSet/e7e3f0903fafd53582326a487b1dfdbf.sol"},{"line":249,"column":9,"severity":"Warning","message":"Provide an error message for require","ruleId":"reason-string","fix":null,"filePath":"Benchmarks/Study_SamplesSet/e7e3f0903fafd53582326a487b1dfdbf.sol"},{"line":249,"column":9,"severity":"Warning","message":"Use Custom Errors instead of require statements","ruleId":"custom-errors","fix":null,"filePath":"Benchmarks/Study_SamplesSet/e7e3f0903fafd53582326a487b1dfdbf.sol"},{"line":255,"column":1,"severity":"Warning","message":"Function name must be in mixedCase","ruleId":"func-name-mixedcase","fix":null,"filePath":"Benchmarks/Study_SamplesSet/e7e3f0903fafd53582326a487b1dfdbf.sol"},{"line":255,"column":37,"severity":"Warning","message":"Visibility modifier must be first in list of modifiers","ruleId":"visibility-modifier-order","fix":null,"filePath":"Benchmarks/Study_SamplesSet/e7e3f0903fafd53582326a487b1dfdbf.sol"},{"line":266,"column":9,"severity":"Warning","message":"Provide an error message for require","ruleId":"reason-string","fix":null,"filePath":"Benchmarks/Study_SamplesSet/e7e3f0903fafd53582326a487b1dfdbf.sol"},{"line":266,"column":9,"severity":"Warning","message":"Use Custom Errors instead of require statements","ruleId":"custom-errors","fix":null,"filePath":"Benchmarks/Study_SamplesSet/e7e3f0903fafd53582326a487b1dfdbf.sol"},{"line":272,"column":1,"severity":"Warning","message":"Function name must be in mixedCase","ruleId":"func-name-mixedcase","fix":null,"filePath":"Benchmarks/Study_SamplesSet/e7e3f0903fafd53582326a487b1dfdbf.sol"},{"line":272,"column":37,"severity":"Warning","message":"Visibility modifier must be first in list of modifiers","ruleId":"visibility-modifier-order","fix":null,"filePath":"Benchmarks/Study_SamplesSet/e7e3f0903fafd53582326a487b1dfdbf.sol"},{"line":282,"column":9,"severity":"Warning","message":"Provide an error message for require","ruleId":"reason-string","fix":null,"filePath":"Benchmarks/Study_SamplesSet/e7e3f0903fafd53582326a487b1dfdbf.sol"},{"line":282,"column":9,"severity":"Warning","message":"Use Custom Errors instead of require statements","ruleId":"custom-errors","fix":null,"filePath":"Benchmarks/Study_SamplesSet/e7e3f0903fafd53582326a487b1dfdbf.sol"},{"line":288,"column":1,"severity":"Warning","message":"Function name must be in mixedCase","ruleId":"func-name-mixedcase","fix":null,"filePath":"Benchmarks/Study_SamplesSet/e7e3f0903fafd53582326a487b1dfdbf.sol"},{"line":288,"column":37,"severity":"Warning","message":"Visibility modifier must be first in list of modifiers","ruleId":"visibility-modifier-order","fix":null,"filePath":"Benchmarks/Study_SamplesSet/e7e3f0903fafd53582326a487b1dfdbf.sol"},{"line":298,"column":9,"severity":"Warning","message":"Provide an error message for require","ruleId":"reason-string","fix":null,"filePath":"Benchmarks/Study_SamplesSet/e7e3f0903fafd53582326a487b1dfdbf.sol"},{"line":298,"column":9,"severity":"Warning","message":"Use Custom Errors instead of require statements","ruleId":"custom-errors","fix":null,"filePath":"Benchmarks/Study_SamplesSet/e7e3f0903fafd53582326a487b1dfdbf.sol"},{"line":299,"column":9,"severity":"Warning","message":"Provide an error message for require","ruleId":"reason-string","fix":null,"filePath":"Benchmarks/Study_SamplesSet/e7e3f0903fafd53582326a487b1dfdbf.sol"},{"line":299,"column":9,"severity":"Warning","message":"Use Custom Errors instead of require statements","ruleId":"custom-errors","fix":null,"filePath":"Benchmarks/Study_SamplesSet/e7e3f0903fafd53582326a487b1dfdbf.sol"},{"line":304,"column":1,"severity":"Warning","message":"Function name must be in mixedCase","ruleId":"func-name-mixedcase","fix":null,"filePath":"Benchmarks/Study_SamplesSet/e7e3f0903fafd53582326a487b1dfdbf.sol"},{"line":304,"column":36,"severity":"Warning","message":"Visibility modifier must be first in list of modifiers","ruleId":"visibility-modifier-order","fix":null,"filePath":"Benchmarks/Study_SamplesSet/e7e3f0903fafd53582326a487b1dfdbf.sol"},{"line":319,"column":1,"severity":"Warning","message":"Function name must be in mixedCase","ruleId":"func-name-mixedcase","fix":null,"filePath":"Benchmarks/Study_SamplesSet/e7e3f0903fafd53582326a487b1dfdbf.sol"},{"line":319,"column":36,"severity":"Warning","message":"Visibility modifier must be first in list of modifiers","ruleId":"visibility-modifier-order","fix":null,"filePath":"Benchmarks/Study_SamplesSet/e7e3f0903fafd53582326a487b1dfdbf.sol"},{"line":325,"column":1,"severity":"Error","message":"Compiler version ^0.5.2 does not satisfy the ^0.8.0 semver requirement","ruleId":"compiler-version","fix":null,"filePath":"Benchmarks/Study_SamplesSet/e7e3f0903fafd53582326a487b1dfdbf.sol"},{"line":340,"column":1,"severity":"Warning","message":"Function name must be in mixedCase","ruleId":"func-name-mixedcase","fix":null,"filePath":"Benchmarks/Study_SamplesSet/e7e3f0903fafd53582326a487b1dfdbf.sol"},{"line":340,"column":37,"severity":"Warning","message":"Visibility modifier must be first in list of modifiers","ruleId":"visibility-modifier-order","fix":null,"filePath":"Benchmarks/Study_SamplesSet/e7e3f0903fafd53582326a487b1dfdbf.sol"},{"line":351,"column":1,"severity":"Warning","message":"Function name must be in mixedCase","ruleId":"func-name-mixedcase","fix":null,"filePath":"Benchmarks/Study_SamplesSet/e7e3f0903fafd53582326a487b1dfdbf.sol"},{"line":351,"column":37,"severity":"Warning","message":"Visibility modifier must be first in list of modifiers","ruleId":"visibility-modifier-order","fix":null,"filePath":"Benchmarks/Study_SamplesSet/e7e3f0903fafd53582326a487b1dfdbf.sol"},{"line":357,"column":1,"severity":"Error","message":"Compiler version ^0.5.2 does not satisfy the ^0.8.0 semver requirement","ruleId":"compiler-version","fix":null,"filePath":"Benchmarks/Study_SamplesSet/e7e3f0903fafd53582326a487b1dfdbf.sol"},{"line":367,"column":3,"severity":"Warning","message":"Function name must be in mixedCase","ruleId":"func-name-mixedcase","fix":null,"filePath":"Benchmarks/Study_SamplesSet/e7e3f0903fafd53582326a487b1dfdbf.sol"},{"line":367,"column":39,"severity":"Warning","message":"Visibility modifier must be first in list of modifiers","ruleId":"visibility-modifier-order","fix":null,"filePath":"Benchmarks/Study_SamplesSet/e7e3f0903fafd53582326a487b1dfdbf.sol"},{"line":370,"column":3,"severity":"Warning","message":"Function name must be in mixedCase","ruleId":"func-name-mixedcase","fix":null,"filePath":"Benchmarks/Study_SamplesSet/e7e3f0903fafd53582326a487b1dfdbf.sol"},{"line":370,"column":39,"severity":"Warning","message":"Visibility modifier must be first in list of modifiers","ruleId":"visibility-modifier-order","fix":null,"filePath":"Benchmarks/Study_SamplesSet/e7e3f0903fafd53582326a487b1dfdbf.sol"},{"line":373,"column":3,"severity":"Warning","message":"Function name must be in mixedCase","ruleId":"func-name-mixedcase","fix":null,"filePath":"Benchmarks/Study_SamplesSet/e7e3f0903fafd53582326a487b1dfdbf.sol"},{"line":373,"column":39,"severity":"Warning","message":"Visibility modifier must be first in list of modifiers","ruleId":"visibility-modifier-order","fix":null,"filePath":"Benchmarks/Study_SamplesSet/e7e3f0903fafd53582326a487b1dfdbf.sol"},{"line":382,"column":1,"severity":"Warning","message":"Function name must be in mixedCase","ruleId":"func-name-mixedcase","fix":null,"filePath":"Benchmarks/Study_SamplesSet/e7e3f0903fafd53582326a487b1dfdbf.sol"},{"line":382,"column":37,"severity":"Warning","message":"Visibility modifier must be first in list of modifiers","ruleId":"visibility-modifier-order","fix":null,"filePath":"Benchmarks/Study_SamplesSet/e7e3f0903fafd53582326a487b1dfdbf.sol"},{"line":391,"column":1,"severity":"Warning","message":"Function name must be in mixedCase","ruleId":"func-name-mixedcase","fix":null,"filePath":"Benchmarks/Study_SamplesSet/e7e3f0903fafd53582326a487b1dfdbf.sol"},{"line":391,"column":36,"severity":"Warning","message":"Visibility modifier must be first in list of modifiers","ruleId":"visibility-modifier-order","fix":null,"filePath":"Benchmarks/Study_SamplesSet/e7e3f0903fafd53582326a487b1dfdbf.sol"},{"line":400,"column":1,"severity":"Warning","message":"Function name must be in mixedCase","ruleId":"func-name-mixedcase","fix":null,"filePath":"Benchmarks/Study_SamplesSet/e7e3f0903fafd53582326a487b1dfdbf.sol"},{"line":400,"column":37,"severity":"Warning","message":"Visibility modifier must be first in list of modifiers","ruleId":"visibility-modifier-order","fix":null,"filePath":"Benchmarks/Study_SamplesSet/e7e3f0903fafd53582326a487b1dfdbf.sol"},{"line":409,"column":1,"severity":"Warning","message":"Function name must be in mixedCase","ruleId":"func-name-mixedcase","fix":null,"filePath":"Benchmarks/Study_SamplesSet/e7e3f0903fafd53582326a487b1dfdbf.sol"},{"line":409,"column":37,"severity":"Warning","message":"Visibility modifier must be first in list of modifiers","ruleId":"visibility-modifier-order","fix":null,"filePath":"Benchmarks/Study_SamplesSet/e7e3f0903fafd53582326a487b1dfdbf.sol"},{"line":415,"column":1,"severity":"Error","message":"Compiler version ^0.5.0 does not satisfy the ^0.8.0 semver requirement","ruleId":"compiler-version","fix":null,"filePath":"Benchmarks/Study_SamplesSet/e7e3f0903fafd53582326a487b1dfdbf.sol"},{"line":421,"column":60,"severity":"Warning","message":"Visibility modifier must be first in list of modifiers","ruleId":"visibility-modifier-order","fix":null,"filePath":"Benchmarks/Study_SamplesSet/e7e3f0903fafd53582326a487b1dfdbf.sol"},{"line":421,"column":31,"severity":"Error","message":"Use double quotes for string literals","ruleId":"quotes","filePath":"Benchmarks/Study_SamplesSet/e7e3f0903fafd53582326a487b1dfdbf.sol"},{"line":421,"column":50,"severity":"Error","message":"Use double quotes for string literals","ruleId":"quotes","filePath":"Benchmarks/Study_SamplesSet/e7e3f0903fafd53582326a487b1dfdbf.sol"},{"line":424,"column":1,"severity":"Warning","message":"Function name must be in mixedCase","ruleId":"func-name-mixedcase","fix":null,"filePath":"Benchmarks/Study_SamplesSet/e7e3f0903fafd53582326a487b1dfdbf.sol"},{"line":424,"column":37,"severity":"Warning","message":"Visibility modifier must be first in list of modifiers","ruleId":"visibility-modifier-order","fix":null,"filePath":"Benchmarks/Study_SamplesSet/e7e3f0903fafd53582326a487b1dfdbf.sol"},{"conclusion":"82 problem/s (8 error/s, 74 warning/s)"}]
