[{"line":1,"column":1,"severity":"Warning","message":"Found more than One contract per file. 2 contracts found!","ruleId":"one-contract-per-file","fix":null,"filePath":"Benchmarks/Study_SamplesSet/e804c36ca855c38c944c8e1091b5254c.sol"},{"line":1,"column":1,"severity":"Error","message":"Compiler version ^0.4.16 does not satisfy the ^0.8.0 semver requirement","ruleId":"compiler-version","fix":null,"filePath":"Benchmarks/Study_SamplesSet/e804c36ca855c38c944c8e1091b5254c.sol"},{"line":21,"column":3,"severity":"Error","message":"Explicitly mark visibility in function","ruleId":"func-visibility","fix":null,"filePath":"Benchmarks/Study_SamplesSet/e804c36ca855c38c944c8e1091b5254c.sol"},{"line":22,"column":3,"severity":"Error","message":"Explicitly mark visibility in function","ruleId":"func-visibility","fix":null,"filePath":"Benchmarks/Study_SamplesSet/e804c36ca855c38c944c8e1091b5254c.sol"},{"line":28,"column":3,"severity":"Warning","message":"Variable name must be in mixedCase","ruleId":"var-name-mixedcase","fix":null,"filePath":"Benchmarks/Study_SamplesSet/e804c36ca855c38c944c8e1091b5254c.sol"},{"line":33,"column":3,"severity":"Warning","message":"Variable name must be in mixedCase","ruleId":"var-name-mixedcase","fix":null,"filePath":"Benchmarks/Study_SamplesSet/e804c36ca855c38c944c8e1091b5254c.sol"},{"line":35,"column":3,"severity":"Warning","message":"Variable name must be in mixedCase","ruleId":"var-name-mixedcase","fix":null,"filePath":"Benchmarks/Study_SamplesSet/e804c36ca855c38c944c8e1091b5254c.sol"},{"line":37,"column":3,"severity":"Warning","message":"Variable name must be in mixedCase","ruleId":"var-name-mixedcase","fix":null,"filePath":"Benchmarks/Study_SamplesSet/e804c36ca855c38c944c8e1091b5254c.sol"},{"line":39,"column":3,"severity":"Warning","message":"Variable name must be in mixedCase","ruleId":"var-name-mixedcase","fix":null,"filePath":"Benchmarks/Study_SamplesSet/e804c36ca855c38c944c8e1091b5254c.sol"},{"line":41,"column":3,"severity":"Warning","message":"Variable name must be in mixedCase","ruleId":"var-name-mixedcase","fix":null,"filePath":"Benchmarks/Study_SamplesSet/e804c36ca855c38c944c8e1091b5254c.sol"},{"line":44,"column":3,"severity":"Error","message":"Explicitly mark visibility of state","ruleId":"state-visibility","fix":null,"filePath":"Benchmarks/Study_SamplesSet/e804c36ca855c38c944c8e1091b5254c.sol"},{"line":44,"column":3,"severity":"Warning","message":"Variable name must be in mixedCase","ruleId":"var-name-mixedcase","fix":null,"filePath":"Benchmarks/Study_SamplesSet/e804c36ca855c38c944c8e1091b5254c.sol"},{"line":47,"column":3,"severity":"Warning","message":"Variable name must be in mixedCase","ruleId":"var-name-mixedcase","fix":null,"filePath":"Benchmarks/Study_SamplesSet/e804c36ca855c38c944c8e1091b5254c.sol"},{"line":49,"column":3,"severity":"Warning","message":"Variable name must be in mixedCase","ruleId":"var-name-mixedcase","fix":null,"filePath":"Benchmarks/Study_SamplesSet/e804c36ca855c38c944c8e1091b5254c.sol"},{"line":58,"column":3,"severity":"Warning","message":"Function name must be in mixedCase","ruleId":"func-name-mixedcase","fix":null,"filePath":"Benchmarks/Study_SamplesSet/e804c36ca855c38c944c8e1091b5254c.sol"},{"line":58,"column":3,"severity":"Error","message":"Explicitly mark visibility in function","ruleId":"func-visibility","fix":null,"filePath":"Benchmarks/Study_SamplesSet/e804c36ca855c38c944c8e1091b5254c.sol"},{"line":60,"column":5,"severity":"Warning","message":"Provide an error message for require","ruleId":"reason-string","fix":null,"filePath":"Benchmarks/Study_SamplesSet/e804c36ca855c38c944c8e1091b5254c.sol"},{"line":60,"column":5,"severity":"Warning","message":"Use Custom Errors instead of require statements","ruleId":"custom-errors","fix":null,"filePath":"Benchmarks/Study_SamplesSet/e804c36ca855c38c944c8e1091b5254c.sol"},{"line":62,"column":5,"severity":"Warning","message":"Provide an error message for require","ruleId":"reason-string","fix":null,"filePath":"Benchmarks/Study_SamplesSet/e804c36ca855c38c944c8e1091b5254c.sol"},{"line":62,"column":5,"severity":"Warning","message":"Use Custom Errors instead of require statements","ruleId":"custom-errors","fix":null,"filePath":"Benchmarks/Study_SamplesSet/e804c36ca855c38c944c8e1091b5254c.sol"},{"line":83,"column":3,"severity":"Warning","message":"Function name must be in mixedCase","ruleId":"func-name-mixedcase","fix":null,"filePath":"Benchmarks/Study_SamplesSet/e804c36ca855c38c944c8e1091b5254c.sol"},{"line":83,"column":3,"severity":"Error","message":"Explicitly mark visibility in function","ruleId":"func-visibility","fix":null,"filePath":"Benchmarks/Study_SamplesSet/e804c36ca855c38c944c8e1091b5254c.sol"},{"line":85,"column":5,"severity":"Warning","message":"Provide an error message for require","ruleId":"reason-string","fix":null,"filePath":"Benchmarks/Study_SamplesSet/e804c36ca855c38c944c8e1091b5254c.sol"},{"line":85,"column":5,"severity":"Warning","message":"Use Custom Errors instead of require statements","ruleId":"custom-errors","fix":null,"filePath":"Benchmarks/Study_SamplesSet/e804c36ca855c38c944c8e1091b5254c.sol"},{"line":85,"column":40,"severity":"Error","message":"Use \"keccak256\" instead of deprecated \"sha3\"","ruleId":"avoid-sha3","filePath":"Benchmarks/Study_SamplesSet/e804c36ca855c38c944c8e1091b5254c.sol"},{"line":87,"column":5,"severity":"Warning","message":"Variable name must be in mixedCase","ruleId":"var-name-mixedcase","fix":null,"filePath":"Benchmarks/Study_SamplesSet/e804c36ca855c38c944c8e1091b5254c.sol"},{"line":97,"column":3,"severity":"Error","message":"Explicitly mark visibility in function","ruleId":"func-visibility","fix":null,"filePath":"Benchmarks/Study_SamplesSet/e804c36ca855c38c944c8e1091b5254c.sol"},{"line":103,"column":5,"severity":"Warning","message":"Provide an error message for require","ruleId":"reason-string","fix":null,"filePath":"Benchmarks/Study_SamplesSet/e804c36ca855c38c944c8e1091b5254c.sol"},{"line":103,"column":5,"severity":"Warning","message":"Use Custom Errors instead of require statements","ruleId":"custom-errors","fix":null,"filePath":"Benchmarks/Study_SamplesSet/e804c36ca855c38c944c8e1091b5254c.sol"},{"line":105,"column":5,"severity":"Warning","message":"Provide an error message for require","ruleId":"reason-string","fix":null,"filePath":"Benchmarks/Study_SamplesSet/e804c36ca855c38c944c8e1091b5254c.sol"},{"line":105,"column":5,"severity":"Warning","message":"Use Custom Errors instead of require statements","ruleId":"custom-errors","fix":null,"filePath":"Benchmarks/Study_SamplesSet/e804c36ca855c38c944c8e1091b5254c.sol"},{"line":105,"column":30,"severity":"Error","message":"Avoid making time-based decisions in your business logic","ruleId":"not-rely-on-time","fix":null,"filePath":"Benchmarks/Study_SamplesSet/e804c36ca855c38c944c8e1091b5254c.sol"},{"line":111,"column":7,"severity":"Warning","message":"Variable name must be in mixedCase","ruleId":"var-name-mixedcase","fix":null,"filePath":"Benchmarks/Study_SamplesSet/e804c36ca855c38c944c8e1091b5254c.sol"},{"line":124,"column":7,"severity":"Error","message":"Possible reentrancy vulnerabilities. Avoid state changes after transfer.","ruleId":"reentrancy","fix":null,"filePath":"Benchmarks/Study_SamplesSet/e804c36ca855c38c944c8e1091b5254c.sol"},{"line":124,"column":15,"severity":"Error","message":"Explicitly mark all external contracts as trusted or untrusted","ruleId":"mark-callable-contracts","filePath":"Benchmarks/Study_SamplesSet/e804c36ca855c38c944c8e1091b5254c.sol"},{"line":126,"column":7,"severity":"Warning","message":"Variable name must be in mixedCase","ruleId":"var-name-mixedcase","fix":null,"filePath":"Benchmarks/Study_SamplesSet/e804c36ca855c38c944c8e1091b5254c.sol"},{"line":128,"column":7,"severity":"Warning","message":"Provide an error message for require","ruleId":"reason-string","fix":null,"filePath":"Benchmarks/Study_SamplesSet/e804c36ca855c38c944c8e1091b5254c.sol"},{"line":128,"column":7,"severity":"Warning","message":"Use Custom Errors instead of require statements","ruleId":"custom-errors","fix":null,"filePath":"Benchmarks/Study_SamplesSet/e804c36ca855c38c944c8e1091b5254c.sol"},{"line":130,"column":7,"severity":"Warning","message":"Variable name must be in mixedCase","ruleId":"var-name-mixedcase","fix":null,"filePath":"Benchmarks/Study_SamplesSet/e804c36ca855c38c944c8e1091b5254c.sol"},{"line":132,"column":7,"severity":"Error","message":"Possible reentrancy vulnerabilities. Avoid state changes after transfer.","ruleId":"reentrancy","fix":null,"filePath":"Benchmarks/Study_SamplesSet/e804c36ca855c38c944c8e1091b5254c.sol"},{"line":134,"column":7,"severity":"Error","message":"Possible reentrancy vulnerabilities. Avoid state changes after transfer.","ruleId":"reentrancy","fix":null,"filePath":"Benchmarks/Study_SamplesSet/e804c36ca855c38c944c8e1091b5254c.sol"},{"line":140,"column":7,"severity":"Warning","message":"Provide an error message for require","ruleId":"reason-string","fix":null,"filePath":"Benchmarks/Study_SamplesSet/e804c36ca855c38c944c8e1091b5254c.sol"},{"line":140,"column":7,"severity":"Warning","message":"Use Custom Errors instead of require statements","ruleId":"custom-errors","fix":null,"filePath":"Benchmarks/Study_SamplesSet/e804c36ca855c38c944c8e1091b5254c.sol"},{"line":143,"column":5,"severity":"Warning","message":"Variable name must be in mixedCase","ruleId":"var-name-mixedcase","fix":null,"filePath":"Benchmarks/Study_SamplesSet/e804c36ca855c38c944c8e1091b5254c.sol"},{"line":145,"column":5,"severity":"Error","message":"Possible reentrancy vulnerabilities. Avoid state changes after transfer.","ruleId":"reentrancy","fix":null,"filePath":"Benchmarks/Study_SamplesSet/e804c36ca855c38c944c8e1091b5254c.sol"},{"line":151,"column":3,"severity":"Warning","message":"Function name must be in mixedCase","ruleId":"func-name-mixedcase","fix":null,"filePath":"Benchmarks/Study_SamplesSet/e804c36ca855c38c944c8e1091b5254c.sol"},{"line":151,"column":3,"severity":"Error","message":"Explicitly mark visibility in function","ruleId":"func-visibility","fix":null,"filePath":"Benchmarks/Study_SamplesSet/e804c36ca855c38c944c8e1091b5254c.sol"},{"line":153,"column":5,"severity":"Warning","message":"Provide an error message for require","ruleId":"reason-string","fix":null,"filePath":"Benchmarks/Study_SamplesSet/e804c36ca855c38c944c8e1091b5254c.sol"},{"line":153,"column":5,"severity":"Warning","message":"Use Custom Errors instead of require statements","ruleId":"custom-errors","fix":null,"filePath":"Benchmarks/Study_SamplesSet/e804c36ca855c38c944c8e1091b5254c.sol"},{"line":159,"column":3,"severity":"Warning","message":"Function name must be in mixedCase","ruleId":"func-name-mixedcase","fix":null,"filePath":"Benchmarks/Study_SamplesSet/e804c36ca855c38c944c8e1091b5254c.sol"},{"line":159,"column":3,"severity":"Error","message":"Explicitly mark visibility in function","ruleId":"func-visibility","fix":null,"filePath":"Benchmarks/Study_SamplesSet/e804c36ca855c38c944c8e1091b5254c.sol"},{"line":161,"column":5,"severity":"Warning","message":"Provide an error message for require","ruleId":"reason-string","fix":null,"filePath":"Benchmarks/Study_SamplesSet/e804c36ca855c38c944c8e1091b5254c.sol"},{"line":161,"column":5,"severity":"Warning","message":"Use Custom Errors instead of require statements","ruleId":"custom-errors","fix":null,"filePath":"Benchmarks/Study_SamplesSet/e804c36ca855c38c944c8e1091b5254c.sol"},{"line":167,"column":3,"severity":"Warning","message":"Function name must be in mixedCase","ruleId":"func-name-mixedcase","fix":null,"filePath":"Benchmarks/Study_SamplesSet/e804c36ca855c38c944c8e1091b5254c.sol"},{"line":167,"column":3,"severity":"Error","message":"Explicitly mark visibility in function","ruleId":"func-visibility","fix":null,"filePath":"Benchmarks/Study_SamplesSet/e804c36ca855c38c944c8e1091b5254c.sol"},{"line":175,"column":9,"severity":"Error","message":"Avoid making time-based decisions in your business logic","ruleId":"not-rely-on-time","fix":null,"filePath":"Benchmarks/Study_SamplesSet/e804c36ca855c38c944c8e1091b5254c.sol"},{"line":179,"column":5,"severity":"Warning","message":"Provide an error message for require","ruleId":"reason-string","fix":null,"filePath":"Benchmarks/Study_SamplesSet/e804c36ca855c38c944c8e1091b5254c.sol"},{"line":179,"column":5,"severity":"Warning","message":"Use Custom Errors instead of require statements","ruleId":"custom-errors","fix":null,"filePath":"Benchmarks/Study_SamplesSet/e804c36ca855c38c944c8e1091b5254c.sol"},{"line":183,"column":5,"severity":"Warning","message":"Variable name must be in mixedCase","ruleId":"var-name-mixedcase","fix":null,"filePath":"Benchmarks/Study_SamplesSet/e804c36ca855c38c944c8e1091b5254c.sol"},{"line":191,"column":5,"severity":"Warning","message":"Provide an error message for require","ruleId":"reason-string","fix":null,"filePath":"Benchmarks/Study_SamplesSet/e804c36ca855c38c944c8e1091b5254c.sol"},{"line":191,"column":5,"severity":"Warning","message":"Use Custom Errors instead of require statements","ruleId":"custom-errors","fix":null,"filePath":"Benchmarks/Study_SamplesSet/e804c36ca855c38c944c8e1091b5254c.sol"},{"line":191,"column":13,"severity":"Error","message":"Avoid to use low level calls.","ruleId":"avoid-low-level-calls","fix":null,"filePath":"Benchmarks/Study_SamplesSet/e804c36ca855c38c944c8e1091b5254c.sol"},{"line":191,"column":13,"severity":"Error","message":"Avoid to use \".call.value()()\"","ruleId":"avoid-call-value","fix":null,"filePath":"Benchmarks/Study_SamplesSet/e804c36ca855c38c944c8e1091b5254c.sol"},{"line":197,"column":3,"severity":"Error","message":"Explicitly mark visibility in function","ruleId":"func-visibility","fix":null,"filePath":"Benchmarks/Study_SamplesSet/e804c36ca855c38c944c8e1091b5254c.sol"},{"line":197,"column":3,"severity":"Error","message":"Fallback function must be simple","ruleId":"no-complex-fallback","fix":null,"filePath":"Benchmarks/Study_SamplesSet/e804c36ca855c38c944c8e1091b5254c.sol"},{"line":199,"column":5,"severity":"Warning","message":"Provide an error message for require","ruleId":"reason-string","fix":null,"filePath":"Benchmarks/Study_SamplesSet/e804c36ca855c38c944c8e1091b5254c.sol"},{"line":199,"column":5,"severity":"Warning","message":"Use Custom Errors instead of require statements","ruleId":"custom-errors","fix":null,"filePath":"Benchmarks/Study_SamplesSet/e804c36ca855c38c944c8e1091b5254c.sol"},{"line":201,"column":5,"severity":"Warning","message":"Provide an error message for require","ruleId":"reason-string","fix":null,"filePath":"Benchmarks/Study_SamplesSet/e804c36ca855c38c944c8e1091b5254c.sol"},{"line":201,"column":5,"severity":"Warning","message":"Use Custom Errors instead of require statements","ruleId":"custom-errors","fix":null,"filePath":"Benchmarks/Study_SamplesSet/e804c36ca855c38c944c8e1091b5254c.sol"},{"line":203,"column":5,"severity":"Warning","message":"Provide an error message for require","ruleId":"reason-string","fix":null,"filePath":"Benchmarks/Study_SamplesSet/e804c36ca855c38c944c8e1091b5254c.sol"},{"line":203,"column":5,"severity":"Warning","message":"Use Custom Errors instead of require statements","ruleId":"custom-errors","fix":null,"filePath":"Benchmarks/Study_SamplesSet/e804c36ca855c38c944c8e1091b5254c.sol"},{"conclusion":"71 problem/s (22 error/s, 49 warning/s)"}]
