[{"line":2,"column":1,"severity":"Warning","message":"Found more than One contract per file. 5 contracts found!","ruleId":"one-contract-per-file","fix":null,"filePath":"Benchmarks/Study_SamplesSet/eb8f531bdd6151db0e60f045fce86d1a.sol"},{"line":2,"column":1,"severity":"Error","message":"Compiler version ^0.4.11 does not satisfy the ^0.8.0 semver requirement","ruleId":"compiler-version","fix":null,"filePath":"Benchmarks/Study_SamplesSet/eb8f531bdd6151db0e60f045fce86d1a.sol"},{"line":3,"column":1,"severity":"Warning","message":"Contract, Structs and Enums should be in CamelCase","ruleId":"contract-name-camelcase","filePath":"Benchmarks/Study_SamplesSet/eb8f531bdd6151db0e60f045fce86d1a.sol"},{"line":8,"column":5,"severity":"Error","message":"Explicitly mark visibility in function","ruleId":"func-visibility","fix":null,"filePath":"Benchmarks/Study_SamplesSet/eb8f531bdd6151db0e60f045fce86d1a.sol"},{"line":12,"column":3,"severity":"Warning","message":"Rule is set with explicit type [var/s: uint]","ruleId":"explicit-types","filePath":"Benchmarks/Study_SamplesSet/eb8f531bdd6151db0e60f045fce86d1a.sol"},{"line":13,"column":3,"severity":"Error","message":"Explicitly mark visibility in function","ruleId":"func-visibility","fix":null,"filePath":"Benchmarks/Study_SamplesSet/eb8f531bdd6151db0e60f045fce86d1a.sol"},{"line":13,"column":53,"severity":"Warning","message":"Rule is set with explicit type [var/s: uint]","ruleId":"explicit-types","filePath":"Benchmarks/Study_SamplesSet/eb8f531bdd6151db0e60f045fce86d1a.sol"},{"line":14,"column":3,"severity":"Error","message":"Explicitly mark visibility in function","ruleId":"func-visibility","fix":null,"filePath":"Benchmarks/Study_SamplesSet/eb8f531bdd6151db0e60f045fce86d1a.sol"},{"line":14,"column":72,"severity":"Warning","message":"Rule is set with explicit type [var/s: uint]","ruleId":"explicit-types","filePath":"Benchmarks/Study_SamplesSet/eb8f531bdd6151db0e60f045fce86d1a.sol"},{"line":16,"column":3,"severity":"Error","message":"Explicitly mark visibility in function","ruleId":"func-visibility","fix":null,"filePath":"Benchmarks/Study_SamplesSet/eb8f531bdd6151db0e60f045fce86d1a.sol"},{"line":16,"column":33,"severity":"Warning","message":"Rule is set with explicit type [var/s: uint]","ruleId":"explicit-types","filePath":"Benchmarks/Study_SamplesSet/eb8f531bdd6151db0e60f045fce86d1a.sol"},{"line":17,"column":3,"severity":"Error","message":"Explicitly mark visibility in function","ruleId":"func-visibility","fix":null,"filePath":"Benchmarks/Study_SamplesSet/eb8f531bdd6151db0e60f045fce86d1a.sol"},{"line":17,"column":51,"severity":"Warning","message":"Rule is set with explicit type [var/s: uint]","ruleId":"explicit-types","filePath":"Benchmarks/Study_SamplesSet/eb8f531bdd6151db0e60f045fce86d1a.sol"},{"line":18,"column":3,"severity":"Error","message":"Explicitly mark visibility in function","ruleId":"func-visibility","fix":null,"filePath":"Benchmarks/Study_SamplesSet/eb8f531bdd6151db0e60f045fce86d1a.sol"},{"line":18,"column":37,"severity":"Warning","message":"Rule is set with explicit type [var/s: uint]","ruleId":"explicit-types","filePath":"Benchmarks/Study_SamplesSet/eb8f531bdd6151db0e60f045fce86d1a.sol"},{"line":19,"column":60,"severity":"Warning","message":"Rule is set with explicit type [var/s: uint]","ruleId":"explicit-types","filePath":"Benchmarks/Study_SamplesSet/eb8f531bdd6151db0e60f045fce86d1a.sol"},{"line":20,"column":66,"severity":"Warning","message":"Rule is set with explicit type [var/s: uint]","ruleId":"explicit-types","filePath":"Benchmarks/Study_SamplesSet/eb8f531bdd6151db0e60f045fce86d1a.sol"},{"line":29,"column":20,"severity":"Warning","message":"Rule is set with explicit type [var/s: uint]","ruleId":"explicit-types","filePath":"Benchmarks/Study_SamplesSet/eb8f531bdd6151db0e60f045fce86d1a.sol"},{"line":29,"column":28,"severity":"Warning","message":"Rule is set with explicit type [var/s: uint]","ruleId":"explicit-types","filePath":"Benchmarks/Study_SamplesSet/eb8f531bdd6151db0e60f045fce86d1a.sol"},{"line":29,"column":54,"severity":"Warning","message":"Rule is set with explicit type [var/s: uint]","ruleId":"explicit-types","filePath":"Benchmarks/Study_SamplesSet/eb8f531bdd6151db0e60f045fce86d1a.sol"},{"line":30,"column":5,"severity":"Warning","message":"Rule is set with explicit type [var/s: uint]","ruleId":"explicit-types","filePath":"Benchmarks/Study_SamplesSet/eb8f531bdd6151db0e60f045fce86d1a.sol"},{"line":35,"column":20,"severity":"Warning","message":"Rule is set with explicit type [var/s: uint]","ruleId":"explicit-types","filePath":"Benchmarks/Study_SamplesSet/eb8f531bdd6151db0e60f045fce86d1a.sol"},{"line":35,"column":28,"severity":"Warning","message":"Rule is set with explicit type [var/s: uint]","ruleId":"explicit-types","filePath":"Benchmarks/Study_SamplesSet/eb8f531bdd6151db0e60f045fce86d1a.sol"},{"line":35,"column":54,"severity":"Warning","message":"Rule is set with explicit type [var/s: uint]","ruleId":"explicit-types","filePath":"Benchmarks/Study_SamplesSet/eb8f531bdd6151db0e60f045fce86d1a.sol"},{"line":37,"column":5,"severity":"Warning","message":"Rule is set with explicit type [var/s: uint]","ruleId":"explicit-types","filePath":"Benchmarks/Study_SamplesSet/eb8f531bdd6151db0e60f045fce86d1a.sol"},{"line":42,"column":20,"severity":"Warning","message":"Rule is set with explicit type [var/s: uint]","ruleId":"explicit-types","filePath":"Benchmarks/Study_SamplesSet/eb8f531bdd6151db0e60f045fce86d1a.sol"},{"line":42,"column":28,"severity":"Warning","message":"Rule is set with explicit type [var/s: uint]","ruleId":"explicit-types","filePath":"Benchmarks/Study_SamplesSet/eb8f531bdd6151db0e60f045fce86d1a.sol"},{"line":42,"column":54,"severity":"Warning","message":"Rule is set with explicit type [var/s: uint]","ruleId":"explicit-types","filePath":"Benchmarks/Study_SamplesSet/eb8f531bdd6151db0e60f045fce86d1a.sol"},{"line":47,"column":20,"severity":"Warning","message":"Rule is set with explicit type [var/s: uint]","ruleId":"explicit-types","filePath":"Benchmarks/Study_SamplesSet/eb8f531bdd6151db0e60f045fce86d1a.sol"},{"line":47,"column":28,"severity":"Warning","message":"Rule is set with explicit type [var/s: uint]","ruleId":"explicit-types","filePath":"Benchmarks/Study_SamplesSet/eb8f531bdd6151db0e60f045fce86d1a.sol"},{"line":47,"column":54,"severity":"Warning","message":"Rule is set with explicit type [var/s: uint]","ruleId":"explicit-types","filePath":"Benchmarks/Study_SamplesSet/eb8f531bdd6151db0e60f045fce86d1a.sol"},{"line":48,"column":5,"severity":"Warning","message":"Rule is set with explicit type [var/s: uint]","ruleId":"explicit-types","filePath":"Benchmarks/Study_SamplesSet/eb8f531bdd6151db0e60f045fce86d1a.sol"},{"line":71,"column":7,"severity":"Error","message":"\"throw\" is deprecated, avoid to use it","ruleId":"avoid-throw","filePath":"Benchmarks/Study_SamplesSet/eb8f531bdd6151db0e60f045fce86d1a.sol"},{"line":87,"column":34,"severity":"Warning","message":"Rule is set with explicit type [var/s: uint]","ruleId":"explicit-types","filePath":"Benchmarks/Study_SamplesSet/eb8f531bdd6151db0e60f045fce86d1a.sol"},{"line":90,"column":3,"severity":"Error","message":"Explicitly mark visibility of state","ruleId":"state-visibility","fix":null,"filePath":"Benchmarks/Study_SamplesSet/eb8f531bdd6151db0e60f045fce86d1a.sol"},{"line":90,"column":3,"severity":"Warning","message":"Rule is set with explicit type [var/s: uint]","ruleId":"explicit-types","filePath":"Benchmarks/Study_SamplesSet/eb8f531bdd6151db0e60f045fce86d1a.sol"},{"line":92,"column":3,"severity":"Error","message":"Explicitly mark visibility of state","ruleId":"state-visibility","fix":null,"filePath":"Benchmarks/Study_SamplesSet/eb8f531bdd6151db0e60f045fce86d1a.sol"},{"line":92,"column":3,"severity":"Warning","message":"Rule is set with explicit type [var/s: uint]","ruleId":"explicit-types","filePath":"Benchmarks/Study_SamplesSet/eb8f531bdd6151db0e60f045fce86d1a.sol"},{"line":94,"column":3,"severity":"Error","message":"Explicitly mark visibility of state","ruleId":"state-visibility","fix":null,"filePath":"Benchmarks/Study_SamplesSet/eb8f531bdd6151db0e60f045fce86d1a.sol"},{"line":94,"column":3,"severity":"Warning","message":"Rule is set with explicit type [var/s: uint]","ruleId":"explicit-types","filePath":"Benchmarks/Study_SamplesSet/eb8f531bdd6151db0e60f045fce86d1a.sol"},{"line":101,"column":3,"severity":"Error","message":"Explicitly mark visibility in function","ruleId":"func-visibility","fix":null,"filePath":"Benchmarks/Study_SamplesSet/eb8f531bdd6151db0e60f045fce86d1a.sol"},{"line":101,"column":34,"severity":"Warning","message":"Rule is set with explicit type [var/s: uint]","ruleId":"explicit-types","filePath":"Benchmarks/Study_SamplesSet/eb8f531bdd6151db0e60f045fce86d1a.sol"},{"line":104,"column":5,"severity":"Error","message":"Explicitly mark all external contracts as trusted or untrusted","ruleId":"mark-callable-contracts","filePath":"Benchmarks/Study_SamplesSet/eb8f531bdd6151db0e60f045fce86d1a.sol"},{"line":108,"column":3,"severity":"Error","message":"Explicitly mark visibility in function","ruleId":"func-visibility","fix":null,"filePath":"Benchmarks/Study_SamplesSet/eb8f531bdd6151db0e60f045fce86d1a.sol"},{"line":108,"column":53,"severity":"Warning","message":"Rule is set with explicit type [var/s: uint]","ruleId":"explicit-types","filePath":"Benchmarks/Study_SamplesSet/eb8f531bdd6151db0e60f045fce86d1a.sol"},{"line":109,"column":5,"severity":"Warning","message":"Rule is set with explicit type [var/s: uint]","ruleId":"explicit-types","filePath":"Benchmarks/Study_SamplesSet/eb8f531bdd6151db0e60f045fce86d1a.sol"},{"line":114,"column":5,"severity":"Error","message":"Explicitly mark all external contracts as trusted or untrusted","ruleId":"mark-callable-contracts","filePath":"Benchmarks/Study_SamplesSet/eb8f531bdd6151db0e60f045fce86d1a.sol"},{"line":118,"column":3,"severity":"Error","message":"Explicitly mark visibility in function","ruleId":"func-visibility","fix":null,"filePath":"Benchmarks/Study_SamplesSet/eb8f531bdd6151db0e60f045fce86d1a.sol"},{"line":118,"column":56,"severity":"Warning","message":"Rule is set with explicit type [var/s: uint]","ruleId":"explicit-types","filePath":"Benchmarks/Study_SamplesSet/eb8f531bdd6151db0e60f045fce86d1a.sol"},{"line":122,"column":3,"severity":"Error","message":"Explicitly mark visibility in function","ruleId":"func-visibility","fix":null,"filePath":"Benchmarks/Study_SamplesSet/eb8f531bdd6151db0e60f045fce86d1a.sol"},{"line":122,"column":38,"severity":"Warning","message":"Rule is set with explicit type [var/s: uint]","ruleId":"explicit-types","filePath":"Benchmarks/Study_SamplesSet/eb8f531bdd6151db0e60f045fce86d1a.sol"},{"line":128,"column":64,"severity":"Error","message":"\"throw\" is deprecated, avoid to use it","ruleId":"avoid-throw","filePath":"Benchmarks/Study_SamplesSet/eb8f531bdd6151db0e60f045fce86d1a.sol"},{"line":131,"column":5,"severity":"Error","message":"Explicitly mark all external contracts as trusted or untrusted","ruleId":"mark-callable-contracts","filePath":"Benchmarks/Study_SamplesSet/eb8f531bdd6151db0e60f045fce86d1a.sol"},{"line":135,"column":3,"severity":"Error","message":"Explicitly mark visibility in function","ruleId":"func-visibility","fix":null,"filePath":"Benchmarks/Study_SamplesSet/eb8f531bdd6151db0e60f045fce86d1a.sol"},{"line":135,"column":74,"severity":"Warning","message":"Rule is set with explicit type [var/s: uint]","ruleId":"explicit-types","filePath":"Benchmarks/Study_SamplesSet/eb8f531bdd6151db0e60f045fce86d1a.sol"},{"line":145,"column":1,"severity":"Warning","message":"Contract has 27 states declarations but allowed no more than 15","ruleId":"max-states-count","fix":null,"filePath":"Benchmarks/Study_SamplesSet/eb8f531bdd6151db0e60f045fce86d1a.sol"},{"line":145,"column":1,"severity":"Warning","message":"Contract, Structs and Enums should be in CamelCase","ruleId":"contract-name-camelcase","filePath":"Benchmarks/Study_SamplesSet/eb8f531bdd6151db0e60f045fce86d1a.sol"},{"line":149,"column":5,"severity":"Warning","message":"Constant name must be in capitalized SNAKE_CASE","ruleId":"const-name-snakecase","fix":null,"filePath":"Benchmarks/Study_SamplesSet/eb8f531bdd6151db0e60f045fce86d1a.sol"},{"line":161,"column":2,"severity":"Warning","message":"Variable name must be in mixedCase","ruleId":"var-name-mixedcase","fix":null,"filePath":"Benchmarks/Study_SamplesSet/eb8f531bdd6151db0e60f045fce86d1a.sol"},{"line":162,"column":2,"severity":"Warning","message":"Variable name must be in mixedCase","ruleId":"var-name-mixedcase","fix":null,"filePath":"Benchmarks/Study_SamplesSet/eb8f531bdd6151db0e60f045fce86d1a.sol"},{"line":163,"column":2,"severity":"Warning","message":"Variable name must be in mixedCase","ruleId":"var-name-mixedcase","fix":null,"filePath":"Benchmarks/Study_SamplesSet/eb8f531bdd6151db0e60f045fce86d1a.sol"},{"line":164,"column":2,"severity":"Warning","message":"Variable name must be in mixedCase","ruleId":"var-name-mixedcase","fix":null,"filePath":"Benchmarks/Study_SamplesSet/eb8f531bdd6151db0e60f045fce86d1a.sol"},{"line":174,"column":2,"severity":"Warning","message":"Contract, Structs and Enums should be in CamelCase","ruleId":"contract-name-camelcase","filePath":"Benchmarks/Study_SamplesSet/eb8f531bdd6151db0e60f045fce86d1a.sol"},{"line":176,"column":3,"severity":"Warning","message":"Rule is set with explicit type [var/s: uint]","ruleId":"explicit-types","filePath":"Benchmarks/Study_SamplesSet/eb8f531bdd6151db0e60f045fce86d1a.sol"},{"line":179,"column":2,"severity":"Error","message":"Explicitly mark visibility of state","ruleId":"state-visibility","fix":null,"filePath":"Benchmarks/Study_SamplesSet/eb8f531bdd6151db0e60f045fce86d1a.sol"},{"line":179,"column":2,"severity":"Warning","message":"Rule is set with explicit type [var/s: uint]","ruleId":"explicit-types","filePath":"Benchmarks/Study_SamplesSet/eb8f531bdd6151db0e60f045fce86d1a.sol"},{"line":180,"column":2,"severity":"Error","message":"Explicitly mark visibility of state","ruleId":"state-visibility","fix":null,"filePath":"Benchmarks/Study_SamplesSet/eb8f531bdd6151db0e60f045fce86d1a.sol"},{"line":180,"column":2,"severity":"Warning","message":"Rule is set with explicit type [var/s: uint]","ruleId":"explicit-types","filePath":"Benchmarks/Study_SamplesSet/eb8f531bdd6151db0e60f045fce86d1a.sol"},{"line":182,"column":3,"severity":"Error","message":"Explicitly mark visibility of state","ruleId":"state-visibility","fix":null,"filePath":"Benchmarks/Study_SamplesSet/eb8f531bdd6151db0e60f045fce86d1a.sol"},{"line":183,"column":1,"severity":"Error","message":"Explicitly mark visibility of state","ruleId":"state-visibility","fix":null,"filePath":"Benchmarks/Study_SamplesSet/eb8f531bdd6151db0e60f045fce86d1a.sol"},{"line":184,"column":3,"severity":"Error","message":"Explicitly mark visibility of state","ruleId":"state-visibility","fix":null,"filePath":"Benchmarks/Study_SamplesSet/eb8f531bdd6151db0e60f045fce86d1a.sol"},{"line":189,"column":2,"severity":"Warning","message":"Event name must be in CamelCase","ruleId":"event-name-camelcase","filePath":"Benchmarks/Study_SamplesSet/eb8f531bdd6151db0e60f045fce86d1a.sol"},{"line":198,"column":3,"severity":"Error","message":"Explicitly mark visibility in function (Set ignoreConstructors to true if using solidity >=0.7.0)","ruleId":"func-visibility","fix":null,"filePath":"Benchmarks/Study_SamplesSet/eb8f531bdd6151db0e60f045fce86d1a.sol"},{"line":205,"column":7,"severity":"Error","message":"\"throw\" is deprecated, avoid to use it","ruleId":"avoid-throw","filePath":"Benchmarks/Study_SamplesSet/eb8f531bdd6151db0e60f045fce86d1a.sol"},{"line":208,"column":7,"severity":"Error","message":"\"throw\" is deprecated, avoid to use it","ruleId":"avoid-throw","filePath":"Benchmarks/Study_SamplesSet/eb8f531bdd6151db0e60f045fce86d1a.sol"},{"line":217,"column":7,"severity":"Error","message":"\"throw\" is deprecated, avoid to use it","ruleId":"avoid-throw","filePath":"Benchmarks/Study_SamplesSet/eb8f531bdd6151db0e60f045fce86d1a.sol"},{"line":220,"column":7,"severity":"Error","message":"\"throw\" is deprecated, avoid to use it","ruleId":"avoid-throw","filePath":"Benchmarks/Study_SamplesSet/eb8f531bdd6151db0e60f045fce86d1a.sol"},{"line":254,"column":9,"severity":"Warning","message":"Provide an error message for require","ruleId":"reason-string","fix":null,"filePath":"Benchmarks/Study_SamplesSet/eb8f531bdd6151db0e60f045fce86d1a.sol"},{"line":254,"column":9,"severity":"Warning","message":"Use Custom Errors instead of require statements","ruleId":"custom-errors","fix":null,"filePath":"Benchmarks/Study_SamplesSet/eb8f531bdd6151db0e60f045fce86d1a.sol"},{"line":257,"column":9,"severity":"Error","message":"Explicitly mark all external contracts as trusted or untrusted","ruleId":"mark-callable-contracts","filePath":"Benchmarks/Study_SamplesSet/eb8f531bdd6151db0e60f045fce86d1a.sol"},{"line":270,"column":9,"severity":"Warning","message":"Provide an error message for require","ruleId":"reason-string","fix":null,"filePath":"Benchmarks/Study_SamplesSet/eb8f531bdd6151db0e60f045fce86d1a.sol"},{"line":270,"column":9,"severity":"Warning","message":"Use Custom Errors instead of require statements","ruleId":"custom-errors","fix":null,"filePath":"Benchmarks/Study_SamplesSet/eb8f531bdd6151db0e60f045fce86d1a.sol"},{"line":271,"column":9,"severity":"Warning","message":"Provide an error message for require","ruleId":"reason-string","fix":null,"filePath":"Benchmarks/Study_SamplesSet/eb8f531bdd6151db0e60f045fce86d1a.sol"},{"line":271,"column":9,"severity":"Warning","message":"Use Custom Errors instead of require statements","ruleId":"custom-errors","fix":null,"filePath":"Benchmarks/Study_SamplesSet/eb8f531bdd6151db0e60f045fce86d1a.sol"},{"line":275,"column":9,"severity":"Error","message":"Explicitly mark all external contracts as trusted or untrusted","ruleId":"mark-callable-contracts","filePath":"Benchmarks/Study_SamplesSet/eb8f531bdd6151db0e60f045fce86d1a.sol"},{"line":279,"column":3,"severity":"Error","message":"Explicitly mark visibility in function","ruleId":"func-visibility","fix":null,"filePath":"Benchmarks/Study_SamplesSet/eb8f531bdd6151db0e60f045fce86d1a.sol"},{"line":287,"column":7,"severity":"Error","message":"Explicitly mark all external contracts as trusted or untrusted","ruleId":"mark-callable-contracts","filePath":"Benchmarks/Study_SamplesSet/eb8f531bdd6151db0e60f045fce86d1a.sol"},{"line":292,"column":3,"severity":"Error","message":"Explicitly mark visibility in function","ruleId":"func-visibility","fix":null,"filePath":"Benchmarks/Study_SamplesSet/eb8f531bdd6151db0e60f045fce86d1a.sol"},{"line":299,"column":7,"severity":"Error","message":"Explicitly mark all external contracts as trusted or untrusted","ruleId":"mark-callable-contracts","filePath":"Benchmarks/Study_SamplesSet/eb8f531bdd6151db0e60f045fce86d1a.sol"},{"line":304,"column":3,"severity":"Error","message":"Explicitly mark visibility in function","ruleId":"func-visibility","fix":null,"filePath":"Benchmarks/Study_SamplesSet/eb8f531bdd6151db0e60f045fce86d1a.sol"},{"line":308,"column":3,"severity":"Error","message":"Explicitly mark visibility in function","ruleId":"func-visibility","fix":null,"filePath":"Benchmarks/Study_SamplesSet/eb8f531bdd6151db0e60f045fce86d1a.sol"},{"line":310,"column":5,"severity":"Error","message":"Explicitly mark all external contracts as trusted or untrusted","ruleId":"mark-callable-contracts","filePath":"Benchmarks/Study_SamplesSet/eb8f531bdd6151db0e60f045fce86d1a.sol"},{"line":314,"column":3,"severity":"Error","message":"Explicitly mark visibility in function","ruleId":"func-visibility","fix":null,"filePath":"Benchmarks/Study_SamplesSet/eb8f531bdd6151db0e60f045fce86d1a.sol"},{"line":320,"column":27,"severity":"Warning","message":"Visibility modifier must be first in list of modifiers","ruleId":"visibility-modifier-order","fix":null,"filePath":"Benchmarks/Study_SamplesSet/eb8f531bdd6151db0e60f045fce86d1a.sol"},{"line":324,"column":10,"severity":"Error","message":"\"throw\" is deprecated, avoid to use it","ruleId":"avoid-throw","filePath":"Benchmarks/Study_SamplesSet/eb8f531bdd6151db0e60f045fce86d1a.sol"},{"line":332,"column":3,"severity":"Error","message":"Explicitly mark visibility in function","ruleId":"func-visibility","fix":null,"filePath":"Benchmarks/Study_SamplesSet/eb8f531bdd6151db0e60f045fce86d1a.sol"},{"line":335,"column":7,"severity":"Error","message":"\"throw\" is deprecated, avoid to use it","ruleId":"avoid-throw","filePath":"Benchmarks/Study_SamplesSet/eb8f531bdd6151db0e60f045fce86d1a.sol"},{"line":340,"column":5,"severity":"Error","message":"Explicitly mark all external contracts as trusted or untrusted","ruleId":"mark-callable-contracts","filePath":"Benchmarks/Study_SamplesSet/eb8f531bdd6151db0e60f045fce86d1a.sol"},{"line":343,"column":1,"severity":"Error","message":"Explicitly mark visibility in function","ruleId":"func-visibility","fix":null,"filePath":"Benchmarks/Study_SamplesSet/eb8f531bdd6151db0e60f045fce86d1a.sol"},{"line":343,"column":46,"severity":"Warning","message":"Rule is set with explicit type [var/s: int]","ruleId":"explicit-types","filePath":"Benchmarks/Study_SamplesSet/eb8f531bdd6151db0e60f045fce86d1a.sol"},{"line":346,"column":7,"severity":"Error","message":"\"throw\" is deprecated, avoid to use it","ruleId":"avoid-throw","filePath":"Benchmarks/Study_SamplesSet/eb8f531bdd6151db0e60f045fce86d1a.sol"},{"line":348,"column":21,"severity":"Error","message":"Explicitly mark all external contracts as trusted or untrusted","ruleId":"mark-callable-contracts","filePath":"Benchmarks/Study_SamplesSet/eb8f531bdd6151db0e60f045fce86d1a.sol"},{"line":349,"column":21,"severity":"Error","message":"Explicitly mark all external contracts as trusted or untrusted","ruleId":"mark-callable-contracts","filePath":"Benchmarks/Study_SamplesSet/eb8f531bdd6151db0e60f045fce86d1a.sol"},{"line":350,"column":21,"severity":"Error","message":"Explicitly mark all external contracts as trusted or untrusted","ruleId":"mark-callable-contracts","filePath":"Benchmarks/Study_SamplesSet/eb8f531bdd6151db0e60f045fce86d1a.sol"},{"line":351,"column":21,"severity":"Error","message":"Explicitly mark all external contracts as trusted or untrusted","ruleId":"mark-callable-contracts","filePath":"Benchmarks/Study_SamplesSet/eb8f531bdd6151db0e60f045fce86d1a.sol"},{"line":354,"column":3,"severity":"Warning","message":"Function name must be in mixedCase","ruleId":"func-name-mixedcase","fix":null,"filePath":"Benchmarks/Study_SamplesSet/eb8f531bdd6151db0e60f045fce86d1a.sol"},{"line":355,"column":9,"severity":"Error","message":"Use double quotes for string literals","ruleId":"quotes","filePath":"Benchmarks/Study_SamplesSet/eb8f531bdd6151db0e60f045fce86d1a.sol"},{"line":360,"column":2,"severity":"Error","message":"Explicitly mark visibility in function","ruleId":"func-visibility","fix":null,"filePath":"Benchmarks/Study_SamplesSet/eb8f531bdd6151db0e60f045fce86d1a.sol"},{"line":360,"column":23,"severity":"Warning","message":"Variable name must be in mixedCase","ruleId":"var-name-mixedcase","fix":null,"filePath":"Benchmarks/Study_SamplesSet/eb8f531bdd6151db0e60f045fce86d1a.sol"},{"line":360,"column":71,"severity":"Warning","message":"Rule is set with explicit type [var/s: uint]","ruleId":"explicit-types","filePath":"Benchmarks/Study_SamplesSet/eb8f531bdd6151db0e60f045fce86d1a.sol"},{"line":362,"column":3,"severity":"Error","message":"\"throw\" is deprecated, avoid to use it","ruleId":"avoid-throw","filePath":"Benchmarks/Study_SamplesSet/eb8f531bdd6151db0e60f045fce86d1a.sol"},{"line":365,"column":20,"severity":"Error","message":"Explicitly mark all external contracts as trusted or untrusted","ruleId":"mark-callable-contracts","filePath":"Benchmarks/Study_SamplesSet/eb8f531bdd6151db0e60f045fce86d1a.sol"},{"line":365,"column":34,"severity":"Error","message":"Explicitly mark all external contracts as trusted or untrusted","ruleId":"mark-callable-contracts","filePath":"Benchmarks/Study_SamplesSet/eb8f531bdd6151db0e60f045fce86d1a.sol"},{"line":373,"column":1,"severity":"Warning","message":"Rule is set with explicit type [var/s: uint]","ruleId":"explicit-types","filePath":"Benchmarks/Study_SamplesSet/eb8f531bdd6151db0e60f045fce86d1a.sol"},{"line":374,"column":1,"severity":"Warning","message":"Rule is set with explicit type [var/s: uint]","ruleId":"explicit-types","filePath":"Benchmarks/Study_SamplesSet/eb8f531bdd6151db0e60f045fce86d1a.sol"},{"line":375,"column":1,"severity":"Warning","message":"Rule is set with explicit type [var/s: uint]","ruleId":"explicit-types","filePath":"Benchmarks/Study_SamplesSet/eb8f531bdd6151db0e60f045fce86d1a.sol"},{"line":375,"column":1,"severity":"Warning","message":"Variable name must be in mixedCase","ruleId":"var-name-mixedcase","fix":null,"filePath":"Benchmarks/Study_SamplesSet/eb8f531bdd6151db0e60f045fce86d1a.sol"},{"line":376,"column":4,"severity":"Warning","message":"Constant name must be in capitalized SNAKE_CASE","ruleId":"const-name-snakecase","fix":null,"filePath":"Benchmarks/Study_SamplesSet/eb8f531bdd6151db0e60f045fce86d1a.sol"},{"line":381,"column":9,"severity":"Error","message":"Explicitly mark visibility in function","ruleId":"func-visibility","fix":null,"filePath":"Benchmarks/Study_SamplesSet/eb8f531bdd6151db0e60f045fce86d1a.sol"},{"line":383,"column":23,"severity":"Error","message":"\"throw\" is deprecated, avoid to use it","ruleId":"avoid-throw","filePath":"Benchmarks/Study_SamplesSet/eb8f531bdd6151db0e60f045fce86d1a.sol"},{"line":386,"column":29,"severity":"Error","message":"\"throw\" is deprecated, avoid to use it","ruleId":"avoid-throw","filePath":"Benchmarks/Study_SamplesSet/eb8f531bdd6151db0e60f045fce86d1a.sol"},{"line":389,"column":11,"severity":"Error","message":"\"throw\" is deprecated, avoid to use it","ruleId":"avoid-throw","filePath":"Benchmarks/Study_SamplesSet/eb8f531bdd6151db0e60f045fce86d1a.sol"},{"line":406,"column":9,"severity":"Error","message":"Explicitly mark all external contracts as trusted or untrusted","ruleId":"mark-callable-contracts","filePath":"Benchmarks/Study_SamplesSet/eb8f531bdd6151db0e60f045fce86d1a.sol"},{"line":415,"column":9,"severity":"Error","message":"Explicitly mark all external contracts as trusted or untrusted","ruleId":"mark-callable-contracts","filePath":"Benchmarks/Study_SamplesSet/eb8f531bdd6151db0e60f045fce86d1a.sol"},{"line":418,"column":2,"severity":"Error","message":"Explicitly mark visibility in function","ruleId":"func-visibility","fix":null,"filePath":"Benchmarks/Study_SamplesSet/eb8f531bdd6151db0e60f045fce86d1a.sol"},{"line":418,"column":32,"severity":"Warning","message":"Rule is set with explicit type [var/s: uint]","ruleId":"explicit-types","filePath":"Benchmarks/Study_SamplesSet/eb8f531bdd6151db0e60f045fce86d1a.sol"},{"line":421,"column":2,"severity":"Error","message":"Explicitly mark all external contracts as trusted or untrusted","ruleId":"mark-callable-contracts","filePath":"Benchmarks/Study_SamplesSet/eb8f531bdd6151db0e60f045fce86d1a.sol"},{"line":425,"column":5,"severity":"Warning","message":"Function name must be in mixedCase","ruleId":"func-name-mixedcase","fix":null,"filePath":"Benchmarks/Study_SamplesSet/eb8f531bdd6151db0e60f045fce86d1a.sol"},{"line":426,"column":20,"severity":"Error","message":"\"throw\" is deprecated, avoid to use it","ruleId":"avoid-throw","filePath":"Benchmarks/Study_SamplesSet/eb8f531bdd6151db0e60f045fce86d1a.sol"},{"line":427,"column":36,"severity":"Error","message":"\"throw\" is deprecated, avoid to use it","ruleId":"avoid-throw","filePath":"Benchmarks/Study_SamplesSet/eb8f531bdd6151db0e60f045fce86d1a.sol"},{"line":430,"column":5,"severity":"Warning","message":"Function name must be in mixedCase","ruleId":"func-name-mixedcase","fix":null,"filePath":"Benchmarks/Study_SamplesSet/eb8f531bdd6151db0e60f045fce86d1a.sol"},{"line":430,"column":35,"severity":"Warning","message":"Rule is set with explicit type [var/s: uint]","ruleId":"explicit-types","filePath":"Benchmarks/Study_SamplesSet/eb8f531bdd6151db0e60f045fce86d1a.sol"},{"line":430,"column":35,"severity":"Warning","message":"Variable name must be in mixedCase","ruleId":"var-name-mixedcase","fix":null,"filePath":"Benchmarks/Study_SamplesSet/eb8f531bdd6151db0e60f045fce86d1a.sol"},{"line":431,"column":33,"severity":"Error","message":"\"throw\" is deprecated, avoid to use it","ruleId":"avoid-throw","filePath":"Benchmarks/Study_SamplesSet/eb8f531bdd6151db0e60f045fce86d1a.sol"},{"line":432,"column":9,"severity":"Error","message":"Check result of \"send\" call","ruleId":"check-send-result","fix":null,"filePath":"Benchmarks/Study_SamplesSet/eb8f531bdd6151db0e60f045fce86d1a.sol"},{"line":432,"column":35,"severity":"Error","message":"Explicitly mark all external contracts as trusted or untrusted","ruleId":"mark-callable-contracts","filePath":"Benchmarks/Study_SamplesSet/eb8f531bdd6151db0e60f045fce86d1a.sol"},{"line":435,"column":33,"severity":"Error","message":"\"throw\" is deprecated, avoid to use it","ruleId":"avoid-throw","filePath":"Benchmarks/Study_SamplesSet/eb8f531bdd6151db0e60f045fce86d1a.sol"},{"line":440,"column":33,"severity":"Error","message":"\"throw\" is deprecated, avoid to use it","ruleId":"avoid-throw","filePath":"Benchmarks/Study_SamplesSet/eb8f531bdd6151db0e60f045fce86d1a.sol"},{"line":444,"column":43,"severity":"Error","message":"\"throw\" is deprecated, avoid to use it","ruleId":"avoid-throw","filePath":"Benchmarks/Study_SamplesSet/eb8f531bdd6151db0e60f045fce86d1a.sol"},{"line":451,"column":56,"severity":"Error","message":"\"throw\" is deprecated, avoid to use it","ruleId":"avoid-throw","filePath":"Benchmarks/Study_SamplesSet/eb8f531bdd6151db0e60f045fce86d1a.sol"},{"line":457,"column":3,"severity":"Error","message":"Check result of \"send\" call","ruleId":"check-send-result","fix":null,"filePath":"Benchmarks/Study_SamplesSet/eb8f531bdd6151db0e60f045fce86d1a.sol"},{"line":461,"column":27,"severity":"Error","message":"\"throw\" is deprecated, avoid to use it","ruleId":"avoid-throw","filePath":"Benchmarks/Study_SamplesSet/eb8f531bdd6151db0e60f045fce86d1a.sol"},{"line":465,"column":26,"severity":"Error","message":"\"throw\" is deprecated, avoid to use it","ruleId":"avoid-throw","filePath":"Benchmarks/Study_SamplesSet/eb8f531bdd6151db0e60f045fce86d1a.sol"},{"line":466,"column":44,"severity":"Error","message":"\"throw\" is deprecated, avoid to use it","ruleId":"avoid-throw","filePath":"Benchmarks/Study_SamplesSet/eb8f531bdd6151db0e60f045fce86d1a.sol"},{"line":471,"column":9,"severity":"Error","message":"Explicitly mark all external contracts as trusted or untrusted","ruleId":"mark-callable-contracts","filePath":"Benchmarks/Study_SamplesSet/eb8f531bdd6151db0e60f045fce86d1a.sol"},{"line":472,"column":9,"severity":"Error","message":"Explicitly mark all external contracts as trusted or untrusted","ruleId":"mark-callable-contracts","filePath":"Benchmarks/Study_SamplesSet/eb8f531bdd6151db0e60f045fce86d1a.sol"},{"line":477,"column":22,"severity":"Error","message":"\"throw\" is deprecated, avoid to use it","ruleId":"avoid-throw","filePath":"Benchmarks/Study_SamplesSet/eb8f531bdd6151db0e60f045fce86d1a.sol"},{"line":478,"column":27,"severity":"Error","message":"\"throw\" is deprecated, avoid to use it","ruleId":"avoid-throw","filePath":"Benchmarks/Study_SamplesSet/eb8f531bdd6151db0e60f045fce86d1a.sol"},{"line":480,"column":9,"severity":"Warning","message":"Variable name must be in mixedCase","ruleId":"var-name-mixedcase","fix":null,"filePath":"Benchmarks/Study_SamplesSet/eb8f531bdd6151db0e60f045fce86d1a.sol"},{"line":481,"column":9,"severity":"Warning","message":"Variable name must be in mixedCase","ruleId":"var-name-mixedcase","fix":null,"filePath":"Benchmarks/Study_SamplesSet/eb8f531bdd6151db0e60f045fce86d1a.sol"},{"line":482,"column":28,"severity":"Error","message":"\"throw\" is deprecated, avoid to use it","ruleId":"avoid-throw","filePath":"Benchmarks/Study_SamplesSet/eb8f531bdd6151db0e60f045fce86d1a.sol"},{"line":484,"column":24,"severity":"Error","message":"Explicitly mark all external contracts as trusted or untrusted","ruleId":"mark-callable-contracts","filePath":"Benchmarks/Study_SamplesSet/eb8f531bdd6151db0e60f045fce86d1a.sol"},{"line":486,"column":9,"severity":"Error","message":"Explicitly mark all external contracts as trusted or untrusted","ruleId":"mark-callable-contracts","filePath":"Benchmarks/Study_SamplesSet/eb8f531bdd6151db0e60f045fce86d1a.sol"},{"line":486,"column":28,"severity":"Error","message":"Explicitly mark all external contracts as trusted or untrusted","ruleId":"mark-callable-contracts","filePath":"Benchmarks/Study_SamplesSet/eb8f531bdd6151db0e60f045fce86d1a.sol"},{"line":487,"column":29,"severity":"Error","message":"Explicitly mark all external contracts as trusted or untrusted","ruleId":"mark-callable-contracts","filePath":"Benchmarks/Study_SamplesSet/eb8f531bdd6151db0e60f045fce86d1a.sol"},{"line":491,"column":9,"severity":"Error","message":"Use double quotes for string literals","ruleId":"quotes","filePath":"Benchmarks/Study_SamplesSet/eb8f531bdd6151db0e60f045fce86d1a.sol"},{"conclusion":"156 problem/s (86 error/s, 70 warning/s)"}]
