[{"line":1,"column":1,"severity":"Warning","message":"Found more than One contract per file. 6 contracts found!","ruleId":"one-contract-per-file","fix":null,"filePath":"Benchmarks/Study_SamplesSet/eeb8a715772f7bb64bc4c900eb83b124.sol"},{"line":1,"column":1,"severity":"Error","message":"Compiler version ^0.4.18 does not satisfy the ^0.8.0 semver requirement","ruleId":"compiler-version","fix":null,"filePath":"Benchmarks/Study_SamplesSet/eeb8a715772f7bb64bc4c900eb83b124.sol"},{"line":48,"column":5,"severity":"Error","message":"Explicitly mark visibility in function (Set ignoreConstructors to true if using solidity >=0.7.0)","ruleId":"func-visibility","fix":null,"filePath":"Benchmarks/Study_SamplesSet/eeb8a715772f7bb64bc4c900eb83b124.sol"},{"line":57,"column":9,"severity":"Warning","message":"Provide an error message for require","ruleId":"reason-string","fix":null,"filePath":"Benchmarks/Study_SamplesSet/eeb8a715772f7bb64bc4c900eb83b124.sol"},{"line":57,"column":9,"severity":"Warning","message":"Use Custom Errors instead of require statements","ruleId":"custom-errors","fix":null,"filePath":"Benchmarks/Study_SamplesSet/eeb8a715772f7bb64bc4c900eb83b124.sol"},{"line":66,"column":5,"severity":"Error","message":"Explicitly mark visibility in function","ruleId":"func-visibility","fix":null,"filePath":"Benchmarks/Study_SamplesSet/eeb8a715772f7bb64bc4c900eb83b124.sol"},{"line":67,"column":9,"severity":"Warning","message":"Provide an error message for require","ruleId":"reason-string","fix":null,"filePath":"Benchmarks/Study_SamplesSet/eeb8a715772f7bb64bc4c900eb83b124.sol"},{"line":67,"column":9,"severity":"Warning","message":"Use Custom Errors instead of require statements","ruleId":"custom-errors","fix":null,"filePath":"Benchmarks/Study_SamplesSet/eeb8a715772f7bb64bc4c900eb83b124.sol"},{"line":81,"column":5,"severity":"Error","message":"Explicitly mark visibility in function","ruleId":"func-visibility","fix":null,"filePath":"Benchmarks/Study_SamplesSet/eeb8a715772f7bb64bc4c900eb83b124.sol"},{"line":82,"column":5,"severity":"Error","message":"Explicitly mark visibility in function","ruleId":"func-visibility","fix":null,"filePath":"Benchmarks/Study_SamplesSet/eeb8a715772f7bb64bc4c900eb83b124.sol"},{"line":92,"column":5,"severity":"Error","message":"Explicitly mark visibility in function","ruleId":"func-visibility","fix":null,"filePath":"Benchmarks/Study_SamplesSet/eeb8a715772f7bb64bc4c900eb83b124.sol"},{"line":93,"column":5,"severity":"Error","message":"Explicitly mark visibility in function","ruleId":"func-visibility","fix":null,"filePath":"Benchmarks/Study_SamplesSet/eeb8a715772f7bb64bc4c900eb83b124.sol"},{"line":94,"column":5,"severity":"Error","message":"Explicitly mark visibility in function","ruleId":"func-visibility","fix":null,"filePath":"Benchmarks/Study_SamplesSet/eeb8a715772f7bb64bc4c900eb83b124.sol"},{"line":107,"column":5,"severity":"Error","message":"Explicitly mark visibility in function","ruleId":"func-visibility","fix":null,"filePath":"Benchmarks/Study_SamplesSet/eeb8a715772f7bb64bc4c900eb83b124.sol"},{"line":108,"column":5,"severity":"Error","message":"Explicitly mark visibility in function","ruleId":"func-visibility","fix":null,"filePath":"Benchmarks/Study_SamplesSet/eeb8a715772f7bb64bc4c900eb83b124.sol"},{"line":109,"column":5,"severity":"Error","message":"Explicitly mark visibility in function","ruleId":"func-visibility","fix":null,"filePath":"Benchmarks/Study_SamplesSet/eeb8a715772f7bb64bc4c900eb83b124.sol"},{"line":110,"column":5,"severity":"Error","message":"Explicitly mark visibility in function","ruleId":"func-visibility","fix":null,"filePath":"Benchmarks/Study_SamplesSet/eeb8a715772f7bb64bc4c900eb83b124.sol"},{"line":111,"column":42,"severity":"Warning","message":"Rule is set with explicit type [var/s: uint]","ruleId":"explicit-types","filePath":"Benchmarks/Study_SamplesSet/eeb8a715772f7bb64bc4c900eb83b124.sol"},{"line":120,"column":5,"severity":"Warning","message":"Rule is set with explicit type [var/s: uint]","ruleId":"explicit-types","filePath":"Benchmarks/Study_SamplesSet/eeb8a715772f7bb64bc4c900eb83b124.sol"},{"line":122,"column":5,"severity":"Warning","message":"Rule is set with explicit type [var/s: uint]","ruleId":"explicit-types","filePath":"Benchmarks/Study_SamplesSet/eeb8a715772f7bb64bc4c900eb83b124.sol"},{"line":123,"column":5,"severity":"Warning","message":"Rule is set with explicit type [var/s: uint]","ruleId":"explicit-types","filePath":"Benchmarks/Study_SamplesSet/eeb8a715772f7bb64bc4c900eb83b124.sol"},{"line":124,"column":5,"severity":"Warning","message":"Rule is set with explicit type [var/s: uint]","ruleId":"explicit-types","filePath":"Benchmarks/Study_SamplesSet/eeb8a715772f7bb64bc4c900eb83b124.sol"},{"line":125,"column":5,"severity":"Warning","message":"Rule is set with explicit type [var/s: uint]","ruleId":"explicit-types","filePath":"Benchmarks/Study_SamplesSet/eeb8a715772f7bb64bc4c900eb83b124.sol"},{"line":126,"column":5,"severity":"Warning","message":"Rule is set with explicit type [var/s: uint]","ruleId":"explicit-types","filePath":"Benchmarks/Study_SamplesSet/eeb8a715772f7bb64bc4c900eb83b124.sol"},{"line":127,"column":5,"severity":"Warning","message":"Rule is set with explicit type [var/s: uint]","ruleId":"explicit-types","filePath":"Benchmarks/Study_SamplesSet/eeb8a715772f7bb64bc4c900eb83b124.sol"},{"line":129,"column":5,"severity":"Warning","message":"Rule is set with explicit type [var/s: uint]","ruleId":"explicit-types","filePath":"Benchmarks/Study_SamplesSet/eeb8a715772f7bb64bc4c900eb83b124.sol"},{"line":130,"column":5,"severity":"Warning","message":"Rule is set with explicit type [var/s: uint]","ruleId":"explicit-types","filePath":"Benchmarks/Study_SamplesSet/eeb8a715772f7bb64bc4c900eb83b124.sol"},{"line":131,"column":5,"severity":"Warning","message":"Rule is set with explicit type [var/s: uint]","ruleId":"explicit-types","filePath":"Benchmarks/Study_SamplesSet/eeb8a715772f7bb64bc4c900eb83b124.sol"},{"line":133,"column":5,"severity":"Warning","message":"Contract, Structs and Enums should be in CamelCase","ruleId":"contract-name-camelcase","filePath":"Benchmarks/Study_SamplesSet/eeb8a715772f7bb64bc4c900eb83b124.sol"},{"line":138,"column":5,"severity":"Error","message":"Explicitly mark visibility of state","ruleId":"state-visibility","fix":null,"filePath":"Benchmarks/Study_SamplesSet/eeb8a715772f7bb64bc4c900eb83b124.sol"},{"line":139,"column":5,"severity":"Error","message":"Explicitly mark visibility of state","ruleId":"state-visibility","fix":null,"filePath":"Benchmarks/Study_SamplesSet/eeb8a715772f7bb64bc4c900eb83b124.sol"},{"line":140,"column":5,"severity":"Error","message":"Explicitly mark visibility of state","ruleId":"state-visibility","fix":null,"filePath":"Benchmarks/Study_SamplesSet/eeb8a715772f7bb64bc4c900eb83b124.sol"},{"line":147,"column":30,"severity":"Warning","message":"Rule is set with explicit type [var/s: uint]","ruleId":"explicit-types","filePath":"Benchmarks/Study_SamplesSet/eeb8a715772f7bb64bc4c900eb83b124.sol"},{"line":148,"column":9,"severity":"Warning","message":"Provide an error message for require","ruleId":"reason-string","fix":null,"filePath":"Benchmarks/Study_SamplesSet/eeb8a715772f7bb64bc4c900eb83b124.sol"},{"line":148,"column":9,"severity":"Warning","message":"Use Custom Errors instead of require statements","ruleId":"custom-errors","fix":null,"filePath":"Benchmarks/Study_SamplesSet/eeb8a715772f7bb64bc4c900eb83b124.sol"},{"line":153,"column":9,"severity":"Warning","message":"Provide an error message for require","ruleId":"reason-string","fix":null,"filePath":"Benchmarks/Study_SamplesSet/eeb8a715772f7bb64bc4c900eb83b124.sol"},{"line":153,"column":9,"severity":"Warning","message":"Use Custom Errors instead of require statements","ruleId":"custom-errors","fix":null,"filePath":"Benchmarks/Study_SamplesSet/eeb8a715772f7bb64bc4c900eb83b124.sol"},{"line":157,"column":5,"severity":"Error","message":"Explicitly mark visibility in function (Set ignoreConstructors to true if using solidity >=0.7.0)","ruleId":"func-visibility","fix":null,"filePath":"Benchmarks/Study_SamplesSet/eeb8a715772f7bb64bc4c900eb83b124.sol"},{"line":161,"column":26,"severity":"Error","message":"Avoid making time-based decisions in your business logic","ruleId":"not-rely-on-time","fix":null,"filePath":"Benchmarks/Study_SamplesSet/eeb8a715772f7bb64bc4c900eb83b124.sol"},{"line":168,"column":5,"severity":"Error","message":"Explicitly mark visibility in function","ruleId":"func-visibility","fix":null,"filePath":"Benchmarks/Study_SamplesSet/eeb8a715772f7bb64bc4c900eb83b124.sol"},{"line":172,"column":9,"severity":"Error","message":"Explicitly mark all external contracts as trusted or untrusted","ruleId":"mark-callable-contracts","filePath":"Benchmarks/Study_SamplesSet/eeb8a715772f7bb64bc4c900eb83b124.sol"},{"line":174,"column":30,"severity":"Error","message":"Avoid making time-based decisions in your business logic","ruleId":"not-rely-on-time","fix":null,"filePath":"Benchmarks/Study_SamplesSet/eeb8a715772f7bb64bc4c900eb83b124.sol"},{"line":180,"column":5,"severity":"Error","message":"Explicitly mark visibility in function","ruleId":"func-visibility","fix":null,"filePath":"Benchmarks/Study_SamplesSet/eeb8a715772f7bb64bc4c900eb83b124.sol"},{"line":184,"column":5,"severity":"Error","message":"Explicitly mark visibility in function","ruleId":"func-visibility","fix":null,"filePath":"Benchmarks/Study_SamplesSet/eeb8a715772f7bb64bc4c900eb83b124.sol"},{"line":185,"column":9,"severity":"Warning","message":"Provide an error message for require","ruleId":"reason-string","fix":null,"filePath":"Benchmarks/Study_SamplesSet/eeb8a715772f7bb64bc4c900eb83b124.sol"},{"line":185,"column":9,"severity":"Warning","message":"Use Custom Errors instead of require statements","ruleId":"custom-errors","fix":null,"filePath":"Benchmarks/Study_SamplesSet/eeb8a715772f7bb64bc4c900eb83b124.sol"},{"line":195,"column":9,"severity":"Error","message":"Explicitly mark all external contracts as trusted or untrusted","ruleId":"mark-callable-contracts","filePath":"Benchmarks/Study_SamplesSet/eeb8a715772f7bb64bc4c900eb83b124.sol"},{"line":197,"column":30,"severity":"Error","message":"Avoid making time-based decisions in your business logic","ruleId":"not-rely-on-time","fix":null,"filePath":"Benchmarks/Study_SamplesSet/eeb8a715772f7bb64bc4c900eb83b124.sol"},{"line":203,"column":5,"severity":"Error","message":"Explicitly mark visibility in function","ruleId":"func-visibility","fix":null,"filePath":"Benchmarks/Study_SamplesSet/eeb8a715772f7bb64bc4c900eb83b124.sol"},{"line":204,"column":9,"severity":"Warning","message":"Provide an error message for require","ruleId":"reason-string","fix":null,"filePath":"Benchmarks/Study_SamplesSet/eeb8a715772f7bb64bc4c900eb83b124.sol"},{"line":204,"column":9,"severity":"Warning","message":"Use Custom Errors instead of require statements","ruleId":"custom-errors","fix":null,"filePath":"Benchmarks/Study_SamplesSet/eeb8a715772f7bb64bc4c900eb83b124.sol"},{"line":207,"column":9,"severity":"Error","message":"Explicitly mark all external contracts as trusted or untrusted","ruleId":"mark-callable-contracts","filePath":"Benchmarks/Study_SamplesSet/eeb8a715772f7bb64bc4c900eb83b124.sol"},{"line":211,"column":5,"severity":"Error","message":"Explicitly mark visibility in function","ruleId":"func-visibility","fix":null,"filePath":"Benchmarks/Study_SamplesSet/eeb8a715772f7bb64bc4c900eb83b124.sol"},{"line":215,"column":5,"severity":"Error","message":"Explicitly mark visibility in function","ruleId":"func-visibility","fix":null,"filePath":"Benchmarks/Study_SamplesSet/eeb8a715772f7bb64bc4c900eb83b124.sol"},{"line":219,"column":9,"severity":"Warning","message":"Rule is set with explicit type [var/s: uint]","ruleId":"explicit-types","filePath":"Benchmarks/Study_SamplesSet/eeb8a715772f7bb64bc4c900eb83b124.sol"},{"line":225,"column":92,"severity":"Error","message":"Avoid making time-based decisions in your business logic","ruleId":"not-rely-on-time","fix":null,"filePath":"Benchmarks/Study_SamplesSet/eeb8a715772f7bb64bc4c900eb83b124.sol"},{"line":227,"column":9,"severity":"Error","message":"Explicitly mark all external contracts as trusted or untrusted","ruleId":"mark-callable-contracts","filePath":"Benchmarks/Study_SamplesSet/eeb8a715772f7bb64bc4c900eb83b124.sol"},{"line":231,"column":5,"severity":"Error","message":"Explicitly mark visibility in function","ruleId":"func-visibility","fix":null,"filePath":"Benchmarks/Study_SamplesSet/eeb8a715772f7bb64bc4c900eb83b124.sol"},{"line":231,"column":40,"severity":"Warning","message":"Rule is set with explicit type [var/s: uint]","ruleId":"explicit-types","filePath":"Benchmarks/Study_SamplesSet/eeb8a715772f7bb64bc4c900eb83b124.sol"},{"line":235,"column":5,"severity":"Error","message":"Explicitly mark visibility in function","ruleId":"func-visibility","fix":null,"filePath":"Benchmarks/Study_SamplesSet/eeb8a715772f7bb64bc4c900eb83b124.sol"},{"line":235,"column":42,"severity":"Warning","message":"Rule is set with explicit type [var/s: uint]","ruleId":"explicit-types","filePath":"Benchmarks/Study_SamplesSet/eeb8a715772f7bb64bc4c900eb83b124.sol"},{"line":236,"column":43,"severity":"Error","message":"Avoid making time-based decisions in your business logic","ruleId":"not-rely-on-time","fix":null,"filePath":"Benchmarks/Study_SamplesSet/eeb8a715772f7bb64bc4c900eb83b124.sol"},{"line":239,"column":5,"severity":"Error","message":"Explicitly mark visibility in function","ruleId":"func-visibility","fix":null,"filePath":"Benchmarks/Study_SamplesSet/eeb8a715772f7bb64bc4c900eb83b124.sol"},{"line":239,"column":43,"severity":"Warning","message":"Rule is set with explicit type [var/s: uint]","ruleId":"explicit-types","filePath":"Benchmarks/Study_SamplesSet/eeb8a715772f7bb64bc4c900eb83b124.sol"},{"line":245,"column":5,"severity":"Error","message":"Explicitly mark visibility in function","ruleId":"func-visibility","fix":null,"filePath":"Benchmarks/Study_SamplesSet/eeb8a715772f7bb64bc4c900eb83b124.sol"},{"line":245,"column":48,"severity":"Warning","message":"Rule is set with explicit type [var/s: uint]","ruleId":"explicit-types","filePath":"Benchmarks/Study_SamplesSet/eeb8a715772f7bb64bc4c900eb83b124.sol"},{"line":246,"column":9,"severity":"Warning","message":"Rule is set with explicit type [var/s: uint]","ruleId":"explicit-types","filePath":"Benchmarks/Study_SamplesSet/eeb8a715772f7bb64bc4c900eb83b124.sol"},{"line":246,"column":21,"severity":"Error","message":"Avoid making time-based decisions in your business logic","ruleId":"not-rely-on-time","fix":null,"filePath":"Benchmarks/Study_SamplesSet/eeb8a715772f7bb64bc4c900eb83b124.sol"},{"line":246,"column":9,"severity":"Warning","message":"Variable \"_now\" is unused","ruleId":"no-unused-vars","fix":null,"filePath":"Benchmarks/Study_SamplesSet/eeb8a715772f7bb64bc4c900eb83b124.sol"},{"line":251,"column":72,"severity":"Warning","message":"Rule is set with explicit type [var/s: uint]","ruleId":"explicit-types","filePath":"Benchmarks/Study_SamplesSet/eeb8a715772f7bb64bc4c900eb83b124.sol"},{"line":252,"column":9,"severity":"Warning","message":"Provide an error message for require","ruleId":"reason-string","fix":null,"filePath":"Benchmarks/Study_SamplesSet/eeb8a715772f7bb64bc4c900eb83b124.sol"},{"line":252,"column":9,"severity":"Warning","message":"Use Custom Errors instead of require statements","ruleId":"custom-errors","fix":null,"filePath":"Benchmarks/Study_SamplesSet/eeb8a715772f7bb64bc4c900eb83b124.sol"},{"line":252,"column":19,"severity":"Error","message":"Avoid making time-based decisions in your business logic","ruleId":"not-rely-on-time","fix":null,"filePath":"Benchmarks/Study_SamplesSet/eeb8a715772f7bb64bc4c900eb83b124.sol"},{"line":254,"column":9,"severity":"Warning","message":"Rule is set with explicit type [var/s: uint]","ruleId":"explicit-types","filePath":"Benchmarks/Study_SamplesSet/eeb8a715772f7bb64bc4c900eb83b124.sol"},{"line":254,"column":21,"severity":"Error","message":"Avoid making time-based decisions in your business logic","ruleId":"not-rely-on-time","fix":null,"filePath":"Benchmarks/Study_SamplesSet/eeb8a715772f7bb64bc4c900eb83b124.sol"},{"line":255,"column":9,"severity":"Warning","message":"Rule is set with explicit type [var/s: uint]","ruleId":"explicit-types","filePath":"Benchmarks/Study_SamplesSet/eeb8a715772f7bb64bc4c900eb83b124.sol"},{"line":258,"column":9,"severity":"Warning","message":"Rule is set with explicit type [var/s: uint]","ruleId":"explicit-types","filePath":"Benchmarks/Study_SamplesSet/eeb8a715772f7bb64bc4c900eb83b124.sol"},{"line":265,"column":43,"severity":"Warning","message":"Rule is set with explicit type [var/s: uint]","ruleId":"explicit-types","filePath":"Benchmarks/Study_SamplesSet/eeb8a715772f7bb64bc4c900eb83b124.sol"},{"line":265,"column":72,"severity":"Warning","message":"Rule is set with explicit type [var/s: uint]","ruleId":"explicit-types","filePath":"Benchmarks/Study_SamplesSet/eeb8a715772f7bb64bc4c900eb83b124.sol"},{"line":268,"column":14,"severity":"Warning","message":"Rule is set with explicit type [var/s: uint]","ruleId":"explicit-types","filePath":"Benchmarks/Study_SamplesSet/eeb8a715772f7bb64bc4c900eb83b124.sol"},{"line":271,"column":33,"severity":"Warning","message":"Rule is set with explicit type [var/s: uint]","ruleId":"explicit-types","filePath":"Benchmarks/Study_SamplesSet/eeb8a715772f7bb64bc4c900eb83b124.sol"},{"line":271,"column":13,"severity":"Warning","message":"Rule is set with explicit type [var/s: uint]","ruleId":"explicit-types","filePath":"Benchmarks/Study_SamplesSet/eeb8a715772f7bb64bc4c900eb83b124.sol"},{"line":274,"column":13,"severity":"Warning","message":"Rule is set with explicit type [var/s: uint]","ruleId":"explicit-types","filePath":"Benchmarks/Study_SamplesSet/eeb8a715772f7bb64bc4c900eb83b124.sol"},{"line":278,"column":5,"severity":"Error","message":"Explicitly mark visibility in function","ruleId":"func-visibility","fix":null,"filePath":"Benchmarks/Study_SamplesSet/eeb8a715772f7bb64bc4c900eb83b124.sol"},{"line":278,"column":37,"severity":"Warning","message":"Rule is set with explicit type [var/s: uint]","ruleId":"explicit-types","filePath":"Benchmarks/Study_SamplesSet/eeb8a715772f7bb64bc4c900eb83b124.sol"},{"line":279,"column":9,"severity":"Warning","message":"Provide an error message for require","ruleId":"reason-string","fix":null,"filePath":"Benchmarks/Study_SamplesSet/eeb8a715772f7bb64bc4c900eb83b124.sol"},{"line":279,"column":9,"severity":"Warning","message":"Use Custom Errors instead of require statements","ruleId":"custom-errors","fix":null,"filePath":"Benchmarks/Study_SamplesSet/eeb8a715772f7bb64bc4c900eb83b124.sol"},{"line":283,"column":5,"severity":"Error","message":"Explicitly mark visibility in function","ruleId":"func-visibility","fix":null,"filePath":"Benchmarks/Study_SamplesSet/eeb8a715772f7bb64bc4c900eb83b124.sol"},{"line":283,"column":29,"severity":"Warning","message":"Rule is set with explicit type [var/s: uint]","ruleId":"explicit-types","filePath":"Benchmarks/Study_SamplesSet/eeb8a715772f7bb64bc4c900eb83b124.sol"},{"line":284,"column":9,"severity":"Warning","message":"Provide an error message for require","ruleId":"reason-string","fix":null,"filePath":"Benchmarks/Study_SamplesSet/eeb8a715772f7bb64bc4c900eb83b124.sol"},{"line":284,"column":9,"severity":"Warning","message":"Use Custom Errors instead of require statements","ruleId":"custom-errors","fix":null,"filePath":"Benchmarks/Study_SamplesSet/eeb8a715772f7bb64bc4c900eb83b124.sol"},{"line":288,"column":92,"severity":"Error","message":"Avoid making time-based decisions in your business logic","ruleId":"not-rely-on-time","fix":null,"filePath":"Benchmarks/Study_SamplesSet/eeb8a715772f7bb64bc4c900eb83b124.sol"},{"line":294,"column":9,"severity":"Error","message":"Explicitly mark all external contracts as trusted or untrusted","ruleId":"mark-callable-contracts","filePath":"Benchmarks/Study_SamplesSet/eeb8a715772f7bb64bc4c900eb83b124.sol"},{"line":298,"column":5,"severity":"Error","message":"Explicitly mark visibility in function","ruleId":"func-visibility","fix":null,"filePath":"Benchmarks/Study_SamplesSet/eeb8a715772f7bb64bc4c900eb83b124.sol"},{"line":298,"column":51,"severity":"Warning","message":"Rule is set with explicit type [var/s: uint]","ruleId":"explicit-types","filePath":"Benchmarks/Study_SamplesSet/eeb8a715772f7bb64bc4c900eb83b124.sol"},{"line":299,"column":9,"severity":"Warning","message":"Provide an error message for require","ruleId":"reason-string","fix":null,"filePath":"Benchmarks/Study_SamplesSet/eeb8a715772f7bb64bc4c900eb83b124.sol"},{"line":299,"column":9,"severity":"Warning","message":"Use Custom Errors instead of require statements","ruleId":"custom-errors","fix":null,"filePath":"Benchmarks/Study_SamplesSet/eeb8a715772f7bb64bc4c900eb83b124.sol"},{"line":301,"column":9,"severity":"Warning","message":"Rule is set with explicit type [var/s: uint]","ruleId":"explicit-types","filePath":"Benchmarks/Study_SamplesSet/eeb8a715772f7bb64bc4c900eb83b124.sol"},{"line":302,"column":13,"severity":"Warning","message":"Rule is set with explicit type [var/s: uint]","ruleId":"explicit-types","filePath":"Benchmarks/Study_SamplesSet/eeb8a715772f7bb64bc4c900eb83b124.sol"},{"line":305,"column":9,"severity":"Warning","message":"Provide an error message for require","ruleId":"reason-string","fix":null,"filePath":"Benchmarks/Study_SamplesSet/eeb8a715772f7bb64bc4c900eb83b124.sol"},{"line":305,"column":9,"severity":"Warning","message":"Use Custom Errors instead of require statements","ruleId":"custom-errors","fix":null,"filePath":"Benchmarks/Study_SamplesSet/eeb8a715772f7bb64bc4c900eb83b124.sol"},{"line":307,"column":30,"severity":"Error","message":"Avoid making time-based decisions in your business logic","ruleId":"not-rely-on-time","fix":null,"filePath":"Benchmarks/Study_SamplesSet/eeb8a715772f7bb64bc4c900eb83b124.sol"},{"line":308,"column":13,"severity":"Warning","message":"Rule is set with explicit type [var/s: uint]","ruleId":"explicit-types","filePath":"Benchmarks/Study_SamplesSet/eeb8a715772f7bb64bc4c900eb83b124.sol"},{"line":311,"column":13,"severity":"Error","message":"Explicitly mark all external contracts as trusted or untrusted","ruleId":"mark-callable-contracts","filePath":"Benchmarks/Study_SamplesSet/eeb8a715772f7bb64bc4c900eb83b124.sol"},{"conclusion":"104 problem/s (45 error/s, 59 warning/s)"}]
