[{"line":1,"column":1,"severity":"Warning","message":"Found more than One contract per file. 6 contracts found!","ruleId":"one-contract-per-file","fix":null,"filePath":"Benchmarks/Study_SamplesSet/efe5ebd718c6afa9c24214bb4373b40d.sol"},{"line":1,"column":1,"severity":"Error","message":"Compiler version ^0.4.0 does not satisfy the ^0.8.0 semver requirement","ruleId":"compiler-version","fix":null,"filePath":"Benchmarks/Study_SamplesSet/efe5ebd718c6afa9c24214bb4373b40d.sol"},{"line":22,"column":21,"severity":"Error","message":"\"throw\" is deprecated, avoid to use it","ruleId":"avoid-throw","filePath":"Benchmarks/Study_SamplesSet/efe5ebd718c6afa9c24214bb4373b40d.sol"},{"line":28,"column":3,"severity":"Error","message":"Explicitly mark visibility in function","ruleId":"func-visibility","fix":null,"filePath":"Benchmarks/Study_SamplesSet/efe5ebd718c6afa9c24214bb4373b40d.sol"},{"line":28,"column":60,"severity":"Warning","message":"Code contains empty blocks","ruleId":"no-empty-blocks","fix":null,"filePath":"Benchmarks/Study_SamplesSet/efe5ebd718c6afa9c24214bb4373b40d.sol"},{"line":32,"column":3,"severity":"Error","message":"Explicitly mark visibility in function","ruleId":"func-visibility","fix":null,"filePath":"Benchmarks/Study_SamplesSet/efe5ebd718c6afa9c24214bb4373b40d.sol"},{"line":32,"column":73,"severity":"Warning","message":"Code contains empty blocks","ruleId":"no-empty-blocks","fix":null,"filePath":"Benchmarks/Study_SamplesSet/efe5ebd718c6afa9c24214bb4373b40d.sol"},{"line":38,"column":3,"severity":"Error","message":"Explicitly mark visibility in function","ruleId":"func-visibility","fix":null,"filePath":"Benchmarks/Study_SamplesSet/efe5ebd718c6afa9c24214bb4373b40d.sol"},{"line":38,"column":73,"severity":"Warning","message":"Code contains empty blocks","ruleId":"no-empty-blocks","fix":null,"filePath":"Benchmarks/Study_SamplesSet/efe5ebd718c6afa9c24214bb4373b40d.sol"},{"line":45,"column":3,"severity":"Error","message":"Explicitly mark visibility in function","ruleId":"func-visibility","fix":null,"filePath":"Benchmarks/Study_SamplesSet/efe5ebd718c6afa9c24214bb4373b40d.sol"},{"line":45,"column":92,"severity":"Warning","message":"Code contains empty blocks","ruleId":"no-empty-blocks","fix":null,"filePath":"Benchmarks/Study_SamplesSet/efe5ebd718c6afa9c24214bb4373b40d.sol"},{"line":51,"column":3,"severity":"Error","message":"Explicitly mark visibility in function","ruleId":"func-visibility","fix":null,"filePath":"Benchmarks/Study_SamplesSet/efe5ebd718c6afa9c24214bb4373b40d.sol"},{"line":51,"column":77,"severity":"Warning","message":"Code contains empty blocks","ruleId":"no-empty-blocks","fix":null,"filePath":"Benchmarks/Study_SamplesSet/efe5ebd718c6afa9c24214bb4373b40d.sol"},{"line":56,"column":3,"severity":"Error","message":"Explicitly mark visibility in function","ruleId":"func-visibility","fix":null,"filePath":"Benchmarks/Study_SamplesSet/efe5ebd718c6afa9c24214bb4373b40d.sol"},{"line":56,"column":93,"severity":"Warning","message":"Code contains empty blocks","ruleId":"no-empty-blocks","fix":null,"filePath":"Benchmarks/Study_SamplesSet/efe5ebd718c6afa9c24214bb4373b40d.sol"},{"line":61,"column":3,"severity":"Warning","message":"Rule is set with explicit type [var/s: uint]","ruleId":"explicit-types","filePath":"Benchmarks/Study_SamplesSet/efe5ebd718c6afa9c24214bb4373b40d.sol"},{"line":67,"column":5,"severity":"Error","message":"Explicitly mark visibility of state","ruleId":"state-visibility","fix":null,"filePath":"Benchmarks/Study_SamplesSet/efe5ebd718c6afa9c24214bb4373b40d.sol"},{"line":68,"column":5,"severity":"Error","message":"Explicitly mark visibility of state","ruleId":"state-visibility","fix":null,"filePath":"Benchmarks/Study_SamplesSet/efe5ebd718c6afa9c24214bb4373b40d.sol"},{"line":68,"column":5,"severity":"Warning","message":"Rule is set with explicit type [var/s: uint]","ruleId":"explicit-types","filePath":"Benchmarks/Study_SamplesSet/efe5ebd718c6afa9c24214bb4373b40d.sol"},{"line":70,"column":5,"severity":"Error","message":"Explicitly mark visibility of state","ruleId":"state-visibility","fix":null,"filePath":"Benchmarks/Study_SamplesSet/efe5ebd718c6afa9c24214bb4373b40d.sol"},{"line":72,"column":5,"severity":"Error","message":"Explicitly mark visibility of state","ruleId":"state-visibility","fix":null,"filePath":"Benchmarks/Study_SamplesSet/efe5ebd718c6afa9c24214bb4373b40d.sol"},{"line":74,"column":5,"severity":"Error","message":"Explicitly mark visibility in function","ruleId":"func-visibility","fix":null,"filePath":"Benchmarks/Study_SamplesSet/efe5ebd718c6afa9c24214bb4373b40d.sol"},{"line":78,"column":5,"severity":"Error","message":"Explicitly mark visibility in function","ruleId":"func-visibility","fix":null,"filePath":"Benchmarks/Study_SamplesSet/efe5ebd718c6afa9c24214bb4373b40d.sol"},{"line":82,"column":5,"severity":"Error","message":"Explicitly mark visibility in function","ruleId":"func-visibility","fix":null,"filePath":"Benchmarks/Study_SamplesSet/efe5ebd718c6afa9c24214bb4373b40d.sol"},{"line":86,"column":13,"severity":"Error","message":"Explicitly mark all external contracts as trusted or untrusted","ruleId":"mark-callable-contracts","filePath":"Benchmarks/Study_SamplesSet/efe5ebd718c6afa9c24214bb4373b40d.sol"},{"line":92,"column":5,"severity":"Error","message":"Explicitly mark visibility in function","ruleId":"func-visibility","fix":null,"filePath":"Benchmarks/Study_SamplesSet/efe5ebd718c6afa9c24214bb4373b40d.sol"},{"line":97,"column":13,"severity":"Error","message":"Explicitly mark all external contracts as trusted or untrusted","ruleId":"mark-callable-contracts","filePath":"Benchmarks/Study_SamplesSet/efe5ebd718c6afa9c24214bb4373b40d.sol"},{"line":102,"column":5,"severity":"Error","message":"Explicitly mark visibility in function","ruleId":"func-visibility","fix":null,"filePath":"Benchmarks/Study_SamplesSet/efe5ebd718c6afa9c24214bb4373b40d.sol"},{"line":105,"column":9,"severity":"Error","message":"Explicitly mark all external contracts as trusted or untrusted","ruleId":"mark-callable-contracts","filePath":"Benchmarks/Study_SamplesSet/efe5ebd718c6afa9c24214bb4373b40d.sol"},{"line":110,"column":5,"severity":"Error","message":"Explicitly mark visibility in function","ruleId":"func-visibility","fix":null,"filePath":"Benchmarks/Study_SamplesSet/efe5ebd718c6afa9c24214bb4373b40d.sol"},{"line":117,"column":9,"severity":"Error","message":"Explicitly mark all external contracts as trusted or untrusted","ruleId":"mark-callable-contracts","filePath":"Benchmarks/Study_SamplesSet/efe5ebd718c6afa9c24214bb4373b40d.sol"},{"line":123,"column":9,"severity":"Error","message":"Explicitly mark all external contracts as trusted or untrusted","ruleId":"mark-callable-contracts","filePath":"Benchmarks/Study_SamplesSet/efe5ebd718c6afa9c24214bb4373b40d.sol"},{"line":135,"column":5,"severity":"Error","message":"Explicitly mark visibility in function","ruleId":"func-visibility","fix":null,"filePath":"Benchmarks/Study_SamplesSet/efe5ebd718c6afa9c24214bb4373b40d.sol"},{"line":151,"column":5,"severity":"Error","message":"Explicitly mark visibility of state","ruleId":"state-visibility","fix":null,"filePath":"Benchmarks/Study_SamplesSet/efe5ebd718c6afa9c24214bb4373b40d.sol"},{"line":152,"column":5,"severity":"Error","message":"Explicitly mark visibility of state","ruleId":"state-visibility","fix":null,"filePath":"Benchmarks/Study_SamplesSet/efe5ebd718c6afa9c24214bb4373b40d.sol"},{"line":153,"column":5,"severity":"Error","message":"Explicitly mark visibility of state","ruleId":"state-visibility","fix":null,"filePath":"Benchmarks/Study_SamplesSet/efe5ebd718c6afa9c24214bb4373b40d.sol"},{"line":154,"column":5,"severity":"Error","message":"Explicitly mark visibility of state","ruleId":"state-visibility","fix":null,"filePath":"Benchmarks/Study_SamplesSet/efe5ebd718c6afa9c24214bb4373b40d.sol"},{"line":174,"column":5,"severity":"Error","message":"Explicitly mark visibility in function","ruleId":"func-visibility","fix":null,"filePath":"Benchmarks/Study_SamplesSet/efe5ebd718c6afa9c24214bb4373b40d.sol"},{"line":178,"column":5,"severity":"Error","message":"Explicitly mark visibility in function","ruleId":"func-visibility","fix":null,"filePath":"Benchmarks/Study_SamplesSet/efe5ebd718c6afa9c24214bb4373b40d.sol"},{"line":184,"column":5,"severity":"Error","message":"Explicitly mark visibility in function","ruleId":"func-visibility","fix":null,"filePath":"Benchmarks/Study_SamplesSet/efe5ebd718c6afa9c24214bb4373b40d.sol"},{"line":189,"column":5,"severity":"Error","message":"Explicitly mark visibility in function","ruleId":"func-visibility","fix":null,"filePath":"Benchmarks/Study_SamplesSet/efe5ebd718c6afa9c24214bb4373b40d.sol"},{"line":198,"column":5,"severity":"Error","message":"Explicitly mark visibility in function","ruleId":"func-visibility","fix":null,"filePath":"Benchmarks/Study_SamplesSet/efe5ebd718c6afa9c24214bb4373b40d.sol"},{"line":205,"column":5,"severity":"Error","message":"Explicitly mark visibility in function","ruleId":"func-visibility","fix":null,"filePath":"Benchmarks/Study_SamplesSet/efe5ebd718c6afa9c24214bb4373b40d.sol"},{"line":211,"column":16,"severity":"Error","message":"Avoid to use low level calls.","ruleId":"avoid-low-level-calls","fix":null,"filePath":"Benchmarks/Study_SamplesSet/efe5ebd718c6afa9c24214bb4373b40d.sol"},{"line":211,"column":16,"severity":"Error","message":"Avoid to use \".call.value()()\"","ruleId":"avoid-call-value","fix":null,"filePath":"Benchmarks/Study_SamplesSet/efe5ebd718c6afa9c24214bb4373b40d.sol"},{"line":214,"column":5,"severity":"Error","message":"Explicitly mark visibility in function","ruleId":"func-visibility","fix":null,"filePath":"Benchmarks/Study_SamplesSet/efe5ebd718c6afa9c24214bb4373b40d.sol"},{"line":218,"column":5,"severity":"Error","message":"Explicitly mark visibility in function","ruleId":"func-visibility","fix":null,"filePath":"Benchmarks/Study_SamplesSet/efe5ebd718c6afa9c24214bb4373b40d.sol"},{"line":222,"column":5,"severity":"Error","message":"Explicitly mark visibility in function","ruleId":"func-visibility","fix":null,"filePath":"Benchmarks/Study_SamplesSet/efe5ebd718c6afa9c24214bb4373b40d.sol"},{"line":226,"column":5,"severity":"Error","message":"Explicitly mark visibility in function","ruleId":"func-visibility","fix":null,"filePath":"Benchmarks/Study_SamplesSet/efe5ebd718c6afa9c24214bb4373b40d.sol"},{"line":234,"column":5,"severity":"Error","message":"Explicitly mark visibility in function (Set ignoreConstructors to true if using solidity >=0.7.0)","ruleId":"func-visibility","fix":null,"filePath":"Benchmarks/Study_SamplesSet/efe5ebd718c6afa9c24214bb4373b40d.sol"},{"line":250,"column":5,"severity":"Error","message":"Explicitly mark visibility in function","ruleId":"func-visibility","fix":null,"filePath":"Benchmarks/Study_SamplesSet/efe5ebd718c6afa9c24214bb4373b40d.sol"},{"line":262,"column":32,"severity":"Error","message":"Explicitly mark all external contracts as trusted or untrusted","ruleId":"mark-callable-contracts","filePath":"Benchmarks/Study_SamplesSet/efe5ebd718c6afa9c24214bb4373b40d.sol"},{"line":268,"column":5,"severity":"Error","message":"Explicitly mark visibility in function","ruleId":"func-visibility","fix":null,"filePath":"Benchmarks/Study_SamplesSet/efe5ebd718c6afa9c24214bb4373b40d.sol"},{"line":269,"column":21,"severity":"Error","message":"Explicitly mark all external contracts as trusted or untrusted","ruleId":"mark-callable-contracts","filePath":"Benchmarks/Study_SamplesSet/efe5ebd718c6afa9c24214bb4373b40d.sol"},{"line":272,"column":67,"severity":"Warning","message":"Visibility modifier must be first in list of modifiers","ruleId":"visibility-modifier-order","fix":null,"filePath":"Benchmarks/Study_SamplesSet/efe5ebd718c6afa9c24214bb4373b40d.sol"},{"line":277,"column":67,"severity":"Warning","message":"Visibility modifier must be first in list of modifiers","ruleId":"visibility-modifier-order","fix":null,"filePath":"Benchmarks/Study_SamplesSet/efe5ebd718c6afa9c24214bb4373b40d.sol"},{"line":281,"column":5,"severity":"Error","message":"Explicitly mark visibility in function","ruleId":"func-visibility","fix":null,"filePath":"Benchmarks/Study_SamplesSet/efe5ebd718c6afa9c24214bb4373b40d.sol"},{"line":285,"column":9,"severity":"Error","message":"Explicitly mark all external contracts as trusted or untrusted","ruleId":"mark-callable-contracts","filePath":"Benchmarks/Study_SamplesSet/efe5ebd718c6afa9c24214bb4373b40d.sol"},{"line":288,"column":5,"severity":"Error","message":"Explicitly mark visibility in function","ruleId":"func-visibility","fix":null,"filePath":"Benchmarks/Study_SamplesSet/efe5ebd718c6afa9c24214bb4373b40d.sol"},{"line":291,"column":16,"severity":"Error","message":"Explicitly mark all external contracts as trusted or untrusted","ruleId":"mark-callable-contracts","filePath":"Benchmarks/Study_SamplesSet/efe5ebd718c6afa9c24214bb4373b40d.sol"},{"line":292,"column":9,"severity":"Error","message":"Explicitly mark all external contracts as trusted or untrusted","ruleId":"mark-callable-contracts","filePath":"Benchmarks/Study_SamplesSet/efe5ebd718c6afa9c24214bb4373b40d.sol"},{"line":295,"column":5,"severity":"Error","message":"Explicitly mark visibility in function","ruleId":"func-visibility","fix":null,"filePath":"Benchmarks/Study_SamplesSet/efe5ebd718c6afa9c24214bb4373b40d.sol"},{"line":297,"column":9,"severity":"Error","message":"Explicitly mark all external contracts as trusted or untrusted","ruleId":"mark-callable-contracts","filePath":"Benchmarks/Study_SamplesSet/efe5ebd718c6afa9c24214bb4373b40d.sol"},{"line":300,"column":5,"severity":"Error","message":"Explicitly mark visibility in function","ruleId":"func-visibility","fix":null,"filePath":"Benchmarks/Study_SamplesSet/efe5ebd718c6afa9c24214bb4373b40d.sol"},{"line":303,"column":16,"severity":"Error","message":"Avoid to use low level calls.","ruleId":"avoid-low-level-calls","fix":null,"filePath":"Benchmarks/Study_SamplesSet/efe5ebd718c6afa9c24214bb4373b40d.sol"},{"line":303,"column":16,"severity":"Error","message":"Avoid to use \".call.value()()\"","ruleId":"avoid-call-value","fix":null,"filePath":"Benchmarks/Study_SamplesSet/efe5ebd718c6afa9c24214bb4373b40d.sol"},{"line":304,"column":9,"severity":"Error","message":"Explicitly mark all external contracts as trusted or untrusted","ruleId":"mark-callable-contracts","filePath":"Benchmarks/Study_SamplesSet/efe5ebd718c6afa9c24214bb4373b40d.sol"},{"line":308,"column":5,"severity":"Error","message":"Explicitly mark visibility in function","ruleId":"func-visibility","fix":null,"filePath":"Benchmarks/Study_SamplesSet/efe5ebd718c6afa9c24214bb4373b40d.sol"},{"line":317,"column":18,"severity":"Error","message":"Avoid to use low level calls.","ruleId":"avoid-low-level-calls","fix":null,"filePath":"Benchmarks/Study_SamplesSet/efe5ebd718c6afa9c24214bb4373b40d.sol"},{"line":317,"column":18,"severity":"Error","message":"Avoid to use \".call.value()()\"","ruleId":"avoid-call-value","fix":null,"filePath":"Benchmarks/Study_SamplesSet/efe5ebd718c6afa9c24214bb4373b40d.sol"},{"line":318,"column":23,"severity":"Error","message":"Explicitly mark all external contracts as trusted or untrusted","ruleId":"mark-callable-contracts","filePath":"Benchmarks/Study_SamplesSet/efe5ebd718c6afa9c24214bb4373b40d.sol"},{"line":319,"column":9,"severity":"Error","message":"Explicitly mark all external contracts as trusted or untrusted","ruleId":"mark-callable-contracts","filePath":"Benchmarks/Study_SamplesSet/efe5ebd718c6afa9c24214bb4373b40d.sol"},{"line":324,"column":15,"severity":"Error","message":"Explicitly mark all external contracts as trusted or untrusted","ruleId":"mark-callable-contracts","filePath":"Benchmarks/Study_SamplesSet/efe5ebd718c6afa9c24214bb4373b40d.sol"},{"line":338,"column":5,"severity":"Error","message":"Explicitly mark visibility of state","ruleId":"state-visibility","fix":null,"filePath":"Benchmarks/Study_SamplesSet/efe5ebd718c6afa9c24214bb4373b40d.sol"},{"line":339,"column":5,"severity":"Error","message":"Explicitly mark visibility of state","ruleId":"state-visibility","fix":null,"filePath":"Benchmarks/Study_SamplesSet/efe5ebd718c6afa9c24214bb4373b40d.sol"},{"line":352,"column":5,"severity":"Warning","message":"Fallback should be external and payable to accept native currency","ruleId":"payable-fallback","filePath":"Benchmarks/Study_SamplesSet/efe5ebd718c6afa9c24214bb4373b40d.sol"},{"line":352,"column":5,"severity":"Error","message":"Explicitly mark visibility in function","ruleId":"func-visibility","fix":null,"filePath":"Benchmarks/Study_SamplesSet/efe5ebd718c6afa9c24214bb4373b40d.sol"},{"line":354,"column":9,"severity":"Error","message":"\"throw\" is deprecated, avoid to use it","ruleId":"avoid-throw","filePath":"Benchmarks/Study_SamplesSet/efe5ebd718c6afa9c24214bb4373b40d.sol"},{"line":357,"column":5,"severity":"Error","message":"Explicitly mark visibility in function (Set ignoreConstructors to true if using solidity >=0.7.0)","ruleId":"func-visibility","fix":null,"filePath":"Benchmarks/Study_SamplesSet/efe5ebd718c6afa9c24214bb4373b40d.sol"},{"line":363,"column":5,"severity":"Error","message":"Explicitly mark visibility in function","ruleId":"func-visibility","fix":null,"filePath":"Benchmarks/Study_SamplesSet/efe5ebd718c6afa9c24214bb4373b40d.sol"},{"line":371,"column":5,"severity":"Error","message":"Explicitly mark visibility in function","ruleId":"func-visibility","fix":null,"filePath":"Benchmarks/Study_SamplesSet/efe5ebd718c6afa9c24214bb4373b40d.sol"},{"line":380,"column":5,"severity":"Error","message":"Explicitly mark visibility in function","ruleId":"func-visibility","fix":null,"filePath":"Benchmarks/Study_SamplesSet/efe5ebd718c6afa9c24214bb4373b40d.sol"},{"line":384,"column":5,"severity":"Error","message":"Explicitly mark visibility in function","ruleId":"func-visibility","fix":null,"filePath":"Benchmarks/Study_SamplesSet/efe5ebd718c6afa9c24214bb4373b40d.sol"},{"line":388,"column":5,"severity":"Error","message":"Explicitly mark visibility in function","ruleId":"func-visibility","fix":null,"filePath":"Benchmarks/Study_SamplesSet/efe5ebd718c6afa9c24214bb4373b40d.sol"},{"line":392,"column":5,"severity":"Error","message":"Explicitly mark visibility in function","ruleId":"func-visibility","fix":null,"filePath":"Benchmarks/Study_SamplesSet/efe5ebd718c6afa9c24214bb4373b40d.sol"},{"line":396,"column":5,"severity":"Error","message":"Explicitly mark visibility in function","ruleId":"func-visibility","fix":null,"filePath":"Benchmarks/Study_SamplesSet/efe5ebd718c6afa9c24214bb4373b40d.sol"},{"line":400,"column":5,"severity":"Error","message":"Explicitly mark visibility in function","ruleId":"func-visibility","fix":null,"filePath":"Benchmarks/Study_SamplesSet/efe5ebd718c6afa9c24214bb4373b40d.sol"},{"line":404,"column":5,"severity":"Error","message":"Explicitly mark visibility in function","ruleId":"func-visibility","fix":null,"filePath":"Benchmarks/Study_SamplesSet/efe5ebd718c6afa9c24214bb4373b40d.sol"},{"line":408,"column":5,"severity":"Error","message":"Explicitly mark visibility in function","ruleId":"func-visibility","fix":null,"filePath":"Benchmarks/Study_SamplesSet/efe5ebd718c6afa9c24214bb4373b40d.sol"},{"line":416,"column":5,"severity":"Error","message":"Explicitly mark visibility in function","ruleId":"func-visibility","fix":null,"filePath":"Benchmarks/Study_SamplesSet/efe5ebd718c6afa9c24214bb4373b40d.sol"},{"line":419,"column":20,"severity":"Error","message":"Explicitly mark all external contracts as trusted or untrusted","ruleId":"mark-callable-contracts","filePath":"Benchmarks/Study_SamplesSet/efe5ebd718c6afa9c24214bb4373b40d.sol"},{"line":423,"column":5,"severity":"Error","message":"Explicitly mark visibility in function","ruleId":"func-visibility","fix":null,"filePath":"Benchmarks/Study_SamplesSet/efe5ebd718c6afa9c24214bb4373b40d.sol"},{"line":427,"column":5,"severity":"Error","message":"Explicitly mark visibility in function","ruleId":"func-visibility","fix":null,"filePath":"Benchmarks/Study_SamplesSet/efe5ebd718c6afa9c24214bb4373b40d.sol"},{"line":435,"column":5,"severity":"Error","message":"Explicitly mark visibility of state","ruleId":"state-visibility","fix":null,"filePath":"Benchmarks/Study_SamplesSet/efe5ebd718c6afa9c24214bb4373b40d.sol"},{"line":436,"column":5,"severity":"Error","message":"Explicitly mark visibility of state","ruleId":"state-visibility","fix":null,"filePath":"Benchmarks/Study_SamplesSet/efe5ebd718c6afa9c24214bb4373b40d.sol"},{"line":437,"column":5,"severity":"Error","message":"Explicitly mark visibility of state","ruleId":"state-visibility","fix":null,"filePath":"Benchmarks/Study_SamplesSet/efe5ebd718c6afa9c24214bb4373b40d.sol"},{"line":438,"column":5,"severity":"Error","message":"Explicitly mark visibility of state","ruleId":"state-visibility","fix":null,"filePath":"Benchmarks/Study_SamplesSet/efe5ebd718c6afa9c24214bb4373b40d.sol"},{"line":445,"column":5,"severity":"Error","message":"Explicitly mark visibility in function","ruleId":"func-visibility","fix":null,"filePath":"Benchmarks/Study_SamplesSet/efe5ebd718c6afa9c24214bb4373b40d.sol"},{"line":450,"column":5,"severity":"Error","message":"Explicitly mark visibility in function","ruleId":"func-visibility","fix":null,"filePath":"Benchmarks/Study_SamplesSet/efe5ebd718c6afa9c24214bb4373b40d.sol"},{"line":455,"column":5,"severity":"Error","message":"Explicitly mark visibility in function","ruleId":"func-visibility","fix":null,"filePath":"Benchmarks/Study_SamplesSet/efe5ebd718c6afa9c24214bb4373b40d.sol"},{"line":459,"column":5,"severity":"Error","message":"Explicitly mark visibility in function (Set ignoreConstructors to true if using solidity >=0.7.0)","ruleId":"func-visibility","fix":null,"filePath":"Benchmarks/Study_SamplesSet/efe5ebd718c6afa9c24214bb4373b40d.sol"},{"line":466,"column":5,"severity":"Error","message":"Explicitly mark visibility in function","ruleId":"func-visibility","fix":null,"filePath":"Benchmarks/Study_SamplesSet/efe5ebd718c6afa9c24214bb4373b40d.sol"},{"line":467,"column":9,"severity":"Error","message":"Explicitly mark all external contracts as trusted or untrusted","ruleId":"mark-callable-contracts","filePath":"Benchmarks/Study_SamplesSet/efe5ebd718c6afa9c24214bb4373b40d.sol"},{"line":470,"column":16,"severity":"Error","message":"Avoid to use low level calls.","ruleId":"avoid-low-level-calls","fix":null,"filePath":"Benchmarks/Study_SamplesSet/efe5ebd718c6afa9c24214bb4373b40d.sol"},{"line":470,"column":16,"severity":"Error","message":"Avoid to use \".call.value()()\"","ruleId":"avoid-call-value","fix":null,"filePath":"Benchmarks/Study_SamplesSet/efe5ebd718c6afa9c24214bb4373b40d.sol"},{"line":474,"column":5,"severity":"Error","message":"Explicitly mark visibility in function","ruleId":"func-visibility","fix":null,"filePath":"Benchmarks/Study_SamplesSet/efe5ebd718c6afa9c24214bb4373b40d.sol"},{"line":475,"column":9,"severity":"Error","message":"Explicitly mark all external contracts as trusted or untrusted","ruleId":"mark-callable-contracts","filePath":"Benchmarks/Study_SamplesSet/efe5ebd718c6afa9c24214bb4373b40d.sol"},{"line":478,"column":16,"severity":"Error","message":"Explicitly mark all external contracts as trusted or untrusted","ruleId":"mark-callable-contracts","filePath":"Benchmarks/Study_SamplesSet/efe5ebd718c6afa9c24214bb4373b40d.sol"},{"line":478,"column":62,"severity":"Error","message":"Explicitly mark all external contracts as trusted or untrusted","ruleId":"mark-callable-contracts","filePath":"Benchmarks/Study_SamplesSet/efe5ebd718c6afa9c24214bb4373b40d.sol"},{"line":481,"column":5,"severity":"Error","message":"Explicitly mark visibility in function","ruleId":"func-visibility","fix":null,"filePath":"Benchmarks/Study_SamplesSet/efe5ebd718c6afa9c24214bb4373b40d.sol"},{"line":482,"column":9,"severity":"Error","message":"Explicitly mark all external contracts as trusted or untrusted","ruleId":"mark-callable-contracts","filePath":"Benchmarks/Study_SamplesSet/efe5ebd718c6afa9c24214bb4373b40d.sol"},{"line":485,"column":5,"severity":"Error","message":"Explicitly mark visibility in function","ruleId":"func-visibility","fix":null,"filePath":"Benchmarks/Study_SamplesSet/efe5ebd718c6afa9c24214bb4373b40d.sol"},{"conclusion":"112 problem/s (100 error/s, 12 warning/s)"}]
