[{"line":1,"column":1,"severity":"Error","message":"Compiler version ^0.4.24 does not satisfy the ^0.8.0 semver requirement","ruleId":"compiler-version","fix":null,"filePath":"Benchmarks/Study_SamplesSet/f0dc65105c22e60d4e58f31f2f27885c.sol"},{"line":5,"column":26,"severity":"Error","message":"Use double quotes for string literals","ruleId":"quotes","filePath":"Benchmarks/Study_SamplesSet/f0dc65105c22e60d4e58f31f2f27885c.sol"},{"line":6,"column":3,"severity":"Warning","message":"Constant name must be in capitalized SNAKE_CASE","ruleId":"const-name-snakecase","fix":null,"filePath":"Benchmarks/Study_SamplesSet/f0dc65105c22e60d4e58f31f2f27885c.sol"},{"line":7,"column":3,"severity":"Warning","message":"Constant name must be in capitalized SNAKE_CASE","ruleId":"const-name-snakecase","fix":null,"filePath":"Benchmarks/Study_SamplesSet/f0dc65105c22e60d4e58f31f2f27885c.sol"},{"line":25,"column":43,"severity":"Warning","message":"Visibility modifier must be first in list of modifiers","ruleId":"visibility-modifier-order","fix":null,"filePath":"Benchmarks/Study_SamplesSet/f0dc65105c22e60d4e58f31f2f27885c.sol"},{"line":38,"column":3,"severity":"Error","message":"Fallback function must be simple","ruleId":"no-complex-fallback","fix":null,"filePath":"Benchmarks/Study_SamplesSet/f0dc65105c22e60d4e58f31f2f27885c.sol"},{"conclusion":"6 problem/s (3 error/s, 3 warning/s)"}]
