[{"line":1,"column":1,"severity":"Error","message":"Compiler version ^0.4.1 does not satisfy the ^0.8.0 semver requirement","ruleId":"compiler-version","fix":null,"filePath":"Benchmarks/Study_SamplesSet/f6e248e5d6d3ef1742324ece3a58aded.sol"},{"line":2,"column":1,"severity":"Warning","message":"Contract, Structs and Enums should be in CamelCase","ruleId":"contract-name-camelcase","filePath":"Benchmarks/Study_SamplesSet/f6e248e5d6d3ef1742324ece3a58aded.sol"},{"line":3,"column":5,"severity":"Error","message":"Explicitly mark visibility in function (Set ignoreConstructors to true if using solidity >=0.7.0)","ruleId":"func-visibility","fix":null,"filePath":"Benchmarks/Study_SamplesSet/f6e248e5d6d3ef1742324ece3a58aded.sol"},{"line":3,"column":25,"severity":"Warning","message":"Code contains empty blocks","ruleId":"no-empty-blocks","fix":null,"filePath":"Benchmarks/Study_SamplesSet/f6e248e5d6d3ef1742324ece3a58aded.sol"},{"line":5,"column":18,"severity":"Warning","message":"Rule is set with explicit type [var/s: uint]","ruleId":"explicit-types","filePath":"Benchmarks/Study_SamplesSet/f6e248e5d6d3ef1742324ece3a58aded.sol"},{"line":8,"column":5,"severity":"Warning","message":"Function name must be in mixedCase","ruleId":"func-name-mixedcase","fix":null,"filePath":"Benchmarks/Study_SamplesSet/f6e248e5d6d3ef1742324ece3a58aded.sol"},{"line":8,"column":5,"severity":"Error","message":"Explicitly mark visibility in function","ruleId":"func-visibility","fix":null,"filePath":"Benchmarks/Study_SamplesSet/f6e248e5d6d3ef1742324ece3a58aded.sol"},{"line":8,"column":23,"severity":"Warning","message":"Rule is set with explicit type [var/s: uint]","ruleId":"explicit-types","filePath":"Benchmarks/Study_SamplesSet/f6e248e5d6d3ef1742324ece3a58aded.sol"},{"line":8,"column":23,"severity":"Warning","message":"Variable name must be in mixedCase","ruleId":"var-name-mixedcase","fix":null,"filePath":"Benchmarks/Study_SamplesSet/f6e248e5d6d3ef1742324ece3a58aded.sol"},{"line":8,"column":52,"severity":"Warning","message":"Rule is set with explicit type [var/s: uint]","ruleId":"explicit-types","filePath":"Benchmarks/Study_SamplesSet/f6e248e5d6d3ef1742324ece3a58aded.sol"},{"line":9,"column":9,"severity":"Warning","message":"Rule is set with explicit type [var/s: uint]","ruleId":"explicit-types","filePath":"Benchmarks/Study_SamplesSet/f6e248e5d6d3ef1742324ece3a58aded.sol"},{"line":9,"column":9,"severity":"Warning","message":"Variable name must be in mixedCase","ruleId":"var-name-mixedcase","fix":null,"filePath":"Benchmarks/Study_SamplesSet/f6e248e5d6d3ef1742324ece3a58aded.sol"},{"line":10,"column":9,"severity":"Warning","message":"Rule is set with explicit type [var/s: uint]","ruleId":"explicit-types","filePath":"Benchmarks/Study_SamplesSet/f6e248e5d6d3ef1742324ece3a58aded.sol"},{"line":10,"column":9,"severity":"Warning","message":"Variable name must be in mixedCase","ruleId":"var-name-mixedcase","fix":null,"filePath":"Benchmarks/Study_SamplesSet/f6e248e5d6d3ef1742324ece3a58aded.sol"},{"line":10,"column":19,"severity":"Warning","message":"Rule is set with explicit type [var/s: uint]","ruleId":"explicit-types","filePath":"Benchmarks/Study_SamplesSet/f6e248e5d6d3ef1742324ece3a58aded.sol"},{"line":10,"column":19,"severity":"Warning","message":"Variable name must be in mixedCase","ruleId":"var-name-mixedcase","fix":null,"filePath":"Benchmarks/Study_SamplesSet/f6e248e5d6d3ef1742324ece3a58aded.sol"},{"line":10,"column":29,"severity":"Warning","message":"Rule is set with explicit type [var/s: uint]","ruleId":"explicit-types","filePath":"Benchmarks/Study_SamplesSet/f6e248e5d6d3ef1742324ece3a58aded.sol"},{"line":10,"column":29,"severity":"Warning","message":"Variable name must be in mixedCase","ruleId":"var-name-mixedcase","fix":null,"filePath":"Benchmarks/Study_SamplesSet/f6e248e5d6d3ef1742324ece3a58aded.sol"},{"line":10,"column":39,"severity":"Warning","message":"Rule is set with explicit type [var/s: uint]","ruleId":"explicit-types","filePath":"Benchmarks/Study_SamplesSet/f6e248e5d6d3ef1742324ece3a58aded.sol"},{"line":10,"column":39,"severity":"Warning","message":"Variable name must be in mixedCase","ruleId":"var-name-mixedcase","fix":null,"filePath":"Benchmarks/Study_SamplesSet/f6e248e5d6d3ef1742324ece3a58aded.sol"},{"line":10,"column":49,"severity":"Warning","message":"Rule is set with explicit type [var/s: uint]","ruleId":"explicit-types","filePath":"Benchmarks/Study_SamplesSet/f6e248e5d6d3ef1742324ece3a58aded.sol"},{"line":10,"column":49,"severity":"Warning","message":"Variable name must be in mixedCase","ruleId":"var-name-mixedcase","fix":null,"filePath":"Benchmarks/Study_SamplesSet/f6e248e5d6d3ef1742324ece3a58aded.sol"},{"line":11,"column":9,"severity":"Warning","message":"Rule is set with explicit type [var/s: uint]","ruleId":"explicit-types","filePath":"Benchmarks/Study_SamplesSet/f6e248e5d6d3ef1742324ece3a58aded.sol"},{"line":11,"column":9,"severity":"Warning","message":"Variable name must be in mixedCase","ruleId":"var-name-mixedcase","fix":null,"filePath":"Benchmarks/Study_SamplesSet/f6e248e5d6d3ef1742324ece3a58aded.sol"},{"line":13,"column":29,"severity":"Warning","message":"Rule is set with explicit type [var/s: uint]","ruleId":"explicit-types","filePath":"Benchmarks/Study_SamplesSet/f6e248e5d6d3ef1742324ece3a58aded.sol"},{"line":13,"column":9,"severity":"Warning","message":"Rule is set with explicit type [var/s: uint]","ruleId":"explicit-types","filePath":"Benchmarks/Study_SamplesSet/f6e248e5d6d3ef1742324ece3a58aded.sol"},{"line":13,"column":9,"severity":"Warning","message":"Variable name must be in mixedCase","ruleId":"var-name-mixedcase","fix":null,"filePath":"Benchmarks/Study_SamplesSet/f6e248e5d6d3ef1742324ece3a58aded.sol"},{"line":40,"column":14,"severity":"Warning","message":"Rule is set with explicit type [var/s: uint]","ruleId":"explicit-types","filePath":"Benchmarks/Study_SamplesSet/f6e248e5d6d3ef1742324ece3a58aded.sol"},{"line":42,"column":4,"severity":"Error","message":"Explicitly mark all external contracts as trusted or untrusted","ruleId":"mark-callable-contracts","filePath":"Benchmarks/Study_SamplesSet/f6e248e5d6d3ef1742324ece3a58aded.sol"},{"line":42,"column":9,"severity":"Error","message":"Explicitly mark all external contracts as trusted or untrusted","ruleId":"mark-callable-contracts","filePath":"Benchmarks/Study_SamplesSet/f6e248e5d6d3ef1742324ece3a58aded.sol"},{"line":42,"column":14,"severity":"Error","message":"Explicitly mark all external contracts as trusted or untrusted","ruleId":"mark-callable-contracts","filePath":"Benchmarks/Study_SamplesSet/f6e248e5d6d3ef1742324ece3a58aded.sol"},{"line":42,"column":19,"severity":"Error","message":"Explicitly mark all external contracts as trusted or untrusted","ruleId":"mark-callable-contracts","filePath":"Benchmarks/Study_SamplesSet/f6e248e5d6d3ef1742324ece3a58aded.sol"},{"line":42,"column":24,"severity":"Error","message":"Explicitly mark all external contracts as trusted or untrusted","ruleId":"mark-callable-contracts","filePath":"Benchmarks/Study_SamplesSet/f6e248e5d6d3ef1742324ece3a58aded.sol"},{"line":42,"column":29,"severity":"Error","message":"Explicitly mark all external contracts as trusted or untrusted","ruleId":"mark-callable-contracts","filePath":"Benchmarks/Study_SamplesSet/f6e248e5d6d3ef1742324ece3a58aded.sol"},{"line":43,"column":4,"severity":"Error","message":"Explicitly mark all external contracts as trusted or untrusted","ruleId":"mark-callable-contracts","filePath":"Benchmarks/Study_SamplesSet/f6e248e5d6d3ef1742324ece3a58aded.sol"},{"line":43,"column":9,"severity":"Error","message":"Explicitly mark all external contracts as trusted or untrusted","ruleId":"mark-callable-contracts","filePath":"Benchmarks/Study_SamplesSet/f6e248e5d6d3ef1742324ece3a58aded.sol"},{"line":43,"column":14,"severity":"Error","message":"Explicitly mark all external contracts as trusted or untrusted","ruleId":"mark-callable-contracts","filePath":"Benchmarks/Study_SamplesSet/f6e248e5d6d3ef1742324ece3a58aded.sol"},{"line":43,"column":19,"severity":"Error","message":"Explicitly mark all external contracts as trusted or untrusted","ruleId":"mark-callable-contracts","filePath":"Benchmarks/Study_SamplesSet/f6e248e5d6d3ef1742324ece3a58aded.sol"},{"line":43,"column":24,"severity":"Error","message":"Explicitly mark all external contracts as trusted or untrusted","ruleId":"mark-callable-contracts","filePath":"Benchmarks/Study_SamplesSet/f6e248e5d6d3ef1742324ece3a58aded.sol"},{"line":43,"column":29,"severity":"Error","message":"Explicitly mark all external contracts as trusted or untrusted","ruleId":"mark-callable-contracts","filePath":"Benchmarks/Study_SamplesSet/f6e248e5d6d3ef1742324ece3a58aded.sol"},{"line":44,"column":4,"severity":"Error","message":"Explicitly mark all external contracts as trusted or untrusted","ruleId":"mark-callable-contracts","filePath":"Benchmarks/Study_SamplesSet/f6e248e5d6d3ef1742324ece3a58aded.sol"},{"line":44,"column":9,"severity":"Error","message":"Explicitly mark all external contracts as trusted or untrusted","ruleId":"mark-callable-contracts","filePath":"Benchmarks/Study_SamplesSet/f6e248e5d6d3ef1742324ece3a58aded.sol"},{"line":44,"column":15,"severity":"Error","message":"Explicitly mark all external contracts as trusted or untrusted","ruleId":"mark-callable-contracts","filePath":"Benchmarks/Study_SamplesSet/f6e248e5d6d3ef1742324ece3a58aded.sol"},{"line":44,"column":21,"severity":"Error","message":"Explicitly mark all external contracts as trusted or untrusted","ruleId":"mark-callable-contracts","filePath":"Benchmarks/Study_SamplesSet/f6e248e5d6d3ef1742324ece3a58aded.sol"},{"line":44,"column":27,"severity":"Error","message":"Explicitly mark all external contracts as trusted or untrusted","ruleId":"mark-callable-contracts","filePath":"Benchmarks/Study_SamplesSet/f6e248e5d6d3ef1742324ece3a58aded.sol"},{"line":44,"column":33,"severity":"Error","message":"Explicitly mark all external contracts as trusted or untrusted","ruleId":"mark-callable-contracts","filePath":"Benchmarks/Study_SamplesSet/f6e248e5d6d3ef1742324ece3a58aded.sol"},{"line":45,"column":4,"severity":"Error","message":"Explicitly mark all external contracts as trusted or untrusted","ruleId":"mark-callable-contracts","filePath":"Benchmarks/Study_SamplesSet/f6e248e5d6d3ef1742324ece3a58aded.sol"},{"line":45,"column":9,"severity":"Error","message":"Explicitly mark all external contracts as trusted or untrusted","ruleId":"mark-callable-contracts","filePath":"Benchmarks/Study_SamplesSet/f6e248e5d6d3ef1742324ece3a58aded.sol"},{"line":45,"column":15,"severity":"Error","message":"Explicitly mark all external contracts as trusted or untrusted","ruleId":"mark-callable-contracts","filePath":"Benchmarks/Study_SamplesSet/f6e248e5d6d3ef1742324ece3a58aded.sol"},{"line":45,"column":21,"severity":"Error","message":"Explicitly mark all external contracts as trusted or untrusted","ruleId":"mark-callable-contracts","filePath":"Benchmarks/Study_SamplesSet/f6e248e5d6d3ef1742324ece3a58aded.sol"},{"line":45,"column":27,"severity":"Error","message":"Explicitly mark all external contracts as trusted or untrusted","ruleId":"mark-callable-contracts","filePath":"Benchmarks/Study_SamplesSet/f6e248e5d6d3ef1742324ece3a58aded.sol"},{"line":45,"column":33,"severity":"Error","message":"Explicitly mark all external contracts as trusted or untrusted","ruleId":"mark-callable-contracts","filePath":"Benchmarks/Study_SamplesSet/f6e248e5d6d3ef1742324ece3a58aded.sol"},{"line":46,"column":4,"severity":"Error","message":"Explicitly mark all external contracts as trusted or untrusted","ruleId":"mark-callable-contracts","filePath":"Benchmarks/Study_SamplesSet/f6e248e5d6d3ef1742324ece3a58aded.sol"},{"line":46,"column":9,"severity":"Error","message":"Explicitly mark all external contracts as trusted or untrusted","ruleId":"mark-callable-contracts","filePath":"Benchmarks/Study_SamplesSet/f6e248e5d6d3ef1742324ece3a58aded.sol"},{"line":46,"column":15,"severity":"Error","message":"Explicitly mark all external contracts as trusted or untrusted","ruleId":"mark-callable-contracts","filePath":"Benchmarks/Study_SamplesSet/f6e248e5d6d3ef1742324ece3a58aded.sol"},{"line":46,"column":21,"severity":"Error","message":"Explicitly mark all external contracts as trusted or untrusted","ruleId":"mark-callable-contracts","filePath":"Benchmarks/Study_SamplesSet/f6e248e5d6d3ef1742324ece3a58aded.sol"},{"line":46,"column":27,"severity":"Error","message":"Explicitly mark all external contracts as trusted or untrusted","ruleId":"mark-callable-contracts","filePath":"Benchmarks/Study_SamplesSet/f6e248e5d6d3ef1742324ece3a58aded.sol"},{"line":46,"column":33,"severity":"Error","message":"Explicitly mark all external contracts as trusted or untrusted","ruleId":"mark-callable-contracts","filePath":"Benchmarks/Study_SamplesSet/f6e248e5d6d3ef1742324ece3a58aded.sol"},{"line":48,"column":4,"severity":"Error","message":"Explicitly mark all external contracts as trusted or untrusted","ruleId":"mark-callable-contracts","filePath":"Benchmarks/Study_SamplesSet/f6e248e5d6d3ef1742324ece3a58aded.sol"},{"line":48,"column":8,"severity":"Error","message":"Explicitly mark all external contracts as trusted or untrusted","ruleId":"mark-callable-contracts","filePath":"Benchmarks/Study_SamplesSet/f6e248e5d6d3ef1742324ece3a58aded.sol"},{"line":48,"column":17,"severity":"Error","message":"Explicitly mark all external contracts as trusted or untrusted","ruleId":"mark-callable-contracts","filePath":"Benchmarks/Study_SamplesSet/f6e248e5d6d3ef1742324ece3a58aded.sol"},{"line":48,"column":49,"severity":"Error","message":"Explicitly mark all external contracts as trusted or untrusted","ruleId":"mark-callable-contracts","filePath":"Benchmarks/Study_SamplesSet/f6e248e5d6d3ef1742324ece3a58aded.sol"},{"line":49,"column":4,"severity":"Error","message":"Explicitly mark all external contracts as trusted or untrusted","ruleId":"mark-callable-contracts","filePath":"Benchmarks/Study_SamplesSet/f6e248e5d6d3ef1742324ece3a58aded.sol"},{"line":49,"column":8,"severity":"Error","message":"Explicitly mark all external contracts as trusted or untrusted","ruleId":"mark-callable-contracts","filePath":"Benchmarks/Study_SamplesSet/f6e248e5d6d3ef1742324ece3a58aded.sol"},{"line":49,"column":17,"severity":"Error","message":"Explicitly mark all external contracts as trusted or untrusted","ruleId":"mark-callable-contracts","filePath":"Benchmarks/Study_SamplesSet/f6e248e5d6d3ef1742324ece3a58aded.sol"},{"line":49,"column":49,"severity":"Error","message":"Explicitly mark all external contracts as trusted or untrusted","ruleId":"mark-callable-contracts","filePath":"Benchmarks/Study_SamplesSet/f6e248e5d6d3ef1742324ece3a58aded.sol"},{"line":50,"column":4,"severity":"Error","message":"Explicitly mark all external contracts as trusted or untrusted","ruleId":"mark-callable-contracts","filePath":"Benchmarks/Study_SamplesSet/f6e248e5d6d3ef1742324ece3a58aded.sol"},{"line":50,"column":8,"severity":"Error","message":"Explicitly mark all external contracts as trusted or untrusted","ruleId":"mark-callable-contracts","filePath":"Benchmarks/Study_SamplesSet/f6e248e5d6d3ef1742324ece3a58aded.sol"},{"line":50,"column":17,"severity":"Error","message":"Explicitly mark all external contracts as trusted or untrusted","ruleId":"mark-callable-contracts","filePath":"Benchmarks/Study_SamplesSet/f6e248e5d6d3ef1742324ece3a58aded.sol"},{"line":50,"column":49,"severity":"Error","message":"Explicitly mark all external contracts as trusted or untrusted","ruleId":"mark-callable-contracts","filePath":"Benchmarks/Study_SamplesSet/f6e248e5d6d3ef1742324ece3a58aded.sol"},{"line":51,"column":4,"severity":"Error","message":"Explicitly mark all external contracts as trusted or untrusted","ruleId":"mark-callable-contracts","filePath":"Benchmarks/Study_SamplesSet/f6e248e5d6d3ef1742324ece3a58aded.sol"},{"line":51,"column":8,"severity":"Error","message":"Explicitly mark all external contracts as trusted or untrusted","ruleId":"mark-callable-contracts","filePath":"Benchmarks/Study_SamplesSet/f6e248e5d6d3ef1742324ece3a58aded.sol"},{"line":51,"column":17,"severity":"Error","message":"Explicitly mark all external contracts as trusted or untrusted","ruleId":"mark-callable-contracts","filePath":"Benchmarks/Study_SamplesSet/f6e248e5d6d3ef1742324ece3a58aded.sol"},{"line":51,"column":49,"severity":"Error","message":"Explicitly mark all external contracts as trusted or untrusted","ruleId":"mark-callable-contracts","filePath":"Benchmarks/Study_SamplesSet/f6e248e5d6d3ef1742324ece3a58aded.sol"},{"line":52,"column":4,"severity":"Error","message":"Explicitly mark all external contracts as trusted or untrusted","ruleId":"mark-callable-contracts","filePath":"Benchmarks/Study_SamplesSet/f6e248e5d6d3ef1742324ece3a58aded.sol"},{"line":52,"column":8,"severity":"Error","message":"Explicitly mark all external contracts as trusted or untrusted","ruleId":"mark-callable-contracts","filePath":"Benchmarks/Study_SamplesSet/f6e248e5d6d3ef1742324ece3a58aded.sol"},{"line":52,"column":17,"severity":"Error","message":"Explicitly mark all external contracts as trusted or untrusted","ruleId":"mark-callable-contracts","filePath":"Benchmarks/Study_SamplesSet/f6e248e5d6d3ef1742324ece3a58aded.sol"},{"line":52,"column":49,"severity":"Error","message":"Explicitly mark all external contracts as trusted or untrusted","ruleId":"mark-callable-contracts","filePath":"Benchmarks/Study_SamplesSet/f6e248e5d6d3ef1742324ece3a58aded.sol"},{"line":54,"column":4,"severity":"Error","message":"Explicitly mark all external contracts as trusted or untrusted","ruleId":"mark-callable-contracts","filePath":"Benchmarks/Study_SamplesSet/f6e248e5d6d3ef1742324ece3a58aded.sol"},{"line":54,"column":9,"severity":"Error","message":"Explicitly mark all external contracts as trusted or untrusted","ruleId":"mark-callable-contracts","filePath":"Benchmarks/Study_SamplesSet/f6e248e5d6d3ef1742324ece3a58aded.sol"},{"line":54,"column":16,"severity":"Error","message":"Explicitly mark all external contracts as trusted or untrusted","ruleId":"mark-callable-contracts","filePath":"Benchmarks/Study_SamplesSet/f6e248e5d6d3ef1742324ece3a58aded.sol"},{"line":55,"column":4,"severity":"Error","message":"Explicitly mark all external contracts as trusted or untrusted","ruleId":"mark-callable-contracts","filePath":"Benchmarks/Study_SamplesSet/f6e248e5d6d3ef1742324ece3a58aded.sol"},{"line":55,"column":9,"severity":"Error","message":"Explicitly mark all external contracts as trusted or untrusted","ruleId":"mark-callable-contracts","filePath":"Benchmarks/Study_SamplesSet/f6e248e5d6d3ef1742324ece3a58aded.sol"},{"line":55,"column":16,"severity":"Error","message":"Explicitly mark all external contracts as trusted or untrusted","ruleId":"mark-callable-contracts","filePath":"Benchmarks/Study_SamplesSet/f6e248e5d6d3ef1742324ece3a58aded.sol"},{"line":56,"column":4,"severity":"Error","message":"Explicitly mark all external contracts as trusted or untrusted","ruleId":"mark-callable-contracts","filePath":"Benchmarks/Study_SamplesSet/f6e248e5d6d3ef1742324ece3a58aded.sol"},{"line":56,"column":9,"severity":"Error","message":"Explicitly mark all external contracts as trusted or untrusted","ruleId":"mark-callable-contracts","filePath":"Benchmarks/Study_SamplesSet/f6e248e5d6d3ef1742324ece3a58aded.sol"},{"line":56,"column":16,"severity":"Error","message":"Explicitly mark all external contracts as trusted or untrusted","ruleId":"mark-callable-contracts","filePath":"Benchmarks/Study_SamplesSet/f6e248e5d6d3ef1742324ece3a58aded.sol"},{"line":57,"column":4,"severity":"Error","message":"Explicitly mark all external contracts as trusted or untrusted","ruleId":"mark-callable-contracts","filePath":"Benchmarks/Study_SamplesSet/f6e248e5d6d3ef1742324ece3a58aded.sol"},{"line":57,"column":9,"severity":"Error","message":"Explicitly mark all external contracts as trusted or untrusted","ruleId":"mark-callable-contracts","filePath":"Benchmarks/Study_SamplesSet/f6e248e5d6d3ef1742324ece3a58aded.sol"},{"line":57,"column":16,"severity":"Error","message":"Explicitly mark all external contracts as trusted or untrusted","ruleId":"mark-callable-contracts","filePath":"Benchmarks/Study_SamplesSet/f6e248e5d6d3ef1742324ece3a58aded.sol"},{"line":58,"column":4,"severity":"Error","message":"Explicitly mark all external contracts as trusted or untrusted","ruleId":"mark-callable-contracts","filePath":"Benchmarks/Study_SamplesSet/f6e248e5d6d3ef1742324ece3a58aded.sol"},{"line":58,"column":9,"severity":"Error","message":"Explicitly mark all external contracts as trusted or untrusted","ruleId":"mark-callable-contracts","filePath":"Benchmarks/Study_SamplesSet/f6e248e5d6d3ef1742324ece3a58aded.sol"},{"line":58,"column":16,"severity":"Error","message":"Explicitly mark all external contracts as trusted or untrusted","ruleId":"mark-callable-contracts","filePath":"Benchmarks/Study_SamplesSet/f6e248e5d6d3ef1742324ece3a58aded.sol"},{"line":59,"column":4,"severity":"Error","message":"Explicitly mark all external contracts as trusted or untrusted","ruleId":"mark-callable-contracts","filePath":"Benchmarks/Study_SamplesSet/f6e248e5d6d3ef1742324ece3a58aded.sol"},{"line":59,"column":9,"severity":"Error","message":"Explicitly mark all external contracts as trusted or untrusted","ruleId":"mark-callable-contracts","filePath":"Benchmarks/Study_SamplesSet/f6e248e5d6d3ef1742324ece3a58aded.sol"},{"line":59,"column":16,"severity":"Error","message":"Explicitly mark all external contracts as trusted or untrusted","ruleId":"mark-callable-contracts","filePath":"Benchmarks/Study_SamplesSet/f6e248e5d6d3ef1742324ece3a58aded.sol"},{"line":60,"column":4,"severity":"Error","message":"Explicitly mark all external contracts as trusted or untrusted","ruleId":"mark-callable-contracts","filePath":"Benchmarks/Study_SamplesSet/f6e248e5d6d3ef1742324ece3a58aded.sol"},{"line":60,"column":9,"severity":"Error","message":"Explicitly mark all external contracts as trusted or untrusted","ruleId":"mark-callable-contracts","filePath":"Benchmarks/Study_SamplesSet/f6e248e5d6d3ef1742324ece3a58aded.sol"},{"line":60,"column":16,"severity":"Error","message":"Explicitly mark all external contracts as trusted or untrusted","ruleId":"mark-callable-contracts","filePath":"Benchmarks/Study_SamplesSet/f6e248e5d6d3ef1742324ece3a58aded.sol"},{"line":61,"column":4,"severity":"Error","message":"Explicitly mark all external contracts as trusted or untrusted","ruleId":"mark-callable-contracts","filePath":"Benchmarks/Study_SamplesSet/f6e248e5d6d3ef1742324ece3a58aded.sol"},{"line":61,"column":9,"severity":"Error","message":"Explicitly mark all external contracts as trusted or untrusted","ruleId":"mark-callable-contracts","filePath":"Benchmarks/Study_SamplesSet/f6e248e5d6d3ef1742324ece3a58aded.sol"},{"line":61,"column":16,"severity":"Error","message":"Explicitly mark all external contracts as trusted or untrusted","ruleId":"mark-callable-contracts","filePath":"Benchmarks/Study_SamplesSet/f6e248e5d6d3ef1742324ece3a58aded.sol"},{"line":62,"column":4,"severity":"Error","message":"Explicitly mark all external contracts as trusted or untrusted","ruleId":"mark-callable-contracts","filePath":"Benchmarks/Study_SamplesSet/f6e248e5d6d3ef1742324ece3a58aded.sol"},{"line":62,"column":9,"severity":"Error","message":"Explicitly mark all external contracts as trusted or untrusted","ruleId":"mark-callable-contracts","filePath":"Benchmarks/Study_SamplesSet/f6e248e5d6d3ef1742324ece3a58aded.sol"},{"line":62,"column":16,"severity":"Error","message":"Explicitly mark all external contracts as trusted or untrusted","ruleId":"mark-callable-contracts","filePath":"Benchmarks/Study_SamplesSet/f6e248e5d6d3ef1742324ece3a58aded.sol"},{"line":63,"column":4,"severity":"Error","message":"Explicitly mark all external contracts as trusted or untrusted","ruleId":"mark-callable-contracts","filePath":"Benchmarks/Study_SamplesSet/f6e248e5d6d3ef1742324ece3a58aded.sol"},{"line":63,"column":9,"severity":"Error","message":"Explicitly mark all external contracts as trusted or untrusted","ruleId":"mark-callable-contracts","filePath":"Benchmarks/Study_SamplesSet/f6e248e5d6d3ef1742324ece3a58aded.sol"},{"line":63,"column":16,"severity":"Error","message":"Explicitly mark all external contracts as trusted or untrusted","ruleId":"mark-callable-contracts","filePath":"Benchmarks/Study_SamplesSet/f6e248e5d6d3ef1742324ece3a58aded.sol"},{"line":64,"column":4,"severity":"Error","message":"Explicitly mark all external contracts as trusted or untrusted","ruleId":"mark-callable-contracts","filePath":"Benchmarks/Study_SamplesSet/f6e248e5d6d3ef1742324ece3a58aded.sol"},{"line":64,"column":10,"severity":"Error","message":"Explicitly mark all external contracts as trusted or untrusted","ruleId":"mark-callable-contracts","filePath":"Benchmarks/Study_SamplesSet/f6e248e5d6d3ef1742324ece3a58aded.sol"},{"line":64,"column":18,"severity":"Error","message":"Explicitly mark all external contracts as trusted or untrusted","ruleId":"mark-callable-contracts","filePath":"Benchmarks/Study_SamplesSet/f6e248e5d6d3ef1742324ece3a58aded.sol"},{"line":65,"column":4,"severity":"Error","message":"Explicitly mark all external contracts as trusted or untrusted","ruleId":"mark-callable-contracts","filePath":"Benchmarks/Study_SamplesSet/f6e248e5d6d3ef1742324ece3a58aded.sol"},{"line":65,"column":10,"severity":"Error","message":"Explicitly mark all external contracts as trusted or untrusted","ruleId":"mark-callable-contracts","filePath":"Benchmarks/Study_SamplesSet/f6e248e5d6d3ef1742324ece3a58aded.sol"},{"line":65,"column":18,"severity":"Error","message":"Explicitly mark all external contracts as trusted or untrusted","ruleId":"mark-callable-contracts","filePath":"Benchmarks/Study_SamplesSet/f6e248e5d6d3ef1742324ece3a58aded.sol"},{"line":66,"column":4,"severity":"Error","message":"Explicitly mark all external contracts as trusted or untrusted","ruleId":"mark-callable-contracts","filePath":"Benchmarks/Study_SamplesSet/f6e248e5d6d3ef1742324ece3a58aded.sol"},{"line":66,"column":10,"severity":"Error","message":"Explicitly mark all external contracts as trusted or untrusted","ruleId":"mark-callable-contracts","filePath":"Benchmarks/Study_SamplesSet/f6e248e5d6d3ef1742324ece3a58aded.sol"},{"line":66,"column":18,"severity":"Error","message":"Explicitly mark all external contracts as trusted or untrusted","ruleId":"mark-callable-contracts","filePath":"Benchmarks/Study_SamplesSet/f6e248e5d6d3ef1742324ece3a58aded.sol"},{"line":67,"column":4,"severity":"Error","message":"Explicitly mark all external contracts as trusted or untrusted","ruleId":"mark-callable-contracts","filePath":"Benchmarks/Study_SamplesSet/f6e248e5d6d3ef1742324ece3a58aded.sol"},{"line":67,"column":10,"severity":"Error","message":"Explicitly mark all external contracts as trusted or untrusted","ruleId":"mark-callable-contracts","filePath":"Benchmarks/Study_SamplesSet/f6e248e5d6d3ef1742324ece3a58aded.sol"},{"line":67,"column":18,"severity":"Error","message":"Explicitly mark all external contracts as trusted or untrusted","ruleId":"mark-callable-contracts","filePath":"Benchmarks/Study_SamplesSet/f6e248e5d6d3ef1742324ece3a58aded.sol"},{"line":68,"column":4,"severity":"Error","message":"Explicitly mark all external contracts as trusted or untrusted","ruleId":"mark-callable-contracts","filePath":"Benchmarks/Study_SamplesSet/f6e248e5d6d3ef1742324ece3a58aded.sol"},{"line":68,"column":10,"severity":"Error","message":"Explicitly mark all external contracts as trusted or untrusted","ruleId":"mark-callable-contracts","filePath":"Benchmarks/Study_SamplesSet/f6e248e5d6d3ef1742324ece3a58aded.sol"},{"line":68,"column":18,"severity":"Error","message":"Explicitly mark all external contracts as trusted or untrusted","ruleId":"mark-callable-contracts","filePath":"Benchmarks/Study_SamplesSet/f6e248e5d6d3ef1742324ece3a58aded.sol"},{"line":69,"column":4,"severity":"Error","message":"Explicitly mark all external contracts as trusted or untrusted","ruleId":"mark-callable-contracts","filePath":"Benchmarks/Study_SamplesSet/f6e248e5d6d3ef1742324ece3a58aded.sol"},{"line":69,"column":10,"severity":"Error","message":"Explicitly mark all external contracts as trusted or untrusted","ruleId":"mark-callable-contracts","filePath":"Benchmarks/Study_SamplesSet/f6e248e5d6d3ef1742324ece3a58aded.sol"},{"line":69,"column":18,"severity":"Error","message":"Explicitly mark all external contracts as trusted or untrusted","ruleId":"mark-callable-contracts","filePath":"Benchmarks/Study_SamplesSet/f6e248e5d6d3ef1742324ece3a58aded.sol"},{"line":70,"column":4,"severity":"Error","message":"Explicitly mark all external contracts as trusted or untrusted","ruleId":"mark-callable-contracts","filePath":"Benchmarks/Study_SamplesSet/f6e248e5d6d3ef1742324ece3a58aded.sol"},{"line":70,"column":10,"severity":"Error","message":"Explicitly mark all external contracts as trusted or untrusted","ruleId":"mark-callable-contracts","filePath":"Benchmarks/Study_SamplesSet/f6e248e5d6d3ef1742324ece3a58aded.sol"},{"line":70,"column":18,"severity":"Error","message":"Explicitly mark all external contracts as trusted or untrusted","ruleId":"mark-callable-contracts","filePath":"Benchmarks/Study_SamplesSet/f6e248e5d6d3ef1742324ece3a58aded.sol"},{"line":71,"column":4,"severity":"Error","message":"Explicitly mark all external contracts as trusted or untrusted","ruleId":"mark-callable-contracts","filePath":"Benchmarks/Study_SamplesSet/f6e248e5d6d3ef1742324ece3a58aded.sol"},{"line":71,"column":10,"severity":"Error","message":"Explicitly mark all external contracts as trusted or untrusted","ruleId":"mark-callable-contracts","filePath":"Benchmarks/Study_SamplesSet/f6e248e5d6d3ef1742324ece3a58aded.sol"},{"line":71,"column":18,"severity":"Error","message":"Explicitly mark all external contracts as trusted or untrusted","ruleId":"mark-callable-contracts","filePath":"Benchmarks/Study_SamplesSet/f6e248e5d6d3ef1742324ece3a58aded.sol"},{"line":72,"column":4,"severity":"Error","message":"Explicitly mark all external contracts as trusted or untrusted","ruleId":"mark-callable-contracts","filePath":"Benchmarks/Study_SamplesSet/f6e248e5d6d3ef1742324ece3a58aded.sol"},{"line":72,"column":10,"severity":"Error","message":"Explicitly mark all external contracts as trusted or untrusted","ruleId":"mark-callable-contracts","filePath":"Benchmarks/Study_SamplesSet/f6e248e5d6d3ef1742324ece3a58aded.sol"},{"line":72,"column":18,"severity":"Error","message":"Explicitly mark all external contracts as trusted or untrusted","ruleId":"mark-callable-contracts","filePath":"Benchmarks/Study_SamplesSet/f6e248e5d6d3ef1742324ece3a58aded.sol"},{"line":73,"column":4,"severity":"Error","message":"Explicitly mark all external contracts as trusted or untrusted","ruleId":"mark-callable-contracts","filePath":"Benchmarks/Study_SamplesSet/f6e248e5d6d3ef1742324ece3a58aded.sol"},{"line":73,"column":10,"severity":"Error","message":"Explicitly mark all external contracts as trusted or untrusted","ruleId":"mark-callable-contracts","filePath":"Benchmarks/Study_SamplesSet/f6e248e5d6d3ef1742324ece3a58aded.sol"},{"line":73,"column":18,"severity":"Error","message":"Explicitly mark all external contracts as trusted or untrusted","ruleId":"mark-callable-contracts","filePath":"Benchmarks/Study_SamplesSet/f6e248e5d6d3ef1742324ece3a58aded.sol"},{"line":74,"column":4,"severity":"Error","message":"Explicitly mark all external contracts as trusted or untrusted","ruleId":"mark-callable-contracts","filePath":"Benchmarks/Study_SamplesSet/f6e248e5d6d3ef1742324ece3a58aded.sol"},{"line":74,"column":10,"severity":"Error","message":"Explicitly mark all external contracts as trusted or untrusted","ruleId":"mark-callable-contracts","filePath":"Benchmarks/Study_SamplesSet/f6e248e5d6d3ef1742324ece3a58aded.sol"},{"line":74,"column":18,"severity":"Error","message":"Explicitly mark all external contracts as trusted or untrusted","ruleId":"mark-callable-contracts","filePath":"Benchmarks/Study_SamplesSet/f6e248e5d6d3ef1742324ece3a58aded.sol"},{"line":75,"column":4,"severity":"Error","message":"Explicitly mark all external contracts as trusted or untrusted","ruleId":"mark-callable-contracts","filePath":"Benchmarks/Study_SamplesSet/f6e248e5d6d3ef1742324ece3a58aded.sol"},{"line":75,"column":10,"severity":"Error","message":"Explicitly mark all external contracts as trusted or untrusted","ruleId":"mark-callable-contracts","filePath":"Benchmarks/Study_SamplesSet/f6e248e5d6d3ef1742324ece3a58aded.sol"},{"line":75,"column":18,"severity":"Error","message":"Explicitly mark all external contracts as trusted or untrusted","ruleId":"mark-callable-contracts","filePath":"Benchmarks/Study_SamplesSet/f6e248e5d6d3ef1742324ece3a58aded.sol"},{"line":76,"column":4,"severity":"Error","message":"Explicitly mark all external contracts as trusted or untrusted","ruleId":"mark-callable-contracts","filePath":"Benchmarks/Study_SamplesSet/f6e248e5d6d3ef1742324ece3a58aded.sol"},{"line":76,"column":10,"severity":"Error","message":"Explicitly mark all external contracts as trusted or untrusted","ruleId":"mark-callable-contracts","filePath":"Benchmarks/Study_SamplesSet/f6e248e5d6d3ef1742324ece3a58aded.sol"},{"line":76,"column":18,"severity":"Error","message":"Explicitly mark all external contracts as trusted or untrusted","ruleId":"mark-callable-contracts","filePath":"Benchmarks/Study_SamplesSet/f6e248e5d6d3ef1742324ece3a58aded.sol"},{"line":77,"column":4,"severity":"Error","message":"Explicitly mark all external contracts as trusted or untrusted","ruleId":"mark-callable-contracts","filePath":"Benchmarks/Study_SamplesSet/f6e248e5d6d3ef1742324ece3a58aded.sol"},{"line":77,"column":10,"severity":"Error","message":"Explicitly mark all external contracts as trusted or untrusted","ruleId":"mark-callable-contracts","filePath":"Benchmarks/Study_SamplesSet/f6e248e5d6d3ef1742324ece3a58aded.sol"},{"line":77,"column":18,"severity":"Error","message":"Explicitly mark all external contracts as trusted or untrusted","ruleId":"mark-callable-contracts","filePath":"Benchmarks/Study_SamplesSet/f6e248e5d6d3ef1742324ece3a58aded.sol"},{"line":78,"column":4,"severity":"Error","message":"Explicitly mark all external contracts as trusted or untrusted","ruleId":"mark-callable-contracts","filePath":"Benchmarks/Study_SamplesSet/f6e248e5d6d3ef1742324ece3a58aded.sol"},{"line":78,"column":10,"severity":"Error","message":"Explicitly mark all external contracts as trusted or untrusted","ruleId":"mark-callable-contracts","filePath":"Benchmarks/Study_SamplesSet/f6e248e5d6d3ef1742324ece3a58aded.sol"},{"line":78,"column":18,"severity":"Error","message":"Explicitly mark all external contracts as trusted or untrusted","ruleId":"mark-callable-contracts","filePath":"Benchmarks/Study_SamplesSet/f6e248e5d6d3ef1742324ece3a58aded.sol"},{"line":81,"column":4,"severity":"Error","message":"Explicitly mark all external contracts as trusted or untrusted","ruleId":"mark-callable-contracts","filePath":"Benchmarks/Study_SamplesSet/f6e248e5d6d3ef1742324ece3a58aded.sol"},{"line":81,"column":9,"severity":"Error","message":"Explicitly mark all external contracts as trusted or untrusted","ruleId":"mark-callable-contracts","filePath":"Benchmarks/Study_SamplesSet/f6e248e5d6d3ef1742324ece3a58aded.sol"},{"line":82,"column":4,"severity":"Error","message":"Explicitly mark all external contracts as trusted or untrusted","ruleId":"mark-callable-contracts","filePath":"Benchmarks/Study_SamplesSet/f6e248e5d6d3ef1742324ece3a58aded.sol"},{"line":82,"column":11,"severity":"Error","message":"Explicitly mark all external contracts as trusted or untrusted","ruleId":"mark-callable-contracts","filePath":"Benchmarks/Study_SamplesSet/f6e248e5d6d3ef1742324ece3a58aded.sol"},{"line":82,"column":51,"severity":"Error","message":"Explicitly mark all external contracts as trusted or untrusted","ruleId":"mark-callable-contracts","filePath":"Benchmarks/Study_SamplesSet/f6e248e5d6d3ef1742324ece3a58aded.sol"},{"line":83,"column":4,"severity":"Error","message":"Explicitly mark all external contracts as trusted or untrusted","ruleId":"mark-callable-contracts","filePath":"Benchmarks/Study_SamplesSet/f6e248e5d6d3ef1742324ece3a58aded.sol"},{"line":83,"column":12,"severity":"Error","message":"Explicitly mark all external contracts as trusted or untrusted","ruleId":"mark-callable-contracts","filePath":"Benchmarks/Study_SamplesSet/f6e248e5d6d3ef1742324ece3a58aded.sol"},{"line":83,"column":51,"severity":"Error","message":"Explicitly mark all external contracts as trusted or untrusted","ruleId":"mark-callable-contracts","filePath":"Benchmarks/Study_SamplesSet/f6e248e5d6d3ef1742324ece3a58aded.sol"},{"line":84,"column":4,"severity":"Error","message":"Explicitly mark all external contracts as trusted or untrusted","ruleId":"mark-callable-contracts","filePath":"Benchmarks/Study_SamplesSet/f6e248e5d6d3ef1742324ece3a58aded.sol"},{"line":84,"column":12,"severity":"Error","message":"Explicitly mark all external contracts as trusted or untrusted","ruleId":"mark-callable-contracts","filePath":"Benchmarks/Study_SamplesSet/f6e248e5d6d3ef1742324ece3a58aded.sol"},{"line":84,"column":52,"severity":"Error","message":"Explicitly mark all external contracts as trusted or untrusted","ruleId":"mark-callable-contracts","filePath":"Benchmarks/Study_SamplesSet/f6e248e5d6d3ef1742324ece3a58aded.sol"},{"line":85,"column":4,"severity":"Error","message":"Explicitly mark all external contracts as trusted or untrusted","ruleId":"mark-callable-contracts","filePath":"Benchmarks/Study_SamplesSet/f6e248e5d6d3ef1742324ece3a58aded.sol"},{"line":85,"column":12,"severity":"Error","message":"Explicitly mark all external contracts as trusted or untrusted","ruleId":"mark-callable-contracts","filePath":"Benchmarks/Study_SamplesSet/f6e248e5d6d3ef1742324ece3a58aded.sol"},{"line":85,"column":52,"severity":"Error","message":"Explicitly mark all external contracts as trusted or untrusted","ruleId":"mark-callable-contracts","filePath":"Benchmarks/Study_SamplesSet/f6e248e5d6d3ef1742324ece3a58aded.sol"},{"line":86,"column":4,"severity":"Error","message":"Explicitly mark all external contracts as trusted or untrusted","ruleId":"mark-callable-contracts","filePath":"Benchmarks/Study_SamplesSet/f6e248e5d6d3ef1742324ece3a58aded.sol"},{"line":86,"column":11,"severity":"Error","message":"Explicitly mark all external contracts as trusted or untrusted","ruleId":"mark-callable-contracts","filePath":"Benchmarks/Study_SamplesSet/f6e248e5d6d3ef1742324ece3a58aded.sol"},{"line":86,"column":50,"severity":"Error","message":"Explicitly mark all external contracts as trusted or untrusted","ruleId":"mark-callable-contracts","filePath":"Benchmarks/Study_SamplesSet/f6e248e5d6d3ef1742324ece3a58aded.sol"},{"line":87,"column":4,"severity":"Error","message":"Explicitly mark all external contracts as trusted or untrusted","ruleId":"mark-callable-contracts","filePath":"Benchmarks/Study_SamplesSet/f6e248e5d6d3ef1742324ece3a58aded.sol"},{"line":87,"column":11,"severity":"Error","message":"Explicitly mark all external contracts as trusted or untrusted","ruleId":"mark-callable-contracts","filePath":"Benchmarks/Study_SamplesSet/f6e248e5d6d3ef1742324ece3a58aded.sol"},{"line":87,"column":51,"severity":"Error","message":"Explicitly mark all external contracts as trusted or untrusted","ruleId":"mark-callable-contracts","filePath":"Benchmarks/Study_SamplesSet/f6e248e5d6d3ef1742324ece3a58aded.sol"},{"line":88,"column":4,"severity":"Error","message":"Explicitly mark all external contracts as trusted or untrusted","ruleId":"mark-callable-contracts","filePath":"Benchmarks/Study_SamplesSet/f6e248e5d6d3ef1742324ece3a58aded.sol"},{"line":88,"column":12,"severity":"Error","message":"Explicitly mark all external contracts as trusted or untrusted","ruleId":"mark-callable-contracts","filePath":"Benchmarks/Study_SamplesSet/f6e248e5d6d3ef1742324ece3a58aded.sol"},{"line":88,"column":52,"severity":"Error","message":"Explicitly mark all external contracts as trusted or untrusted","ruleId":"mark-callable-contracts","filePath":"Benchmarks/Study_SamplesSet/f6e248e5d6d3ef1742324ece3a58aded.sol"},{"line":89,"column":4,"severity":"Error","message":"Explicitly mark all external contracts as trusted or untrusted","ruleId":"mark-callable-contracts","filePath":"Benchmarks/Study_SamplesSet/f6e248e5d6d3ef1742324ece3a58aded.sol"},{"line":89,"column":12,"severity":"Error","message":"Explicitly mark all external contracts as trusted or untrusted","ruleId":"mark-callable-contracts","filePath":"Benchmarks/Study_SamplesSet/f6e248e5d6d3ef1742324ece3a58aded.sol"},{"line":89,"column":52,"severity":"Error","message":"Explicitly mark all external contracts as trusted or untrusted","ruleId":"mark-callable-contracts","filePath":"Benchmarks/Study_SamplesSet/f6e248e5d6d3ef1742324ece3a58aded.sol"},{"line":90,"column":4,"severity":"Error","message":"Explicitly mark all external contracts as trusted or untrusted","ruleId":"mark-callable-contracts","filePath":"Benchmarks/Study_SamplesSet/f6e248e5d6d3ef1742324ece3a58aded.sol"},{"line":90,"column":12,"severity":"Error","message":"Explicitly mark all external contracts as trusted or untrusted","ruleId":"mark-callable-contracts","filePath":"Benchmarks/Study_SamplesSet/f6e248e5d6d3ef1742324ece3a58aded.sol"},{"line":90,"column":51,"severity":"Error","message":"Explicitly mark all external contracts as trusted or untrusted","ruleId":"mark-callable-contracts","filePath":"Benchmarks/Study_SamplesSet/f6e248e5d6d3ef1742324ece3a58aded.sol"},{"line":91,"column":4,"severity":"Error","message":"Explicitly mark all external contracts as trusted or untrusted","ruleId":"mark-callable-contracts","filePath":"Benchmarks/Study_SamplesSet/f6e248e5d6d3ef1742324ece3a58aded.sol"},{"line":91,"column":11,"severity":"Error","message":"Explicitly mark all external contracts as trusted or untrusted","ruleId":"mark-callable-contracts","filePath":"Benchmarks/Study_SamplesSet/f6e248e5d6d3ef1742324ece3a58aded.sol"},{"line":91,"column":52,"severity":"Error","message":"Explicitly mark all external contracts as trusted or untrusted","ruleId":"mark-callable-contracts","filePath":"Benchmarks/Study_SamplesSet/f6e248e5d6d3ef1742324ece3a58aded.sol"},{"line":92,"column":4,"severity":"Error","message":"Explicitly mark all external contracts as trusted or untrusted","ruleId":"mark-callable-contracts","filePath":"Benchmarks/Study_SamplesSet/f6e248e5d6d3ef1742324ece3a58aded.sol"},{"line":92,"column":11,"severity":"Error","message":"Explicitly mark all external contracts as trusted or untrusted","ruleId":"mark-callable-contracts","filePath":"Benchmarks/Study_SamplesSet/f6e248e5d6d3ef1742324ece3a58aded.sol"},{"line":92,"column":51,"severity":"Error","message":"Explicitly mark all external contracts as trusted or untrusted","ruleId":"mark-callable-contracts","filePath":"Benchmarks/Study_SamplesSet/f6e248e5d6d3ef1742324ece3a58aded.sol"},{"line":93,"column":4,"severity":"Error","message":"Explicitly mark all external contracts as trusted or untrusted","ruleId":"mark-callable-contracts","filePath":"Benchmarks/Study_SamplesSet/f6e248e5d6d3ef1742324ece3a58aded.sol"},{"line":93,"column":12,"severity":"Error","message":"Explicitly mark all external contracts as trusted or untrusted","ruleId":"mark-callable-contracts","filePath":"Benchmarks/Study_SamplesSet/f6e248e5d6d3ef1742324ece3a58aded.sol"},{"line":93,"column":53,"severity":"Error","message":"Explicitly mark all external contracts as trusted or untrusted","ruleId":"mark-callable-contracts","filePath":"Benchmarks/Study_SamplesSet/f6e248e5d6d3ef1742324ece3a58aded.sol"},{"line":94,"column":4,"severity":"Error","message":"Explicitly mark all external contracts as trusted or untrusted","ruleId":"mark-callable-contracts","filePath":"Benchmarks/Study_SamplesSet/f6e248e5d6d3ef1742324ece3a58aded.sol"},{"line":94,"column":12,"severity":"Error","message":"Explicitly mark all external contracts as trusted or untrusted","ruleId":"mark-callable-contracts","filePath":"Benchmarks/Study_SamplesSet/f6e248e5d6d3ef1742324ece3a58aded.sol"},{"line":94,"column":53,"severity":"Error","message":"Explicitly mark all external contracts as trusted or untrusted","ruleId":"mark-callable-contracts","filePath":"Benchmarks/Study_SamplesSet/f6e248e5d6d3ef1742324ece3a58aded.sol"},{"line":95,"column":4,"severity":"Error","message":"Explicitly mark all external contracts as trusted or untrusted","ruleId":"mark-callable-contracts","filePath":"Benchmarks/Study_SamplesSet/f6e248e5d6d3ef1742324ece3a58aded.sol"},{"line":95,"column":12,"severity":"Error","message":"Explicitly mark all external contracts as trusted or untrusted","ruleId":"mark-callable-contracts","filePath":"Benchmarks/Study_SamplesSet/f6e248e5d6d3ef1742324ece3a58aded.sol"},{"line":95,"column":53,"severity":"Error","message":"Explicitly mark all external contracts as trusted or untrusted","ruleId":"mark-callable-contracts","filePath":"Benchmarks/Study_SamplesSet/f6e248e5d6d3ef1742324ece3a58aded.sol"},{"line":96,"column":4,"severity":"Error","message":"Explicitly mark all external contracts as trusted or untrusted","ruleId":"mark-callable-contracts","filePath":"Benchmarks/Study_SamplesSet/f6e248e5d6d3ef1742324ece3a58aded.sol"},{"line":96,"column":11,"severity":"Error","message":"Explicitly mark all external contracts as trusted or untrusted","ruleId":"mark-callable-contracts","filePath":"Benchmarks/Study_SamplesSet/f6e248e5d6d3ef1742324ece3a58aded.sol"},{"line":96,"column":52,"severity":"Error","message":"Explicitly mark all external contracts as trusted or untrusted","ruleId":"mark-callable-contracts","filePath":"Benchmarks/Study_SamplesSet/f6e248e5d6d3ef1742324ece3a58aded.sol"},{"line":97,"column":4,"severity":"Error","message":"Explicitly mark all external contracts as trusted or untrusted","ruleId":"mark-callable-contracts","filePath":"Benchmarks/Study_SamplesSet/f6e248e5d6d3ef1742324ece3a58aded.sol"},{"line":97,"column":11,"severity":"Error","message":"Explicitly mark all external contracts as trusted or untrusted","ruleId":"mark-callable-contracts","filePath":"Benchmarks/Study_SamplesSet/f6e248e5d6d3ef1742324ece3a58aded.sol"},{"line":97,"column":52,"severity":"Error","message":"Explicitly mark all external contracts as trusted or untrusted","ruleId":"mark-callable-contracts","filePath":"Benchmarks/Study_SamplesSet/f6e248e5d6d3ef1742324ece3a58aded.sol"},{"line":98,"column":4,"severity":"Error","message":"Explicitly mark all external contracts as trusted or untrusted","ruleId":"mark-callable-contracts","filePath":"Benchmarks/Study_SamplesSet/f6e248e5d6d3ef1742324ece3a58aded.sol"},{"line":98,"column":12,"severity":"Error","message":"Explicitly mark all external contracts as trusted or untrusted","ruleId":"mark-callable-contracts","filePath":"Benchmarks/Study_SamplesSet/f6e248e5d6d3ef1742324ece3a58aded.sol"},{"line":98,"column":53,"severity":"Error","message":"Explicitly mark all external contracts as trusted or untrusted","ruleId":"mark-callable-contracts","filePath":"Benchmarks/Study_SamplesSet/f6e248e5d6d3ef1742324ece3a58aded.sol"},{"line":99,"column":4,"severity":"Error","message":"Explicitly mark all external contracts as trusted or untrusted","ruleId":"mark-callable-contracts","filePath":"Benchmarks/Study_SamplesSet/f6e248e5d6d3ef1742324ece3a58aded.sol"},{"line":99,"column":12,"severity":"Error","message":"Explicitly mark all external contracts as trusted or untrusted","ruleId":"mark-callable-contracts","filePath":"Benchmarks/Study_SamplesSet/f6e248e5d6d3ef1742324ece3a58aded.sol"},{"line":99,"column":53,"severity":"Error","message":"Explicitly mark all external contracts as trusted or untrusted","ruleId":"mark-callable-contracts","filePath":"Benchmarks/Study_SamplesSet/f6e248e5d6d3ef1742324ece3a58aded.sol"},{"line":100,"column":4,"severity":"Error","message":"Explicitly mark all external contracts as trusted or untrusted","ruleId":"mark-callable-contracts","filePath":"Benchmarks/Study_SamplesSet/f6e248e5d6d3ef1742324ece3a58aded.sol"},{"line":100,"column":12,"severity":"Error","message":"Explicitly mark all external contracts as trusted or untrusted","ruleId":"mark-callable-contracts","filePath":"Benchmarks/Study_SamplesSet/f6e248e5d6d3ef1742324ece3a58aded.sol"},{"line":100,"column":53,"severity":"Error","message":"Explicitly mark all external contracts as trusted or untrusted","ruleId":"mark-callable-contracts","filePath":"Benchmarks/Study_SamplesSet/f6e248e5d6d3ef1742324ece3a58aded.sol"},{"line":101,"column":4,"severity":"Error","message":"Explicitly mark all external contracts as trusted or untrusted","ruleId":"mark-callable-contracts","filePath":"Benchmarks/Study_SamplesSet/f6e248e5d6d3ef1742324ece3a58aded.sol"},{"line":101,"column":11,"severity":"Error","message":"Explicitly mark all external contracts as trusted or untrusted","ruleId":"mark-callable-contracts","filePath":"Benchmarks/Study_SamplesSet/f6e248e5d6d3ef1742324ece3a58aded.sol"},{"line":101,"column":52,"severity":"Error","message":"Explicitly mark all external contracts as trusted or untrusted","ruleId":"mark-callable-contracts","filePath":"Benchmarks/Study_SamplesSet/f6e248e5d6d3ef1742324ece3a58aded.sol"},{"line":102,"column":4,"severity":"Error","message":"Explicitly mark all external contracts as trusted or untrusted","ruleId":"mark-callable-contracts","filePath":"Benchmarks/Study_SamplesSet/f6e248e5d6d3ef1742324ece3a58aded.sol"},{"line":102,"column":11,"severity":"Error","message":"Explicitly mark all external contracts as trusted or untrusted","ruleId":"mark-callable-contracts","filePath":"Benchmarks/Study_SamplesSet/f6e248e5d6d3ef1742324ece3a58aded.sol"},{"line":102,"column":52,"severity":"Error","message":"Explicitly mark all external contracts as trusted or untrusted","ruleId":"mark-callable-contracts","filePath":"Benchmarks/Study_SamplesSet/f6e248e5d6d3ef1742324ece3a58aded.sol"},{"line":103,"column":4,"severity":"Error","message":"Explicitly mark all external contracts as trusted or untrusted","ruleId":"mark-callable-contracts","filePath":"Benchmarks/Study_SamplesSet/f6e248e5d6d3ef1742324ece3a58aded.sol"},{"line":103,"column":12,"severity":"Error","message":"Explicitly mark all external contracts as trusted or untrusted","ruleId":"mark-callable-contracts","filePath":"Benchmarks/Study_SamplesSet/f6e248e5d6d3ef1742324ece3a58aded.sol"},{"line":103,"column":53,"severity":"Error","message":"Explicitly mark all external contracts as trusted or untrusted","ruleId":"mark-callable-contracts","filePath":"Benchmarks/Study_SamplesSet/f6e248e5d6d3ef1742324ece3a58aded.sol"},{"line":104,"column":4,"severity":"Error","message":"Explicitly mark all external contracts as trusted or untrusted","ruleId":"mark-callable-contracts","filePath":"Benchmarks/Study_SamplesSet/f6e248e5d6d3ef1742324ece3a58aded.sol"},{"line":104,"column":12,"severity":"Error","message":"Explicitly mark all external contracts as trusted or untrusted","ruleId":"mark-callable-contracts","filePath":"Benchmarks/Study_SamplesSet/f6e248e5d6d3ef1742324ece3a58aded.sol"},{"line":104,"column":52,"severity":"Error","message":"Explicitly mark all external contracts as trusted or untrusted","ruleId":"mark-callable-contracts","filePath":"Benchmarks/Study_SamplesSet/f6e248e5d6d3ef1742324ece3a58aded.sol"},{"line":105,"column":4,"severity":"Error","message":"Explicitly mark all external contracts as trusted or untrusted","ruleId":"mark-callable-contracts","filePath":"Benchmarks/Study_SamplesSet/f6e248e5d6d3ef1742324ece3a58aded.sol"},{"line":105,"column":12,"severity":"Error","message":"Explicitly mark all external contracts as trusted or untrusted","ruleId":"mark-callable-contracts","filePath":"Benchmarks/Study_SamplesSet/f6e248e5d6d3ef1742324ece3a58aded.sol"},{"line":105,"column":53,"severity":"Error","message":"Explicitly mark all external contracts as trusted or untrusted","ruleId":"mark-callable-contracts","filePath":"Benchmarks/Study_SamplesSet/f6e248e5d6d3ef1742324ece3a58aded.sol"},{"line":108,"column":4,"severity":"Error","message":"Explicitly mark all external contracts as trusted or untrusted","ruleId":"mark-callable-contracts","filePath":"Benchmarks/Study_SamplesSet/f6e248e5d6d3ef1742324ece3a58aded.sol"},{"line":108,"column":9,"severity":"Error","message":"Explicitly mark all external contracts as trusted or untrusted","ruleId":"mark-callable-contracts","filePath":"Benchmarks/Study_SamplesSet/f6e248e5d6d3ef1742324ece3a58aded.sol"},{"line":108,"column":17,"severity":"Error","message":"Explicitly mark all external contracts as trusted or untrusted","ruleId":"mark-callable-contracts","filePath":"Benchmarks/Study_SamplesSet/f6e248e5d6d3ef1742324ece3a58aded.sol"},{"line":108,"column":25,"severity":"Error","message":"Explicitly mark all external contracts as trusted or untrusted","ruleId":"mark-callable-contracts","filePath":"Benchmarks/Study_SamplesSet/f6e248e5d6d3ef1742324ece3a58aded.sol"},{"line":109,"column":4,"severity":"Error","message":"Explicitly mark all external contracts as trusted or untrusted","ruleId":"mark-callable-contracts","filePath":"Benchmarks/Study_SamplesSet/f6e248e5d6d3ef1742324ece3a58aded.sol"},{"line":109,"column":9,"severity":"Error","message":"Explicitly mark all external contracts as trusted or untrusted","ruleId":"mark-callable-contracts","filePath":"Benchmarks/Study_SamplesSet/f6e248e5d6d3ef1742324ece3a58aded.sol"},{"line":109,"column":17,"severity":"Error","message":"Explicitly mark all external contracts as trusted or untrusted","ruleId":"mark-callable-contracts","filePath":"Benchmarks/Study_SamplesSet/f6e248e5d6d3ef1742324ece3a58aded.sol"},{"line":109,"column":25,"severity":"Error","message":"Explicitly mark all external contracts as trusted or untrusted","ruleId":"mark-callable-contracts","filePath":"Benchmarks/Study_SamplesSet/f6e248e5d6d3ef1742324ece3a58aded.sol"},{"line":110,"column":4,"severity":"Error","message":"Explicitly mark all external contracts as trusted or untrusted","ruleId":"mark-callable-contracts","filePath":"Benchmarks/Study_SamplesSet/f6e248e5d6d3ef1742324ece3a58aded.sol"},{"line":110,"column":9,"severity":"Error","message":"Explicitly mark all external contracts as trusted or untrusted","ruleId":"mark-callable-contracts","filePath":"Benchmarks/Study_SamplesSet/f6e248e5d6d3ef1742324ece3a58aded.sol"},{"line":110,"column":17,"severity":"Error","message":"Explicitly mark all external contracts as trusted or untrusted","ruleId":"mark-callable-contracts","filePath":"Benchmarks/Study_SamplesSet/f6e248e5d6d3ef1742324ece3a58aded.sol"},{"line":110,"column":25,"severity":"Error","message":"Explicitly mark all external contracts as trusted or untrusted","ruleId":"mark-callable-contracts","filePath":"Benchmarks/Study_SamplesSet/f6e248e5d6d3ef1742324ece3a58aded.sol"},{"line":111,"column":4,"severity":"Error","message":"Explicitly mark all external contracts as trusted or untrusted","ruleId":"mark-callable-contracts","filePath":"Benchmarks/Study_SamplesSet/f6e248e5d6d3ef1742324ece3a58aded.sol"},{"line":111,"column":9,"severity":"Error","message":"Explicitly mark all external contracts as trusted or untrusted","ruleId":"mark-callable-contracts","filePath":"Benchmarks/Study_SamplesSet/f6e248e5d6d3ef1742324ece3a58aded.sol"},{"line":111,"column":17,"severity":"Error","message":"Explicitly mark all external contracts as trusted or untrusted","ruleId":"mark-callable-contracts","filePath":"Benchmarks/Study_SamplesSet/f6e248e5d6d3ef1742324ece3a58aded.sol"},{"line":111,"column":25,"severity":"Error","message":"Explicitly mark all external contracts as trusted or untrusted","ruleId":"mark-callable-contracts","filePath":"Benchmarks/Study_SamplesSet/f6e248e5d6d3ef1742324ece3a58aded.sol"},{"line":112,"column":4,"severity":"Error","message":"Explicitly mark all external contracts as trusted or untrusted","ruleId":"mark-callable-contracts","filePath":"Benchmarks/Study_SamplesSet/f6e248e5d6d3ef1742324ece3a58aded.sol"},{"line":112,"column":9,"severity":"Error","message":"Explicitly mark all external contracts as trusted or untrusted","ruleId":"mark-callable-contracts","filePath":"Benchmarks/Study_SamplesSet/f6e248e5d6d3ef1742324ece3a58aded.sol"},{"line":112,"column":17,"severity":"Error","message":"Explicitly mark all external contracts as trusted or untrusted","ruleId":"mark-callable-contracts","filePath":"Benchmarks/Study_SamplesSet/f6e248e5d6d3ef1742324ece3a58aded.sol"},{"line":112,"column":25,"severity":"Error","message":"Explicitly mark all external contracts as trusted or untrusted","ruleId":"mark-callable-contracts","filePath":"Benchmarks/Study_SamplesSet/f6e248e5d6d3ef1742324ece3a58aded.sol"},{"line":113,"column":4,"severity":"Error","message":"Explicitly mark all external contracts as trusted or untrusted","ruleId":"mark-callable-contracts","filePath":"Benchmarks/Study_SamplesSet/f6e248e5d6d3ef1742324ece3a58aded.sol"},{"line":113,"column":9,"severity":"Error","message":"Explicitly mark all external contracts as trusted or untrusted","ruleId":"mark-callable-contracts","filePath":"Benchmarks/Study_SamplesSet/f6e248e5d6d3ef1742324ece3a58aded.sol"},{"line":113,"column":17,"severity":"Error","message":"Explicitly mark all external contracts as trusted or untrusted","ruleId":"mark-callable-contracts","filePath":"Benchmarks/Study_SamplesSet/f6e248e5d6d3ef1742324ece3a58aded.sol"},{"line":113,"column":26,"severity":"Error","message":"Explicitly mark all external contracts as trusted or untrusted","ruleId":"mark-callable-contracts","filePath":"Benchmarks/Study_SamplesSet/f6e248e5d6d3ef1742324ece3a58aded.sol"},{"line":114,"column":4,"severity":"Error","message":"Explicitly mark all external contracts as trusted or untrusted","ruleId":"mark-callable-contracts","filePath":"Benchmarks/Study_SamplesSet/f6e248e5d6d3ef1742324ece3a58aded.sol"},{"line":114,"column":9,"severity":"Error","message":"Explicitly mark all external contracts as trusted or untrusted","ruleId":"mark-callable-contracts","filePath":"Benchmarks/Study_SamplesSet/f6e248e5d6d3ef1742324ece3a58aded.sol"},{"line":114,"column":17,"severity":"Error","message":"Explicitly mark all external contracts as trusted or untrusted","ruleId":"mark-callable-contracts","filePath":"Benchmarks/Study_SamplesSet/f6e248e5d6d3ef1742324ece3a58aded.sol"},{"line":114,"column":26,"severity":"Error","message":"Explicitly mark all external contracts as trusted or untrusted","ruleId":"mark-callable-contracts","filePath":"Benchmarks/Study_SamplesSet/f6e248e5d6d3ef1742324ece3a58aded.sol"},{"line":115,"column":4,"severity":"Error","message":"Explicitly mark all external contracts as trusted or untrusted","ruleId":"mark-callable-contracts","filePath":"Benchmarks/Study_SamplesSet/f6e248e5d6d3ef1742324ece3a58aded.sol"},{"line":115,"column":9,"severity":"Error","message":"Explicitly mark all external contracts as trusted or untrusted","ruleId":"mark-callable-contracts","filePath":"Benchmarks/Study_SamplesSet/f6e248e5d6d3ef1742324ece3a58aded.sol"},{"line":115,"column":17,"severity":"Error","message":"Explicitly mark all external contracts as trusted or untrusted","ruleId":"mark-callable-contracts","filePath":"Benchmarks/Study_SamplesSet/f6e248e5d6d3ef1742324ece3a58aded.sol"},{"line":115,"column":26,"severity":"Error","message":"Explicitly mark all external contracts as trusted or untrusted","ruleId":"mark-callable-contracts","filePath":"Benchmarks/Study_SamplesSet/f6e248e5d6d3ef1742324ece3a58aded.sol"},{"line":116,"column":4,"severity":"Error","message":"Explicitly mark all external contracts as trusted or untrusted","ruleId":"mark-callable-contracts","filePath":"Benchmarks/Study_SamplesSet/f6e248e5d6d3ef1742324ece3a58aded.sol"},{"line":116,"column":9,"severity":"Error","message":"Explicitly mark all external contracts as trusted or untrusted","ruleId":"mark-callable-contracts","filePath":"Benchmarks/Study_SamplesSet/f6e248e5d6d3ef1742324ece3a58aded.sol"},{"line":116,"column":17,"severity":"Error","message":"Explicitly mark all external contracts as trusted or untrusted","ruleId":"mark-callable-contracts","filePath":"Benchmarks/Study_SamplesSet/f6e248e5d6d3ef1742324ece3a58aded.sol"},{"line":116,"column":26,"severity":"Error","message":"Explicitly mark all external contracts as trusted or untrusted","ruleId":"mark-callable-contracts","filePath":"Benchmarks/Study_SamplesSet/f6e248e5d6d3ef1742324ece3a58aded.sol"},{"line":117,"column":4,"severity":"Error","message":"Explicitly mark all external contracts as trusted or untrusted","ruleId":"mark-callable-contracts","filePath":"Benchmarks/Study_SamplesSet/f6e248e5d6d3ef1742324ece3a58aded.sol"},{"line":117,"column":9,"severity":"Error","message":"Explicitly mark all external contracts as trusted or untrusted","ruleId":"mark-callable-contracts","filePath":"Benchmarks/Study_SamplesSet/f6e248e5d6d3ef1742324ece3a58aded.sol"},{"line":117,"column":17,"severity":"Error","message":"Explicitly mark all external contracts as trusted or untrusted","ruleId":"mark-callable-contracts","filePath":"Benchmarks/Study_SamplesSet/f6e248e5d6d3ef1742324ece3a58aded.sol"},{"line":117,"column":26,"severity":"Error","message":"Explicitly mark all external contracts as trusted or untrusted","ruleId":"mark-callable-contracts","filePath":"Benchmarks/Study_SamplesSet/f6e248e5d6d3ef1742324ece3a58aded.sol"},{"line":118,"column":4,"severity":"Error","message":"Explicitly mark all external contracts as trusted or untrusted","ruleId":"mark-callable-contracts","filePath":"Benchmarks/Study_SamplesSet/f6e248e5d6d3ef1742324ece3a58aded.sol"},{"line":118,"column":10,"severity":"Error","message":"Explicitly mark all external contracts as trusted or untrusted","ruleId":"mark-callable-contracts","filePath":"Benchmarks/Study_SamplesSet/f6e248e5d6d3ef1742324ece3a58aded.sol"},{"line":118,"column":19,"severity":"Error","message":"Explicitly mark all external contracts as trusted or untrusted","ruleId":"mark-callable-contracts","filePath":"Benchmarks/Study_SamplesSet/f6e248e5d6d3ef1742324ece3a58aded.sol"},{"line":118,"column":28,"severity":"Error","message":"Explicitly mark all external contracts as trusted or untrusted","ruleId":"mark-callable-contracts","filePath":"Benchmarks/Study_SamplesSet/f6e248e5d6d3ef1742324ece3a58aded.sol"},{"line":119,"column":4,"severity":"Error","message":"Explicitly mark all external contracts as trusted or untrusted","ruleId":"mark-callable-contracts","filePath":"Benchmarks/Study_SamplesSet/f6e248e5d6d3ef1742324ece3a58aded.sol"},{"line":119,"column":10,"severity":"Error","message":"Explicitly mark all external contracts as trusted or untrusted","ruleId":"mark-callable-contracts","filePath":"Benchmarks/Study_SamplesSet/f6e248e5d6d3ef1742324ece3a58aded.sol"},{"line":119,"column":19,"severity":"Error","message":"Explicitly mark all external contracts as trusted or untrusted","ruleId":"mark-callable-contracts","filePath":"Benchmarks/Study_SamplesSet/f6e248e5d6d3ef1742324ece3a58aded.sol"},{"line":119,"column":28,"severity":"Error","message":"Explicitly mark all external contracts as trusted or untrusted","ruleId":"mark-callable-contracts","filePath":"Benchmarks/Study_SamplesSet/f6e248e5d6d3ef1742324ece3a58aded.sol"},{"line":120,"column":4,"severity":"Error","message":"Explicitly mark all external contracts as trusted or untrusted","ruleId":"mark-callable-contracts","filePath":"Benchmarks/Study_SamplesSet/f6e248e5d6d3ef1742324ece3a58aded.sol"},{"line":120,"column":10,"severity":"Error","message":"Explicitly mark all external contracts as trusted or untrusted","ruleId":"mark-callable-contracts","filePath":"Benchmarks/Study_SamplesSet/f6e248e5d6d3ef1742324ece3a58aded.sol"},{"line":120,"column":19,"severity":"Error","message":"Explicitly mark all external contracts as trusted or untrusted","ruleId":"mark-callable-contracts","filePath":"Benchmarks/Study_SamplesSet/f6e248e5d6d3ef1742324ece3a58aded.sol"},{"line":120,"column":28,"severity":"Error","message":"Explicitly mark all external contracts as trusted or untrusted","ruleId":"mark-callable-contracts","filePath":"Benchmarks/Study_SamplesSet/f6e248e5d6d3ef1742324ece3a58aded.sol"},{"line":121,"column":4,"severity":"Error","message":"Explicitly mark all external contracts as trusted or untrusted","ruleId":"mark-callable-contracts","filePath":"Benchmarks/Study_SamplesSet/f6e248e5d6d3ef1742324ece3a58aded.sol"},{"line":121,"column":10,"severity":"Error","message":"Explicitly mark all external contracts as trusted or untrusted","ruleId":"mark-callable-contracts","filePath":"Benchmarks/Study_SamplesSet/f6e248e5d6d3ef1742324ece3a58aded.sol"},{"line":121,"column":19,"severity":"Error","message":"Explicitly mark all external contracts as trusted or untrusted","ruleId":"mark-callable-contracts","filePath":"Benchmarks/Study_SamplesSet/f6e248e5d6d3ef1742324ece3a58aded.sol"},{"line":121,"column":28,"severity":"Error","message":"Explicitly mark all external contracts as trusted or untrusted","ruleId":"mark-callable-contracts","filePath":"Benchmarks/Study_SamplesSet/f6e248e5d6d3ef1742324ece3a58aded.sol"},{"line":122,"column":4,"severity":"Error","message":"Explicitly mark all external contracts as trusted or untrusted","ruleId":"mark-callable-contracts","filePath":"Benchmarks/Study_SamplesSet/f6e248e5d6d3ef1742324ece3a58aded.sol"},{"line":122,"column":10,"severity":"Error","message":"Explicitly mark all external contracts as trusted or untrusted","ruleId":"mark-callable-contracts","filePath":"Benchmarks/Study_SamplesSet/f6e248e5d6d3ef1742324ece3a58aded.sol"},{"line":122,"column":19,"severity":"Error","message":"Explicitly mark all external contracts as trusted or untrusted","ruleId":"mark-callable-contracts","filePath":"Benchmarks/Study_SamplesSet/f6e248e5d6d3ef1742324ece3a58aded.sol"},{"line":122,"column":28,"severity":"Error","message":"Explicitly mark all external contracts as trusted or untrusted","ruleId":"mark-callable-contracts","filePath":"Benchmarks/Study_SamplesSet/f6e248e5d6d3ef1742324ece3a58aded.sol"},{"line":123,"column":4,"severity":"Error","message":"Explicitly mark all external contracts as trusted or untrusted","ruleId":"mark-callable-contracts","filePath":"Benchmarks/Study_SamplesSet/f6e248e5d6d3ef1742324ece3a58aded.sol"},{"line":123,"column":10,"severity":"Error","message":"Explicitly mark all external contracts as trusted or untrusted","ruleId":"mark-callable-contracts","filePath":"Benchmarks/Study_SamplesSet/f6e248e5d6d3ef1742324ece3a58aded.sol"},{"line":123,"column":19,"severity":"Error","message":"Explicitly mark all external contracts as trusted or untrusted","ruleId":"mark-callable-contracts","filePath":"Benchmarks/Study_SamplesSet/f6e248e5d6d3ef1742324ece3a58aded.sol"},{"line":123,"column":28,"severity":"Error","message":"Explicitly mark all external contracts as trusted or untrusted","ruleId":"mark-callable-contracts","filePath":"Benchmarks/Study_SamplesSet/f6e248e5d6d3ef1742324ece3a58aded.sol"},{"line":124,"column":4,"severity":"Error","message":"Explicitly mark all external contracts as trusted or untrusted","ruleId":"mark-callable-contracts","filePath":"Benchmarks/Study_SamplesSet/f6e248e5d6d3ef1742324ece3a58aded.sol"},{"line":124,"column":10,"severity":"Error","message":"Explicitly mark all external contracts as trusted or untrusted","ruleId":"mark-callable-contracts","filePath":"Benchmarks/Study_SamplesSet/f6e248e5d6d3ef1742324ece3a58aded.sol"},{"line":124,"column":19,"severity":"Error","message":"Explicitly mark all external contracts as trusted or untrusted","ruleId":"mark-callable-contracts","filePath":"Benchmarks/Study_SamplesSet/f6e248e5d6d3ef1742324ece3a58aded.sol"},{"line":124,"column":28,"severity":"Error","message":"Explicitly mark all external contracts as trusted or untrusted","ruleId":"mark-callable-contracts","filePath":"Benchmarks/Study_SamplesSet/f6e248e5d6d3ef1742324ece3a58aded.sol"},{"line":125,"column":4,"severity":"Error","message":"Explicitly mark all external contracts as trusted or untrusted","ruleId":"mark-callable-contracts","filePath":"Benchmarks/Study_SamplesSet/f6e248e5d6d3ef1742324ece3a58aded.sol"},{"line":125,"column":10,"severity":"Error","message":"Explicitly mark all external contracts as trusted or untrusted","ruleId":"mark-callable-contracts","filePath":"Benchmarks/Study_SamplesSet/f6e248e5d6d3ef1742324ece3a58aded.sol"},{"line":125,"column":19,"severity":"Error","message":"Explicitly mark all external contracts as trusted or untrusted","ruleId":"mark-callable-contracts","filePath":"Benchmarks/Study_SamplesSet/f6e248e5d6d3ef1742324ece3a58aded.sol"},{"line":125,"column":28,"severity":"Error","message":"Explicitly mark all external contracts as trusted or untrusted","ruleId":"mark-callable-contracts","filePath":"Benchmarks/Study_SamplesSet/f6e248e5d6d3ef1742324ece3a58aded.sol"},{"line":126,"column":4,"severity":"Error","message":"Explicitly mark all external contracts as trusted or untrusted","ruleId":"mark-callable-contracts","filePath":"Benchmarks/Study_SamplesSet/f6e248e5d6d3ef1742324ece3a58aded.sol"},{"line":126,"column":10,"severity":"Error","message":"Explicitly mark all external contracts as trusted or untrusted","ruleId":"mark-callable-contracts","filePath":"Benchmarks/Study_SamplesSet/f6e248e5d6d3ef1742324ece3a58aded.sol"},{"line":126,"column":19,"severity":"Error","message":"Explicitly mark all external contracts as trusted or untrusted","ruleId":"mark-callable-contracts","filePath":"Benchmarks/Study_SamplesSet/f6e248e5d6d3ef1742324ece3a58aded.sol"},{"line":126,"column":28,"severity":"Error","message":"Explicitly mark all external contracts as trusted or untrusted","ruleId":"mark-callable-contracts","filePath":"Benchmarks/Study_SamplesSet/f6e248e5d6d3ef1742324ece3a58aded.sol"},{"line":127,"column":4,"severity":"Error","message":"Explicitly mark all external contracts as trusted or untrusted","ruleId":"mark-callable-contracts","filePath":"Benchmarks/Study_SamplesSet/f6e248e5d6d3ef1742324ece3a58aded.sol"},{"line":127,"column":10,"severity":"Error","message":"Explicitly mark all external contracts as trusted or untrusted","ruleId":"mark-callable-contracts","filePath":"Benchmarks/Study_SamplesSet/f6e248e5d6d3ef1742324ece3a58aded.sol"},{"line":127,"column":19,"severity":"Error","message":"Explicitly mark all external contracts as trusted or untrusted","ruleId":"mark-callable-contracts","filePath":"Benchmarks/Study_SamplesSet/f6e248e5d6d3ef1742324ece3a58aded.sol"},{"line":127,"column":28,"severity":"Error","message":"Explicitly mark all external contracts as trusted or untrusted","ruleId":"mark-callable-contracts","filePath":"Benchmarks/Study_SamplesSet/f6e248e5d6d3ef1742324ece3a58aded.sol"},{"line":128,"column":4,"severity":"Error","message":"Explicitly mark all external contracts as trusted or untrusted","ruleId":"mark-callable-contracts","filePath":"Benchmarks/Study_SamplesSet/f6e248e5d6d3ef1742324ece3a58aded.sol"},{"line":128,"column":10,"severity":"Error","message":"Explicitly mark all external contracts as trusted or untrusted","ruleId":"mark-callable-contracts","filePath":"Benchmarks/Study_SamplesSet/f6e248e5d6d3ef1742324ece3a58aded.sol"},{"line":128,"column":19,"severity":"Error","message":"Explicitly mark all external contracts as trusted or untrusted","ruleId":"mark-callable-contracts","filePath":"Benchmarks/Study_SamplesSet/f6e248e5d6d3ef1742324ece3a58aded.sol"},{"line":128,"column":27,"severity":"Error","message":"Explicitly mark all external contracts as trusted or untrusted","ruleId":"mark-callable-contracts","filePath":"Benchmarks/Study_SamplesSet/f6e248e5d6d3ef1742324ece3a58aded.sol"},{"line":129,"column":4,"severity":"Error","message":"Explicitly mark all external contracts as trusted or untrusted","ruleId":"mark-callable-contracts","filePath":"Benchmarks/Study_SamplesSet/f6e248e5d6d3ef1742324ece3a58aded.sol"},{"line":129,"column":10,"severity":"Error","message":"Explicitly mark all external contracts as trusted or untrusted","ruleId":"mark-callable-contracts","filePath":"Benchmarks/Study_SamplesSet/f6e248e5d6d3ef1742324ece3a58aded.sol"},{"line":129,"column":19,"severity":"Error","message":"Explicitly mark all external contracts as trusted or untrusted","ruleId":"mark-callable-contracts","filePath":"Benchmarks/Study_SamplesSet/f6e248e5d6d3ef1742324ece3a58aded.sol"},{"line":129,"column":27,"severity":"Error","message":"Explicitly mark all external contracts as trusted or untrusted","ruleId":"mark-callable-contracts","filePath":"Benchmarks/Study_SamplesSet/f6e248e5d6d3ef1742324ece3a58aded.sol"},{"line":130,"column":4,"severity":"Error","message":"Explicitly mark all external contracts as trusted or untrusted","ruleId":"mark-callable-contracts","filePath":"Benchmarks/Study_SamplesSet/f6e248e5d6d3ef1742324ece3a58aded.sol"},{"line":130,"column":10,"severity":"Error","message":"Explicitly mark all external contracts as trusted or untrusted","ruleId":"mark-callable-contracts","filePath":"Benchmarks/Study_SamplesSet/f6e248e5d6d3ef1742324ece3a58aded.sol"},{"line":130,"column":19,"severity":"Error","message":"Explicitly mark all external contracts as trusted or untrusted","ruleId":"mark-callable-contracts","filePath":"Benchmarks/Study_SamplesSet/f6e248e5d6d3ef1742324ece3a58aded.sol"},{"line":130,"column":27,"severity":"Error","message":"Explicitly mark all external contracts as trusted or untrusted","ruleId":"mark-callable-contracts","filePath":"Benchmarks/Study_SamplesSet/f6e248e5d6d3ef1742324ece3a58aded.sol"},{"line":131,"column":4,"severity":"Error","message":"Explicitly mark all external contracts as trusted or untrusted","ruleId":"mark-callable-contracts","filePath":"Benchmarks/Study_SamplesSet/f6e248e5d6d3ef1742324ece3a58aded.sol"},{"line":131,"column":10,"severity":"Error","message":"Explicitly mark all external contracts as trusted or untrusted","ruleId":"mark-callable-contracts","filePath":"Benchmarks/Study_SamplesSet/f6e248e5d6d3ef1742324ece3a58aded.sol"},{"line":131,"column":19,"severity":"Error","message":"Explicitly mark all external contracts as trusted or untrusted","ruleId":"mark-callable-contracts","filePath":"Benchmarks/Study_SamplesSet/f6e248e5d6d3ef1742324ece3a58aded.sol"},{"line":131,"column":27,"severity":"Error","message":"Explicitly mark all external contracts as trusted or untrusted","ruleId":"mark-callable-contracts","filePath":"Benchmarks/Study_SamplesSet/f6e248e5d6d3ef1742324ece3a58aded.sol"},{"line":132,"column":4,"severity":"Error","message":"Explicitly mark all external contracts as trusted or untrusted","ruleId":"mark-callable-contracts","filePath":"Benchmarks/Study_SamplesSet/f6e248e5d6d3ef1742324ece3a58aded.sol"},{"line":132,"column":10,"severity":"Error","message":"Explicitly mark all external contracts as trusted or untrusted","ruleId":"mark-callable-contracts","filePath":"Benchmarks/Study_SamplesSet/f6e248e5d6d3ef1742324ece3a58aded.sol"},{"line":132,"column":19,"severity":"Error","message":"Explicitly mark all external contracts as trusted or untrusted","ruleId":"mark-callable-contracts","filePath":"Benchmarks/Study_SamplesSet/f6e248e5d6d3ef1742324ece3a58aded.sol"},{"line":132,"column":27,"severity":"Error","message":"Explicitly mark all external contracts as trusted or untrusted","ruleId":"mark-callable-contracts","filePath":"Benchmarks/Study_SamplesSet/f6e248e5d6d3ef1742324ece3a58aded.sol"},{"line":135,"column":4,"severity":"Error","message":"Explicitly mark all external contracts as trusted or untrusted","ruleId":"mark-callable-contracts","filePath":"Benchmarks/Study_SamplesSet/f6e248e5d6d3ef1742324ece3a58aded.sol"},{"line":135,"column":9,"severity":"Error","message":"Explicitly mark all external contracts as trusted or untrusted","ruleId":"mark-callable-contracts","filePath":"Benchmarks/Study_SamplesSet/f6e248e5d6d3ef1742324ece3a58aded.sol"},{"line":135,"column":14,"severity":"Error","message":"Explicitly mark all external contracts as trusted or untrusted","ruleId":"mark-callable-contracts","filePath":"Benchmarks/Study_SamplesSet/f6e248e5d6d3ef1742324ece3a58aded.sol"},{"line":143,"column":5,"severity":"Error","message":"Explicitly mark visibility in function","ruleId":"func-visibility","fix":null,"filePath":"Benchmarks/Study_SamplesSet/f6e248e5d6d3ef1742324ece3a58aded.sol"},{"line":143,"column":21,"severity":"Warning","message":"Rule is set with explicit type [var/s: uint]","ruleId":"explicit-types","filePath":"Benchmarks/Study_SamplesSet/f6e248e5d6d3ef1742324ece3a58aded.sol"},{"line":143,"column":21,"severity":"Warning","message":"Variable name must be in mixedCase","ruleId":"var-name-mixedcase","fix":null,"filePath":"Benchmarks/Study_SamplesSet/f6e248e5d6d3ef1742324ece3a58aded.sol"},{"line":143,"column":48,"severity":"Warning","message":"Rule is set with explicit type [var/s: uint]","ruleId":"explicit-types","filePath":"Benchmarks/Study_SamplesSet/f6e248e5d6d3ef1742324ece3a58aded.sol"},{"line":144,"column":36,"severity":"Error","message":"\"throw\" is deprecated, avoid to use it","ruleId":"avoid-throw","filePath":"Benchmarks/Study_SamplesSet/f6e248e5d6d3ef1742324ece3a58aded.sol"},{"line":146,"column":9,"severity":"Warning","message":"Rule is set with explicit type [var/s: uint]","ruleId":"explicit-types","filePath":"Benchmarks/Study_SamplesSet/f6e248e5d6d3ef1742324ece3a58aded.sol"},{"line":147,"column":9,"severity":"Warning","message":"Rule is set with explicit type [var/s: uint]","ruleId":"explicit-types","filePath":"Benchmarks/Study_SamplesSet/f6e248e5d6d3ef1742324ece3a58aded.sol"},{"line":148,"column":9,"severity":"Warning","message":"Rule is set with explicit type [var/s: uint]","ruleId":"explicit-types","filePath":"Benchmarks/Study_SamplesSet/f6e248e5d6d3ef1742324ece3a58aded.sol"},{"line":150,"column":9,"severity":"Warning","message":"Rule is set with explicit type [var/s: uint]","ruleId":"explicit-types","filePath":"Benchmarks/Study_SamplesSet/f6e248e5d6d3ef1742324ece3a58aded.sol"},{"line":150,"column":9,"severity":"Warning","message":"Variable name must be in mixedCase","ruleId":"var-name-mixedcase","fix":null,"filePath":"Benchmarks/Study_SamplesSet/f6e248e5d6d3ef1742324ece3a58aded.sol"},{"line":151,"column":9,"severity":"Warning","message":"Rule is set with explicit type [var/s: uint]","ruleId":"explicit-types","filePath":"Benchmarks/Study_SamplesSet/f6e248e5d6d3ef1742324ece3a58aded.sol"},{"line":151,"column":17,"severity":"Warning","message":"Rule is set with explicit type [var/s: uint]","ruleId":"explicit-types","filePath":"Benchmarks/Study_SamplesSet/f6e248e5d6d3ef1742324ece3a58aded.sol"},{"line":151,"column":25,"severity":"Warning","message":"Rule is set with explicit type [var/s: uint]","ruleId":"explicit-types","filePath":"Benchmarks/Study_SamplesSet/f6e248e5d6d3ef1742324ece3a58aded.sol"},{"line":157,"column":25,"severity":"Error","message":"Explicitly mark all external contracts as trusted or untrusted","ruleId":"mark-callable-contracts","filePath":"Benchmarks/Study_SamplesSet/f6e248e5d6d3ef1742324ece3a58aded.sol"},{"line":157,"column":36,"severity":"Error","message":"Explicitly mark all external contracts as trusted or untrusted","ruleId":"mark-callable-contracts","filePath":"Benchmarks/Study_SamplesSet/f6e248e5d6d3ef1742324ece3a58aded.sol"},{"line":157,"column":47,"severity":"Error","message":"Explicitly mark all external contracts as trusted or untrusted","ruleId":"mark-callable-contracts","filePath":"Benchmarks/Study_SamplesSet/f6e248e5d6d3ef1742324ece3a58aded.sol"},{"line":161,"column":13,"severity":"Error","message":"Explicitly mark all external contracts as trusted or untrusted","ruleId":"mark-callable-contracts","filePath":"Benchmarks/Study_SamplesSet/f6e248e5d6d3ef1742324ece3a58aded.sol"},{"line":161,"column":26,"severity":"Error","message":"Explicitly mark all external contracts as trusted or untrusted","ruleId":"mark-callable-contracts","filePath":"Benchmarks/Study_SamplesSet/f6e248e5d6d3ef1742324ece3a58aded.sol"},{"line":165,"column":9,"severity":"Warning","message":"Rule is set with explicit type [var/s: uint]","ruleId":"explicit-types","filePath":"Benchmarks/Study_SamplesSet/f6e248e5d6d3ef1742324ece3a58aded.sol"},{"line":166,"column":9,"severity":"Warning","message":"Rule is set with explicit type [var/s: uint]","ruleId":"explicit-types","filePath":"Benchmarks/Study_SamplesSet/f6e248e5d6d3ef1742324ece3a58aded.sol"},{"line":171,"column":37,"severity":"Error","message":"Explicitly mark all external contracts as trusted or untrusted","ruleId":"mark-callable-contracts","filePath":"Benchmarks/Study_SamplesSet/f6e248e5d6d3ef1742324ece3a58aded.sol"},{"line":178,"column":9,"severity":"Error","message":"Explicitly mark all external contracts as trusted or untrusted","ruleId":"mark-callable-contracts","filePath":"Benchmarks/Study_SamplesSet/f6e248e5d6d3ef1742324ece3a58aded.sol"},{"line":179,"column":9,"severity":"Error","message":"Explicitly mark all external contracts as trusted or untrusted","ruleId":"mark-callable-contracts","filePath":"Benchmarks/Study_SamplesSet/f6e248e5d6d3ef1742324ece3a58aded.sol"},{"line":180,"column":9,"severity":"Error","message":"Explicitly mark all external contracts as trusted or untrusted","ruleId":"mark-callable-contracts","filePath":"Benchmarks/Study_SamplesSet/f6e248e5d6d3ef1742324ece3a58aded.sol"},{"line":181,"column":9,"severity":"Error","message":"Explicitly mark all external contracts as trusted or untrusted","ruleId":"mark-callable-contracts","filePath":"Benchmarks/Study_SamplesSet/f6e248e5d6d3ef1742324ece3a58aded.sol"},{"line":182,"column":9,"severity":"Error","message":"Explicitly mark all external contracts as trusted or untrusted","ruleId":"mark-callable-contracts","filePath":"Benchmarks/Study_SamplesSet/f6e248e5d6d3ef1742324ece3a58aded.sol"},{"line":183,"column":9,"severity":"Error","message":"Explicitly mark all external contracts as trusted or untrusted","ruleId":"mark-callable-contracts","filePath":"Benchmarks/Study_SamplesSet/f6e248e5d6d3ef1742324ece3a58aded.sol"},{"line":184,"column":9,"severity":"Error","message":"Explicitly mark all external contracts as trusted or untrusted","ruleId":"mark-callable-contracts","filePath":"Benchmarks/Study_SamplesSet/f6e248e5d6d3ef1742324ece3a58aded.sol"},{"line":185,"column":9,"severity":"Error","message":"Explicitly mark all external contracts as trusted or untrusted","ruleId":"mark-callable-contracts","filePath":"Benchmarks/Study_SamplesSet/f6e248e5d6d3ef1742324ece3a58aded.sol"},{"conclusion":"359 problem/s (321 error/s, 38 warning/s)"}]
