[{"line":5,"column":1,"severity":"Error","message":"Compiler version >=0.4.22 <0.6.0 does not satisfy the ^0.8.0 semver requirement","ruleId":"compiler-version","fix":null,"filePath":"Benchmarks/Study_SamplesSet/f7b9c311f155b5ce7ff162bb6ccd7d82.sol"},{"line":7,"column":1,"severity":"Warning","message":"Contract, Structs and Enums should be in CamelCase","ruleId":"contract-name-camelcase","filePath":"Benchmarks/Study_SamplesSet/f7b9c311f155b5ce7ff162bb6ccd7d82.sol"},{"line":11,"column":1,"severity":"Warning","message":"Contract has 18 states declarations but allowed no more than 15","ruleId":"max-states-count","fix":null,"filePath":"Benchmarks/Study_SamplesSet/f7b9c311f155b5ce7ff162bb6ccd7d82.sol"},{"line":13,"column":3,"severity":"Error","message":"Explicitly mark visibility of state","ruleId":"state-visibility","fix":null,"filePath":"Benchmarks/Study_SamplesSet/f7b9c311f155b5ce7ff162bb6ccd7d82.sol"},{"line":13,"column":3,"severity":"Warning","message":"Variable name must be in mixedCase","ruleId":"var-name-mixedcase","fix":null,"filePath":"Benchmarks/Study_SamplesSet/f7b9c311f155b5ce7ff162bb6ccd7d82.sol"},{"line":14,"column":1,"severity":"Warning","message":"Function name must be in mixedCase","ruleId":"func-name-mixedcase","fix":null,"filePath":"Benchmarks/Study_SamplesSet/f7b9c311f155b5ce7ff162bb6ccd7d82.sol"},{"line":14,"column":24,"severity":"Warning","message":"Rule is set with explicit type [var/s: uint]","ruleId":"explicit-types","filePath":"Benchmarks/Study_SamplesSet/f7b9c311f155b5ce7ff162bb6ccd7d82.sol"},{"line":15,"column":2,"severity":"Warning","message":"Rule is set with explicit type [var/s: uint]","ruleId":"explicit-types","filePath":"Benchmarks/Study_SamplesSet/f7b9c311f155b5ce7ff162bb6ccd7d82.sol"},{"line":15,"column":16,"severity":"Error","message":"Avoid making time-based decisions in your business logic","ruleId":"not-rely-on-time","fix":null,"filePath":"Benchmarks/Study_SamplesSet/f7b9c311f155b5ce7ff162bb6ccd7d82.sol"},{"line":19,"column":3,"severity":"Error","message":"Explicitly mark visibility of state","ruleId":"state-visibility","fix":null,"filePath":"Benchmarks/Study_SamplesSet/f7b9c311f155b5ce7ff162bb6ccd7d82.sol"},{"line":19,"column":3,"severity":"Warning","message":"Variable name must be in mixedCase","ruleId":"var-name-mixedcase","fix":null,"filePath":"Benchmarks/Study_SamplesSet/f7b9c311f155b5ce7ff162bb6ccd7d82.sol"},{"line":20,"column":1,"severity":"Warning","message":"Function name must be in mixedCase","ruleId":"func-name-mixedcase","fix":null,"filePath":"Benchmarks/Study_SamplesSet/f7b9c311f155b5ce7ff162bb6ccd7d82.sol"},{"line":20,"column":24,"severity":"Warning","message":"Rule is set with explicit type [var/s: uint]","ruleId":"explicit-types","filePath":"Benchmarks/Study_SamplesSet/f7b9c311f155b5ce7ff162bb6ccd7d82.sol"},{"line":21,"column":34,"severity":"Error","message":"Avoid making time-based decisions in your business logic","ruleId":"not-rely-on-time","fix":null,"filePath":"Benchmarks/Study_SamplesSet/f7b9c311f155b5ce7ff162bb6ccd7d82.sol"},{"line":24,"column":3,"severity":"Error","message":"Explicitly mark visibility of state","ruleId":"state-visibility","fix":null,"filePath":"Benchmarks/Study_SamplesSet/f7b9c311f155b5ce7ff162bb6ccd7d82.sol"},{"line":24,"column":3,"severity":"Warning","message":"Variable name must be in mixedCase","ruleId":"var-name-mixedcase","fix":null,"filePath":"Benchmarks/Study_SamplesSet/f7b9c311f155b5ce7ff162bb6ccd7d82.sol"},{"line":25,"column":1,"severity":"Warning","message":"Function name must be in mixedCase","ruleId":"func-name-mixedcase","fix":null,"filePath":"Benchmarks/Study_SamplesSet/f7b9c311f155b5ce7ff162bb6ccd7d82.sol"},{"line":25,"column":24,"severity":"Warning","message":"Rule is set with explicit type [var/s: uint]","ruleId":"explicit-types","filePath":"Benchmarks/Study_SamplesSet/f7b9c311f155b5ce7ff162bb6ccd7d82.sol"},{"line":26,"column":34,"severity":"Error","message":"Avoid making time-based decisions in your business logic","ruleId":"not-rely-on-time","fix":null,"filePath":"Benchmarks/Study_SamplesSet/f7b9c311f155b5ce7ff162bb6ccd7d82.sol"},{"line":30,"column":3,"severity":"Warning","message":"Function name must be in mixedCase","ruleId":"func-name-mixedcase","fix":null,"filePath":"Benchmarks/Study_SamplesSet/f7b9c311f155b5ce7ff162bb6ccd7d82.sol"},{"line":31,"column":2,"severity":"Warning","message":"Rule is set with explicit type [var/s: uint]","ruleId":"explicit-types","filePath":"Benchmarks/Study_SamplesSet/f7b9c311f155b5ce7ff162bb6ccd7d82.sol"},{"line":31,"column":2,"severity":"Warning","message":"Variable name must be in mixedCase","ruleId":"var-name-mixedcase","fix":null,"filePath":"Benchmarks/Study_SamplesSet/f7b9c311f155b5ce7ff162bb6ccd7d82.sol"},{"line":32,"column":2,"severity":"Warning","message":"Provide an error message for require","ruleId":"reason-string","fix":null,"filePath":"Benchmarks/Study_SamplesSet/f7b9c311f155b5ce7ff162bb6ccd7d82.sol"},{"line":32,"column":2,"severity":"Warning","message":"Use Custom Errors instead of require statements","ruleId":"custom-errors","fix":null,"filePath":"Benchmarks/Study_SamplesSet/f7b9c311f155b5ce7ff162bb6ccd7d82.sol"},{"line":33,"column":9,"severity":"Warning","message":"Provide an error message for require","ruleId":"reason-string","fix":null,"filePath":"Benchmarks/Study_SamplesSet/f7b9c311f155b5ce7ff162bb6ccd7d82.sol"},{"line":33,"column":9,"severity":"Warning","message":"Use Custom Errors instead of require statements","ruleId":"custom-errors","fix":null,"filePath":"Benchmarks/Study_SamplesSet/f7b9c311f155b5ce7ff162bb6ccd7d82.sol"},{"line":33,"column":17,"severity":"Error","message":"Avoid making time-based decisions in your business logic","ruleId":"not-rely-on-time","fix":null,"filePath":"Benchmarks/Study_SamplesSet/f7b9c311f155b5ce7ff162bb6ccd7d82.sol"},{"line":34,"column":33,"severity":"Error","message":"Avoid making time-based decisions in your business logic","ruleId":"not-rely-on-time","fix":null,"filePath":"Benchmarks/Study_SamplesSet/f7b9c311f155b5ce7ff162bb6ccd7d82.sol"},{"line":35,"column":12,"severity":"Error","message":"Avoid making time-based decisions in your business logic","ruleId":"not-rely-on-time","fix":null,"filePath":"Benchmarks/Study_SamplesSet/f7b9c311f155b5ce7ff162bb6ccd7d82.sol"},{"line":42,"column":3,"severity":"Error","message":"Explicitly mark visibility of state","ruleId":"state-visibility","fix":null,"filePath":"Benchmarks/Study_SamplesSet/f7b9c311f155b5ce7ff162bb6ccd7d82.sol"},{"line":42,"column":3,"severity":"Warning","message":"Variable name must be in mixedCase","ruleId":"var-name-mixedcase","fix":null,"filePath":"Benchmarks/Study_SamplesSet/f7b9c311f155b5ce7ff162bb6ccd7d82.sol"},{"line":43,"column":1,"severity":"Warning","message":"Function name must be in mixedCase","ruleId":"func-name-mixedcase","fix":null,"filePath":"Benchmarks/Study_SamplesSet/f7b9c311f155b5ce7ff162bb6ccd7d82.sol"},{"line":43,"column":24,"severity":"Warning","message":"Rule is set with explicit type [var/s: uint]","ruleId":"explicit-types","filePath":"Benchmarks/Study_SamplesSet/f7b9c311f155b5ce7ff162bb6ccd7d82.sol"},{"line":44,"column":2,"severity":"Warning","message":"Rule is set with explicit type [var/s: uint]","ruleId":"explicit-types","filePath":"Benchmarks/Study_SamplesSet/f7b9c311f155b5ce7ff162bb6ccd7d82.sol"},{"line":44,"column":16,"severity":"Error","message":"Avoid making time-based decisions in your business logic","ruleId":"not-rely-on-time","fix":null,"filePath":"Benchmarks/Study_SamplesSet/f7b9c311f155b5ce7ff162bb6ccd7d82.sol"},{"line":48,"column":3,"severity":"Warning","message":"Function name must be in mixedCase","ruleId":"func-name-mixedcase","fix":null,"filePath":"Benchmarks/Study_SamplesSet/f7b9c311f155b5ce7ff162bb6ccd7d82.sol"},{"line":49,"column":2,"severity":"Warning","message":"Rule is set with explicit type [var/s: uint]","ruleId":"explicit-types","filePath":"Benchmarks/Study_SamplesSet/f7b9c311f155b5ce7ff162bb6ccd7d82.sol"},{"line":49,"column":2,"severity":"Warning","message":"Variable name must be in mixedCase","ruleId":"var-name-mixedcase","fix":null,"filePath":"Benchmarks/Study_SamplesSet/f7b9c311f155b5ce7ff162bb6ccd7d82.sol"},{"line":50,"column":2,"severity":"Warning","message":"Provide an error message for require","ruleId":"reason-string","fix":null,"filePath":"Benchmarks/Study_SamplesSet/f7b9c311f155b5ce7ff162bb6ccd7d82.sol"},{"line":50,"column":2,"severity":"Warning","message":"Use Custom Errors instead of require statements","ruleId":"custom-errors","fix":null,"filePath":"Benchmarks/Study_SamplesSet/f7b9c311f155b5ce7ff162bb6ccd7d82.sol"},{"line":51,"column":9,"severity":"Warning","message":"Provide an error message for require","ruleId":"reason-string","fix":null,"filePath":"Benchmarks/Study_SamplesSet/f7b9c311f155b5ce7ff162bb6ccd7d82.sol"},{"line":51,"column":9,"severity":"Warning","message":"Use Custom Errors instead of require statements","ruleId":"custom-errors","fix":null,"filePath":"Benchmarks/Study_SamplesSet/f7b9c311f155b5ce7ff162bb6ccd7d82.sol"},{"line":51,"column":17,"severity":"Error","message":"Avoid making time-based decisions in your business logic","ruleId":"not-rely-on-time","fix":null,"filePath":"Benchmarks/Study_SamplesSet/f7b9c311f155b5ce7ff162bb6ccd7d82.sol"},{"line":52,"column":34,"severity":"Error","message":"Avoid making time-based decisions in your business logic","ruleId":"not-rely-on-time","fix":null,"filePath":"Benchmarks/Study_SamplesSet/f7b9c311f155b5ce7ff162bb6ccd7d82.sol"},{"line":53,"column":12,"severity":"Error","message":"Avoid making time-based decisions in your business logic","ruleId":"not-rely-on-time","fix":null,"filePath":"Benchmarks/Study_SamplesSet/f7b9c311f155b5ce7ff162bb6ccd7d82.sol"},{"line":60,"column":3,"severity":"Error","message":"Explicitly mark visibility of state","ruleId":"state-visibility","fix":null,"filePath":"Benchmarks/Study_SamplesSet/f7b9c311f155b5ce7ff162bb6ccd7d82.sol"},{"line":60,"column":3,"severity":"Warning","message":"Variable name must be in mixedCase","ruleId":"var-name-mixedcase","fix":null,"filePath":"Benchmarks/Study_SamplesSet/f7b9c311f155b5ce7ff162bb6ccd7d82.sol"},{"line":60,"column":26,"severity":"Error","message":"Avoid making time-based decisions in your business logic","ruleId":"not-rely-on-time","fix":null,"filePath":"Benchmarks/Study_SamplesSet/f7b9c311f155b5ce7ff162bb6ccd7d82.sol"},{"line":60,"column":26,"severity":"Error","message":"Avoid making time-based decisions in your business logic","ruleId":"not-rely-on-time","fix":null,"filePath":"Benchmarks/Study_SamplesSet/f7b9c311f155b5ce7ff162bb6ccd7d82.sol"},{"line":64,"column":3,"severity":"Error","message":"Explicitly mark visibility of state","ruleId":"state-visibility","fix":null,"filePath":"Benchmarks/Study_SamplesSet/f7b9c311f155b5ce7ff162bb6ccd7d82.sol"},{"line":64,"column":3,"severity":"Warning","message":"Variable name must be in mixedCase","ruleId":"var-name-mixedcase","fix":null,"filePath":"Benchmarks/Study_SamplesSet/f7b9c311f155b5ce7ff162bb6ccd7d82.sol"},{"line":64,"column":26,"severity":"Error","message":"Avoid making time-based decisions in your business logic","ruleId":"not-rely-on-time","fix":null,"filePath":"Benchmarks/Study_SamplesSet/f7b9c311f155b5ce7ff162bb6ccd7d82.sol"},{"line":64,"column":26,"severity":"Error","message":"Avoid making time-based decisions in your business logic","ruleId":"not-rely-on-time","fix":null,"filePath":"Benchmarks/Study_SamplesSet/f7b9c311f155b5ce7ff162bb6ccd7d82.sol"},{"line":68,"column":3,"severity":"Error","message":"Explicitly mark visibility of state","ruleId":"state-visibility","fix":null,"filePath":"Benchmarks/Study_SamplesSet/f7b9c311f155b5ce7ff162bb6ccd7d82.sol"},{"line":68,"column":3,"severity":"Warning","message":"Variable name must be in mixedCase","ruleId":"var-name-mixedcase","fix":null,"filePath":"Benchmarks/Study_SamplesSet/f7b9c311f155b5ce7ff162bb6ccd7d82.sol"},{"line":68,"column":26,"severity":"Error","message":"Avoid making time-based decisions in your business logic","ruleId":"not-rely-on-time","fix":null,"filePath":"Benchmarks/Study_SamplesSet/f7b9c311f155b5ce7ff162bb6ccd7d82.sol"},{"line":68,"column":26,"severity":"Error","message":"Avoid making time-based decisions in your business logic","ruleId":"not-rely-on-time","fix":null,"filePath":"Benchmarks/Study_SamplesSet/f7b9c311f155b5ce7ff162bb6ccd7d82.sol"},{"line":86,"column":1,"severity":"Error","message":"Explicitly mark visibility of state","ruleId":"state-visibility","fix":null,"filePath":"Benchmarks/Study_SamplesSet/f7b9c311f155b5ce7ff162bb6ccd7d82.sol"},{"line":86,"column":1,"severity":"Warning","message":"Variable name must be in mixedCase","ruleId":"var-name-mixedcase","fix":null,"filePath":"Benchmarks/Study_SamplesSet/f7b9c311f155b5ce7ff162bb6ccd7d82.sol"},{"line":87,"column":1,"severity":"Warning","message":"Function name must be in mixedCase","ruleId":"func-name-mixedcase","fix":null,"filePath":"Benchmarks/Study_SamplesSet/f7b9c311f155b5ce7ff162bb6ccd7d82.sol"},{"line":87,"column":24,"severity":"Warning","message":"Rule is set with explicit type [var/s: uint]","ruleId":"explicit-types","filePath":"Benchmarks/Study_SamplesSet/f7b9c311f155b5ce7ff162bb6ccd7d82.sol"},{"line":88,"column":2,"severity":"Warning","message":"Rule is set with explicit type [var/s: uint]","ruleId":"explicit-types","filePath":"Benchmarks/Study_SamplesSet/f7b9c311f155b5ce7ff162bb6ccd7d82.sol"},{"line":88,"column":16,"severity":"Error","message":"Avoid making time-based decisions in your business logic","ruleId":"not-rely-on-time","fix":null,"filePath":"Benchmarks/Study_SamplesSet/f7b9c311f155b5ce7ff162bb6ccd7d82.sol"},{"line":95,"column":52,"severity":"Warning","message":"Rule is set with explicit type [var/s: uint]","ruleId":"explicit-types","filePath":"Benchmarks/Study_SamplesSet/f7b9c311f155b5ce7ff162bb6ccd7d82.sol"},{"line":97,"column":9,"severity":"Warning","message":"Provide an error message for require","ruleId":"reason-string","fix":null,"filePath":"Benchmarks/Study_SamplesSet/f7b9c311f155b5ce7ff162bb6ccd7d82.sol"},{"line":97,"column":9,"severity":"Warning","message":"Use Custom Errors instead of require statements","ruleId":"custom-errors","fix":null,"filePath":"Benchmarks/Study_SamplesSet/f7b9c311f155b5ce7ff162bb6ccd7d82.sol"},{"line":99,"column":9,"severity":"Warning","message":"Provide an error message for require","ruleId":"reason-string","fix":null,"filePath":"Benchmarks/Study_SamplesSet/f7b9c311f155b5ce7ff162bb6ccd7d82.sol"},{"line":99,"column":9,"severity":"Warning","message":"Use Custom Errors instead of require statements","ruleId":"custom-errors","fix":null,"filePath":"Benchmarks/Study_SamplesSet/f7b9c311f155b5ce7ff162bb6ccd7d82.sol"},{"line":101,"column":9,"severity":"Warning","message":"Provide an error message for require","ruleId":"reason-string","fix":null,"filePath":"Benchmarks/Study_SamplesSet/f7b9c311f155b5ce7ff162bb6ccd7d82.sol"},{"line":101,"column":9,"severity":"Warning","message":"Use Custom Errors instead of require statements","ruleId":"custom-errors","fix":null,"filePath":"Benchmarks/Study_SamplesSet/f7b9c311f155b5ce7ff162bb6ccd7d82.sol"},{"line":103,"column":9,"severity":"Warning","message":"Rule is set with explicit type [var/s: uint]","ruleId":"explicit-types","filePath":"Benchmarks/Study_SamplesSet/f7b9c311f155b5ce7ff162bb6ccd7d82.sol"},{"line":112,"column":1,"severity":"Warning","message":"Function name must be in mixedCase","ruleId":"func-name-mixedcase","fix":null,"filePath":"Benchmarks/Study_SamplesSet/f7b9c311f155b5ce7ff162bb6ccd7d82.sol"},{"line":113,"column":2,"severity":"Warning","message":"Rule is set with explicit type [var/s: uint]","ruleId":"explicit-types","filePath":"Benchmarks/Study_SamplesSet/f7b9c311f155b5ce7ff162bb6ccd7d82.sol"},{"line":113,"column":2,"severity":"Warning","message":"Variable name must be in mixedCase","ruleId":"var-name-mixedcase","fix":null,"filePath":"Benchmarks/Study_SamplesSet/f7b9c311f155b5ce7ff162bb6ccd7d82.sol"},{"line":114,"column":2,"severity":"Warning","message":"Provide an error message for require","ruleId":"reason-string","fix":null,"filePath":"Benchmarks/Study_SamplesSet/f7b9c311f155b5ce7ff162bb6ccd7d82.sol"},{"line":114,"column":2,"severity":"Warning","message":"Use Custom Errors instead of require statements","ruleId":"custom-errors","fix":null,"filePath":"Benchmarks/Study_SamplesSet/f7b9c311f155b5ce7ff162bb6ccd7d82.sol"},{"line":115,"column":9,"severity":"Warning","message":"Provide an error message for require","ruleId":"reason-string","fix":null,"filePath":"Benchmarks/Study_SamplesSet/f7b9c311f155b5ce7ff162bb6ccd7d82.sol"},{"line":115,"column":9,"severity":"Warning","message":"Use Custom Errors instead of require statements","ruleId":"custom-errors","fix":null,"filePath":"Benchmarks/Study_SamplesSet/f7b9c311f155b5ce7ff162bb6ccd7d82.sol"},{"line":115,"column":17,"severity":"Error","message":"Avoid making time-based decisions in your business logic","ruleId":"not-rely-on-time","fix":null,"filePath":"Benchmarks/Study_SamplesSet/f7b9c311f155b5ce7ff162bb6ccd7d82.sol"},{"line":116,"column":34,"severity":"Error","message":"Avoid making time-based decisions in your business logic","ruleId":"not-rely-on-time","fix":null,"filePath":"Benchmarks/Study_SamplesSet/f7b9c311f155b5ce7ff162bb6ccd7d82.sol"},{"line":117,"column":12,"severity":"Error","message":"Avoid making time-based decisions in your business logic","ruleId":"not-rely-on-time","fix":null,"filePath":"Benchmarks/Study_SamplesSet/f7b9c311f155b5ce7ff162bb6ccd7d82.sol"},{"line":134,"column":1,"severity":"Warning","message":"Function name must be in mixedCase","ruleId":"func-name-mixedcase","fix":null,"filePath":"Benchmarks/Study_SamplesSet/f7b9c311f155b5ce7ff162bb6ccd7d82.sol"},{"line":134,"column":30,"severity":"Warning","message":"Visibility modifier must be first in list of modifiers","ruleId":"visibility-modifier-order","fix":null,"filePath":"Benchmarks/Study_SamplesSet/f7b9c311f155b5ce7ff162bb6ccd7d82.sol"},{"line":135,"column":12,"severity":"Error","message":"Avoid making time-based decisions in your business logic","ruleId":"not-rely-on-time","fix":null,"filePath":"Benchmarks/Study_SamplesSet/f7b9c311f155b5ce7ff162bb6ccd7d82.sol"},{"line":148,"column":9,"severity":"Warning","message":"Provide an error message for require","ruleId":"reason-string","fix":null,"filePath":"Benchmarks/Study_SamplesSet/f7b9c311f155b5ce7ff162bb6ccd7d82.sol"},{"line":148,"column":9,"severity":"Warning","message":"Use Custom Errors instead of require statements","ruleId":"custom-errors","fix":null,"filePath":"Benchmarks/Study_SamplesSet/f7b9c311f155b5ce7ff162bb6ccd7d82.sol"},{"line":153,"column":1,"severity":"Error","message":"Explicitly mark visibility of state","ruleId":"state-visibility","fix":null,"filePath":"Benchmarks/Study_SamplesSet/f7b9c311f155b5ce7ff162bb6ccd7d82.sol"},{"line":153,"column":1,"severity":"Warning","message":"Variable name must be in mixedCase","ruleId":"var-name-mixedcase","fix":null,"filePath":"Benchmarks/Study_SamplesSet/f7b9c311f155b5ce7ff162bb6ccd7d82.sol"},{"line":154,"column":1,"severity":"Warning","message":"Function name must be in mixedCase","ruleId":"func-name-mixedcase","fix":null,"filePath":"Benchmarks/Study_SamplesSet/f7b9c311f155b5ce7ff162bb6ccd7d82.sol"},{"line":154,"column":24,"severity":"Warning","message":"Rule is set with explicit type [var/s: uint]","ruleId":"explicit-types","filePath":"Benchmarks/Study_SamplesSet/f7b9c311f155b5ce7ff162bb6ccd7d82.sol"},{"line":155,"column":2,"severity":"Warning","message":"Rule is set with explicit type [var/s: uint]","ruleId":"explicit-types","filePath":"Benchmarks/Study_SamplesSet/f7b9c311f155b5ce7ff162bb6ccd7d82.sol"},{"line":155,"column":16,"severity":"Error","message":"Avoid making time-based decisions in your business logic","ruleId":"not-rely-on-time","fix":null,"filePath":"Benchmarks/Study_SamplesSet/f7b9c311f155b5ce7ff162bb6ccd7d82.sol"},{"line":173,"column":1,"severity":"Error","message":"Explicitly mark visibility of state","ruleId":"state-visibility","fix":null,"filePath":"Benchmarks/Study_SamplesSet/f7b9c311f155b5ce7ff162bb6ccd7d82.sol"},{"line":173,"column":1,"severity":"Warning","message":"Variable name must be in mixedCase","ruleId":"var-name-mixedcase","fix":null,"filePath":"Benchmarks/Study_SamplesSet/f7b9c311f155b5ce7ff162bb6ccd7d82.sol"},{"line":174,"column":1,"severity":"Warning","message":"Function name must be in mixedCase","ruleId":"func-name-mixedcase","fix":null,"filePath":"Benchmarks/Study_SamplesSet/f7b9c311f155b5ce7ff162bb6ccd7d82.sol"},{"line":174,"column":24,"severity":"Warning","message":"Rule is set with explicit type [var/s: uint]","ruleId":"explicit-types","filePath":"Benchmarks/Study_SamplesSet/f7b9c311f155b5ce7ff162bb6ccd7d82.sol"},{"line":175,"column":2,"severity":"Warning","message":"Rule is set with explicit type [var/s: uint]","ruleId":"explicit-types","filePath":"Benchmarks/Study_SamplesSet/f7b9c311f155b5ce7ff162bb6ccd7d82.sol"},{"line":175,"column":16,"severity":"Error","message":"Avoid making time-based decisions in your business logic","ruleId":"not-rely-on-time","fix":null,"filePath":"Benchmarks/Study_SamplesSet/f7b9c311f155b5ce7ff162bb6ccd7d82.sol"},{"line":197,"column":1,"severity":"Warning","message":"Function name must be in mixedCase","ruleId":"func-name-mixedcase","fix":null,"filePath":"Benchmarks/Study_SamplesSet/f7b9c311f155b5ce7ff162bb6ccd7d82.sol"},{"line":197,"column":30,"severity":"Warning","message":"Visibility modifier must be first in list of modifiers","ruleId":"visibility-modifier-order","fix":null,"filePath":"Benchmarks/Study_SamplesSet/f7b9c311f155b5ce7ff162bb6ccd7d82.sol"},{"line":198,"column":12,"severity":"Error","message":"Avoid making time-based decisions in your business logic","ruleId":"not-rely-on-time","fix":null,"filePath":"Benchmarks/Study_SamplesSet/f7b9c311f155b5ce7ff162bb6ccd7d82.sol"},{"line":209,"column":9,"severity":"Warning","message":"Provide an error message for require","ruleId":"reason-string","fix":null,"filePath":"Benchmarks/Study_SamplesSet/f7b9c311f155b5ce7ff162bb6ccd7d82.sol"},{"line":209,"column":9,"severity":"Warning","message":"Use Custom Errors instead of require statements","ruleId":"custom-errors","fix":null,"filePath":"Benchmarks/Study_SamplesSet/f7b9c311f155b5ce7ff162bb6ccd7d82.sol"},{"line":215,"column":1,"severity":"Error","message":"Explicitly mark visibility of state","ruleId":"state-visibility","fix":null,"filePath":"Benchmarks/Study_SamplesSet/f7b9c311f155b5ce7ff162bb6ccd7d82.sol"},{"line":215,"column":1,"severity":"Warning","message":"Variable name must be in mixedCase","ruleId":"var-name-mixedcase","fix":null,"filePath":"Benchmarks/Study_SamplesSet/f7b9c311f155b5ce7ff162bb6ccd7d82.sol"},{"line":215,"column":24,"severity":"Error","message":"Avoid making time-based decisions in your business logic","ruleId":"not-rely-on-time","fix":null,"filePath":"Benchmarks/Study_SamplesSet/f7b9c311f155b5ce7ff162bb6ccd7d82.sol"},{"line":215,"column":24,"severity":"Error","message":"Avoid making time-based decisions in your business logic","ruleId":"not-rely-on-time","fix":null,"filePath":"Benchmarks/Study_SamplesSet/f7b9c311f155b5ce7ff162bb6ccd7d82.sol"},{"line":226,"column":9,"severity":"Warning","message":"Provide an error message for require","ruleId":"reason-string","fix":null,"filePath":"Benchmarks/Study_SamplesSet/f7b9c311f155b5ce7ff162bb6ccd7d82.sol"},{"line":226,"column":9,"severity":"Warning","message":"Use Custom Errors instead of require statements","ruleId":"custom-errors","fix":null,"filePath":"Benchmarks/Study_SamplesSet/f7b9c311f155b5ce7ff162bb6ccd7d82.sol"},{"line":227,"column":9,"severity":"Warning","message":"Provide an error message for require","ruleId":"reason-string","fix":null,"filePath":"Benchmarks/Study_SamplesSet/f7b9c311f155b5ce7ff162bb6ccd7d82.sol"},{"line":227,"column":9,"severity":"Warning","message":"Use Custom Errors instead of require statements","ruleId":"custom-errors","fix":null,"filePath":"Benchmarks/Study_SamplesSet/f7b9c311f155b5ce7ff162bb6ccd7d82.sol"},{"line":234,"column":1,"severity":"Error","message":"Explicitly mark visibility of state","ruleId":"state-visibility","fix":null,"filePath":"Benchmarks/Study_SamplesSet/f7b9c311f155b5ce7ff162bb6ccd7d82.sol"},{"line":234,"column":1,"severity":"Warning","message":"Variable name must be in mixedCase","ruleId":"var-name-mixedcase","fix":null,"filePath":"Benchmarks/Study_SamplesSet/f7b9c311f155b5ce7ff162bb6ccd7d82.sol"},{"line":234,"column":24,"severity":"Error","message":"Avoid making time-based decisions in your business logic","ruleId":"not-rely-on-time","fix":null,"filePath":"Benchmarks/Study_SamplesSet/f7b9c311f155b5ce7ff162bb6ccd7d82.sol"},{"line":234,"column":24,"severity":"Error","message":"Avoid making time-based decisions in your business logic","ruleId":"not-rely-on-time","fix":null,"filePath":"Benchmarks/Study_SamplesSet/f7b9c311f155b5ce7ff162bb6ccd7d82.sol"},{"conclusion":"115 problem/s (41 error/s, 74 warning/s)"}]
