[{"line":1,"column":1,"severity":"Error","message":"Compiler version 0.6.2 does not satisfy the ^0.8.0 semver requirement","ruleId":"compiler-version","fix":null,"filePath":"Benchmarks/Study_SamplesSet/fecaf839766fc72798f0a61f3179f5f3.sol"},{"line":11,"column":5,"severity":"Warning","message":"Provide an error message for require","ruleId":"reason-string","fix":null,"filePath":"Benchmarks/Study_SamplesSet/fecaf839766fc72798f0a61f3179f5f3.sol"},{"line":11,"column":5,"severity":"Warning","message":"Use Custom Errors instead of require statements","ruleId":"custom-errors","fix":null,"filePath":"Benchmarks/Study_SamplesSet/fecaf839766fc72798f0a61f3179f5f3.sol"},{"line":15,"column":7,"severity":"Warning","message":"Provide an error message for require","ruleId":"reason-string","fix":null,"filePath":"Benchmarks/Study_SamplesSet/fecaf839766fc72798f0a61f3179f5f3.sol"},{"line":15,"column":7,"severity":"Warning","message":"Use Custom Errors instead of require statements","ruleId":"custom-errors","fix":null,"filePath":"Benchmarks/Study_SamplesSet/fecaf839766fc72798f0a61f3179f5f3.sol"},{"line":21,"column":5,"severity":"Error","message":"Avoid to use low level calls.","ruleId":"avoid-low-level-calls","fix":null,"filePath":"Benchmarks/Study_SamplesSet/fecaf839766fc72798f0a61f3179f5f3.sol"},{"line":25,"column":7,"severity":"Warning","message":"Provide an error message for require","ruleId":"reason-string","fix":null,"filePath":"Benchmarks/Study_SamplesSet/fecaf839766fc72798f0a61f3179f5f3.sol"},{"line":25,"column":7,"severity":"Warning","message":"Use Custom Errors instead of require statements","ruleId":"custom-errors","fix":null,"filePath":"Benchmarks/Study_SamplesSet/fecaf839766fc72798f0a61f3179f5f3.sol"},{"conclusion":"8 problem/s (2 error/s, 6 warning/s)"}]
