{"error": null, "issues": [{"address": 22, "code": "assert(false)", "contract": "AssertConstructor", "description": "An assertion violation was triggered.\nIt is possible to trigger an assertion violation. Note that Solidity assert() statements should only be used to check invariants. Review the transaction trace generated for this issue and either make sure your program logic is correct, or use require() instead of assert() if your goal is to constrain user inputs or enforce preconditions. Remember to validate inputs from both callers (for instance, via passed arguments) and callees (for instance, via return values).", "filename": "Benchmarks/Study_SamplesSet/092bef56912fc2d068ff495b84c5981c.sol", "function": "constructor", "lineno": 10, "max_gas_used": 154, "min_gas_used": 59, "severity": "Medium", "sourceMap": "210:13", "swc-id": "110", "title": "Exception State", "tx_sequence": {"initialState": {"accounts": {"0xaffeaffeaffeaffeaffeaffeaffeaffeaffeaffe": {"balance": "0x0", "code": "", "nonce": 0, "storage": "{}"}, "0xdeadbeefdeadbeefdeadbeefdeadbeefdeadbeef": {"balance": "0x0", "code": "", "nonce": 0, "storage": "{}"}}}, "steps": [{"address": "", "calldata": "", "input": "0x60606040523415600e57600080fd5b60001515601757fe5b60358060246000396000f3006060604052600080fd00a165627a7a72305820cff39d2288f845c3bdfa430df332e282c682bd57066ea3eb6b7796f263963ac50029", "name": "unknown", "origin": "0xaffeaffeaffeaffeaffeaffeaffeaffeaffeaffe", "value": "0x0"}]}}], "success": true}
